&FCI NORB=12, NELEC=16, MS2=0, UHF=.FALSE., ORBSYM=1,1,1,1,1,1,1,1,1,1,1,1, ISYM=1, &END
  4.74585442416437164326E+00   1   1   1   1
 -1.93098943270033398525E-04   1   1   2   1
  4.28926801934047252640E-01   1   1   2   2
  3.93682527579814811602E-01   1   1   3   1
  4.08099663192863868627E-03   1   1   3   2
  9.66672437508057647015E-01   1   1   3   3
  1.75209033317779733219E-01   1   1   4   1
  4.59454799323445739478E-03   1   1   4   2
  1.94978054556501440020E-01   1   1   4   3
  4.31681553237554804792E-01   1   1   4   4
 -5.43560993319372725424E-04   1   1   5   1
  3.34182197737841637348E-05   1   1   5   2
 -3.21783730867149372293E-04   1   1   5   3
 -9.15770593459352944508E-04   1   1   5   4
  5.07188134370577525800E-01   1   1   5   5
  1.66523257112470984831E-01   1   1   6   1
 -8.76434295718292628863E-03   1   1   6   2
  6.04230348974272093998E-02   1   1   6   3
  2.39865736809092677806E-01   1   1   6   4
 -3.89955786201601640323E-04   1   1   6   5
  8.85055073794788982333E-01   1   1   6   6
  4.42335844645739536201E-06   1   1   7   1
 -4.16304761023154101986E-06   1   1   7   2
 -3.32315936009500720663E-05   1   1   7   3
  8.36833749747240734137E-05   1   1   7   4
  5.03081955399019195688E-07   1   1   7   5
  4.52476780229694026903E-05   1   1   7   6
  7.67055649270408923535E-01   1   1   7   7
 -8.61348903663006925562E-05   1   1   8   1
 -7.26562984404090215666E-06   1   1   8   2
 -3.53729076044930011019E-04   1   1   8   3
  3.79770864284129593645E-04   1   1   8   4
 -3.35735886326873955721E-01   1   1   8   5
 -5.51007045508363304566E-04   1   1   8   6
 -3.20997855426360257955E-07   1   1   8   7
  8.92084278832311006191E-01   1   1   8   8
  1.30959733722431222012E-05   1   1   9   1
  6.14415555337215620421E-06   1   1   9   2
  3.22811506947977706330E-05   1   1   9   3
  2.52718568569394556877E-05   1   1   9   4
  3.34001717165630325766E-08   1   1   9   5
 -1.25434309874292003071E-04   1   1   9   6
  3.70865921398105757856E-01   1   1   9   7
  8.99048113288182768234E-07   1   1   9   8
  7.45716075130285926953E-01   1   1   9   9
  5.48239179828640121883E-02   1   1  10   1
  5.96394800040789350298E-03   1   1  10   2
  8.00045796534491759910E-02   1   1  10   3
  3.46019167112947417797E-02   1   1  10   4
 -7.12104679968952708955E-08   1   1  10   5
 -1.10101362094533902769E-01   1   1  10   6
 -1.60576767185405835893E-04   1   1  10   7
  1.70296258581709267395E-03   1   1  10   8
 -1.89812333033873297146E-04   1   1  10   9
  3.32592385956282210469E-01   1   1  10  10
  1.82515515491624624386E-03   1   1  11   1
 -1.66618707410959152786E-04   1   1  11   2
  2.58969944759252553718E-03   1   1  11   3
  4.10141653111169857408E-05   1   1  11   4
 -1.59661592227182368153E-02   1   1  11   5
 -2.50306870428090725081E-03   1   1  11   6
 -2.73907731578732478865E-07   1   1  11   7
  1.95577355260042440310E-01   1   1  11   8
  2.51867677273272430442E-06   1   1  11   9
  2.43514834973717567840E-03   1   1  11  10
  3.86163745346357223376E-01   1   1  11  11
  2.02176074622710727491E-01   1   1  12   1
 -1.30912702583782618315E-02   1   1  12   2
  2.68170467544384283354E-01   1   1  12   3
  2.62728942549067152890E-02   1   1  12   4
  3.33087828864029689233E-04   1   1  12   5
 -2.35995668906590544411E-01   1   1  12   6
 -6.00043975476714013472E-05   1   1  12   7
 -2.77064029885680518372E-03   1   1  12   8
  1.26705365642370887305E-04   1   1  12   9
  1.75772310331640063685E-01   1   1  12  10
  3.99731344632632806108E-03   1   1  12  11
  8.38889998673110204308E-01   1   1  12  12
 -1.93098943270032802214E-04   2   1   1   1
  5.86806181590322051759E-07   2   1   2   1
 -6.65769312968489206626E-04   2   1   2   2
 -4.11835397064894964268E-05   2   1   3   1
  6.78557948943005081978E-05   2   1   3   2
  4.60497160857447769794E-05   2   1   3   3
 -1.49679114791009842305E-05   2   1   4   1
 -5.49369403983556667823E-05   2   1   4   2
  1.39227915276859224046E-05   2   1   4   3
 -5.60402692744383103241E-05   2   1   4   4
  3.55749936080157016140E-08   2   1   5   1
  1.70498643343968352746E-07   2   1   5   2
  1.03295541909037773910E-07   2   1   5   3
 -3.39128774324703455868E-07   2   1   5   4
 -1.00502217719592188863E-06   2   1   5   5
 -6.31886257848097088934E-06   2   1   6   1
 -5.54857824747170409979E-05   2   1   6   2
 -2.15759497919582842178E-05   2   1   6   3
  4.13999608490838721399E-05   2   1   6   4
  5.89309845703946948203E-08   2   1   6   5
  2.28247056007990520928E-05   2   1   6   6
  6.76014113190259032362E-09   2   1   7   1
  4.82076538023873072140E-09   2   1   7   2
 -1.55614485961000223225E-08   2   1   7   3
  2.93705217006816399927E-08   2   1   7   4
  1.44012808007177285637E-10   2   1   7   5
 -9.86250839000302847177E-09   2   1   7   6
  2.43104808355029474603E-05   2   1   7   7
  2.47678763526404332656E-08   2   1   8   1
  2.91867457871892688268E-08   2   1   8   2
 -3.26009134954078364701E-08   2   1   8   3
 -2.88816581530014839440E-08   2   1   8   4
 -3.18260357237094349599E-05   2   1   8   5
 -3.04581173841273584786E-08   2   1   8   6
 -2.02401199707748890403E-11   2   1   8   7
  2.53737833893155509488E-05   2   1   8   8
  1.50345553488579568122E-09   2   1   9   1
 -1.82973217862517900374E-08   2   1   9   2
  6.32828737017831112793E-09   2   1   9   3
 -3.69932369234421300088E-08   2   1   9   4
 -7.46463397794588523148E-11   2   1   9   5
  3.47866708124260660097E-09   2   1   9   6
  2.97300196540227414533E-05   2   1   9   7
  1.11906206014187929634E-10   2   1   9   8
  9.67421390845078808059E-06   2   1   9   9
 -9.29836280970521831841E-06   2   1  10   1
 -5.61885812418103431005E-05   2   1  10   2
  1.07088713807270448223E-05   2   1  10   3
 -4.30005646950406820897E-05   2   1  10   4
 -7.42394455207293267917E-08   2   1  10   5
  1.78531538838123292811E-05   2   1  10   6
  1.57239314823905245503E-08   2   1  10   7
  1.68642797109115937239E-07   2   1  10   8
 -5.31675093554677548033E-08   2   1  10   9
 -6.52244703713356018026E-05   2   1  10  10
 -2.89796426639854107923E-07   2   1  11   1
 -6.17084569147807799893E-07   2   1  11   2
 -3.42818710189237127280E-08   2   1  11   3
  7.87336066854663792248E-07   2   1  11   4
  1.29726649184470164645E-06   2   1  11   5
 -4.43375614759327624068E-07   2   1  11   6
 -3.54447275611104711227E-10   2   1  11   7
  1.02274048788175695633E-05   2   1  11   8
  6.44364615255666450710E-10   2   1  11   9
  8.89289455576120761008E-07   2   1  11  10
 -8.71280961108757311053E-06   2   1  11  11
 -3.18257742832483105284E-05   2   1  12   1
 -1.18718479277518724926E-04   2   1  12   2
 -4.44690010259751682906E-06   2   1  12   3
  4.36815333617933339349E-05   2   1  12   4
  4.14888437185289912530E-09   2   1  12   5
 -1.70000394866766913978E-05   2   1  12   6
 -2.13241015254272347360E-08   2   1  12   7
 -1.73422592569500146521E-07   2   1  12   8
  3.37868601606508281742E-08   2   1  12   9
  5.34712932066583920398E-05   2   1  12  10
 -1.94994540610923312932E-07   2   1  12  11
  1.55842132087886692682E-05   2   1  12  12
  4.28926801934047197129E-01   2   2   1   1
 -6.65769312968489640307E-04   2   2   2   1
  3.50441156966509836934E+00   2   2   2   2
 -1.70199404489328187662E-03   2   2   3   1
 -1.63103341493585241029E-01   2   2   3   2
  5.64771793136579880468E-01   2   2   3   3
  1.87504627467439586273E-03   2   2   4   1
  2.46458848559029136682E-01   2   2   4   2
 -1.07180948003275877678E-01   2   2   4   3
  6.47926170573124515784E-01   2   2   4   4
 -1.41292906330085531104E-05   2   2   5   1
  1.73732433259836491646E-04   2   2   5   2
  3.15114352852049952203E-04   2   2   5   3
  2.76824972544383680808E-04   2   2   5   4
  6.04897327955988162174E-01   2   2   5   5
  7.73992047647729681376E-03   2   2   6   1
  4.60098874922980766167E-02   2   2   6   2
 -1.42251965804850111219E-01   2   2   6   3
 -6.78021917051611494598E-02   2   2   6   4
  2.08572942422561506508E-04   2   2   6   5
  5.15077392114847709692E-01   2   2   6   6
  1.90988261816882083367E-06   2   2   7   1
 -8.23399149217624959189E-05   2   2   7   2
 -3.71480247603748425192E-06   2   2   7   3
 -4.28254550256615835460E-05   2   2   7   4
 -7.34193845622990439739E-08   2   2   7   5
 -2.68481175444239804091E-05   2   2   7   6
  5.98758299559512652266E-01   2   2   7   7
  1.67032657454063957782E-05   2   2   8   1
 -9.76177801950813754488E-05   2   2   8   2
 -7.87467089038792778530E-05   2   2   8   3
 -2.44339989429022701097E-04   2   2   8   4
  7.21854558202676133138E-02   2   2   8   5
  2.67378482856119102477E-04   2   2   8   6
  3.61660626004239629789E-07   2   2   8   7
  4.32488642358916708375E-01   2   2   8   8
 -1.58181041413820159847E-06   2   2   9   1
  1.61163231486050951332E-04   2   2   9   2
 -2.35134960475003135737E-05   2   2   9   3
  9.64274066743035567981E-05   2   2   9   4
  3.40427152544739729960E-07   2   2   9   5
  2.50496579859824587049E-05   2   2   9   6
 -2.25995027763466999060E-01   2   2   9   7
 -4.02599346977815868477E-07   2   2   9   8
  6.64437543393457286101E-01   2   2   9   9
 -2.84882214978679059597E-03   2   2  10   1
  2.74658331503689567832E-01   2   2  10   2
 -7.83176715940791107196E-02   2   2  10   3
  2.48069689038853291585E-01   2   2  10   4
  2.16094445030700407079E-03   2   2  10   5
 -4.25004106331947004160E-02   2   2  10   6
  1.05519823681893447419E-04   2   2  10   7
  3.85067971388326605892E-04   2   2  10   8
 -5.97232675557365016517E-05   2   2  10   9
  6.69553739202719100376E-01   2   2  10  10
 -8.42926718842504780734E-05   2   2  11   1
 -9.64259317064264137760E-04   2   2  11   2
 -2.23810232640920023879E-04   2   2  11   3
 -2.16816903230849285927E-03   2   2  11   4
  2.48722954510123689387E-01   2   2  11   5
  3.10090491898042152144E-03   2   2  11   6
 -3.34198219015379537078E-07   2   2  11   7
  7.64608766241091364346E-02   2   2  11   8
  1.35062273845699009008E-07   2   2  11   9
  1.78074523718059875635E-04   2   2  11  10
  7.48663094630882763880E-01   2   2  11  11
 -9.15492856093336540568E-03   2   2  12   1
  1.11440298861566464139E-01   2   2  12   2
 -1.00927987304792660117E-01   2   2  12   3
 -1.19957158120377622296E-02   2   2  12   4
 -3.48773734724517822658E-03   2   2  12   5
  2.04234499202046004829E-01   2   2  12   6
  2.59690018197523751319E-05   2   2  12   7
 -8.43986628282863689081E-04   2   2  12   8
 -3.38761099368605985999E-05   2   2  12   9
 -2.09856316092153875885E-02   2   2  12  10
  2.97462265975697974247E-04   2   2  12  11
  7.93091720103834663114E-01   2   2  12  12
  3.93682527579814811602E-01   3   1   1   1
 -4.11835397064899368840E-05   3   1   2   1
 -1.70199404489331461952E-03   3   1   2   2
  5.23295452162005833574E-02   3   1   3   1
 -6.35059266978032339011E-05   3   1   3   2
  9.49042519151399761868E-03   3   1   3   3
  2.21272376466200605682E-02   3   1   4   1
 -3.64873758491083446226E-05   3   1   4   2
  6.13159957337795682303E-03   3   1   4   3
  3.05871752358270136002E-03   3   1   4   4
 -6.38314247390210192908E-05   3   1   5   1
 -2.37419098381818684197E-07   3   1   5   2
 -2.39616440914489310708E-05   3   1   5   3
 -1.74771937726864770015E-05   3   1   5   4
  1.24714261277420845712E-03   3   1   5   5
  1.83460556366982045773E-02   3   1   6   1
  7.35138067246544169931E-05   3   1   6   2
  8.40177050970162056509E-03   3   1   6   3
  6.15918468916590647333E-03   3   1   6   4
 -1.96455882606516018802E-05   3   1   6   5
  1.08109337341707294200E-02   3   1   6   6
 -4.89237373535258176886E-07   3   1   7   1
  3.77231565559140725232E-08   3   1   7   2
  1.04260626463828532065E-06   3   1   7   3
  1.34200255173412564131E-06   3   1   7   4
  3.76968740709585518421E-09   3   1   7   5
  1.55015558758574417918E-06   3   1   7   6
  4.47286483969362193280E-03   3   1   7   7
 -1.93465759085099517822E-05   3   1   8   1
  7.44382317643601745626E-08   3   1   8   2
  3.33354650986622415068E-06   3   1   8   3
  9.34295614105149048662E-06   3   1   8   4
 -4.54170914965041239847E-03   3   1   8   5
 -6.35946511624693968425E-06   3   1   8   6
 -7.56296070064416889274E-09   3   1   8   7
  8.44363445731979682385E-03   3   1   8   8
  2.25622069833992110497E-06   3   1   9   1
 -4.58215806494674390784E-08   3   1   9   2
 -5.82812605689164828034E-08   3   1   9   3
  1.25698926875239583508E-07   3   1   9   4
 -1.79814367652375611650E-09   3   1   9   5
 -1.91405393196832878912E-06   3   1   9   6
  6.48160432533689042506E-03   3   1   9   7
  1.45248495380635474009E-08   3   1   9   8
  5.75119990254492792492E-03   3   1   9   9
  8.51886622179280107725E-03   3   1  10   1
 -4.18474428173436192131E-05   3   1  10   2
  1.02315428482247427686E-03   3   1  10   3
 -4.15222572457351300768E-04   3   1  10   4
 -1.62617592864096918411E-05   3   1  10   5
 -1.47183477391937215378E-03   3   1  10   6
 -3.45134929840560616656E-06   3   1  10   7
  2.50538231246585369600E-05   3   1  10   8
 -2.33196420814160151154E-06   3   1  10   9
 -4.96204889013710434271E-05   3   1  10  10
  2.77442340215458104879E-04   3   1  11   1
  1.35321948822036873609E-06   3   1  11   2
  3.92200456862110268951E-05   3   1  11   3
  1.49913209260155784558E-06   3   1  11   4
 -2.02181712010425680692E-03   3   1  11   5
 -4.89870901605974162318E-05   3   1  11   6
  4.81429349296993446347E-09   3   1  11   7
  2.96465196770813585112E-03   3   1  11   8
  3.35751425425799247062E-08   3   1  11   9
  2.77497939427762702210E-05   3   1  11  10
 -1.26727010886101571635E-04   3   1  11  11
  3.06924412848963469591E-02   3   1  12   1
  1.11342063091064293165E-04   3   1  12   2
  4.60985539357790588544E-03   3   1  12   3
 -6.77500700178078698894E-05   3   1  12   4
  2.82771555698944474682E-05   3   1  12   5
 -4.33687900885940374324E-03   3   1  12   6
 -6.43230892978481425834E-07   3   1  12   7
 -4.08493867047850976954E-05   3   1  12   8
  1.82469897389131927837E-06   3   1  12   9
  2.23872807813550907252E-03   3   1  12  10
  6.17844310160293623069E-05   3   1  12  11
  6.53042974500201312688E-03   3   1  12  12
  4.08099663192865950295E-03   3   2   1   1
  6.78557948943005488553E-05   3   2   2   1
 -1.63103341493585213273E-01   3   2   2   2
 -6.35059266977998728744E-05   3   2   3   1
  1.28042577231979263358E-02   3   2   3   2
  3.51308906204381328486E-03   3   2   3   3
  3.60927893530199383814E-05   3   2   4   1
 -1.66001968764112120547E-02   3   2   4   2
  2.72795511612437856577E-03   3   2   4   3
 -7.53808921456739205319E-03   3   2   4   4
 -4.28770911207238538353E-07   3   2   5   1
 -1.24135592975876554538E-06   3   2   5   2
  6.93365158807270203791E-06   3   2   5   3
 -2.50573063999792317307E-05   3   2   5   4
 -2.00735797180454913699E-03   3   2   5   5
  1.76877888118458800968E-04   3   2   6   1
 -5.77392822204237255584E-03   3   2   6   2
 -1.63412188091889803813E-03   3   2   6   3
  3.32442084828761400331E-03   3   2   6   4
  9.21745215258981182414E-07   3   2   6   5
  1.27264374548532663289E-03   3   2   6   6
  4.96443486080483280556E-08   3   2   7   1
  4.67657373916797591552E-06   3   2   7   2
 -1.52910778899175930795E-06   3   2   7   3
  3.10899163890823590294E-06   3   2   7   4
  9.91793919867726575168E-09   3   2   7   5
  2.57559327439990131551E-08   3   2   7   6
  9.93985741644483969403E-06   3   2   7   7
  3.94116010408625809806E-07   3   2   8   1
  6.37854122184966671887E-06   3   2   8   2
 -5.59625592415614701988E-06   3   2   8   3
  1.91255910391109965730E-06   3   2   8   4
 -3.29187324249720575722E-03   3   2   8   5
 -4.72074204626990939971E-06   3   2   8   6
 -5.12243972096395527625E-09   3   2   8   7
  1.42274554089801170964E-03   3   2   8   8
 -3.29057815503013544644E-08   3   2   9   1
 -9.81029019291051288822E-06   3   2   9   2
  1.86850376556813589621E-06   3   2   9   3
 -4.07406705583355253973E-06   3   2   9   4
 -7.64436613433356703891E-09   3   2   9   5
 -3.36033018062246030527E-07   3   2   9   6
  4.67219996496807260522E-03   3   2   9   7
  1.28610564183347808107E-08   3   2   9   8
 -2.57185700596325710759E-03   3   2   9   9
 -5.69948454630219022120E-05   3   2  10   1
 -1.84552194375199318799E-02   3   2  10   2
  2.69177722537757404056E-03   3   2  10   3
 -6.54499570399601996590E-03   3   2  10   4
 -2.55167379410817059455E-05   3   2  10   5
  1.23859380768037642857E-03   3   2  10   6
  3.30595855622947636043E-07   3   2  10   7
  7.61877410525298268563E-06   3   2  10   8
 -3.63057072510600238203E-06   3   2  10   9
 -9.23547665113780454071E-03   3   2  10  10
 -1.24124666475522447158E-06   3   2  11   1
  1.50037091115403474489E-05   3   2  11   2
  1.18638528874980476622E-06   3   2  11   3
  8.42801779238632370632E-05   3   2  11   4
 -2.46248487956149050837E-03   3   2  11   5
 -6.01713120397511246106E-05   3   2  11   6
 -2.18504088790003394110E-08   3   2  11   7
 -2.27935739826742991615E-04   3   2  11   8
  4.74262749020705262955E-08   3   2  11   9
  6.76218746273371979242E-05   3   2  11  10
 -5.45781096469052495052E-03   3   2  11  11
 -1.37865508948425676211E-04   3   2  12   1
 -1.30402014151079943816E-02   3   2  12   2
  1.52757276462507076906E-03   3   2  12   3
  2.89812968411982214631E-03   3   2  12   4
  3.56829115058268531049E-05   3   2  12   5
 -3.22675226094193108931E-03   3   2  12   6
 -1.42978928921578276356E-06   3   2  12   7
 -2.75084912467174317563E-06   3   2  12   8
  2.49727933703661861991E-06   3   2  12   9
  3.79036496101753861074E-03   3   2  12  10
  6.95806250578070197417E-06   3   2  12  11
 -2.56240596337545516875E-03   3   2  12  12
  9.66672437508057313948E-01   3   3   1   1
  4.60497160857448040844E-05   3   3   2   1
  5.64771793136579769445E-01   3   3   2   2
  9.49042519151392996446E-03   3   3   3   1
  3.51308906204382586161E-03   3   3   3   2
  7.33395248451153447533E-01   3   3   3   3
  8.42005471487004136799E-03   3   3   4   1
  8.69277365945025394522E-03   3   3   4   2
  6.07380455049455064698E-02   3   3   4   3
  4.03163767445833931546E-01   3   3   4   4
 -4.31314804007542560967E-05   3   3   5   1
  4.74358817464561591986E-05   3   3   5   2
  1.03933051340620213930E-04   3   3   5   3
 -5.12458885884056465458E-04   3   3   5   4
  4.75873092451478185705E-01   3   3   5   5
  1.72341714695340188224E-02   3   3   6   1
 -1.04682136206218565078E-02   3   3   6   2
 -6.80215590493160465746E-02   3   3   6   3
  1.01044007082686015941E-01   3   3   6   4
 -1.11501679775812684981E-05   3   3   6   5
  6.19296158517691930356E-01   3   3   6   6
  3.61553723964171261552E-06   3   3   7   1
 -6.54939735748162629270E-06   3   3   7   2
 -3.60139138757987212420E-05   3   3   7   3
  4.51848933111601645915E-05   3   3   7   4
  3.04081279621519465673E-07   3   3   7   5
  5.66123962913481437270E-06   3   3   7   6
  6.12780635103420068255E-01   3   3   7   7
  2.42489069409453067818E-05   3   3   8   1
 -8.38801076913257292219E-06   3   3   8   2
 -2.84898476843814334701E-04   3   3   8   3
  7.90570697185065065669E-05   3   3   8   4
 -1.62006382299680201653E-01   3   3   8   5
 -2.32446775770159892900E-04   3   3   8   6
 -5.61818194104737593517E-08   3   3   8   7
  6.10804341684126450573E-01   3   3   8   8
 -1.51902502806074997778E-06   3   3   9   1
  9.85666663188526947549E-06   3   3   9   2
  2.17901472024379150630E-05   3   3   9   3
  1.94361259027668480169E-05   3   3   9   4
  1.03963084328455490849E-07   3   3   9   5
 -5.28710361722330851597E-05   3   3   9   6
  1.31787912433273229906E-01   3   3   9   7
  3.86974718871503297679E-07   3   3   9   8
  5.80228669227040083634E-01   3   3   9   9
 -2.42370030782587588675E-03   3   3  10   1
  1.04210405202127352059E-02   3   3  10   2
  3.07305978334623704218E-02   3   3  10   3
  5.78632254865295292401E-02   3   3  10   4
  6.05414922512174154962E-04   3   3  10   5
 -5.34157894398495092236E-02   3   3  10   6
 -3.69183633102107474364E-05   3   3  10   7
  9.34258887189745265180E-04   3   3  10   8
 -1.20195314683321240776E-04   3   3  10   9
  3.59232370007787071842E-01   3   3  10  10
 -5.55919847898656655991E-05   3   3  11   1
 -2.26406784126074171097E-04   3   3  11   2
  1.16633439503664791508E-03   3   3  11   3
 -3.13074798943063851682E-05   3   3  11   4
  5.95858896715866850902E-02   3   3  11   5
 -5.21049381125042974927E-04   3   3  11   6
 -3.78155109969643916463E-07   3   3  11   7
  1.05024964691733030397E-01   3   3  11   8
  1.40872522910749387432E-06   3   3  11   9
  1.49840881547013207720E-03   3   3  11  10
  4.23649514975946939188E-01   3   3  11  11
 -6.00279732594655862643E-03   3   3  12   1
 -1.64319356000187481726E-02   3   3  12   2
  1.02269349749843238562E-01   3   3  12   3
  3.55955198193009872409E-02   3   3  12   4
 -7.91720175417599271971E-04   3   3  12   5
 -5.79272206042887038979E-02   3   3  12   6
 -2.98347604341171603688E-05   3   3  12   7
 -1.47366374106280969766E-03   3   3  12   8
  6.30129502122482668949E-05   3   3  12   9
  9.79150716116110597653E-02   3   3  12  10
  1.89930119012461672869E-03   3   3  12  11
  6.54117885116565322967E-01   3   3  12  12
  1.75209033317779677708E-01   4   1   1   1
 -1.49679114791011688837E-05   4   1   2   1
  1.87504627467437201029E-03   4   1   2   2
  2.21272376466200640377E-02   4   1   3   1
  3.60927893530186508914E-05   4   1   3   2
  8.42005471487007606246E-03   4   1   3   3
  1.09667079063777116177E-02   4   1   4   1
  2.98696391094156972533E-05   4   1   4   2
  1.41884139397163971247E-03   4   1   4   3
  1.21265766301846501449E-03   4   1   4   4
 -4.19864947252712348517E-05   4   1   5   1
  2.89429428611288862842E-07   4   1   5   2
  7.95193726586755911527E-06   4   1   5   3
  8.72075380385122303912E-07   4   1   5   4
  1.89132067789303634671E-03   4   1   5   5
  1.27976662995103775133E-02   4   1   6   1
 -6.50391069436721781186E-05   4   1   6   2
 -2.28664574540383708917E-03   4   1   6   3
 -4.39267913297400943579E-04   4   1   6   4
  5.79924865534000949735E-06   4   1   6   5
  1.30335240834745201555E-03   4   1   6   6
  2.01811034286963541929E-06   4   1   7   1
 -3.88153569923291953167E-08   4   1   7   2
 -2.43847203048755470774E-06   4   1   7   3
 -4.93472280715505297156E-07   4   1   7   4
  4.99181370656882435335E-09   4   1   7   5
 -5.37988966031758941040E-07   4   1   7   6
  3.20273169222681135596E-03   4   1   7   7
  9.16146052592849902054E-06   4   1   8   1
 -4.95609616342922981721E-08   4   1   8   2
 -1.94682947595460835823E-05   4   1   8   3
 -5.42688397722774035307E-06   4   1   8   4
 -1.65952935651503610814E-03   4   1   8   5
 -8.94049977585895654802E-06   4   1   8   6
 -1.17742420098341739947E-09   4   1   8   7
  3.78656695084767869544E-03   4   1   8   8
  1.21092218729891584803E-06   4   1   9   1
  5.12151761995692760699E-08   4   1   9   2
 -1.28615996459020578038E-07   4   1   9   3
 -8.41461784256736035510E-08   4   1   9   4
  1.37490751455719735028E-09   4   1   9   5
 -1.03353110290636982019E-06   4   1   9   6
  1.78234227036538255343E-03   4   1   9   7
  3.79744365548977024539E-09   4   1   9   8
  3.09495415327492098823E-03   4   1   9   9
  2.12090919338509160952E-03   4   1  10   1
  3.67591081009405372068E-05   4   1  10   2
  2.01255472634704474233E-03   4   1  10   3
  8.05915442748359172470E-04   4   1  10   4
 -2.50194369731089183575E-07   4   1  10   5
 -4.19803236565459393041E-04   4   1  10   6
 -9.77679322565131203344E-07   4   1  10   7
  5.73894705180535714397E-06   4   1  10   8
 -9.62572908799518088107E-07   4   1  10   9
  1.45461874265002152722E-03   4   1  10  10
  7.82109820526778916350E-05   4   1  11   1
 -1.08904906868579131380E-06   4   1  11   2
  5.76981049885624152533E-05   4   1  11   3
  1.27869948424304666530E-05   4   1  11   4
  5.03597775965966443284E-07   4   1  11   5
 -8.10495804962982668081E-06   4   1  11   6
 -9.29741935962053500662E-09   4   1  11   7
  9.54321558104466449723E-04   4   1  11   8
  1.12393680432294154645E-08   4   1  11   9
  2.28427294283330248499E-05   4   1  11  10
  1.38851403630897598900E-03   4   1  11  11
  8.47274727456025569805E-03   4   1  12   1
 -9.88211652944269035217E-05   4   1  12   2
  6.31390885056738911107E-03   4   1  12   3
  1.77567256025696327583E-03   4   1  12   4
 -9.30035992856548622744E-07   4   1  12   5
 -6.17848937337732331647E-04   4   1  12   6
 -1.11715439504784309694E-06   4   1  12   7
 -2.19014175021088456675E-05   4   1  12   8
  4.71547518083069269055E-07   4   1  12   9
  2.05138558044822179316E-03   4   1  12  10
  5.56104798654146614692E-05   4   1  12  11
  7.73729622634360819644E-03   4   1  12  12
  4.59454799323444091491E-03   4   2   1   1
 -5.49369403983557345449E-05   4   2   2   1
  2.46458848559029136682E-01   4   2   2   2
 -3.64873758491103910542E-05   4   2   3   1
 -1.66001968764112224630E-02   4   2   3   2
  8.69277365945027302718E-03   4   2   3   3
  2.98696391094154262028E-05   4   2   4   1
  2.87856164667980411742E-02   4   2   4   2
 -2.41237312477847855655E-03   4   2   4   3
  2.51421719743934830513E-03   4   2   4   4
 -2.31324787264074654456E-07   4   2   5   1
  2.19222650705824857894E-05   4   2   5   2
  1.36804154490317090522E-06   4   2   5   3
 -4.41959208904266547208E-06   4   2   5   4
  3.11457183798543668987E-03   4   2   5   5
  1.78985441014443573187E-04   4   2   6   1
  2.19378650550029535501E-03   4   2   6   2
 -4.63475403622360705713E-03   4   2   6   3
  3.41459037551841010361E-03   4   2   6   4
  5.03601961933667850431E-06   4   2   6   5
  5.35249434259942469955E-03   4   2   6   6
 -1.00289222916824921982E-08   4   2   7   1
 -7.81411775312677519905E-06   4   2   7   2
  2.15643802195899119453E-06   4   2   7   3
 -1.69109474204507039182E-06   4   2   7   4
  2.68143097941507508666E-09   4   2   7   5
 -1.56882169239624353324E-06   4   2   7   6
  5.66530336897427041348E-03   4   2   7   7
  9.92580804583647856767E-08   4   2   8   1
 -1.56943590888620752616E-05   4   2   8   2
 -3.58920103405180328818E-06   4   2   8   3
  2.83324712912909121290E-06   4   2   8   4
 -1.63897935311376309955E-03   4   2   8   5
  2.55251164196864168063E-07   4   2   8   6
  4.95109363639422313005E-09   4   2   8   7
  2.32966462922916265135E-03   4   2   8   8
 -1.21017761827351910435E-07   4   2   9   1
  1.67542642623374181138E-05   4   2   9   2
 -2.24093741122288473547E-06   4   2   9   3
  4.53042536994666253033E-06   4   2   9   4
  9.40697470806365737706E-09   4   2   9   5
  1.29075532640558005899E-06   4   2   9   6
 -1.93553527035194477060E-03   4   2   9   7
 -1.25279830093545083284E-09   4   2   9   8
  5.92325545830517039003E-03   4   2   9   9
 -7.95187433267705988827E-05   4   2  10   1
  3.30417414868073022749E-02   4   2  10   2
 -2.94937561718668778132E-03   4   2  10   3
  4.80649921965606730795E-03   4   2  10   4
  4.67227288705237075810E-05   4   2  10   5
  1.01866530470656941644E-03   4   2  10   6
 -3.43433965051122602829E-07   4   2  10   7
  1.98607204117842126327E-05   4   2  10   8
  2.15715580447081865838E-07   4   2  10   9
  4.57379458952127376098E-03   4   2  10  10
 -1.96144919354531897953E-06   4   2  11   1
 -1.92881755087570159676E-04   4   2  11   2
 -1.70536423082625914654E-05   4   2  11   3
  1.53650822360108132276E-05   4   2  11   4
  5.30189229046700970932E-03   4   2  11   5
  3.88615989248369369776E-05   4   2  11   6
 -2.69355976571511802924E-08   4   2  11   7
  2.35149820828574416393E-03   4   2  11   8
  4.80133604354884142818E-08   4   2  11   9
  7.77501624107192922846E-05   4   2  11  10
  7.85527754732875255206E-03   4   2  11  11
 -2.16060804752278042126E-04   4   2  12   1
  6.95625541606638940484E-03   4   2  12   2
 -4.15341335472398359013E-03   4   2  12   3
  4.30419541234726161366E-03   4   2  12   4
 -6.64637172790896431709E-05   4   2  12   5
  3.84772151934761755601E-03   4   2  12   6
 -2.47445947086056464278E-06   4   2  12   7
 -2.76988338310507908890E-05   4   2  12   8
  4.08376214388987012925E-06   4   2  12   9
  4.64638741472524728626E-03   4   2  12  10
  2.63077014666021749339E-06   4   2  12  11
  1.22050327242226117758E-02   4   2  12  12
  1.94978054556501273487E-01   4   3   1   1
  1.39227915276859901672E-05   4   3   2   1
 -1.07180948003275877678E-01   4   3   2   2
  6.13159957337795422094E-03   4   3   3   1
  2.72795511612438203522E-03   4   3   3   2
  6.07380455049457354533E-02   4   3   3   3
  1.41884139397163754406E-03   4   3   4   1
 -2.41237312477848853121E-03   4   3   4   2
  4.60232506322478321370E-02   4   3   4   3
 -3.13075792003373876149E-02   4   3   4   4
  6.83409462302576251454E-06   4   3   5   1
 -9.02351488043390349337E-06   4   3   5   2
 -1.93367331853865927335E-04   4   3   5   3
 -1.44897105899434165384E-04   4   3   5   4
 -1.81222612589169197739E-02   4   3   5   5
 -1.46733351623517149949E-03   4   3   6   1
 -1.85975938064068899852E-03   4   3   6   2
  3.78571720785269502652E-02   4   3   6   3
  5.77823313600215188179E-02   4   3   6   4
 -1.29885578981005277242E-04   4   3   6   5
  7.13749940591161674552E-02   4   3   6   6
 -2.53335841886764623544E-06   4   3   7   1
  2.84214475897624974159E-06   4   3   7   2
  1.51019592029472153664E-05   4   3   7   3
  1.54694217832493525198E-05   4   3   7   4
  8.18374116363560560417E-08   4   3   7   5
  1.07884098532617323044E-05   4   3   7   6
  3.36587860399253716026E-02   4   3   7   7
 -2.15790699745653990690E-05   4   3   8   1
 -3.76538262982081724386E-06   4   3   8   2
  3.30283423747462055058E-05   4   3   8   3
  1.74218358191973848306E-04   4   3   8   4
 -7.03548237286193284268E-02   4   3   8   5
 -1.25425264301884875021E-04   4   3   8   6
 -9.76623619896543205935E-08   4   3   8   7
  6.87209074740564307415E-02   4   3   8   8
 -8.82054355482006648618E-07   4   3   9   1
 -3.97888733037080277949E-06   4   3   9   2
  6.15012856762109767311E-06   4   3   9   3
  9.12983163512318644664E-06   4   3   9   4
 -3.09318041965557613047E-08   4   3   9   5
 -2.29441652237002567585E-05   4   3   9   6
  8.85100643332557834864E-02   4   3   9   7
  1.81322392635846437703E-07   4   3   9   8
  2.14968221904881830187E-02   4   3   9   9
  1.96681284651877008596E-03   4   3  10   1
 -2.43345559014025193678E-03   4   3  10   2
  1.41465527814912273713E-02   4   3  10   3
 -1.54949747793002804569E-02   4   3  10   4
 -2.13827212497840867932E-04   4   3  10   5
 -1.63011565907329944447E-02   4   3  10   6
 -4.45302619438197729517E-05   4   3  10   7
  2.53811234233803576909E-04   4   3  10   8
 -1.85370273028634364532E-05   4   3  10   9
 -5.11228352896022225638E-02   4   3  10  10
  5.55203666557982017447E-05   4   3  11   1
 -2.72035132550654866566E-05   4   3  11   2
  2.83003802902808462155E-04   4   3  11   3
  1.25270790072617977089E-04   4   3  11   4
 -2.58224831388023899625E-02   4   3  11   5
 -6.63105945625753361895E-04   4   3  11   6
  3.25658307348034382016E-08   4   3  11   7
  2.77092254219499095624E-02   4   3  11   8
  4.60284541720920168380E-07   4   3  11   9
  3.99169636951321059239E-04   4   3  11  10
 -4.93810791559515169236E-02   4   3  11  11
  6.46472802326406807000E-03   4   3  12   1
 -2.96077586284526584823E-03   4   3  12   2
  3.68126873301801715854E-02   4   3  12   3
 -1.18412841366534568772E-03   4   3  12   4
  4.04371187497647068942E-04   4   3  12   5
 -5.79874640387237350048E-02   4   3  12   6
 -1.18549379354937192623E-05   4   3  12   7
 -3.53138677291243887734E-04   4   3  12   8
  3.02844962899507079705E-05   4   3  12   9
  2.59606869520770076887E-02   4   3  12  10
  5.84020416461319296676E-04   4   3  12  11
  1.16530425891917775727E-02   4   3  12  12
  4.31681553237554693769E-01   4   4   1   1
 -5.60402692744382899953E-05   4   4   2   1
  6.47926170573124515784E-01   4   4   2   2
  3.05871752358271653885E-03   4   4   3   1
 -7.53808921456739205319E-03   4   4   3   2
  4.03163767445833931546E-01   4   4   3   3
  1.21265766301846696605E-03   4   4   4   1
  2.51421719743934006519E-03   4   4   4   2
 -3.13075792003373945538E-02   4   4   4   3
  5.01924709775697919234E-01   4   4   4   4
  1.17110108838421695132E-07   4   4   5   1
 -8.77931398023805718210E-07   4   4   5   2
  1.02232734354174820243E-04   4   4   5   3
  1.85478753548428857778E-04   4   4   5   4
  4.62613144794061015297E-01   4   4   5   5
  7.12830017962424208715E-04   4   4   6   1
  8.00840351354692621400E-03   4   4   6   2
 -2.02868771630356006797E-02   4   4   6   3
 -5.26157888633528025846E-02   4   4   6   4
 -2.49469083562606330881E-05   4   4   6   5
  4.18469550795058764514E-01   4   4   6   6
 -5.17964908048091172449E-07   4   4   7   1
 -6.20264699646356115385E-06   4   4   7   2
 -1.46756688695463070182E-05   4   4   7   3
 -9.25602494168832007469E-07   4   4   7   4
 -7.67788043126529427447E-08   4   4   7   5
  4.44468915895925786527E-06   4   4   7   6
  4.26069568812467658336E-01   4   4   7   7
 -5.44600732127768261576E-06   4   4   8   1
  8.91639680380534646446E-06   4   4   8   2
  1.57822290926826792618E-05   4   4   8   3
 -8.76365336485482153157E-05   4   4   8   4
  4.87464789702441864128E-02   4   4   8   5
  1.22987313668816608233E-04   4   4   8   6
  8.20775800176757518088E-08   4   4   8   7
  4.03593838895665968369E-01   4   4   8   8
 -1.24667453720649744686E-07   4   4   9   1
  8.25918902600927866626E-06   4   4   9   2
  7.61555999918625390097E-06   4   4   9   3
 -1.90050359160541961257E-06   4   4   9   4
  1.23885786228239816799E-08   4   4   9   5
  6.96015925825553807886E-06   4   4   9   6
 -6.64848196664660079369E-02   4   4   9   7
 -1.46119563573306432322E-07   4   4   9   8
  4.54847096354522306694E-01   4   4   9   9
  5.49755850939168165883E-04   4   4  10   1
  1.84414047869335554278E-03   4   4  10   2
 -1.57477514386345079922E-02   4   4  10   3
  6.30675088194547761589E-02   4   4  10   4
  3.55076848640209984890E-04   4   4  10   5
 -1.75771248601900298425E-02   4   4  10   6
  3.80308531376824003546E-05   4   4  10   7
 -7.19582295439864436364E-05   4   4  10   8
 -1.43249303394624781884E-05   4   4  10   9
  4.90851699481997916230E-01   4   4  10  10
  1.26041921620386294733E-05   4   4  11   1
  1.61755444666578107344E-04   4   4  11   2
  7.92115964931184191478E-05   4   4  11   3
 -9.90360404305768576849E-04   4   4  11   4
  4.67852476766978941924E-02   4   4  11   5
  8.83076528133542107413E-04   4   4  11   6
  8.99602293375990528711E-08   4   4  11   7
  7.24885388929688914694E-03   4   4  11   8
 -2.68024781211325527926E-07   4   4  11   9
 -4.29077396822488319438E-04   4   4  11  10
  4.85287703802264547281E-01   4   4  11  11
  1.61118064171753244511E-03   4   4  12   1
  1.46937438675967153856E-02   4   4  12   2
 -1.20361974995933807692E-02   4   4  12   3
 -3.30978980708463710325E-02   4   4  12   4
 -7.48152233866656050584E-04   4   4  12   5
  5.22833026082245994060E-02   4   4  12   6
  2.64987702532507072119E-05   4   4  12   7
 -6.25678661517686476477E-05   4   4  12   8
 -3.62096726190463011840E-05   4   4  12   9
 -3.25876302319747998548E-02   4   4  12  10
  5.46711090986754796395E-05   4   4  12  11
  4.76752117432836630684E-01   4   4  12  12
 -5.43560993319364377067E-04   5   1   1   1
  3.55749936080196323762E-08   5   1   2   1
 -1.41292906330048668231E-05   5   1   2   2
 -6.38314247390165334043E-05   5   1   3   1
 -4.28770911207252726155E-07   5   1   3   2
 -4.31314804007571834426E-05   5   1   3   3
 -4.19864947252702048596E-05   5   1   4   1
 -2.31324787264031217547E-07   5   1   4   2
  6.83409462302579300772E-06   5   1   4   3
  1.17110108837855691835E-07   5   1   4   4
  5.07394850242173529181E-03   5   1   5   1
 -1.04093394279813775344E-04   5   1   5   2
 -7.17059313212980217050E-03   5   1   5   3
 -1.96034507098220888224E-03   5   1   5   4
  1.92424708655864369893E-06   5   1   5   5
 -3.40912345567876307485E-05   5   1   6   1
  3.47782530115818335862E-07   5   1   6   2
 -1.80547054630461231978E-06   5   1   6   3
  3.88661036961369909506E-06   5   1   6   4
 -2.12061085327675067497E-03   5   1   6   5
 -1.02629160199495995416E-05   5   1   6   6
  1.27137796076970361507E-08   5   1   7   1
  2.87275854149636468597E-10   5   1   7   2
 -1.58279842205619988676E-08   5   1   7   3
 -8.78284462321880103518E-09   5   1   7   4
 -8.11385056977347219731E-08   5   1   7   5
 -6.07124252816546654917E-09   5   1   7   6
 -1.44920949073843072875E-05   5   1   7   7
 -1.00323756175829392756E-02   5   1   8   1
 -2.83126844255786706015E-05   5   1   8   2
  1.15990531888132825111E-02   5   1   8   3
  5.34191066813698590271E-03   5   1   8   4
 -1.14040597656978546224E-05   5   1   8   5
  4.78066031732446352492E-03   5   1   8   6
  1.67806290970246707809E-07   5   1   8   7
 -1.72397149084303763370E-05   5   1   8   8
 -4.87398582614389106214E-09   5   1   9   1
 -5.51394487614874685822E-10   5   1   9   2
  5.39479999028134519829E-10   5   1   9   3
  1.90230741985887337600E-09   5   1   9   4
 -2.73159493386000543361E-07   5   1   9   5
  3.01715461161553970509E-09   5   1   9   6
 -1.97596049017306815140E-06   5   1   9   7
  2.41152665239434659130E-07   5   1   9   8
 -1.16609802590427255050E-05   5   1   9   9
 -3.21426453569436846409E-05   5   1  10   1
 -1.52115203422175704281E-06   5   1  10   2
  1.36796763162369046661E-05   5   1  10   3
  1.25519612034847775325E-05   5   1  10   4
 -9.24168805656057769198E-04   5   1  10   5
  1.75227151902204371532E-05   5   1  10   6
 -2.16543041000420787127E-09   5   1  10   7
  1.24663239591565866947E-03   5   1  10   8
  5.92846567505059302143E-09   5   1  10   9
  5.29673165143070119544E-06   5   1  10  10
 -3.24697176182940638878E-03   5   1  11   1
 -1.57489512466571940927E-04   5   1  11   2
  2.42957918290768581232E-03   5   1  11   3
  1.71258712583734337351E-03   5   1  11   4
 -2.51320264653716618248E-05   5   1  11   5
  2.31666056483732871879E-03   5   1  11   6
 -5.59558555800388168109E-08   5   1  11   7
  4.88601915651872730417E-05   5   1  11   8
  4.04276733222326268397E-07   5   1  11   9
  9.38734134684546923065E-04   5   1  11  10
  1.37043290943467830153E-05   5   1  11  11
  2.50615587442784207425E-05   5   1  12   1
  2.86494536366479190528E-06   5   1  12   2
 -5.75971967795122313208E-05   5   1  12   3
 -2.79091693920196065842E-05   5   1  12   4
 -2.33202479463176688690E-03   5   1  12   5
 -3.69541379123492573608E-05   5   1  12   6
 -6.40193123012307034821E-09   5   1  12   7
  5.29225793857713427970E-03   5   1  12   8
 -5.13524083948589252597E-09   5   1  12   9
 -2.98654588452812050643E-06   5   1  12  10
  1.80241521685866787870E-03   5   1  12  11
 -7.76000728426106078884E-05   5   1  12  12
  3.34182197737853292521E-05   5   2   1   1
  1.70498643343955726661E-07   5   2   2   1
  1.73732433259854164142E-04   5   2   2   2
 -2.37419098382596022214E-07   5   2   3   1
 -1.24135592976128758598E-06   5   2   3   2
  4.74358817464507652928E-05   5   2   3   3
  2.89429428610972866613E-07   5   2   4   1
  2.19222650705866972372E-05   5   2   4   2
 -9.02351488043411355754E-06   5   2   4   3
 -8.77931398027042866376E-07   5   2   4   4
 -1.04093394279813721134E-04   5   2   5   1
  7.67287323773251962733E-03   5   2   5   2
  6.75948602164226468314E-03   5   2   5   3
 -1.05730515786916692139E-02   5   2   5   4
  2.08351710196829982596E-06   5   2   5   5
  7.18137519171734021230E-07   5   2   6   1
  7.05242091034570491227E-06   5   2   6   2
  1.17028968461465189121E-06   5   2   6   3
  7.19838343685326248209E-08   5   2   6   4
  2.03451649674506955100E-04   5   2   6   5
  1.74633572692068626570E-05   5   2   6   6
 -2.44356266369809729961E-10   5   2   7   1
 -6.67968192691449963148E-09   5   2   7   2
  6.32020419589022700086E-09   5   2   7   3
  9.04275792100202068887E-09   5   2   7   4
  2.42485074481807830090E-06   5   2   7   5
 -1.51958275256704986205E-09   5   2   7   6
  2.06875722307733387446E-05   5   2   7   7
  2.42123735421876349911E-04   5   2   8   1
  2.62625380140410046720E-03   5   2   8   2
 -3.08361624092889615237E-04   5   2   8   3
 -5.91874637801428470779E-03   5   2   8   4
 -6.15386763864480741974E-06   5   2   8   5
  1.51636277729158748008E-03   5   2   8   6
  1.07387112959489578895E-06   5   2   8   7
  3.38400074334809154069E-05   5   2   8   8
 -2.66999028283121631799E-10   5   2   9   1
  2.43793612265625384327E-08   5   2   9   2
  3.00179756069003241516E-09   5   2   9   3
 -3.16627616477518319422E-09   5   2   9   4
 -2.24285603817938181389E-06   5   2   9   5
 -1.01325529143511355221E-08   5   2   9   6
  1.09042065132729156527E-05   5   2   9   7
 -2.32137397268541704541E-07   5   2   9   8
  1.17060129725805117738E-05   5   2   9   9
  4.17498768541328966728E-07   5   2  10   1
  1.24022798216551720634E-04   5   2  10   2
  4.18802141402665732846E-05   5   2  10   3
 -5.12999875282641707060E-05   5   2  10   4
 -3.26615921127085782893E-03   5   2  10   5
 -3.55434798901836231599E-05   5   2  10   6
  2.46210801844841513852E-08   5   2  10   7
 -2.56567952445168603534E-04   5   2  10   8
 -7.67844317007263984272E-08   5   2  10   9
 -1.78467832584307484417E-04   5   2  10  10
  9.67155540047108384016E-05   5   2  11   1
  1.30929406533114023325E-02   5   2  11   2
  5.69475318470670510695E-03   5   2  11   3
 -6.91702961537703914230E-03   5   2  11   4
 -3.77546614840935793652E-05   5   2  11   5
 -3.38706831619167659728E-03   5   2  11   6
  4.18784781016533781933E-06   5   2  11   7
 -2.09553344158804974603E-05   5   2  11   8
 -8.24135318081590149909E-06   5   2  11   9
 -1.15704079348934764371E-02   5   2  11  10
  4.53101472054753804156E-05   5   2  11  11
 -2.13255761914345797137E-06   5   2  12   1
 -1.80875800165331555077E-04   5   2  12   2
 -7.50231694738739566869E-05   5   2  12   3
  1.02892320739526440198E-04   5   2  12   4
 -4.42763098950788892838E-03   5   2  12   5
  2.86847489895565045930E-05   5   2  12   6
 -6.16563160584813528129E-08   5   2  12   7
 -1.78776014521230854071E-03   5   2  12   8
  1.11871841537379635006E-07   5   2  12   9
  1.11960536599263089388E-04   5   2  12  10
 -6.04666930410510932575E-03   5   2  12  11
  1.72189585215800787434E-04   5   2  12  12
 -3.21783730867144872854E-04   5   3   1   1
  1.03295541908950966267E-07   5   3   2   1
  3.15114352852055264794E-04   5   3   2   2
 -2.39616440914471150322E-05   5   3   3   1
  6.93365158807226327484E-06   5   3   3   2
  1.03933051340667173437E-04   5   3   3   3
  7.95193726586912951436E-06   5   3   4   1
  1.36804154490546572923E-06   5   3   4   2
 -1.93367331853852645858E-04   5   3   4   3
  1.02232734354176595624E-04   5   3   4   4
 -7.17059313212980217050E-03   5   3   5   1
  6.75948602164226468314E-03   5   3   5   2
  6.08355821705441474068E-02   5   3   5   3
 -2.57453893211838785726E-02   5   3   5   4
  1.06904321866222820647E-04   5   3   5   5
 -2.11195973941404455384E-06   5   3   6   1
  9.18549615089284407575E-06   5   3   6   2
 -5.72634119466659275430E-06   5   3   6   3
 -1.60201335571458078821E-04   5   3   6   4
  6.38199932996112804379E-03   5   3   6   5
 -9.36329917065004894549E-05   5   3   6   6
 -2.00231800995965670085E-08   5   3   7   1
 -4.21845415474503206829E-10   5   3   7   2
  1.15355187443595051835E-07   5   3   7   3
  2.42243433450750346180E-08   5   3   7   4
  3.82654150008494713423E-06   5   3   7   5
 -1.60062669291867455493E-08   5   3   7   6
  2.21549533547750085135E-05   5   3   7   7
  1.39250830822947851279E-02   5   3   8   1
  2.03424000813245964281E-03   5   3   8   2
 -5.77201929100373059556E-02   5   3   8   3
 -4.35539632268117996028E-02   5   3   8   4
  2.26915107933160190186E-04   5   3   8   5
 -1.03249613550607469842E-02   5   3   8   6
  2.60977202120076801208E-06   5   3   8   7
  3.09795359521916263755E-05   5   3   8   8
  2.32767654330089800755E-09   5   3   9   1
  1.02197518276544562479E-08   5   3   9   2
 -1.63179534357635344265E-09   5   3   9   3
 -1.28222560427529353235E-08   5   3   9   4
  3.84197727271945660351E-06   5   3   9   5
  2.31637304458126784973E-08   5   3   9   6
 -1.79694537253869882467E-04   5   3   9   7
  3.14808797590529068969E-06   5   3   9   8
  5.84572462142411961207E-06   5   3   9   9
  2.83104921207109812850E-05   5   3  10   1
  8.13610380343083509740E-05   5   3  10   2
  3.43128615316801903815E-05   5   3  10   3
 -9.94686320477489269599E-05   5   3  10   4
  9.19279961750409276011E-03   5   3  10   5
 -1.75512173038632396166E-04   5   3  10   6
  1.41004382933801830307E-07   5   3  10   7
  2.70829577224968986310E-03   5   3  10   8
 -1.54945622601899966416E-07   5   3  10   9
 -4.31705245947351786903E-04   5   3  10  10
  4.32130353732239954473E-03   5   3  11   1
  1.04557866735570693939E-02   5   3  11   2
  7.15703713348438304298E-03   5   3  11   3
 -1.52497547997955517490E-02   5   3  11   4
 -1.41329006455959480101E-04   5   3  11   5
 -2.61519773033604095713E-02   5   3  11   6
  9.55806535695546091887E-06   5   3  11   7
 -4.97643733297827928555E-04   5   3  11   8
 -2.48578197828719122276E-05   5   3  11   9
 -3.90884170936890915082E-02   5   3  11  10
  2.48944209288486681224E-04   5   3  11  11
 -8.67489051096894715504E-05   5   3  12   1
 -1.40219056080759767050E-04   5   3  12   2
 -1.37082341142686351581E-04   5   3  12   3
  2.19839474046622181157E-04   5   3  12   4
 -8.32897153615134479276E-03   5   3  12   5
  4.41544096991199563028E-04   5   3  12   6
 -6.66249203167518388577E-08   5   3  12   7
 -3.08444528026813394317E-02   5   3  12   8
  2.44595801894936387445E-07   5   3  12   9
  2.26330095115161687713E-04   5   3  12  10
 -2.52977351439015070433E-02   5   3  12  11
  6.99968299803479490802E-04   5   3  12  12
 -9.15770593459255691574E-04   5   4   1   1
 -3.39128774324751789686E-07   5   4   2   1
  2.76824972544367038305E-04   5   4   2   2
 -1.74771937726711152120E-05   5   4   3   1
 -2.50573063999819524005E-05   5   4   3   2
 -5.12458885884084654715E-04   5   4   3   3
  8.72075380391929695951E-07   5   4   4   1
 -4.41959208903658885771E-06   5   4   4   2
 -1.44897105899434571960E-04   5   4   4   3
  1.85478753548418124177E-04   5   4   4   4
 -1.96034507098220888224E-03   5   4   5   1
 -1.05730515786916709486E-02   5   4   5   2
 -2.57453893211838820421E-02   5   4   5   3
  9.03940044404031722847E-02   5   4   5   4
  3.12637780803515005616E-05   5   4   5   5
  4.01512023236601269514E-06   5   4   6   1
  7.48759203064640662263E-06   5   4   6   2
 -1.49216174400160304231E-04   5   4   6   3
 -2.74325414342418733189E-04   5   4   6   4
 -1.78636544417406610552E-02   5   4   6   5
 -4.08708600495471358841E-04   5   4   6   6
 -2.13391847439870539252E-09   5   4   7   1
  2.64799991526714603360E-10   5   4   7   2
  1.42864132028433827697E-08   5   4   7   3
 -1.67795214735664165385E-07   5   4   7   4
 -8.43797358745211521184E-06   5   4   7   5
  7.29123940064725472175E-09   5   4   7   6
 -2.79583831538218080016E-04   5   4   7   7
  3.68535121245848256918E-03   5   4   8   1
 -3.75642285017269194139E-03   5   4   8   2
 -1.95898097807035015405E-02   5   4   8   3
  5.03813796553976844805E-02   5   4   8   4
  3.34757790633697488968E-04   5   4   8   5
 -3.23881178760462920541E-02   5   4   8   6
 -7.78650435924274285338E-06   5   4   8   7
 -5.67398945710384993921E-04   5   4   8   8
  8.40096313749710246702E-10   5   4   9   1
 -1.36188931676077049124E-08   5   4   9   2
 -3.58966060663798153513E-08   5   4   9   3
 -6.03809346889443345937E-08   5   4   9   4
 -1.50137225476934316524E-05   5   4   9   5
  1.56029745209726075403E-07   5   4   9   6
 -4.04178289772537770782E-04   5   4   9   7
 -2.04865119366588903697E-05   5   4   9   8
 -1.74996001602152048476E-04   5   4   9   9
  3.37293788975493467601E-06   5   4  10   1
 -1.29461556459200481228E-04   5   4  10   2
 -2.22954942069879442652E-04   5   4  10   3
 -9.31263622577896724945E-05   5   4  10   4
 -2.99123983792018120764E-02   5   4  10   5
  3.07782311885083936526E-04   5   4  10   6
  1.19960706594769664613E-07   5   4  10   7
 -3.70184119046773341122E-02   5   4  10   8
  7.34931333706261572447E-07   5   4  10   9
  1.81575974004132435075E-03   5   4  10  10
  1.12070267620378231747E-03   5   4  11   1
 -1.61966590845675911803E-02   5   4  11   2
 -1.92523336233060664291E-02   5   4  11   3
 -9.34764231720719429575E-03   5   4  11   4
  6.90137217742250617600E-04   5   4  11   5
  2.43166712087751757387E-02   5   4  11   6
 -1.64711426147354358723E-05   5   4  11   7
  3.40563271044933728923E-04   5   4  11   8
  5.80889688145220861116E-05   5   4  11   9
  9.50817275776801168474E-02   5   4  11  10
 -1.17811358483197402801E-03   5   4  11  11
 -3.74818779770630161391E-05   5   4  12   1
  2.54362006213483505482E-04   5   4  12   2
  1.25571714998659773876E-04   5   4  12   3
  2.23173991644958462236E-05   5   4  12   4
  2.48360889284384850351E-02   5   4  12   5
  2.19479444574814621836E-05   5   4  12   6
  3.07982825963990157658E-07   5   4  12   7
  8.00960938799318532266E-03   5   4  12   8
 -8.99399643194721223480E-07   5   4  12   9
 -1.31522810694328896007E-03   5   4  12  10
  9.24182505824361691382E-03   5   4  12  11
 -3.83275839134713733336E-04   5   4  12  12
  5.07188134370577747845E-01   5   5   1   1
 -1.00502217719601336819E-06   5   5   2   1
  6.04897327955988162174E-01   5   5   2   2
  1.24714261277425204205E-03   5   5   3   1
 -2.00735797180455347380E-03   5   5   3   2
  4.75873092451478130194E-01   5   5   3   3
  1.89132067789305434447E-03   5   5   4   1
  3.11457183798545490447E-03   5   5   4   2
 -1.81222612589169509989E-02   5   5   4   3
  4.62613144794061126319E-01   5   5   4   4
  1.92424708656140629689E-06   5   5   5   1
  2.08351710196979399207E-06   5   5   5   2
  1.06904321866216017278E-04   5   5   5   3
  3.12637780803515412192E-05   5   5   5   4
  4.84484407992403443011E-01   5   5   5   5
  4.82240426923752352195E-03   5   5   6   1
  2.39550150180975750551E-04   5   5   6   2
 -4.38756249886402549532E-02   5   5   6   3
 -1.66532436112435261455E-02   5   5   6   4
  2.84129720431352313786E-05   5   5   6   5
  4.37978172098448637062E-01   5   5   6   6
  1.32055628946156842205E-06   5   5   7   1
 -3.45820307293088276024E-06   5   5   7   2
 -1.58220989200166467308E-05   5   5   7   3
  9.89107939407279999127E-07   5   5   7   4
  6.13467933143749253107E-09   5   5   7   5
 -2.91305383214376598179E-06   5   5   7   6
  4.51575117891029942374E-01   5   5   7   7
 -1.68903469400559239836E-05   5   5   8   1
 -2.81781271889474431856E-06   5   5   8   2
  4.07609075003277608573E-07   5   5   8   3
  1.61340799197187802292E-05   5   5   8   4
  6.79839521809990580264E-03   5   5   8   5
  8.33779215179495790822E-05   5   5   8   6
  1.35276440371973570280E-08   5   5   8   7
  4.55312918647205355782E-01   5   5   8   8
 -3.61103826542474131003E-07   5   5   9   1
  4.99891339428545581757E-06   5   5   9   2
  5.66255310974543542231E-06   5   5   9   3
  3.16537925321101097103E-06   5   5   9   4
  6.79602259483328632694E-08   5   5   9   5
  1.20662934068184261036E-06   5   5   9   6
 -2.70912139590337823492E-02   5   5   9   7
 -1.97127544735603649034E-08   5   5   9   8
  4.61361696090195005926E-01   5   5   9   9
 -1.09856600407527899878E-03   5   5  10   1
  3.33776047421807274193E-03   5   5  10   2
 -3.43847645237014458777E-03   5   5  10   3
  4.23914448736627397230E-02   5   5  10   4
  5.00628730986455317692E-04   5   5  10   5
 -9.31464334182340904233E-03   5   5  10   6
  2.01212192242971654244E-05   5   5  10   7
  1.90211785361431268788E-04   5   5  10   8
 -2.18304938471416127405E-05   5   5  10   9
  4.55636777504408896355E-01   5   5  10  10
 -3.84940510796846522092E-05   5   5  11   1
 -2.72022946524111617337E-05   5   5  11   2
  2.18533981889514034675E-04   5   5  11   3
 -2.06192360633979554930E-04   5   5  11   4
  5.80682393988597514434E-02   5   5  11   5
  5.25593336710793667364E-04   5   5  11   6
 -1.14426274692174872990E-07   5   5  11   7
  2.68053342247995020353E-02   5   5  11   8
  1.54744097469414840152E-07   5   5  11   9
  3.57855948731432955100E-04   5   5  11  10
  4.92827066628199583764E-01   5   5  11  11
 -3.24730860790465062846E-03   5   5  12   1
  2.57963103101752934659E-04   5   5  12   2
  5.78932771305012017909E-03   5   5  12   3
  8.24527377562177601900E-03   5   5  12   4
 -8.60239612064846886387E-04   5   5  12   5
  3.23001166210300713622E-02   5   5  12   6
  4.12330006973518236777E-06   5   5  12   7
 -3.59285067281522136826E-04   5   5  12   8
 -4.51736368548390359603E-06   5   5  12   9
  5.99878467290715193527E-03   5   5  12  10
 -7.01778631322360798553E-06   5   5  12  11
  5.04353011037261489413E-01   5   5  12  12
  1.66523257112470901564E-01   6   1   1   1
 -6.31886257848116485988E-06   6   1   2   1
  7.73992047647728467069E-03   6   1   2   2
  1.83460556366981802912E-02   6   1   3   1
  1.76877888118457174665E-04   6   1   3   2
  1.72341714695340465779E-02   6   1   3   3
  1.27976662995103653703E-02   6   1   4   1
  1.78985441014444359234E-04   6   1   4   2
 -1.46733351623517128265E-03   6   1   4   3
  7.12830017962413800374E-04   6   1   4   4
 -3.40912345567894467871E-05   6   1   5   1
  7.18137519172066058146E-07   6   1   5   2
 -2.11195973941724549135E-06   6   1   5   3
  4.01512023235846901971E-06   6   1   5   4
  4.82240426923750530736E-03   6   1   5   5
  2.22138515685782189646E-02   6   1   6   1
 -3.17071701009449260448E-04   6   1   6   2
 -1.51692719776486423938E-02   6   1   6   3
 -7.01438819307866143898E-03   6   1   6   4
  2.29794833532631164158E-05   6   1   6   5
 -6.19321263399035936564E-03   6   1   6   6
  2.04618977586372231394E-06   6   1   7   1
 -1.38557114816343227484E-07   6   1   7   2
 -2.15069202000427907041E-06   6   1   7   3
 -4.17480499598763686489E-07   6   1   7   4
  5.39638910225298680604E-09   6   1   7   5
 -1.28421748706429079068E-06   6   1   7   6
  5.89278619085975390035E-03   6   1   7   7
 -2.21485750424108532211E-05   6   1   8   1
 -4.08290812205869285892E-07   6   1   8   2
  1.71368494445383599313E-05   6   1   8   3
  1.08466242341256963779E-05   6   1   8   4
 -8.77116543030485645502E-04   6   1   8   5
  1.17230820090324022931E-05   6   1   8   6
  3.44088983854236156262E-09   6   1   8   7
  3.84989287773957475705E-03   6   1   8   8
 -3.52198683184117623698E-06   6   1   9   1
  2.02697286599328971749E-07   6   1   9   2
  5.11319590914309764299E-06   6   1   9   3
  2.24670222284506214766E-06   6   1   9   4
 -4.49327992589821432825E-09   6   1   9   5
  1.42823167922501597073E-06   6   1   9   6
 -6.58645313084933975260E-04   6   1   9   7
 -9.62176221853607729789E-10   6   1   9   8
  4.38138613541110260446E-03   6   1   9   9
 -1.65517780100129510354E-03   6   1  10   1
  2.16912650305804011056E-04   6   1  10   2
  5.25082589989895025945E-03   6   1  10   3
  2.83262432599593744209E-03   6   1  10   4
  9.67292593614351387335E-06   6   1  10   5
  1.72968566829183648635E-04   6   1  10   6
  9.36516346980383836567E-07   6   1  10   7
  4.13279041170160977762E-06   6   1  10   8
 -1.84312551921655706093E-07   6   1  10   9
  4.47123833504660048166E-03   6   1  10  10
 -4.78150017807889787065E-05   6   1  11   1
 -6.99884564991587524552E-06   6   1  11   2
  1.58507271332465154946E-04   6   1  11   3
  5.46225194503922932511E-05   6   1  11   4
  2.08521104602668030589E-03   6   1  11   5
  3.49559276954108198309E-05   6   1  11   6
 -1.29962384008508703357E-08   6   1  11   7
  2.62589619987527004858E-04   6   1  11   8
  3.36439023998512286171E-08   6   1  11   9
  5.53402867997618657628E-05   6   1  11  10
  4.59692754071793635573E-03   6   1  11  11
 -3.35803516799192515799E-03   6   1  12   1
 -5.02669564926555047235E-04   6   1  12   2
  1.51805545709829577128E-02   6   1  12   3
  5.86633770317557517310E-03   6   1  12   4
 -4.73007402019093328130E-05   6   1  12   5
  2.04807880139562265703E-03   6   1  12   6
 -5.67687852396404709254E-07   6   1  12   7
  5.93423082012607012450E-06   6   1  12   8
  2.74267358543733646712E-06   6   1  12   9
  4.51824537361483410947E-03   6   1  12  10
  1.23945284616883209632E-04   6   1  12  11
  1.79439326557138435769E-02   6   1  12  12
 -8.76434295718292108446E-03   6   2   1   1
 -5.54857824747170545504E-05   6   2   2   1
  4.60098874922981043722E-02   6   2   2   2
  7.35138067246534412111E-05   6   2   3   1
 -5.77392822204237515793E-03   6   2   3   2
 -1.04682136206218582425E-02   6   2   3   3
 -6.50391069436725575894E-05   6   2   4   1
  2.19378650550029708974E-03   6   2   4   2
 -1.85975938064068661328E-03   6   2   4   3
  8.00840351354692447927E-03   6   2   4   4
  3.47782530115878686960E-07   6   2   5   1
  7.05242091034503575624E-06   6   2   5   2
  9.18549615089332180233E-06   6   2   5   3
  7.48759203064387314708E-06   6   2   5   4
  2.39550150180972552154E-04   6   2   5   5
 -3.17071701009450073599E-04   6   2   6   1
  6.48112163051636335637E-03   6   2   6   2
  5.19271546969224916113E-03   6   2   6   3
 -6.85389034082394509040E-03   6   2   6   4
 -4.67437345528695150890E-06   6   2   6   5
 -5.55452419602752659605E-03   6   2   6   6
 -2.02720673382543680973E-08   6   2   7   1
 -2.31010156706004911650E-06   6   2   7   2
 -8.85895889392044621910E-07   6   2   7   3
 -1.56980000132201301322E-06   6   2   7   4
 -7.25501670063363174214E-09   6   2   7   5
  1.45118253176184093902E-06   6   2   7   6
 -4.11036961384841480899E-03   6   2   7   7
  2.13619748767636620485E-07   6   2   8   1
  9.80833101608332308960E-06   6   2   8   2
  8.13619204814191875920E-06   6   2   8   3
 -2.05290631291931837212E-05   6   2   8   4
  5.28176726056364329032E-03   6   2   8   5
  9.54678227916051994474E-06   6   2   8   6
  5.43745961255741919582E-09   6   2   8   7
 -3.49832098573477296224E-03   6   2   8   8
  1.52738270932625204021E-07   6   2   9   1
  3.33597063296223461253E-06   6   2   9   2
 -5.82831277395611395228E-08   6   2   9   3
  4.86689191906959472126E-07   6   2   9   4
 -4.21674272685245536794E-09   6   2   9   5
 -7.75119616986144667255E-07   6   2   9   6
 -4.43882864667046860702E-03   6   2   9   7
 -1.52169397179830972735E-08   6   2   9   8
 -1.11076649547180747284E-03   6   2   9   9
  1.12031482608119901815E-04   6   2  10   1
  1.68517010517119179142E-03   6   2  10   2
 -1.35783237674540050756E-03   6   2  10   3
  5.28734862362156485260E-03   6   2  10   4
 -9.75478193895372827952E-06   6   2  10   5
 -2.42797593902061969312E-03   6   2  10   6
  1.04085916007068081111E-06   6   2  10   7
 -2.52449858302454610093E-05   6   2  10   8
  3.00536277874313157639E-06   6   2  10   9
  8.87652158388994166893E-03   6   2  10  10
  2.73237332268963207881E-06   6   2  11   1
  1.57185155666230130106E-04   6   2  11   2
  2.94874287084032913394E-05   6   2  11   3
 -1.41733725364079896948E-04   6   2  11   4
 -7.27630753979235976939E-04   6   2  11   5
  4.08479555493705359073E-05   6   2  11   6
  5.67610715187364638930E-08   6   2  11   7
 -1.42854128704569967832E-03   6   2  11   8
 -1.16756098384374420916E-07   6   2  11   9
 -1.79402969113770651777E-04   6   2  11  10
  1.17564955400869673892E-03   6   2  11  11
  2.73806393840057761980E-04   6   2  12   1
  1.32365197572252464575E-02   6   2  12   2
  1.24101597054034453252E-03   6   2  12   3
 -6.89379872611743226701E-03   6   2  12   4
 -1.00848724387361012429E-05   6   2  12   5
  1.43339080856173806122E-03   6   2  12   6
  4.34844178783555291467E-06   6   2  12   7
  1.85911988040704099134E-05   6   2  12   8
 -7.09900352196991422851E-06   6   2  12   9
 -8.32909223152549296754E-03   6   2  12  10
 -2.27219612747711762900E-05   6   2  12  11
 -5.29177782832910333782E-03   6   2  12  12
  6.04230348974271885831E-02   6   3   1   1
 -2.15759497919581995145E-05   6   3   2   1
 -1.42251965804850138975E-01   6   3   2   2
  8.40177050970161189147E-03   6   3   3   1
 -1.63412188091889868866E-03   6   3   3   2
 -6.80215590493159910634E-02   6   3   3   3
 -2.28664574540384446175E-03   6   3   4   1
 -4.63475403622360965922E-03   6   3   4   2
  3.78571720785268531206E-02   6   3   4   3
 -2.02868771630356145574E-02   6   3   4   4
 -1.80547054630559445448E-06   6   3   5   1
  1.17028968461437448792E-06   6   3   5   2
 -5.72634119467762874657E-06   6   3   5   3
 -1.49216174400160114496E-04   6   3   5   4
 -4.38756249886402549532E-02   6   3   5   5
 -1.51692719776486475980E-02   6   3   6   1
  5.19271546969225089585E-03   6   3   6   2
  1.05490499765713174884E-01   6   3   6   3
  4.31062999108733010956E-02   6   3   6   4
 -1.59829174009950522898E-04   6   3   6   5
  2.48600147167948627713E-02   6   3   6   6
 -1.66139490086569500524E-06   6   3   7   1
  7.38907607671521148075E-07   6   3   7   2
 -9.51094515377062746764E-07   6   3   7   3
  9.85190449705819388550E-06   6   3   7   4
  1.45453302349553952920E-08   6   3   7   5
  1.52860907281729153104E-05   6   3   7   6
 -3.35801797095418852468E-02   6   3   7   7
  2.48203761139144165877E-05   6   3   8   1
  1.15487637478993916175E-05   6   3   8   2
 -1.12231508205654063014E-04   6   3   8   3
 -5.65514087713741523279E-05   6   3   8   4
 -2.48272554146617419057E-02   6   3   8   5
 -1.09345047330715414591E-04   6   3   8   6
 -7.96725779396297178216E-08   6   3   8   7
  1.38639563768037012842E-02   6   3   8   8
  6.17059590572871231152E-06   6   3   9   1
 -1.97336708855811008117E-06   6   3   9   2
 -1.75006814396141125562E-05   6   3   9   3
 -1.85940545757772997498E-05   6   3   9   4
 -1.78404102249583498944E-08   6   3   9   5
 -2.07467504862919107386E-05   6   3   9   6
  5.77269954150670464021E-02   6   3   9   7
  1.23338945371108138933E-07   6   3   9   8
 -2.45108078868176079701E-02   6   3   9   9
  6.35443839852906956767E-03   6   3  10   1
 -5.41089799076983988396E-03   6   3  10   2
 -5.00422957139664247028E-03   6   3  10   3
 -2.61918880134807581517E-02   6   3  10   4
 -3.23619369204092624786E-04   6   3  10   5
 -7.93817998734155927387E-03   6   3  10   6
 -3.16139775956820082516E-05   6   3  10   7
  7.61925648893505382594E-05   6   3  10   8
 -5.01904717588470247112E-06   6   3  10   9
 -4.32673519577149098825E-02   6   3  10  10
  1.99000633154787292482E-04   6   3  11   1
  1.58165739622269911234E-04   6   3  11   2
 -1.68373190755884241969E-04   6   3  11   3
 -1.81522807652829531316E-04   6   3  11   4
 -4.37906092316532602471E-02   6   3  11   5
 -7.00456944870414457277E-04   6   3  11   6
  1.93678307105837028984E-07   6   3  11   7
  7.19552886108625229522E-03   6   3  11   8
 -1.67793107353761606531E-07   6   3  11   9
 -3.68814550369148390786E-04   6   3  11  10
 -6.31315857655702361573E-02   6   3  11  11
  1.95160823521821936988E-02   6   3  12   1
  8.74367047458667404070E-03   6   3  12   2
 -7.93463942223251832153E-03   6   3  12   3
 -2.84397103887529707766E-02   6   3  12   4
  6.15547463006671665385E-04   6   3  12   5
 -5.10785316422340193721E-02   6   3  12   6
  2.39826125313431351345E-06   6   3  12   7
 -1.90235602225392083208E-04   6   3  12   8
 -1.00367627438936344117E-05   6   3  12   9
 -1.22413726249149586861E-02   6   3  12  10
 -1.99966132471020199401E-04   6   3  12  11
 -8.65200339139638591179E-02   6   3  12  12
  2.39865736809092677806E-01   6   4   1   1
  4.13999608490840347703E-05   6   4   2   1
 -6.78021917051611494598E-02   6   4   2   2
  6.15918468916589259554E-03   6   4   3   1
  3.32442084828761313595E-03   6   4   3   2
  1.01044007082686071453E-01   6   4   3   3
 -4.39267913297414279265E-04   6   4   4   1
  3.41459037551840750152E-03   6   4   4   2
  5.77823313600214771846E-02   6   4   4   3
 -5.26157888633528095235E-02   6   4   4   4
  3.88661036961348225463E-06   6   4   5   1
  7.19838343675055311980E-08   6   4   5   2
 -1.60201335571458322767E-04   6   4   5   3
 -2.74325414342416727415E-04   6   4   5   4
 -1.66532436112435955344E-02   6   4   5   5
 -7.01438819307866837788E-03   6   4   6   1
 -6.85389034082394682512E-03   6   4   6   2
  4.31062999108733010956E-02   6   4   6   3
  1.06684271817691411766E-01   6   4   6   4
 -1.47448818165783036111E-04   6   4   6   5
  1.23208335810130090171E-01   6   4   6   6
 -1.93662023744912127295E-06   6   4   7   1
  5.15951133052935209834E-07   6   4   7   2
  5.42408514740005100538E-06   6   4   7   3
  2.57869228128889294450E-05   6   4   7   4
  1.33791666347797939230E-07   6   4   7   5
  1.27850912511418698882E-05   6   4   7   6
  6.41300514178397285114E-02   6   4   7   7
 -3.12396989771740390959E-06   6   4   8   1
 -1.34895089566746779016E-05   6   4   8   2
 -8.09644898947315853161E-05   6   4   8   3
  1.82221102430220137760E-04   6   4   8   4
 -1.00341349187883677185E-01   6   4   8   5
 -1.74796081543141472838E-04   6   4   8   6
 -9.22896645669695103379E-08   6   4   8   7
  8.73360412605156816168E-02   6   4   8   8
  1.94230706925249092806E-06   6   4   9   1
  6.78779748890490958347E-08   6   4   9   2
 -4.75005674512005480705E-06   6   4   9   3
  8.47568114366515369922E-06   6   4   9   4
  4.25197287404146657700E-08   6   4   9   5
 -3.21390896260921162734E-05   6   4   9   6
  1.02582223715661502439E-01   6   4   9   7
  2.49013254431087971443E-07   6   4   9   8
  4.61394884796245824399E-02   6   4   9   9
  3.52585146116467977942E-03   6   4  10   1
  4.53187223010022982583E-03   6   4  10   2
  7.68280483689896126487E-03   6   4  10   3
 -1.26934284716776358409E-02   6   4  10   4
  4.84079939373858929926E-05   6   4  10   5
 -2.12554652836754037759E-02   6   4  10   6
 -4.52489277626754455154E-05   6   4  10   7
  4.85161601581330606970E-04   6   4  10   8
 -5.01710326922594199357E-05   6   4  10   9
 -8.38389559052905297687E-02   6   4  10  10
  1.10411614672866842477E-04   6   4  11   1
 -1.88696187780732746496E-04   6   4  11   2
  1.19974566492837150474E-04   6   4  11   3
  3.49755153877496561578E-04   6   4  11   4
 -3.13877254184091215861E-03   6   4  11   5
 -9.18768020751798536981E-04   6   4  11   6
 -2.00488444422190851453E-07   6   4  11   7
  5.09357035553542059070E-02   6   4  11   8
  8.40430223904703692232E-07   6   4  11   9
  9.53694716648562806384E-04   6   4  11  10
 -5.22707715610614825907E-02   6   4  11  11
  1.13711985808398561432E-02   6   4  12   1
 -1.17988589003971619529E-02   6   4  12   2
  1.96210054817202127209E-02   6   4  12   3
  1.51598998072920154723E-02   6   4  12   4
  2.03862421745907559717E-04   6   4  12   5
 -7.73324827430036249032E-02   6   4  12   6
 -2.65483102728733532120E-05   6   4  12   7
 -7.13491367055079815304E-04   6   4  12   8
  4.51975416316619533065E-05   6   4  12   9
  5.56673875488662983635E-02   6   4  12  10
  6.55373877173270327420E-04   6   4  12  11
  3.44188155576137522207E-02   6   4  12  12
 -3.89955786201541304472E-04   6   5   1   1
  5.89309845703382083106E-08   6   5   2   1
  2.08572942422517243954E-04   6   5   2   2
 -1.96455882606330044249E-05   6   5   3   1
  9.21745215258300379683E-07   6   5   3   2
 -1.11501679775764539628E-05   6   5   3   3
  5.79924865534822232881E-06   6   5   4   1
  5.03601961933675473728E-06   6   5   4   2
 -1.29885578981007066175E-04   6   5   4   3
 -2.49469083562646243074E-05   6   5   4   4
 -2.12061085327675154233E-03   6   5   5   1
  2.03451649674505762478E-04   6   5   5   2
  6.38199932996113324796E-03   6   5   5   3
 -1.78636544417406575858E-02   6   5   5   4
  2.84129720431220244409E-05   6   5   5   5
  2.29794833532754322748E-05   6   5   6   1
 -4.67437345528768249833E-06   6   5   6   2
 -1.59829174009936346955E-04   6   5   6   3
 -1.47448818165783876368E-04   6   5   6   4
  2.43514229510959426261E-02   6   5   6   5
 -1.70355480826386428573E-04   6   5   6   6
 -5.09334965636113708001E-10   6   5   7   1
 -1.53515006763667583716E-09   6   5   7   2
 -9.43150127323842039326E-09   6   5   7   3
  4.03455506621052383144E-09   6   5   7   4
  7.20396611868193425511E-07   6   5   7   5
 -2.51056195501186444389E-08   6   5   7   6
 -3.13597885434389625991E-05   6   5   7   7
  4.24745504462530152484E-03   6   5   8   1
  3.20161834919284167631E-04   6   5   8   2
 -8.64276732727176609516E-03   6   5   8   3
 -2.77478917550818028614E-02   6   5   8   4
  1.67913818516471076252E-04   6   5   8   5
 -1.03500221326236537672E-02   6   5   8   6
 -7.18510950363690746488E-07   6   5   8   7
 -4.27930097749770941792E-05   6   5   8   8
 -5.78649199211283136839E-09   6   5   9   1
  1.88528571644722263642E-09   6   5   9   2
  1.04460013603242622159E-09   6   5   9   3
  4.30860806529434258091E-08   6   5   9   4
  8.91462352421262173448E-06   6   5   9   5
  5.63649764950373096586E-08   6   5   9   6
 -1.79057902348440342892E-04   6   5   9   7
  1.26730944170549565783E-05   6   5   9   8
 -3.75657180789115487953E-05   6   5   9   9
 -6.51647581516926368807E-07   6   5  10   1
  5.54205093279227157030E-06   6   5  10   2
 -8.28968426648695101309E-05   6   5  10   3
  1.55821258224845773542E-04   6   5  10   4
  1.63500380586172264219E-02   6   5  10   5
 -2.34342275323431317269E-05   6   5  10   6
  5.42704421137426191017E-08   6   5  10   7
  1.75026068988803802651E-02   6   5  10   8
 -1.04646777297158886830E-07   6   5  10   9
 -3.99272388302904528059E-04   6   5  10  10
  1.41809159283440094045E-03   6   5  11   1
  5.04289063897618420641E-05   6   5  11   2
 -1.01050335660385695591E-02   6   5  11   3
  1.07570058716082144618E-02   6   5  11   4
 -3.17820102548381519070E-05   6   5  11   5
 -8.76313040247811599059E-03   6   5  11   6
 -8.66457653695977115525E-07   6   5  11   7
 -1.66541304965254143792E-04   6   5  11   8
 -1.26443586307950569679E-05   6   5  11   9
 -2.77891823535215652663E-02   6   5  11  10
  8.93553404407667673827E-04   6   5  11  11
 -5.86970794013011101667E-05   6   5  12   1
 -1.24629554852976026213E-05   6   5  12   2
  9.81458860242433297821E-05   6   5  12   3
 -3.32011020163488151198E-05   6   5  12   4
  1.23780903557885895751E-03   6   5  12   5
  2.84283050314283313592E-04   6   5  12   6
  1.57932921180980467583E-08   6   5  12   7
  2.00337063698681960497E-03   6   5  12   8
  1.53282424256440957096E-07   6   5  12   9
  4.36966611905652670481E-04   6   5  12  10
  1.14001619763390692891E-02   6   5  12  11
 -2.62386620640019390012E-04   6   5  12  12
  8.85055073794789093355E-01   6   6   1   1
  2.28247056007990453165E-05   6   6   2   1
  5.15077392114847820714E-01   6   6   2   2
  1.08109337341708074826E-02   6   6   3   1
  1.27264374548530885198E-03   6   6   3   2
  6.19296158517691708312E-01   6   6   3   3
  1.30335240834748150585E-03   6   6   4   1
  5.35249434259944811831E-03   6   6   4   2
  7.13749940591161258219E-02   6   6   4   3
  4.18469550795058820025E-01   6   6   4   4
 -1.02629160199511580822E-05   6   6   5   1
  1.74633572692098001673E-05   6   6   5   2
 -9.36329917065005165600E-05   6   6   5   3
 -4.08708600495470545690E-04   6   6   5   4
  4.37978172098448581551E-01   6   6   5   5
 -6.19321263399032467117E-03   6   6   6   1
 -5.55452419602752225924E-03   6   6   6   2
  2.48600147167948558324E-02   6   6   6   3
  1.23208335810130187316E-01   6   6   6   4
 -1.70355480826414943090E-04   6   6   6   5
  6.56762662049034107170E-01   6   6   6   6
 -1.36762397466827149064E-06   6   6   7   1
 -3.04324599448778225654E-06   6   6   7   2
 -6.59445750480151777302E-06   6   6   7   3
  3.75853501561805876234E-05   6   6   7   4
  1.98857969299931944332E-07   6   6   7   5
  1.76200374146796213850E-05   6   6   7   6
  5.46375248125008372568E-01   6   6   7   7
  1.62178974820286603666E-05   6   6   8   1
 -6.73008473815623232684E-06   6   6   8   2
 -1.94889926259185681818E-04   6   6   8   3
  6.91189884315055331479E-05   6   6   8   4
 -1.32434183222170986927E-01   6   6   8   5
 -2.54752607969691588583E-04   6   6   8   6
 -8.97185398018621553865E-08   6   6   8   7
  5.68630896665404783619E-01   6   6   8   8
  3.26560004805316643961E-06   6   6   9   1
  5.05826304953956552103E-06   6   6   9   2
  1.58675415920158287286E-06   6   6   9   3
  1.20967165740564724620E-05   6   6   9   4
  9.79835227703622502125E-08   6   6   9   5
 -6.06396345999852317285E-05   6   6   9   6
  1.23118173500469843540E-01   6   6   9   7
  3.53094195196202917900E-07   6   6   9   8
  5.36331080722053821219E-01   6   6   9   9
  4.51053900798642493086E-03   6   6  10   1
  6.27816589429703274250E-03   6   6  10   2
  9.69407120108181467877E-03   6   6  10   3
  4.03701918682611501921E-02   6   6  10   4
  3.85804108198766035516E-04   6   6  10   5
 -6.17976079804369096693E-02   6   6  10   6
 -4.81895869276220253290E-05   6   6  10   7
  7.88121097410822055683E-04   6   6  10   8
 -9.05005064271230196633E-05   6   6  10   9
  3.57402699994467054623E-01   6   6  10  10
  1.47677778033088966678E-04   6   6  11   1
 -1.31993414484757180024E-04   6   6  11   2
  4.88005175344039378391E-04   6   6  11   3
 -5.05978983896692552889E-04   6   6  11   4
  3.23975412053512795696E-02   6   6  11   5
 -7.71767980438531385826E-04   6   6  11   6
 -2.34316716760770418915E-07   6   6  11   7
  9.06900146919003002921E-02   6   6  11   8
  1.15975710164720985064E-06   6   6  11   9
  1.01782289448228775892E-03   6   6  11  10
  3.97433610369802070572E-01   6   6  11  11
  1.46671217038047609765E-02   6   6  12   1
 -8.13242793247436271398E-03   6   6  12   2
  4.53713736661055452859E-02   6   6  12   3
 -1.37736168188913946087E-02   6   6  12   4
 -3.28119748918710284636E-04   6   6  12   5
 -8.53830985415257454063E-02   6   6  12   6
 -2.48153530017952738459E-05   6   6  12   7
 -1.21924499753501419663E-03   6   6  12   8
  5.34408787527235383205E-05   6   6  12   9
  6.56155921015993265355E-02   6   6  12  10
  1.66750402989085649147E-03   6   6  12  11
  5.78523386027360309036E-01   6   6  12  12
  4.42335844645388610451E-06   7   1   1   1
  6.76014113187414937262E-09   7   1   2   1
  1.90988261816876238840E-06   7   1   2   2
 -4.89237373535542356440E-07   7   1   3   1
  4.96443486083939439679E-08   7   1   3   2
  3.61553723964884844458E-06   7   1   3   3
  2.01811034287044857092E-06   7   1   4   1
 -1.00289222922217097328E-08   7   1   4   2
 -2.53335841886417636497E-06   7   1   4   3
 -5.17964908050247718333E-07   7   1   4   4
  1.27137796078813700415E-08   7   1   5   1
 -2.44356266465578581632E-10   7   1   5   2
 -2.00231800988087932804E-08   7   1   5   3
 -2.13391847464449053101E-09   7   1   5   4
  1.32055628946121965624E-06   7   1   5   5
  2.04618977586540833302E-06   7   1   6   1
 -2.02720673383671028886E-08   7   1   6   2
 -1.66139490086414048803E-06   7   1   6   3
 -1.93662023744688510597E-06   7   1   6   4
 -5.09334965987031020806E-10   7   1   6   5
 -1.36762397467190610902E-06   7   1   6   6
  1.24206779989221218624E-02   7   1   7   1
 -1.84785302919934416423E-04   7   1   7   2
 -1.64519441226419899094E-02   7   1   7   3
 -5.67668596143059214776E-03   7   1   7   4
  1.80543151180002330177E-05   7   1   7   5
 -5.20837028124549600294E-03   7   1   7   6
  5.13625660347344342947E-07   7   1   7   7
 -1.45118254870135391471E-08   7   1   8   1
 -4.51467064025104470476E-10   7   1   8   2
  1.37057892694715986148E-08   7   1   8   3
  8.81546374772313369881E-09   7   1   8   4
  4.12499208243981706267E-07   7   1   8   5
  9.29123375157005615021E-09   7   1   8   6
  3.24559231294717040968E-06   7   1   8   7
  3.49567126126472583645E-07   7   1   8   8
  1.33852053447614319226E-02   7   1   9   1
  2.08179892000540583486E-04   7   1   9   2
 -1.38973151783186536085E-02   7   1   9   3
 -7.31890503944106814854E-03   7   1   9   4
  2.13722009631121093762E-05   7   1   9   5
 -7.12072307424585146385E-03   7   1   9   6
 -1.03470699971997281555E-06   7   1   9   7
  1.99568051874846082494E-06   7   1   9   8
 -7.66647854832991731889E-07   7   1   9   9
 -6.97295396089609632347E-06   7   1  10   1
 -1.55513651954284791765E-07   7   1  10   2
  6.22317557692282154088E-06   7   1  10   3
  3.77133898319266765964E-06   7   1  10   4
 -1.12897466755550319818E-08   7   1  10   5
  3.95474826887219129144E-06   7   1  10   6
 -1.26161423737577039345E-03   7   1  10   7
 -6.37707387481630136090E-10   7   1  10   8
 -2.33236630889248905754E-03   7   1  10   9
  3.81571102030986191773E-06   7   1  10  10
 -2.07558424990082651668E-09   7   1  11   1
 -5.52576794859612933466E-10   7   1  11   2
  3.98369291181628499352E-09   7   1  11   3
 -8.03823890633601717700E-09   7   1  11   4
  1.85787157308867660831E-07   7   1  11   5
 -3.68923739296763051916E-09   7   1  11   6
 -5.92753150641548844459E-05   7   1  11   7
 -3.56447963026198161344E-07   7   1  11   8
 -6.06339122003864825134E-05   7   1  11   9
  2.55258395788960333934E-08   7   1  11  10
  1.09916561199327347895E-06   7   1  11  11
 -2.26133339898556696409E-06   7   1  12   1
 -1.00078003825255586755E-07   7   1  12   2
  2.08343194839671051562E-06   7   1  12   3
  3.86127643877009288121E-07   7   1  12   4
 -1.18813369797148204159E-08   7   1  12   5
  7.16392076736204600085E-07   7   1  12   6
 -6.07810395220841417907E-03   7   1  12   7
  1.29158676220335475711E-08   7   1  12   8
 -7.15535842017013534733E-03   7   1  12   9
  3.81478652803081392755E-06   7   1  12  10
  5.71875984710923533086E-10   7   1  12  11
  2.31330127953429274200E-06   7   1  12  12
 -4.16304761022932264057E-06   7   2   1   1
  4.82076538024484110459E-09   7   2   2   1
 -8.23399149217736360962E-05   7   2   2   2
  3.77231565566478214312E-08   7   2   3   1
  4.67657373916913635066E-06   7   2   3   2
 -6.54939735747847533013E-06   7   2   3   3
 -3.88153569919768626979E-08   7   2   4   1
 -7.81411775312739183903E-06   7   2   4   2
  2.84214475897587323544E-06   7   2   4   3
 -6.20264699646540260347E-06   7   2   4   4
  2.87275854149708071419E-10   7   2   5   1
 -6.67968192725893184828E-09   7   2   5   2
 -4.21845415112770559213E-10   7   2   5   3
  2.64799991342306059524E-10   7   2   5   4
 -3.45820307293116821034E-06   7   2   5   5
 -1.38557114815941733867E-07   7   2   6   1
 -2.31010156705990723849E-06   7   2   6   2
  7.38907607672598044589E-07   7   2   6   3
  5.15951133053193025488E-07   7   2   6   4
 -1.53515006751456412641E-09   7   2   6   5
 -3.04324599448916376728E-06   7   2   6   6
 -1.84785302919934470633E-04   7   2   7   1
  8.72381873697577504834E-03   7   2   7   2
  7.59031198334690539870E-03   7   2   7   3
 -7.80961518372122985576E-03   7   2   7   4
 -5.14154539902517283129E-06   7   2   7   5
 -1.75873793004666123009E-03   7   2   7   6
  1.84643046179699815735E-06   7   2   7   7
 -4.37129335782807391682E-10   7   2   8   1
  1.92362272892158104341E-08   7   2   8   2
  1.25573318213000507570E-08   7   2   8   3
 -1.23042066038485903573E-08   7   2   8   4
  1.08357920488462841538E-07   7   2   8   5
 -3.47313444783922655281E-09   7   2   8   6
  2.50233836979967735881E-06   7   2   8   7
 -3.39778906146895123705E-06   7   2   8   8
 -2.37027015019021378628E-04   7   2   9   1
 -1.09582565636440806139E-02   7   2   9   2
 -4.24491806262463407945E-03   7   2   9   3
  1.03672213215443478201E-02   7   2   9   4
  8.37435678565184274565E-06   7   2   9   5
  1.02299383182126880226E-03   7   2   9   6
 -9.06780146758753948291E-06   7   2   9   7
 -5.94989272962897593802E-06   7   2   9   8
  1.04766066413523602463E-05   7   2   9   9
  1.75614747296341130425E-07   7   2  10   1
 -8.97525254483604256250E-07   7   2  10   2
  5.68669173351772314908E-06   7   2  10   3
 -9.67096650066593503127E-06   7   2  10   4
 -2.76576416953715019552E-09   7   2  10   5
 -5.47393908325135683025E-07   7   2  10   6
 -8.55264397994274193360E-03   7   2  10   7
 -9.63569441761910710948E-09   7   2  10   8
  1.08475095287199844313E-02   7   2  10   9
 -2.06042253774164006144E-05   7   2  10  10
  6.28263626331462770959E-10   7   2  11   1
  7.15566317402331585812E-09   7   2  11   2
 -2.76475446862026928278E-08   7   2  11   3
  2.18777914437381398176E-08   7   2  11   4
  7.36716335516633493878E-07   7   2  11   5
  1.55350970392115449788E-08   7   2  11   6
  2.63226298097889563528E-05   7   2  11   7
  3.56252914690295389462E-07   7   2  11   8
 -2.89596738339535957811E-05   7   2  11   9
  5.41550543799540405219E-08   7   2  11  10
 -1.75037344333403879026E-06   7   2  11  11
  1.38581902755583198840E-07   7   2  12   1
 -9.01494971799757008483E-07   7   2  12   2
  1.29735142616226699319E-06   7   2  12   3
 -3.91021354372033286577E-06   7   2  12   4
 -1.41025041601732186239E-08   7   2  12   5
  9.11438163015199074072E-07   7   2  12   6
 -3.94996689433193062801E-03   7   2  12   7
 -9.00354886645955254495E-09   7   2  12   8
  5.04561807274873670021E-03   7   2  12   9
 -7.56161045357154084197E-06   7   2  12  10
  2.04767651826607160213E-08   7   2  12  11
 -4.47214251808520240640E-06   7   2  12  12
 -3.32315936009902146517E-05   7   3   1   1
 -1.55614485961140943191E-08   7   3   2   1
 -3.71480247605658526840E-06   7   3   2   2
  1.04260626463580944334E-06   7   3   3   1
 -1.52910778899183151751E-06   7   3   3   2
 -3.60139138757852432537E-05   7   3   3   3
 -2.43847203048639384908E-06   7   3   4   1
  2.15643802195837667212E-06   7   3   4   2
  1.51019592029411404461E-05   7   3   4   3
 -1.46756688695407453999E-05   7   3   4   4
 -1.58279842196434908979E-08   7   3   5   1
  6.32020419512195074690E-09   7   3   5   2
  1.15355187444471439767E-07   7   3   5   3
  1.42864131992612192244E-08   7   3   5   4
 -1.58220989200170600829E-05   7   3   5   5
 -2.15069202000647119168E-06   7   3   6   1
 -8.85895889393553611106E-07   7   3   6   2
 -9.51094515368176629994E-07   7   3   6   3
  5.42408514739741249775E-06   7   3   6   4
 -9.43150127112511951198E-09   7   3   6   5
 -6.59445750479682012829E-06   7   3   6   6
 -1.64519441226419933788E-02   7   3   7   1
  7.59031198334690713342E-03   7   3   7   2
  1.03792472497123172692E-01   7   3   7   3
  4.42348615160939422075E-03   7   3   7   4
 -5.52208693501558245376E-05   7   3   7   5
  6.66300805304941186347E-03   7   3   7   6
 -7.07408017949239036434E-06   7   3   7   7
  1.48641973766454719367E-08   7   3   8   1
  1.36505114834454531512E-08   7   3   8   2
 -8.30032965534241041315E-09   7   3   8   3
 -7.08920495513725131972E-08   7   3   8   4
  2.44912033625239258206E-06   7   3   8   5
 -3.83231385146123022811E-08   7   3   8   6
 -1.85477484450434567818E-05   7   3   8   7
 -1.88447271270771071110E-05   7   3   8   8
 -1.73050608323473305294E-02   7   3   9   1
 -8.75559026903299786326E-03   7   3   9   2
  4.85514616606222762507E-02   7   3   9   3
  5.37244800284656584544E-02   7   3   9   4
 -7.72576699824007037069E-05   7   3   9   5
  3.19131483359219453311E-02   7   3   9   6
 -2.29492922470154060016E-05   7   3   9   7
 -2.96853538144728823565E-05   7   3   9   8
  2.17834815941212424297E-05   7   3   9   9
  8.79675233382034885382E-06   7   3  10   1
  8.65876388971141681646E-06   7   3  10   2
 -1.21438493802966068720E-05   7   3  10   3
 -3.04945215595746254244E-05   7   3  10   4
  1.06814219941369739371E-07   7   3  10   5
 -1.87775411242274985375E-05   7   3  10   6
 -1.22856740145156108357E-02   7   3  10   7
 -1.68126376366437008032E-08   7   3  10   8
  3.20073362131549910004E-02   7   3  10   9
 -5.82050584851811510624E-05   7   3  10  10
 -1.28658014437670414885E-09   7   3  11   1
 -3.44390655308517267883E-08   7   3  11   2
 -1.07636529174541672110E-07   7   3  11   3
  4.13402476189102796586E-08   7   3  11   4
  9.97886597164858137532E-06   7   3  11   5
  1.93526063062217639324E-07   7   3  11   6
  2.38650384002692193385E-04   7   3  11   7
  3.40285973603449723064E-06   7   3  11   8
  2.70228154500766037504E-04   7   3  11   9
  8.02419177119085057277E-09   7   3  11  10
 -3.59949875574089277880E-06   7   3  11  11
  2.59135302426873489855E-06   7   3  12   1
  1.68795537641326556535E-06   7   3  12   2
 -1.09765997848924857193E-05   7   3  12   3
 -7.55063589052684827976E-06   7   3  12   4
 -1.20429951797489045204E-07   7   3  12   5
  9.59661688014025592995E-06   7   3  12   6
  1.00044525376720202375E-02   7   3  12   7
 -8.59553309699508186816E-08   7   3  12   8
  4.69165169060676151558E-02   7   3  12   9
 -3.38089805513104888846E-05   7   3  12  10
  1.35668914581853452000E-08   7   3  12  11
 -1.46607078599161160106E-05   7   3  12  12
  8.36833749746659059671E-05   7   4   1   1
  2.93705217007271448525E-08   7   4   2   1
 -4.28254550256530183488E-05   7   4   2   2
  1.34200255172764308641E-06   7   4   3   1
  3.10899163891005024752E-06   7   4   3   2
  4.51848933111734528444E-05   7   4   3   3
 -4.93472280718042901987E-07   7   4   4   1
 -1.69109474204815697988E-06   7   4   4   2
  1.54694217832569114418E-05   7   4   4   3
 -9.25602494175683127584E-07   7   4   4   4
 -8.78284462293878385422E-09   7   4   5   1
  9.04275792079879730162E-09   7   4   5   2
  2.42243433481362050719E-08   7   4   5   3
 -1.67795214737448704986E-07   7   4   5   4
  9.89107939415534123440E-07   7   4   5   5
 -4.17480499604389202868E-07   7   4   6   1
 -1.56980000132312601451E-06   7   4   6   2
  9.85190449705615592423E-06   7   4   6   3
  2.57869228128826918944E-05   7   4   6   4
  4.03455506141768964262E-09   7   4   6   5
  3.75853501562013772000E-05   7   4   6   6
 -5.67668596143059041303E-03   7   4   7   1
 -7.80961518372123072312E-03   7   4   7   2
  4.42348615160938207769E-03   7   4   7   3
  3.59530251399281033930E-02   7   4   7   4
 -2.41492065627242638256E-05   7   4   7   5
  1.34251347284438157098E-02   7   4   7   6
  1.40851834477917945782E-05   7   4   7   7
  8.28434637134082006632E-09   7   4   8   1
 -1.36890227757006976694E-08   7   4   8   2
 -7.61978575681216629625E-08   7   4   8   3
  1.96526540390840055896E-08   7   4   8   4
 -2.99636163749191027810E-05   7   4   8   5
 -4.73731588385047027272E-08   7   4   8   6
  1.51189963666116388410E-08   7   4   8   7
  3.78437692964284975550E-05   7   4   8   8
 -5.94035119647532468962E-03   7   4   9   1
  9.67150505608493568643E-03   7   4   9   2
  3.28209216486650343092E-02   7   4   9   3
 -2.17554797919912376591E-02   7   4   9   4
 -7.71279410919840539363E-05   7   4   9   5
  1.60985850317102753559E-02   7   4   9   6
  6.69322928016070591625E-05   7   4   9   7
  3.74909913430532829243E-05   7   4   9   8
 -1.99697823676229180778E-05   7   4   9   9
  3.17676290103137051447E-06   7   4  10   1
 -8.33367907449150827689E-06   7   4  10   2
 -1.41392940668548863781E-05   7   4  10   3
  5.13982995756282844932E-06   7   4  10   4
 -4.83983318117033922504E-08   7   4  10   5
 -1.15155315342945323569E-05   7   4  10   6
  2.46294343485643670022E-02   7   4  10   7
  1.51012395966334208714E-07   7   4  10   8
 -2.78027888655104499227E-02   7   4  10   9
  2.35079857579695790967E-05   7   4  10  10
  7.78590989249370860566E-09   7   4  11   1
 -6.85918656133998146056E-09   7   4  11   2
  2.00225944088277685490E-07   7   4  11   3
  2.21265514087783319719E-07   7   4  11   4
 -1.86023586079060036563E-05   7   4  11   5
 -4.26365657233866320437E-07   7   4  11   6
 -5.29984631255147952767E-05   7   4  11   7
  6.04578148049829375196E-06   7   4  11   8
  1.86104718880808592436E-04   7   4  11   9
 -5.59942421698479624802E-08   7   4  11  10
 -1.91973554473280813278E-05   7   4  11  11
  1.61904566839390392821E-06   7   4  12   1
 -6.65508470293457445418E-06   7   4  12   2
  1.25714202034974287264E-05   7   4  12   3
  1.86473812229442336135E-05   7   4  12   4
  2.85008033536836558838E-07   7   4  12   5
 -3.21556436178443023335E-05   7   4  12   6
  1.33336893045820029796E-02   7   4  12   7
 -1.18121512213201045410E-07   7   4  12   8
 -2.85706299924151901209E-03   7   4  12   9
  2.97031731348529238633E-05   7   4  12  10
  1.37694649794710147584E-07   7   4  12  11
  1.00377547708958761425E-05   7   4  12  12
  5.03081955351568939378E-07   7   5   1   1
  1.44012808041449368819E-10   7   5   2   1
 -7.34193845372974636373E-08   7   5   2   2
  3.76968739774157073059E-09   7   5   3   1
  9.91793919885191170313E-09   7   5   3   2
  3.04081279624346279315E-07   7   5   3   3
  4.99181370203373054441E-09   7   5   4   1
  2.68143097926800609606E-09   7   5   4   2
  8.18374116262181701589E-08   7   5   4   3
 -7.67788042932786390281E-08   7   5   4   4
 -8.11385056980966829743E-08   7   5   5   1
  2.42485074481801773805E-06   7   5   5   2
  3.82654150008486920720E-06   7   5   5   3
 -8.43797358744729728843E-06   7   5   5   4
  6.13467934168773766518E-09   7   5   5   5
  5.39638909685803792317E-09   7   5   6   1
 -7.25501670001265484859E-09   7   5   6   2
  1.45453302189024765065E-08   7   5   6   3
  1.33791666345469604477E-07   7   5   6   4
  7.20396611867934551067E-07   7   5   6   5
  1.98857969297022518507E-07   7   5   6   6
  1.80543151179994639118E-05   7   5   7   1
 -5.14154539902556754864E-06   7   5   7   2
 -5.52208693501574508409E-05   7   5   7   3
 -2.41492065627249922739E-05   7   5   7   4
  1.59648388858082135311E-02   7   5   7   5
 -2.02812518483214446977E-05   7   5   7   6
  1.87545426473637040675E-07   7   5   7   7
  2.10616232048400606718E-07   7   5   8   1
  8.53677979096853908985E-07   7   5   8   2
  5.23458320616178826442E-07   7   5   8   3
 -7.65383010126489782374E-06   7   5   8   4
 -1.91612693326795642237E-07   7   5   8   5
  1.17518426242576250798E-08   7   5   8   6
 -8.45672597828988313606E-03   7   5   8   7
  2.33631973129176883905E-07   7   5   8   8
  1.94413429736350769599E-05   7   5   9   1
  7.19398025782130593679E-06   7   5   9   2
 -5.77661308647450273809E-05   7   5   9   3
 -7.22179712136604147173E-05   7   5   9   4
 -3.98795816413087100133E-03   7   5   9   5
 -4.69181577116868230200E-05   7   5   9   6
  2.27328879646932313814E-07   7   5   9   7
 -1.44235594005831021386E-02   7   5   9   8
  6.49370458994756410864E-08   7   5   9   9
 -8.98255116238860971196E-09   7   5  10   1
  3.00021369635110715744E-08   7   5  10   2
  9.13699013651295943833E-08   7   5  10   3
  3.06699411405082999874E-10   7   5  10   4
  1.82027535239425902146E-06   7   5  10   5
 -6.40188404281402289597E-08   7   5  10   6
  6.26228416871517227279E-05   7   5  10   7
  7.57380379467841517271E-06   7   5  10   8
 -1.24797663784772920343E-04   7   5  10   9
 -1.34356193638851016703E-07   7   5  10  10
  1.04047136570646052451E-07   7   5  11   1
  4.12839840798634443727E-06   7   5  11   2
  4.97627375263595633597E-06   7   5  11   3
 -7.73136274592519382376E-06   7   5  11   4
 -5.00903725581430167585E-08   7   5  11   5
 -4.29033865998361529096E-06   7   5  11   6
  6.20605735659256977504E-03   7   5  11   7
  8.75253663034699636463E-08   7   5  11   8
 -1.20997382526622787591E-02   7   5  11   9
 -3.29064452426637876927E-06   7   5  11  10
 -1.07020526801430099935E-07   7   5  11  11
 -2.74193579286600774181E-09   7   5  12   1
 -7.57970383426783549225E-08   7   5  12   2
  3.30721828111189406015E-08   7   5  12   3
  1.56006595483346475678E-07   7   5  12   4
 -2.18503040442910478184E-06   7   5  12   5
 -6.04827689121314975072E-08   7   5  12   6
 -9.06575465968802076799E-05   7   5  12   7
  9.95663822716402153670E-07   7   5  12   8
  1.42516998370717724084E-04   7   5  12   9
  1.28514061388451789291E-07   7   5  12  10
 -4.30001619062278688709E-06   7   5  12  11
  2.43915883638327070705E-07   7   5  12  12
  4.52476780229260074984E-05   7   6   1   1
 -9.86250838998440036438E-09   7   6   2   1
 -2.68481175444089675971E-05   7   6   2   2
  1.55015558757393421055E-06   7   6   3   1
  2.57559327436478749851E-08   7   6   3   2
  5.66123962920601088005E-06   7   6   3   3
 -5.37988966038264789349E-07   7   6   4   1
 -1.56882169239508881557E-06   7   6   4   2
  1.07884098533112058048E-05   7   6   4   3
  4.44468915895977032020E-06   7   6   4   4
 -6.07124252800340449638E-09   7   6   5   1
 -1.51958275314043016277E-09   7   6   5   2
 -1.60062669319577476618E-08   7   6   5   3
  7.29123939862263008367E-09   7   6   5   4
 -2.91305383211706030351E-06   7   6   5   5
 -1.28421748707415766573E-06   7   6   6   1
  1.45118253176063836400E-06   7   6   6   2
  1.52860907281956564510E-05   7   6   6   3
  1.27850912511556087626E-05   7   6   6   4
 -2.51056195598747566904E-08   7   6   6   5
  1.76200374147265165171E-05   7   6   6   6
 -5.20837028124549079877E-03   7   6   7   1
 -1.75873793004666057957E-03   7   6   7   2
  6.66300805304939972040E-03   7   6   7   3
  1.34251347284438070362E-02   7   6   7   4
 -2.02812518483181615980E-05   7   6   7   5
  3.04839577637838685109E-02   7   6   7   6
  3.19876702981051938671E-06   7   6   7   7
  6.41431220423291380098E-09   7   6   8   1
 -4.16016498451884590276E-10   7   6   8   2
 -4.13808196317684674919E-08   7   6   8   3
  1.63344980740650530597E-08   7   6   8   4
 -1.13494169093580352721E-05   7   6   8   5
 -5.02365541833112095708E-08   7   6   8   6
 -1.25345722239170393256E-05   7   6   8   7
  1.56748645343643037238E-05   7   6   8   8
 -5.67442790837078322314E-03   7   6   9   1
  1.84885503761307145448E-03   7   6   9   2
  2.09918487689980948208E-02   7   6   9   3
  1.21595478413728929484E-02   7   6   9   4
 -4.56503963981744081990E-05   7   6   9   5
  1.79855880980887387899E-02   7   6   9   6
  2.22503555413814604490E-05   7   6   9   7
 -3.05995223544107527915E-05   7   6   9   8
 -1.14526227643453567585E-05   7   6   9   9
  3.44765256386840699445E-06   7   6  10   1
 -3.20823090072651573439E-06   7   6  10   2
 -9.49731424055740410190E-06   7   6  10   3
 -8.23714380509255006087E-06   7   6  10   4
 -8.13744129474189480669E-08   7   6  10   5
 -1.31112330826736269606E-05   7   6  10   6
  2.44303840031219682630E-04   7   6  10   7
  3.27310589147904370069E-08   7   6  10   8
 -3.94957432408127306900E-03   7   6  10   9
  1.09963629755314711660E-06   7   6  10  10
  1.47112408802969838457E-08   7   6  11   1
  5.24946963256200487525E-08   7   6  11   2
  1.36053841624240214533E-07   7   6  11   3
 -1.06594684271757697631E-07   7   6  11   4
 -1.01269573591649789292E-05   7   6  11   5
 -1.94530647249956458102E-07   7   6  11   6
  5.02609423037690474802E-05   7   6  11   7
  4.20907380885745222601E-06   7   6  11   8
 -1.58579325250919134574E-04   7   6  11   9
  4.61476894134684534694E-08   7   6  11  10
 -1.22326071176836537121E-05   7   6  11  11
  2.41139667679034962744E-06   7   6  12   1
  2.25675010987175731620E-06   7   6  12   2
  9.75371385261594981656E-06   7   6  12   3
 -9.24770200614834624194E-06   7   6  12   4
  1.44158068308320516934E-07   7   6  12   5
 -1.93911127525355029416E-05   7   6  12   6
  5.48512798459763108866E-03   7   6  12   7
 -4.14309411945898715281E-08   7   6  12   8
 -1.26654834104243593784E-02   7   6  12   9
  7.62883854503676893437E-06   7   6  12  10
  1.16121800562173637848E-07   7   6  12  11
  5.38203208746031023417E-07   7   6  12  12
  7.67055649270409034557E-01   7   7   1   1
  2.43104808355032320634E-05   7   7   2   1
  5.98758299559512652266E-01   7   7   2   2
  4.47286483969358203416E-03   7   7   3   1
  9.93985741644583241665E-06   7   7   3   2
  6.12780635103419957233E-01   7   7   3   3
  3.20273169222677882989E-03   7   7   4   1
  5.66530336897429816906E-03   7   7   4   2
  3.36587860399254062971E-02   7   7   4   3
  4.26069568812467713848E-01   7   7   4   4
 -1.44920949073817611065E-05   7   7   5   1
  2.06875722307674840528E-05   7   7   5   2
  2.21549533548025608012E-05   7   7   5   3
 -2.79583831538229680980E-04   7   7   5   4
  4.51575117891030053396E-01   7   7   5   5
  5.89278619085972354269E-03   7   7   6   1
 -4.11036961384841480899E-03   7   7   6   2
 -3.35801797095418921857E-02   7   7   6   3
  6.41300514178397285114E-02   7   7   6   4
 -3.13597885434693134836E-05   7   7   6   5
  5.46375248125008483591E-01   7   7   6   6
  5.13625660346627435437E-07   7   7   7   1
  1.84643046179999495992E-06   7   7   7   2
 -7.07408017949410730012E-06   7   7   7   3
  1.40851834477922282590E-05   7   7   7   4
  1.87545426477155033203E-07   7   7   7   5
  3.19876702984177490246E-06   7   7   7   6
  5.84726445387336979387E-01   7   7   7   7
  6.59975751617851256477E-06   7   7   8   1
 -4.39869208783882065494E-06   7   7   8   2
 -1.49595721926705190526E-04   7   7   8   3
  4.48670796563305928793E-05   7   7   8   4
 -9.53531490645451729193E-02   7   7   8   5
 -1.14744656500548962408E-04   7   7   8   6
  1.21568566030518413959E-08   7   7   8   7
  5.22509782510088283125E-01   7   7   8   8
 -1.24838278194617147226E-06   7   7   9   1
 -1.41363866559153189004E-06   7   7   9   2
  2.16879716082903345696E-07   7   7   9   3
  5.31193710939749637952E-05   7   7   9   4
  1.53991378169618202458E-07   7   7   9   5
 -2.56362377132727515779E-05   7   7   9   6
  7.01680515091957363039E-02   7   7   9   7
  1.40380592837401567713E-07   7   7   9   8
  5.75212341677400540441E-01   7   7   9   9
 -6.31803328577224790515E-04   7   7  10   1
  5.94048894081333680312E-03   7   7  10   2
  5.04400844143305590594E-03   7   7  10   3
  7.42994547928315512975E-02   7   7  10   4
  6.31210388798761302606E-04   7   7  10   5
 -4.29635359643939437890E-02   7   7  10   6
 -3.29178623335091210264E-05   7   7  10   7
  6.68080124612463509617E-04   7   7  10   8
 -8.68651342049378555202E-05   7   7  10   9
  3.87229199717647298851E-01   7   7  10  10
 -1.34664554577859553480E-05   7   7  11   1
 -1.03294813635870799348E-04   7   7  11   2
  7.13090380405082100053E-04   7   7  11   3
 -4.06620838955638040126E-04   7   7  11   4
  6.50312897336561973605E-02   7   7  11   5
  1.74230862784350383271E-05   7   7  11   6
 -2.18812336474306993205E-07   7   7  11   7
  8.08828325808066406211E-02   7   7  11   8
  9.01377272555945514859E-07   7   7  11   9
  9.09902644156064077489E-04   7   7  11  10
  4.26788393082776496001E-01   7   7  11  11
 -1.44900157669986331954E-03   7   7  12   1
 -6.43805406814109207336E-03   7   7  12   2
  5.22354851711937170911E-02   7   7  12   3
  1.54729774676055122085E-02   7   7  12   4
 -8.73399245103623125125E-04   7   7  12   5
 -1.77850234492004724562E-02   7   7  12   6
 -2.12012084733810200982E-05   7   7  12   7
 -1.08971377334393985069E-03   7   7  12   8
  3.92390273364962206435E-05   7   7  12   9
  5.91708008179282138328E-02   7   7  12  10
  1.30356661986016637671E-03   7   7  12  11
  5.80367543869680035939E-01   7   7  12  12
 -8.61348903663012482098E-05   8   1   1   1
  2.47678763526456345773E-08   8   1   2   1
  1.67032657454071750485E-05   8   1   2   2
 -1.93465759085089624477E-05   8   1   3   1
  3.94116010408461432475E-07   8   1   3   2
  2.42489069409421558192E-05   8   1   3   3
  9.16146052592872602537E-06   8   1   4   1
  9.92580804586197293589E-08   8   1   4   2
 -2.15790699745638540809E-05   8   1   4   3
 -5.44600732127965535549E-06   8   1   4   4
 -1.00323756175829410103E-02   8   1   5   1
  2.42123735421876377016E-04   8   1   5   2
  1.39250830822947885973E-02   8   1   5   3
  3.68535121245847996710E-03   8   1   5   4
 -1.68903469400570149621E-05   8   1   5   5
 -2.21485750424110666734E-05   8   1   6   1
  2.13619748767641782092E-07   8   1   6   2
  2.48203761139129563029E-05   8   1   6   3
 -3.12396989771857069748E-06   8   1   6   4
  4.24745504462529979012E-03   8   1   6   5
  1.62178974820284672431E-05   8   1   6   6
 -1.45118254862393940467E-08   8   1   7   1
 -4.37129335802868486090E-10   8   1   7   2
  1.48641973751603601367E-08   8   1   7   3
  8.28434637141674532038E-09   8   1   7   4
  2.10616232048883177270E-07   8   1   7   5
  6.41431220370749198461E-09   8   1   7   6
  6.59975751617763673271E-06   8   1   7   7
  1.98436075503286291077E-02   8   1   8   1
  7.00532109826904942794E-05   8   1   8   2
 -2.24478006916642436330E-02   8   1   8   3
 -1.05138568675591809881E-02   8   1   8   4
  3.42059951599139153871E-05   8   1   8   5
 -9.46496324760421128830E-03   8   1   8   6
 -3.69997107536335007459E-07   8   1   8   7
  8.97338456325578398087E-06   8   1   8   8
  2.97187909700634957097E-08   8   1   9   1
  8.81234368599863630098E-10   8   1   9   2
 -2.99672692173444879108E-08   8   1   9   3
 -1.72373536187899776927E-08   8   1   9   4
  5.12464374849588560421E-07   8   1   9   5
 -1.44100126114035867416E-08   8   1   9   6
 -7.25838590554508078479E-06   8   1   9   7
 -4.22204985594659255224E-07   8   1   9   8
  3.01661692351998985133E-06   8   1   9   9
  5.12203060673127710855E-05   8   1  10   1
  3.00822106241910662268E-06   8   1  10   2
 -4.12498010199118696813E-05   8   1  10   3
 -3.02861570144332657728E-05   8   1  10   4
  1.75965114088065251001E-03   8   1  10   5
 -3.28430417673117471368E-05   8   1  10   6
  6.82110872332182573297E-09   8   1  10   7
 -2.35511198914827978718E-03   8   1  10   8
 -9.96926055791903275651E-09   8   1  10   9
 -2.10520224542479381070E-05   8   1  10  10
  6.42596241179516254605E-03   8   1  11   1
  3.72667913529253845128E-04   8   1  11   2
 -4.69281838305029251612E-03   8   1  11   3
 -3.41845706104787223217E-03   8   1  11   4
  4.61633554762836881540E-05   8   1  11   5
 -4.57537130207585299863E-03   8   1  11   6
  1.50322916038462947391E-07   8   1  11   7
 -1.00722836611283006144E-04   8   1  11   8
 -8.88510149923542380589E-07   8   1  11   9
 -1.96070643982819859535E-03   8   1  11  10
 -3.48625645824610902305E-05   8   1  11  11
 -1.00629729135305330100E-04   8   1  12   1
 -5.09183828496930772654E-06   8   1  12   2
  6.59349831618761124093E-05   8   1  12   3
  4.06979614011586821737E-05   8   1  12   4
  4.37912334624924667881E-03   8   1  12   5
  7.60664650522829919460E-05   8   1  12   6
  7.34781798337602441179E-09   8   1  12   7
 -1.02147942327516835087E-02   8   1  12   8
 -7.57463187704626420979E-09   8   1  12   9
 -8.60117740095701010464E-06   8   1  12  10
 -3.55742283820114886875E-03   8   1  12  11
  9.80213393342438388516E-05   8   1  12  12
 -7.26562984403932752241E-06   8   2   1   1
  2.91867457871705348403E-08   8   2   2   1
 -9.76177801950698558007E-05   8   2   2   2
  7.44382317644575436469E-08   8   2   3   1
  6.37854122184831908945E-06   8   2   3   2
 -8.38801076913434491512E-06   8   2   3   3
 -4.95609616342043390945E-08   8   2   4   1
 -1.56943590888601372502E-05   8   2   4   2
 -3.76538262982029123640E-06   8   2   4   3
  8.91639680379885649802E-06   8   2   4   4
 -2.83126844255787112590E-05   8   2   5   1
  2.62625380140410003352E-03   8   2   5   2
  2.03424000813245877545E-03   8   2   5   3
 -3.75642285017269064035E-03   8   2   5   4
 -2.81781271889936064812E-06   8   2   5   5
 -4.08290812205652233699E-07   8   2   6   1
  9.80833101608342134542E-06   8   2   6   2
  1.15487637479013160763E-05   8   2   6   3
 -1.34895089566758993231E-05   8   2   6   4
  3.20161834919283842370E-04   8   2   6   5
 -6.73008473815418250711E-06   8   2   6   6
 -4.51467064088352871461E-10   8   2   7   1
  1.92362272891901248217E-08   8   2   7   2
  1.36505114840102835063E-08   8   2   7   3
 -1.36890227761090056003E-08   8   2   7   4
  8.53677979097231897438E-07   8   2   7   5
 -4.16016497360190798079E-10   8   2   7   6
 -4.39869208783824043737E-06   8   2   7   7
  7.00532109826906026996E-05   8   2   8   1
  9.09432276761107686799E-04   8   2   8   2
  1.29869813796294904761E-04   8   2   8   3
 -2.08054709448917633102E-03   8   2   8   4
  7.92898157333783124316E-06   8   2   8   5
  5.21936728447737864969E-04   8   2   8   6
  3.59409639104471059473E-07   8   2   8   7
  3.31152764538072329838E-06   8   2   8   8
 -2.22912150173783689458E-10   8   2   9   1
 -2.44773977192967546678E-08   8   2   9   2
 -5.94908010706680738327E-09   8   2   9   3
  1.68217450894779778862E-08   8   2   9   4
 -7.84436903799942458842E-07   8   2   9   5
 -3.41677663677676106906E-09   8   2   9   6
 -2.05045974518260683706E-06   8   2   9   7
 -4.94636607172987898899E-08   8   2   9   8
 -2.97353338749540593614E-06   8   2   9   9
  3.63364965035744952870E-07   8   2  10   1
  1.44870204641322337745E-05   8   2  10   2
  1.34955803612943670586E-05   8   2  10   3
 -1.37086232571139431948E-05   8   2  10   4
 -1.19120528789884417252E-03   8   2  10   5
 -1.50474158526595011575E-05   8   2  10   6
 -6.68478861044817911468E-09   8   2  10   7
 -7.96106981618585173976E-05   8   2  10   8
 -3.27557650118944104823E-10   8   2  10   9
 -5.30253824814998561818E-05   8   2  10  10
  3.00541318308653403028E-05   8   2  11   1
  4.47286724596286568850E-03   8   2  11   2
  1.79568533629119019696E-03   8   2  11   3
 -2.38789698487858366438E-03   8   2  11   4
 -1.56868580192507132498E-05   8   2  11   5
 -9.36423828653504242668E-04   8   2  11   6
  1.42894951278776798153E-06   8   2  11   7
 -9.13698859742879345607E-06   8   2  11   8
 -2.83076343718104132642E-06   8   2  11   9
 -4.01624919605385669041E-03   8   2  11  10
  1.91537839706108695538E-05   8   2  11  11
 -4.80716562864526508801E-08   8   2  12   1
 -4.90313893621915146653E-05   8   2  12   2
 -1.88507416250183656905E-05   8   2  12   3
  2.17189936357935358432E-05   8   2  12   4
 -1.31762301048044699371E-03   8   2  12   5
  6.61924374607351585000E-06   8   2  12   6
 -2.05080371124996132411E-08   8   2  12   7
 -4.45036987610197398019E-04   8   2  12   8
  3.46933813611091944478E-08   8   2  12   9
  2.53769628033083379317E-05   8   2  12  10
 -1.72528066230375506755E-03   8   2  12  11
  3.13509336660131450155E-05   8   2  12  12
 -3.53729076044939009897E-04   8   3   1   1
 -3.26009134955009902420E-08   8   3   2   1
 -7.87467089038750494645E-05   8   3   2   2
  3.33354650987374537973E-06   8   3   3   1
 -5.59625592416149010371E-06   8   3   3   2
 -2.84898476843845180253E-04   8   3   3   3
 -1.94682947595414316774E-05   8   3   4   1
 -3.58920103404536414371E-06   8   3   4   2
  3.30283423747447418329E-05   8   3   4   3
  1.57822290926799247107E-05   8   3   4   4
  1.15990531888132807764E-02   8   3   5   1
 -3.08361624092888693665E-04   8   3   5   2
 -5.77201929100373198334E-02   8   3   5   3
 -1.95898097807034980711E-02   8   3   5   4
  4.07609075000414690150E-07   8   3   5   5
  1.71368494445430253888E-05   8   3   6   1
  8.13619204814291148182E-06   8   3   6   2
 -1.12231508205646026365E-04   8   3   6   3
 -8.09644898947355155490E-05   8   3   6   4
 -8.64276732727174874793E-03   8   3   6   5
 -1.94889926259171126404E-04   8   3   6   6
  1.37057892689953427597E-08   8   3   7   1
  1.25573318212980307820E-08   8   3   7   2
 -8.30032965616443934484E-09   8   3   7   3
 -7.61978575684538322267E-08   8   3   7   4
  5.23458320614752528838E-07   8   3   7   5
 -4.13808196266384455341E-08   8   3   7   6
 -1.49595721926694809291E-04   8   3   7   7
 -2.24478006916642505719E-02   8   3   8   1
  1.29869813796295094496E-04   8   3   8   2
  8.89629655639873617723E-02   8   3   8   3
  3.31279140810275055107E-02   8   3   8   4
  4.82661794918032365497E-07   8   3   8   5
  3.27558224827849200911E-02   8   3   8   6
  8.43891194520933109106E-07   8   3   8   7
 -1.62713180785785822271E-04   8   3   8   8
 -3.61463206889509642827E-08   8   3   9   1
 -1.62873375078238007169E-08   8   3   9   2
  9.56371484299412240357E-08   8   3   9   3
  9.52414206994575869817E-08   8   3   9   4
 -4.76388642203770812180E-07   8   3   9   5
  8.87066531540827444111E-08   8   3   9   6
 -7.22254997420961958798E-05   8   3   9   7
  4.11164297817851938659E-06   8   3   9   8
 -1.12447632561180725099E-04   8   3   9   9
 -5.84310134934684784983E-05   8   3  10   1
 -7.73090691836903093641E-06   8   3  10   2
  1.07659853700562695871E-04   8   3  10   3
  1.27816663207305585524E-04   8   3  10   4
 -3.67186839664147141038E-03   8   3  10   5
  1.39000236055248201300E-04   8   3  10   6
 -1.42848849715766447198E-08   8   3  10   7
  1.23295253432514264474E-02   8   3  10   8
  8.19319030750559212193E-08   8   3  10   9
 -2.50534500226644466306E-05   8   3  10  10
 -6.96803258582409223293E-03   8   3  11   1
 -3.29218707527085467472E-04   8   3  11   2
  1.34607081055209513998E-02   8   3  11   3
  1.42213096087474392959E-02   8   3  11   4
 -1.93784309155733470466E-04   8   3  11   5
  1.66245224577595690496E-02   8   3  11   6
 -9.20129527019267960713E-08   8   3  11   7
  2.61164080036375674879E-04   8   3  11   8
 -1.20869618362026972160E-06   8   3  11   9
 -6.22500861657927632466E-04   8   3  11  10
  2.85694182227505023581E-04   8   3  11  11
  9.91145893220345044344E-05   8   3  12   1
  1.81217918828337962156E-05   8   3  12   2
 -2.37471690705799254144E-04   8   3  12   3
 -1.83737101142301679883E-04   8   3  12   4
 -1.48123490976359382248E-02   8   3  12   5
 -2.14811413045908620100E-04   8   3  12   6
 -2.64671192697300481150E-08   8   3  12   7
  3.54142776208315468445E-02   8   3  12   8
  7.16695690289691926384E-08   8   3  12   9
  8.76132635874243918253E-05   8   3  12  10
  1.42870815904561267867E-02   8   3  12  11
 -5.07801368554746182515E-04   8   3  12  12
  3.79770864284127479451E-04   8   4   1   1
 -2.88816581528831011635E-08   8   4   2   1
 -2.44339989429029694201E-04   8   4   2   2
  9.34295614103747039728E-06   8   4   3   1
  1.91255910390759378793E-06   8   4   3   2
  7.90570697185348449012E-05   8   4   3   3
 -5.42688397723518238454E-06   8   4   4   1
  2.83324712913606568219E-06   8   4   4   2
  1.74218358191975935395E-04   8   4   4   3
 -8.76365336485435396938E-05   8   4   4   4
  5.34191066813698330062E-03   8   4   5   1
 -5.91874637801428557515E-03   8   4   5   2
 -4.35539632268117857250E-02   8   4   5   3
  5.03813796553976775416E-02   8   4   5   4
  1.61340799197374996574E-05   8   4   5   5
  1.08466242341188066119E-05   8   4   6   1
 -2.05290631291902767042E-05   8   4   6   2
 -5.65514087713942710544E-05   8   4   6   3
  1.82221102430208834952E-04   8   4   6   4
 -2.77478917550818063309E-02   8   4   6   5
  6.91189884314985942540E-05   8   4   6   6
  8.81546374574730527225E-09   8   4   7   1
 -1.23042066032462986466E-08   8   4   7   2
 -7.08920495433956995304E-08   8   4   7   3
  1.96526540419810237053E-08   8   4   7   4
 -7.65383010126509264132E-06   8   4   7   5
  1.63344980787362445492E-08   8   4   7   6
  4.48670796563032574320E-05   8   4   7   7
 -1.05138568675591792534E-02   8   4   8   1
 -2.08054709448917763207E-03   8   4   8   2
  3.31279140810274985718E-02   8   4   8   3
  5.87962040696238391613E-02   8   4   8   4
 -3.01959314681778871574E-04   8   4   8   5
  5.04202177877685533275E-03   8   4   8   6
  5.66868099700955265737E-07   8   4   8   7
  2.35529353110043098384E-05   8   4   8   8
 -1.39025093322170978985E-08   8   4   9   1
  8.81911766485535121822E-09   8   4   9   2
  6.57171691980363524123E-08   8   4   9   3
 -6.17555395253168595848E-08   8   4   9   4
 -1.55370449386465510734E-05   8   4   9   5
  1.61297337468863133437E-08   8   4   9   6
  1.84200456596810062350E-04   8   4   9   7
 -1.47338759601631043620E-05   8   4   9   8
  2.70180288369443997207E-05   8   4   9   9
 -2.68122474033357772289E-05   8   4  10   1
 -6.31242029596382458459E-05   8   4  10   2
  3.54271848102062397907E-05   8   4  10   3
 -1.32032694141953632367E-04   8   4  10   4
 -2.93756721595088872434E-02   8   4  10   5
  2.23622757005798684579E-04   8   4  10   6
 -4.26269076531582976547E-08   8   4  10   7
 -2.73499542681423894741E-02   8   4  10   8
  2.80200048736599540929E-07   8   4  10   9
  9.66638277676990691559E-04   8   4  10  10
 -3.35382009693639552075E-03   8   4  11   1
 -8.96023538829942775563E-03   8   4  11   2
  6.36829705728551007972E-04   8   4  11   3
 -6.66251218174325303412E-03   8   4  11   4
  3.76375731051701786778E-04   8   4  11   5
  2.85053856515968886964E-02   8   4  11   6
 -8.44088988054753106645E-06   8   4  11   7
  5.94664860014648103022E-04   8   4  11   8
  4.08976428601593434389E-05   8   4  11   9
  6.91497137671563261163E-02   8   4  11  10
 -1.14913915417443274550E-03   8   4  11  11
  5.17136137954822794035E-05   8   4  12   1
  9.88358860682104063645E-05   8   4  12   2
  8.01570910661852307740E-05   8   4  12   3
  1.03927911380951822811E-04   8   4  12   4
  9.65043858782717485501E-03   8   4  12   5
 -4.67469308676759479244E-04   8   4  12   6
  6.88428107899625030837E-08   8   4  12   7
  1.81471526014634620960E-02   8   4  12   8
 -4.43986732213698628269E-07   8   4  12   9
 -7.19093051148777563653E-04   8   4  12  10
  6.39608243454021455771E-03   8   4  12  11
 -1.21384833342520968001E-04   8   4  12  12
 -3.35735886326874011232E-01   8   5   1   1
 -3.18260357237097060105E-05   8   5   2   1
  7.21854558202676133138E-02   8   5   2   2
 -4.54170914965038724498E-03   8   5   3   1
 -3.29187324249720966035E-03   8   5   3   2
 -1.62006382299680118386E-01   8   5   3   3
 -1.65952935651501854407E-03   8   5   4   1
 -1.63897935311375767854E-03   8   5   4   2
 -7.03548237286193284268E-02   8   5   4   3
  4.87464789702441447794E-02   8   5   4   4
 -1.14040597656993250716E-05   8   5   5   1
 -6.15386763864611015641E-06   8   5   5   2
  2.26915107933155772062E-04   8   5   5   3
  3.34757790633698193699E-04   8   5   5   4
  6.79839521809992141516E-03   8   5   5   5
 -8.77116543030467430905E-04   8   5   6   1
  5.28176726056364502504E-03   8   5   6   2
 -2.48272554146616968029E-02   8   5   6   3
 -1.00341349187883649430E-01   8   5   6   4
  1.67913818516481511698E-04   8   5   6   5
 -1.32434183222171014682E-01   8   5   6   6
  4.12499208244648374136E-07   8   5   7   1
  1.08357920488827502457E-07   8   5   7   2
  2.44912033625974567507E-06   8   5   7   3
 -2.99636163749164905314E-05   8   5   7   4
 -1.91612693324986697499E-07   8   5   7   5
 -1.13494169093468341084E-05   8   5   7   6
 -9.53531490645451174082E-02   8   5   7   7
  3.42059951599133529572E-05   8   5   8   1
  7.92898157333694185856E-06   8   5   8   2
  4.82661794913305498135E-07   8   5   8   3
 -3.01959314681781853130E-04   8   5   8   4
  1.46788606433753077152E-01   8   5   8   5
  1.89752705296657647261E-04   8   5   8   6
  1.28199876456741258279E-07   8   5   8   7
 -1.45743424430210877230E-01   8   5   8   8
 -1.19757786499910885367E-08   8   5   9   1
 -4.32453634743474101763E-07   8   5   9   2
 -6.10795268963561142309E-06   8   5   9   3
 -1.62648482862342238131E-05   8   5   9   4
 -7.81299934114742954544E-09   8   5   9   5
  4.24535963699053853129E-05   8   5   9   6
 -1.26445590707185223645E-01   8   5   9   7
 -3.18915925403737712685E-07   8   5   9   8
 -7.11245814886041355374E-02   8   5   9   9
 -8.51172602942580928606E-04   8   5  10   1
 -2.31963460548878595141E-03   8   5  10   2
 -2.12519928335837444966E-02   8   5  10   3
 -7.89442948058607929518E-03   8   5  10   4
  4.31876202858595193475E-05   8   5  10   5
  3.47421243986962627326E-02   8   5  10   6
  5.37913981071344712501E-05   8   5  10   7
 -6.16375608054318111818E-04   8   5  10   8
  6.59540700658194648442E-05   8   5  10   9
  8.81618448142275079604E-02   8   5  10  10
 -1.83881591900267890669E-05   8   5  11   1
  1.12931338393316413110E-04   8   5  11   2
 -6.37249552615991592293E-04   8   5  11   3
 -9.88816206054698911693E-05   8   5  11   4
  7.90780859451719296549E-03   8   5  11   5
  7.97443414162177319909E-04   8   5  11   6
  1.59561132776612332941E-07   8   5  11   7
 -7.17479856523409315061E-02   8   5  11   8
 -9.95653348918765011388E-07   8   5  11   9
 -9.71436822702568831406E-04   8   5  11  10
  6.52444372501251868002E-02   8   5  11  11
 -3.06139628132679440797E-03   8   5  12   1
  8.22562719406445819192E-03   8   5  12   2
 -6.55706347906638425949E-02   8   5  12   3
 -1.21033945212271776964E-02   8   5  12   4
 -1.97064156757024186266E-04   8   5  12   5
  7.70920234050872094089E-02   8   5  12   6
  2.36585009581023656517E-05   8   5  12   7
  9.45622054117235344775E-04   8   5  12   8
 -4.88611536916135115742E-05   8   5  12   9
 -6.10480772075489008799E-02   8   5  12  10
 -1.25975104777860066364E-03   8   5  12  11
 -7.61818220265116502476E-02   8   5  12  12
 -5.51007045508640643482E-04   8   6   1   1
 -3.04581173839781417136E-08   8   6   2   1
  2.67378482856150327500E-04   8   6   2   2
 -6.35946511631041972145E-06   8   6   3   1
 -4.72074204626367439019E-06   8   6   3   2
 -2.32446775770138181752E-04   8   6   3   3
 -8.94049977588899572446E-06   8   6   4   1
  2.55251164190265146129E-07   8   6   4   2
 -1.25425264301870807498E-04   8   6   4   3
  1.22987313668834036783E-04   8   6   4   4
  4.78066031732446352492E-03   8   6   5   1
  1.51636277729158596220E-03   8   6   5   2
 -1.03249613550607521884E-02   8   6   5   3
 -3.23881178760462920541E-02   8   6   5   4
  8.33779215179857372247E-05   8   6   5   5
  1.17230820089983244636E-05   8   6   6   1
  9.54678227915898681510E-06   8   6   6   2
 -1.09345047330731135523E-04   8   6   6   3
 -1.74796081543141174682E-04   8   6   6   4
 -1.03500221326236502978E-02   8   6   6   5
 -2.54752607969730186181E-04   8   6   6   6
  9.29123375129402597980E-09   8   6   7   1
 -3.47313444750934444298E-09   8   6   7   2
 -3.83231385138428191706E-08   8   6   7   3
 -4.73731588391011925931E-08   8   6   7   4
  1.17518426249309765682E-08   8   6   7   5
 -5.02365541889770592771E-08   8   6   7   6
 -1.14744656500578574680E-04   8   6   7   7
 -9.46496324760421475775E-03   8   6   8   1
  5.21936728447738081810E-04   8   6   8   2
  3.27558224827849270300E-02   8   6   8   3
  5.04202177877686574109E-03   8   6   8   4
  1.89752705296689116229E-04   8   6   8   5
  4.24171170891111462553E-02   8   6   8   6
  3.95018132611138495636E-06   8   6   8   7
 -1.94555738936564047220E-04   8   6   8   8
 -1.52252636761585094015E-08   8   6   9   1
  5.61108602042845263284E-09   8   6   9   2
  4.16724974688088411757E-08   8   6   9   3
  4.33836208250598649317E-08   8   6   9   4
  1.02017744639101010090E-05   8   6   9   5
  1.07433756848665162550E-07   8   6   9   6
 -2.32996370965207814886E-04   8   6   9   7
  2.22812712954349397449E-06   8   6   9   8
 -7.21103892096425957070E-05   8   6   9   9
 -2.87857531215158983875E-05   8   6  10   1
  1.56818022369268026967E-05   8   6  10   2
  4.80874192264966457194E-05   8   6  10   3
  1.81448993174033372609E-04   8   6  10   4
  1.37784016107187212707E-02   8   6  10   5
  6.29829095277983599293E-05   8   6  10   6
  1.01322264148542861427E-07   8   6  10   7
  1.14755876755661158362E-02   8   6  10   8
 -8.26727106928505925607E-08   8   6  10   9
 -2.99809016987221961092E-04   8   6  10  10
 -3.08953826196771115867E-03   8   6  11   1
  2.20003394769959208926E-03   8   6  11   2
  1.05217812612084203605E-02   8   6  11   3
  1.49051746983667830065E-02   8   6  11   4
 -1.05795937156960621851E-04   8   6  11   5
  3.21987703613183916945E-03   8   6  11   6
  2.91833848522144472234E-06   8   6  11   7
 -2.92697400059718716887E-04   8   6  11   8
 -1.60098908724333070580E-05   8   6  11   9
 -2.71050789856331006411E-02   8   6  11  10
  6.00369163891234470729E-04   8   6  11  11
  3.43085485460991053528E-05   8   6  12   1
 -1.76405534872816491189E-05   8   6  12   2
 -2.64301514353561738894E-04   8   6  12   3
 -2.17843489189463793143E-04   8   6  12   4
 -2.35002309968291786535E-03   8   6  12   5
  9.39650248118181129165E-05   8   6  12   6
  1.24663708372713121620E-08   8   6  12   7
 -3.73194326298413592280E-03   8   6  12   8
  1.12689876503747022882E-07   8   6  12   9
  2.56662532717045663820E-04   8   6  12  10
  9.25551512613058380806E-04   8   6  12  11
 -7.82961390781036992376E-05   8   6  12  12
 -3.20997855367644463447E-07   8   7   1   1
 -2.02401200020218854799E-11   8   7   2   1
  3.61660625996746829277E-07   8   7   2   2
 -7.56296070212186088262E-09   8   7   3   1
 -5.12243972409456175234E-09   8   7   3   2
 -5.61818194193651303735E-08   8   7   3   3
 -1.17742420133286460553E-09   8   7   4   1
  4.95109364181239924452E-09   8   7   4   2
 -9.76623619903319204816E-08   8   7   4   3
  8.20775800166559373752E-08   8   7   4   4
  1.67806290970274739306E-07   8   7   5   1
  1.07387112959551962872E-06   8   7   5   2
  2.60977202119956861343E-06   8   7   5   3
 -7.78650435924107589254E-06   8   7   5   4
  1.35276440086799761923E-08   8   7   5   5
  3.44088983869583872142E-09   8   7   6   1
  5.43745961356812058062E-09   8   7   6   2
 -7.96725779244076225521E-08   8   7   6   3
 -9.22896645589104683008E-08   8   7   6   4
 -7.18510950361710701095E-07   8   7   6   5
 -8.97185398021310221728E-08   8   7   6   6
  3.24559231294732922836E-06   8   7   7   1
  2.50233836979997763199E-06   8   7   7   2
 -1.85477484450449204548E-05   8   7   7   3
  1.51189963666767015593E-08   8   7   7   4
 -8.45672597828988140134E-03   8   7   7   5
 -1.25345722239158568676E-05   8   7   7   6
  1.21568566187833657719E-08   8   7   7   7
 -3.69997107537331012326E-07   8   7   8   1
  3.59409639104398479338E-07   8   7   8   2
  8.43891194516987735516E-07   8   7   8   3
  5.66868099702834831847E-07   8   7   8   4
  1.28199876444208029396E-07   8   7   8   5
  3.95018132611079796253E-06   8   7   8   6
  1.94585429870601581137E-02   8   7   8   7
 -1.32915985629801126323E-07   8   7   8   8
  3.02448440416364017680E-06   8   7   9   1
 -3.51347132514007210816E-06   8   7   9   2
 -1.77741735388335477040E-05   8   7   9   3
  2.71386278069379838999E-05   8   7   9   4
 -1.23365073376015387668E-02   8   7   9   5
 -3.09572868565536696642E-05   8   7   9   6
 -1.97793506635653875678E-07   8   7   9   7
  1.57833205252195102331E-02   8   7   9   8
  1.23634604438363374146E-07   8   7   9   9
 -5.14053031115030317448E-09   8   7  10   1
  1.91174580997299359570E-08   8   7  10   2
 -2.15858037236226412929E-08   8   7  10   3
  8.54125395870195152843E-08   8   7  10   4
  5.85990675597902232802E-06   8   7  10   5
  8.75815874999393665489E-09   8   7  10   6
  3.84707370039136296955E-05   8   7  10   7
 -6.15367357045010282470E-06   8   7  10   8
  3.73480778533512975358E-05   8   7  10   9
 -3.66029572786559822626E-08   8   7  10  10
 -1.28808106023049472235E-07   8   7  11   1
  1.74419746348864057183E-06   8   7  11   2
  2.47893618560219422867E-06   8   7  11   3
 -1.70481157875488384645E-06   8   7  11   4
  7.86384774043183418294E-08   8   7  11   5
 -4.35522860601999944235E-07   8   7  11   6
  6.04937904468605749941E-03   8   7  11   7
 -1.38977869516894590169E-08   8   7  11   8
  2.55543598958353317119E-03   8   7  11   9
 -6.83971805291367387192E-06   8   7  11  10
  1.44456108124886089046E-07   8   7  11  11
 -6.92703025822168176327E-09   8   7  12   1
 -1.55384183740280616329E-08   8   7  12   2
 -1.17328239241036933421E-07   8   7  12   3
  6.73267857320018766593E-09   8   7  12   4
 -2.96499442820002268608E-08   8   7  12   5
  1.30117208156369627288E-07   8   7  12   6
 -8.30668474953914586206E-05   8   7  12   7
 -1.55445697861442447208E-06   8   7  12   8
 -4.53761780085095716591E-05   8   7  12   9
  3.93596937395856212747E-08   8   7  12  10
 -1.60603459948930318905E-06   8   7  12  11
  9.07454647078951582208E-08   8   7  12  12
  8.92084278832310895169E-01   8   8   1   1
  2.53737833893153103915E-05   8   8   2   1
  4.32488642358916652864E-01   8   8   2   2
  8.44363445731982110998E-03   8   8   3   1
  1.42274554089800932440E-03   8   8   3   2
  6.10804341684126450573E-01   8   8   3   3
  3.78656695084768043016E-03   8   8   4   1
  2.32966462922917479442E-03   8   8   4   2
  6.87209074740565001305E-02   8   8   4   3
  4.03593838895665968369E-01   8   8   4   4
 -1.72397149084294446007E-05   8   8   5   1
  3.38400074334805494886E-05   8   8   5   2
  3.09795359521762984673E-05   8   8   5   3
 -5.67398945710395077001E-04   8   8   5   4
  4.55312918647205522316E-01   8   8   5   5
  3.84989287773958082858E-03   8   8   6   1
 -3.49832098573476819175E-03   8   8   6   2
  1.38639563768037758773E-02   8   8   6   3
  8.73360412605156122279E-02   8   8   6   4
 -4.27930097749753459032E-05   8   8   6   5
  5.68630896665404783619E-01   8   8   6   6
  3.49567126123616600305E-07   8   8   7   1
 -3.39778906146668245930E-06   8   8   7   2
 -1.88447271270799497536E-05   8   8   7   3
  3.78437692964326988384E-05   8   8   7   4
  2.33631973143751621010E-07   8   8   7   5
  1.56748645343517778005E-05   8   8   7   6
  5.22509782510088283125E-01   8   8   7   7
  8.97338456325595677560E-06   8   8   8   1
  3.31152764538249147965E-06   8   8   8   2
 -1.62713180785765764531E-04   8   8   8   3
  2.35529353109842487101E-05   8   8   8   4
 -1.45743424430210904985E-01   8   8   8   5
 -1.94555738936615790768E-04   8   8   8   6
 -1.32915985587176734351E-07   8   8   8   7
  6.14298604698557570991E-01   8   8   8   8
  3.59652855714897396952E-07   8   8   9   1
  4.68566613231170500144E-06   8   8   9   2
  1.50744440730009157859E-05   8   8   9   3
  1.06200860201134052991E-06   8   8   9   4
  2.31967550779916344648E-08   8   8   9   5
 -4.49938308658679291256E-05   8   8   9   6
  1.30080835219800017288E-01   8   8   9   7
  4.54672872786158141799E-07   8   8   9   8
  5.09121984857496268084E-01   8   8   9   9
  9.03796813241847674797E-04   8   8  10   1
  2.93930569786381851172E-03   8   8  10   2
  2.66787663489806634032E-02   8   8  10   3
  1.90427276073996433470E-02   8   8  10   4
  1.69630553468491591983E-04   8   8  10   5
 -3.96378009687023760699E-02   8   8  10   6
 -4.80421475635825471107E-05   8   8  10   7
  8.51103085828763122889E-04   8   8  10   8
 -7.56161399269232814774E-05   8   8  10   9
  3.64083454336549205976E-01   8   8  10  10
  3.37463207817706177028E-05   8   8  11   1
 -3.98083262466288561156E-05   8   8  11   2
  9.12571618470138859469E-04   8   8  11   3
  3.43810255570071890245E-05   8   8  11   4
  2.23638230761371431532E-03   8   8  11   5
 -8.30884231877615899234E-04   8   8  11   6
 -9.37119640966141139610E-08   8   8  11   7
  8.56472327813060790858E-02   8   8  11   8
  7.91064003341436128668E-07   8   8  11   9
  7.13132320664767202327E-04   8   8  11  10
  3.98808474041369098728E-01   8   8  11  11
  3.37073595752659460958E-03   8   8  12   1
 -5.06953569571829808921E-03   8   8  12   2
  8.83261754575963564662E-02   8   8  12   3
  1.10428494358782592483E-02   8   8  12   4
 -6.75605798777353309774E-05   8   8  12   5
 -7.14330664671115611597E-02   8   8  12   6
 -1.76471707211112545854E-05   8   8  12   7
 -1.23708179786231019237E-03   8   8  12   8
  4.09069717311679478897E-05   8   8  12   9
  5.98524353095985922613E-02   8   8  12  10
  1.19244916147224697123E-03   8   8  12  11
  5.42549957076611466533E-01   8   8  12  12
  1.30959733722417923595E-05   9   1   1   1
  1.50345553494161879204E-09   9   1   2   1
 -1.58181041413879600384E-06   9   1   2   2
  2.25622069833859041621E-06   9   1   3   1
 -3.29057815504538402472E-08   9   1   3   2
 -1.51902502806572926096E-06   9   1   3   3
  1.21092218729801439321E-06   9   1   4   1
 -1.21017761826941761200E-07   9   1   4   2
 -8.82054355485202715686E-07   9   1   4   3
 -1.24667453719983606213E-07   9   1   4   4
 -4.87398582640551670936E-09   9   1   5   1
 -2.66999028183801280168E-10   9   1   5   2
  2.32767654387187762333E-09   9   1   5   3
  8.40096313538813311701E-10   9   1   5   4
 -3.61103826542172640213E-07   9   1   5   5
 -3.52198683183944913680E-06   9   1   6   1
  1.52738270932802895651E-07   9   1   6   2
  6.17059590572625676300E-06   9   1   6   3
  1.94230706925129534106E-06   9   1   6   4
 -5.78649199158131240373E-09   9   1   6   5
  3.26560004805465425298E-06   9   1   6   6
  1.33852053447614371268E-02   9   1   7   1
 -2.37027015019021514153E-04   9   1   7   2
 -1.73050608323473270600E-02   9   1   7   3
 -5.94035119647532555698E-03   9   1   7   4
  1.94413429736347144298E-05   9   1   7   5
 -5.67442790837078235577E-03   9   1   7   6
 -1.24838278194276470575E-06   9   1   7   7
  2.97187909706363844583E-08   9   1   8   1
 -2.22912150305458383568E-10   9   1   8   2
 -3.61463206898453119610E-08   9   1   8   3
 -1.39025093304061646184E-08   9   1   8   4
 -1.19757786498978470837E-08   9   1   8   5
 -1.52252636758974280391E-08   9   1   8   6
  3.02448440416278086187E-06   9   1   8   7
  3.59652855710730100731E-07   9   1   8   8
  1.44316776845856264283E-02   9   1   9   1
  2.74312771096320772921E-04   9   1   9   2
 -1.45840039784001368472E-02   9   1   9   3
 -7.88579693389789004865E-03   9   1   9   4
  2.28778939581383207479E-05   9   1   9   5
 -7.67950485541213194451E-03   9   1   9   6
  5.09646283264730754770E-07   9   1   9   7
  1.97242162909404433022E-06   9   1   9   8
 -1.67981294088195646228E-06   9   1   9   9
 -5.09296869412685623743E-06   9   1  10   1
 -3.36627339417628535395E-07   9   1  10   2
  4.55748736684560580551E-06   9   1  10   3
  2.86175366100183277261E-06   9   1  10   4
 -1.63082362108245272217E-08   9   1  10   5
  3.83731082693707315829E-06   9   1  10   6
 -1.19573988301603607518E-03   9   1  10   7
 -2.74027389058462090813E-09   9   1  10   8
 -2.53965939946153990148E-03   9   1  10   9
  2.40463698643230098931E-06   9   1  10  10
  8.71532568163764179562E-08   9   1  11   1
  4.11235088912790369226E-09   9   1  11   2
 -6.33440727029102758141E-08   9   1  11   3
 -3.91485109374513499670E-08   9   1  11   4
 -1.12566057896150099459E-06   9   1  11   5
 -3.67433817904191568716E-08   9   1  11   6
 -6.16517891310317564350E-05   9   1  11   7
  1.74865613894984115686E-08   9   1  11   8
 -6.28794848274767686656E-05   9   1  11   9
  2.90395786774254820706E-09   9   1  11  10
 -8.13401325923417802646E-07   9   1  11  11
  5.19987579596183337942E-06   9   1  12   1
  1.58526710350851059827E-07   9   1  12   2
 -3.22018806152541103545E-06   9   1  12   3
 -2.09242694151595431498E-06   9   1  12   4
  2.20124703996304189157E-08   9   1  12   5
 -9.28316494939297577240E-07   9   1  12   6
 -6.25341000123462702892E-03   9   1  12   7
 -1.56071818107342636911E-08   9   1  12   8
 -7.52319349645212687161E-03   9   1  12   9
  2.50875176432621521300E-06   9   1  12  10
 -4.52355245446274506953E-08   9   1  12  11
 -3.78070887727707504521E-06   9   1  12  12
  6.14415555337400612416E-06   9   2   1   1
 -1.82973217862596019311E-08   9   2   2   1
  1.61163231486039811155E-04   9   2   2   2
 -4.58215806494537608198E-08   9   2   3   1
 -9.81029019291011817087E-06   9   2   3   2
  9.85666663188915566265E-06   9   2   3   3
  5.12151761997412700803E-08   9   2   4   1
  1.67542642623374858765E-05   9   2   4   2
 -3.97888733037197168496E-06   9   2   4   3
  8.25918902600867219066E-06   9   2   4   4
 -5.51394487619217797628E-10   9   2   5   1
  2.43793612268554463963E-08   9   2   5   2
  1.02197518264247827841E-08   9   2   5   3
 -1.36188931673589237258E-08   9   2   5   4
  4.99891339428595726107E-06   9   2   5   5
  2.02697286599511877926E-07   9   2   6   1
  3.33597063296090646486E-06   9   2   6   2
 -1.97336708855758576777E-06   9   2   6   3
  6.78779748894738828578E-08   9   2   6   4
  1.88528571647584846229E-09   9   2   6   5
  5.05826304953741829251E-06   9   2   6   6
  2.08179892000540447961E-04   9   2   7   1
 -1.09582565636440806139E-02   9   2   7   2
 -8.75559026903299439382E-03   9   2   7   3
  9.67150505608493395171E-03   9   2   7   4
  7.19398025782092561900E-06   9   2   7   5
  1.84885503761306928608E-03   9   2   7   6
 -1.41363866559521902446E-06   9   2   7   7
  8.81234368672929320786E-10   9   2   8   1
 -2.44773977191062450466E-08   9   2   8   2
 -1.62873375074457063851E-08   9   2   8   3
  8.81911766508522636480E-09   9   2   8   4
 -4.32453634744769691595E-07   9   2   8   5
  5.61108602045369156769E-09   9   2   8   6
 -3.51347132513943386883E-06   9   2   8   7
  4.68566613231230808890E-06   9   2   8   8
  2.74312771096320664500E-04   9   2   9   1
  1.37848182029453574654E-02   9   2   9   2
  5.32095631763570588169E-03   9   2   9   3
 -1.27479076246412737633E-02   9   2   9   4
 -1.10479710057337580633E-05   9   2   9   5
 -1.09032525293139941069E-03   9   2   9   6
  1.10262015717889174570E-05   9   2   9   7
  7.14304870800783603391E-06   9   2   9   8
 -1.19426836218737786538E-05   9   2   9   9
 -2.23091335591432066620E-07   9   2  10   1
  9.11534270221872327947E-06   9   2  10   2
 -7.59836030181303542709E-06   9   2  10   3
  1.29431108616231681929E-05   9   2  10   4
  1.04497495697411993532E-08   9   2  10   5
  7.39636283223167122763E-07   9   2  10   6
  1.06127089857702191361E-02   9   2  10   7
  1.60975465420914087153E-08   9   2  10   8
 -1.33856924724585994030E-02   9   2  10   9
  2.63108433577910671367E-05   9   2  10  10
 -9.75752098757287598986E-10   9   2  11   1
 -3.99370105650701568449E-08   9   2  11   2
  3.68325685475516482383E-08   9   2  11   3
 -3.22917218993366586533E-08   9   2  11   4
  3.37344881395761691443E-07   9   2  11   5
 -1.35493128514151082287E-08   9   2  11   6
 -3.42636673918332994066E-05   9   2  11   7
  1.05676065093581427865E-07   9   2  11   8
  4.05533741309114823350E-05   9   2  11   9
 -6.51821591888032091837E-08   9   2  11  10
  3.93128578744042511423E-06   9   2  11  11
 -2.05779558561884829552E-07   9   2  12   1
  2.59117573779697778691E-06   9   2  12   2
 -2.59951261643334446638E-06   9   2  12   3
  5.78251306248191628429E-06   9   2  12   4
 -4.99230167316279870332E-09   9   2  12   5
 -1.74075934707822951968E-07   9   2  12   6
  4.69195012784092736757E-03   9   2  12   7
  1.58122146854135795719E-09   9   2  12   8
 -5.77105198788264300847E-03   9   2  12   9
  1.01162700176569655313E-05   9   2  12  10
 -3.36596803681163851746E-08   9   2  12  11
  8.18573463406772059477E-06   9   2  12  12
  3.22811506948336645012E-05   9   3   1   1
  6.32828737015737270508E-09   9   3   2   1
 -2.35134960474907759827E-05   9   3   2   2
 -5.82812605643388719110E-08   9   3   3   1
  1.86850376556811323808E-06   9   3   3   2
  2.17901472023876724567E-05   9   3   3   3
 -1.28615996456050721706E-07   9   3   4   1
 -2.24093741122355304447E-06   9   3   4   2
  6.15012856760402487703E-06   9   3   4   3
  7.61555999918717208469E-06   9   3   4   4
  5.39480000281882868494E-10   9   3   5   1
  3.00179756072192064137E-09   9   3   5   2
 -1.63179534275177121120E-09   9   3   5   3
 -3.58966060667648249131E-08   9   3   5   4
  5.66255310974663143283E-06   9   3   5   5
  5.11319590914843140946E-06   9   3   6   1
 -5.82831277390663597850E-08   9   3   6   2
 -1.75006814396435655859E-05   9   3   6   3
 -4.75005674511589164012E-06   9   3   6   4
  1.04460013869430501331E-09   9   3   6   5
  1.58675415916823603276E-06   9   3   6   6
 -1.38973151783186536085E-02   9   3   7   1
 -4.24491806262463234473E-03   9   3   7   2
  4.85514616606222554340E-02   9   3   7   3
  3.28209216486650412481E-02   9   3   7   4
 -5.77661308647437466671E-05   9   3   7   5
  2.09918487689980913513E-02   9   3   7   6
  2.16879716098860519980E-07   9   3   7   7
 -2.99672692173528589786E-08   9   3   8   1
 -5.94908010627897906118E-09   9   3   8   2
  9.56371484296399979439E-08   9   3   8   3
  6.57171691974166022276E-08   9   3   8   4
 -6.10795268962168450737E-06   9   3   8   5
  4.16724974717510432052E-08   9   3   8   6
 -1.77741735388362446569E-05   9   3   8   7
  1.50744440729911020622E-05   9   3   8   8
 -1.45840039784001351125E-02   9   3   9   1
  5.32095631763570761641E-03   9   3   9   2
  5.66408736137757398699E-02   9   3   9   3
  9.07356691032436442346E-03   9   3   9   4
 -8.16564633729405958164E-05   9   3   9   5
  2.27871645077207703178E-02   9   3   9   6
  2.70592403117027030383E-05   9   3   9   7
  4.97799397404903132773E-06   9   3   9   8
 -1.34679430345349236285E-05   9   3   9   9
  5.25491508530701625619E-06   9   3  10   1
 -6.20463322795829347718E-06   9   3  10   2
 -1.78547159572223026222E-05   9   3  10   3
 -4.80267273964326994794E-06   9   3  10   4
 -4.97254184079374576762E-08   9   3  10   5
 -1.22540522652721238121E-05   9   3  10   6
  1.66264583308810692808E-02   9   3  10   7
  1.50608760433079427739E-08   9   3  10   8
 -7.83398291980509121901E-03   9   3  10   9
  1.87862627217168073532E-05   9   3  10  10
 -7.82413518740577402374E-08   9   3  11   1
  2.89579789309493615079E-08   9   3  11   2
  3.19718408822773396526E-07   9   3  11   3
  1.55442873223595244529E-07   9   3  11   4
 -9.96597384260432554628E-06   9   3  11   5
 -7.34701022098830463585E-08   9   3  11   6
  1.75741533393187376226E-04   9   3  11   7
 -3.16367149863126786091E-06   9   3  11   8
  2.10577417480740312601E-04   9   3  11   9
 -1.16444886936905424172E-07   9   3  11  10
 -2.85221525458009945604E-06   9   3  11  11
 -4.26164407586117151061E-06   9   3  12   1
 -2.02258485638915068861E-06   9   3  12   2
  1.85023079841146620309E-05   9   3  12   3
  1.12054653778079912831E-05   9   3  12   4
  1.03005749611826051277E-07   9   3  12   5
 -9.89377763282005516239E-06   9   3  12   6
  2.73520279580705405476E-02   9   3  12   7
  8.03050545541898750651E-08   9   3  12   8
  1.35166850673206842548E-02   9   3  12   9
  4.50361602853792571799E-06   9   3  12  10
  1.44116768623723323291E-07   9   3  12  11
  1.40720702586877177172E-05   9   3  12  12
  2.52718568569415902108E-05   9   4   1   1
 -3.69932369235099455842E-08   9   4   2   1
  9.64274066742866839018E-05   9   4   2   2
  1.25698926876603597720E-07   9   4   3   1
 -4.07406705583871605258E-06   9   4   3   2
  1.94361259027504867285E-05   9   4   3   3
 -8.41461784256749138051E-08   9   4   4   1
  4.53042536995662787296E-06   9   4   4   2
  9.12983163512932065925E-06   9   4   4   3
 -1.90050359160910187655E-06   9   4   4   4
  1.90230742021807572982E-09   9   4   5   1
 -3.16627616521035753781E-09   9   4   5   2
 -1.28222560417087471859E-08   9   4   5   3
 -6.03809346908767343838E-08   9   4   5   4
  3.16537925321572894454E-06   9   4   5   5
  2.24670222284613533840E-06   9   4   6   1
  4.86689191910086717767E-07   9   4   6   2
 -1.85940545757903237284E-05   9   4   6   3
  8.47568114367221795401E-06   9   4   6   4
  4.30860806521064977002E-08   9   4   6   5
  1.20967165740664234051E-05   9   4   6   6
 -7.31890503944106728118E-03   9   4   7   1
  1.03672213215443478201E-02   9   4   7   2
  5.37244800284656584544E-02   9   4   7   3
 -2.17554797919912376591E-02   9   4   7   4
 -7.22179712136596693283E-05   9   4   7   5
  1.21595478413728877443E-02   9   4   7   6
  5.31193710939950757455E-05   9   4   7   7
 -1.72373536202676663739E-08   9   4   8   1
  1.68217450889340172979E-08   9   4   8   2
  9.52414207012001852171E-08   9   4   8   3
 -6.17555395328373210163E-08   9   4   8   4
 -1.62648482862344203248E-05   9   4   8   5
  4.33836208201299478902E-08   9   4   8   6
  2.71386278069386716906E-05   9   4   8   7
  1.06200860197039686307E-06   9   4   8   8
 -7.88579693389789351810E-03   9   4   9   1
 -1.27479076246412737633E-02   9   4   9   2
  9.07356691032436615818E-03   9   4   9   3
  5.65739941775884047637E-02   9   4   9   4
 -5.54629287259038294809E-06   9   4   9   5
  1.43183148163272093434E-02   9   4   9   6
 -4.28740071347949011009E-05   9   4   9   7
 -1.59635710159237499163E-05   9   4   9   8
  8.29828898924841909350E-05   9   4   9   9
  3.06043833528815192237E-06   9   4  10   1
  1.35328364228372603414E-05   9   4  10   2
  5.54004968669751101844E-07   9   4  10   3
  6.89531232117360023287E-06   9   4  10   4
  4.59106092865356756054E-07   9   4  10   5
 -2.32459569478368885311E-05   9   4  10   6
 -2.92318717707448876009E-02   9   4  10   7
  2.19145321183801405850E-07   9   4  10   8
  4.01014883004963129665E-02   9   4  10   9
 -6.40776822586627765920E-05   9   4  10  10
 -4.00100479432754287570E-08   9   4  11   1
 -2.97848804498934533140E-08   9   4  11   2
  7.46227288536100507838E-08   9   4  11   3
 -2.64948747138851048235E-07   9   4  11   4
  4.62340767969309613620E-05   9   4  11   5
  4.56785090558997255374E-07   9   4  11   6
  2.00942337242455222514E-04   9   4  11   7
  3.00807461677035863459E-05   9   4  11   8
 -1.04421321285453599773E-04   9   4  11   9
  2.55547060316755499139E-07   9   4  11  10
  1.12089249075517091779E-05   9   4  11  11
 -1.97994887959282464971E-06   9   4  12   1
  6.53554803472955022823E-06   9   4  12   2
  5.07461137424018259560E-06   9   4  12   3
 -1.79577892526865767568E-05   9   4  12   4
 -6.44170371032901617996E-07   9   4  12   5
  2.24266469657917019340E-05   9   4  12   6
 -3.33573138857033799770E-03   9   4  12   7
 -3.54923542597142864007E-07   9   4  12   8
  1.89533662256385730671E-02   9   4  12   9
 -1.85231012422825513486E-05   9   4  12  10
  5.24597263333506143758E-07   9   4  12  11
  4.44546170289108940601E-05   9   4  12  12
  3.34001717075633604516E-08   9   5   1   1
 -7.46463397556560839538E-11   9   5   2   1
  3.40427152543001724231E-07   9   5   2   2
 -1.79814367973909008235E-09   9   5   3   1
 -7.64436613143910656563E-09   9   5   3   2
  1.03963084338569434816E-07   9   5   3   3
  1.37490751389535732088E-09   9   5   4   1
  9.40697470321272119483E-09   9   5   4   2
 -3.09318041900701359067E-08   9   5   4   3
  1.23885786193041991334E-08   9   5   4   4
 -2.73159493386532215354E-07   9   5   5   1
 -2.24285603817934581499E-06   9   5   5   2
  3.84197727271948455559E-06   9   5   5   3
 -1.50137225476973229217E-05   9   5   5   4
  6.79602259455528879016E-08   9   5   5   5
 -4.49327992853698334802E-09   9   5   6   1
 -4.21674272811220346438E-09   9   5   6   2
 -1.78404102258302611258E-08   9   5   6   3
  4.25197287410029764739E-08   9   5   6   4
  8.91462352421016533894E-06   9   5   6   5
  9.79835227513285066803E-08   9   5   6   6
  2.13722009631117061885E-05   9   5   7   1
  8.37435678565165470433E-06   9   5   7   2
 -7.72576699823987521430E-05   9   5   7   3
 -7.71279410919879299590E-05   9   5   7   4
 -3.98795816413087013397E-03   9   5   7   5
 -4.56503963981808930832E-05   9   5   7   6
  1.53991378152390134646E-07   9   5   7   7
  5.12464374849691580803E-07   9   5   8   1
 -7.84436903799747323627E-07   9   5   8   2
 -4.76388642203098268020E-07   9   5   8   3
 -1.55370449386488143455E-05   9   5   8   4
 -7.81299933679884842102E-09   9   5   8   5
  1.02017744639143446441E-05   9   5   8   6
 -1.23365073376015405016E-02   9   5   8   7
  2.31967550840643313011E-08   9   5   8   8
  2.28778939581386561730E-05   9   5   9   1
 -1.10479710057346728588E-05   9   5   9   2
 -8.16564633729390101707E-05   9   5   9   3
 -5.54629287258902091911E-06   9   5   9   4
  1.50066091391973365637E-02   9   5   9   5
 -3.68663364915615930639E-05   9   5   9   6
 -9.17019590428710833866E-08   9   5   9   7
 -4.16534254127055077882E-03   9   5   9   8
  1.76238114564695064299E-07   9   5   9   9
 -8.73434231498880279216E-09   9   5  10   1
 -1.24443340773743365773E-08   9   5  10   2
 -2.93322740502692403894E-08   9   5  10   3
  3.26125756023806846766E-07   9   5  10   4
  1.85557026165843809732E-05   9   5  10   5
 -7.42435032398462033975E-08   9   5  10   6
 -1.18239830712904542666E-04   9   5  10   7
  2.16476451597797066100E-05   9   5  10   8
  8.55198548479926102346E-05   9   5  10   9
 -5.63766439818528830980E-07   9   5  10  10
  1.17471614651729249266E-07   9   5  11   1
 -4.02105930003020824967E-06   9   5  11   2
 -6.49391470781964824140E-06   9   5  11   3
  2.54572699211354649496E-05   9   5  11   4
 -6.06753736959939980736E-08   9   5  11   5
 -7.47874358686667182626E-06   9   5  11   6
 -1.08011497523128070092E-02   9   5  11   7
 -2.47841406268038751357E-07   9   5  11   8
  7.19718307170070722978E-03   9   5  11   9
 -2.98086210513802819626E-05   9   5  11  10
  7.70387716003013086371E-07   9   5  11  11
  5.35853784494188332554E-10   9   5  12   1
  5.66905691016311814740E-08   9   5  12   2
  3.61299197095797531864E-08   9   5  12   3
 -3.42487062665476439234E-07   9   5  12   4
 -2.84816739555987701859E-06   9   5  12   5
  1.41795361624582447525E-07   9   5  12   6
  1.19379766365221713338E-04   9   5  12   7
 -7.39692759336339142735E-06   9   5  12   8
 -1.07849281775940244424E-04   9   5  12   9
  4.49467475180174244151E-07   9   5  12  10
  7.04509568857007956682E-06   9   5  12  11
 -3.40514275352418188336E-08   9   5  12  12
 -1.25434309874319433386E-04   9   6   1   1
  3.47866708110523878460E-09   9   6   2   1
  2.50496579860119083464E-05   9   6   2   2
 -1.91405393197460699733E-06   9   6   3   1
 -3.36033018065386828695E-07   9   6   3   2
 -5.28710361721419579671E-05   9   6   3   3
 -1.03353110290666839930E-06   9   6   4   1
  1.29075532641211258884E-06   9   6   4   2
 -2.29441652236513795693E-05   9   6   4   3
  6.96015925826691711948E-06   9   6   4   4
  3.01715461103434358156E-09   9   6   5   1
 -1.01325529161729147944E-08   9   6   5   2
  2.31637304495002629030E-08   9   6   5   3
  1.56029745213730158963E-07   9   6   5   4
  1.20662934070339472843E-06   9   6   5   5
  1.42823167922224913761E-06   9   6   6   1
 -7.75119616985683034298E-07   9   6   6   2
 -2.07467504862718123409E-05   9   6   6   3
 -3.21390896260795666333E-05   9   6   6   4
  5.63649764920019538572E-08   9   6   6   5
 -6.06396345999083685708E-05   9   6   6   6
 -7.12072307424585146385E-03   9   6   7   1
  1.02299383182126815174E-03   9   6   7   2
  3.19131483359219314533E-02   9   6   7   3
  1.60985850317102649476E-02   9   6   7   4
 -4.69181577116852102692E-05   9   6   7   5
  1.79855880980887387899E-02   9   6   7   6
 -2.56362377132481232479E-05   9   6   7   7
 -1.44100126109010149625E-08   9   6   8   1
 -3.41677663603590047574E-09   9   6   8   2
  8.87066531523548766080E-08   9   6   8   3
  1.61297337408924666722E-08   9   6   8   4
  4.24535963698998423292E-05   9   6   8   5
  1.07433756854800142778E-07   9   6   8   6
 -3.09572868565541033450E-05   9   6   8   7
 -4.49938308658638769200E-05   9   6   8   8
 -7.67950485541213628132E-03   9   6   9   1
 -1.09032525293140114542E-03   9   6   9   2
  2.27871645077207564400E-02   9   6   9   3
  1.43183148163272214864E-02   9   6   9   4
 -3.68663364915609154376E-05   9   6   9   5
  3.07790968495497384294E-02   9   6   9   6
 -4.95907363857256357383E-05   9   6   9   7
 -5.70140698228465672617E-06   9   6   9   8
 -2.86770075386317638299E-05   9   6   9   9
  2.66292169473654351033E-06   9   6  10   1
  2.31350646171408773325E-06   9   6  10   2
 -1.52128846319539389983E-05   9   6  10   3
 -1.31471581265219451178E-05   9   6  10   4
  1.18793639231631848834E-09   9   6  10   5
  3.99825401707556875102E-06   9   6  10   6
 -9.27172517131282869843E-04   9   6  10   7
 -2.21490107861168866143E-07   9   6  10   8
 -8.12767331847179231273E-04   9   6  10   9
  2.16454933003238481721E-05   9   6  10  10
 -4.71595169825351484180E-08   9   6  11   1
 -5.79391310152830276519E-08   9   6  11   2
 -2.01759121205705381534E-07   9   6  11   3
  2.13116023741321691642E-07   9   6  11   4
  3.33433609639348032560E-06   9   6  11   5
  4.64951794181911959367E-07   9   6  11   6
 -1.07277714362280900411E-04   9   6  11   7
 -2.35095193928063973972E-05   9   6  11   8
  1.11568598969155103771E-04   9   6  11   9
 -1.28740428417303927836E-07   9   6  11  10
  2.32976120828191290643E-05   9   6  11  11
 -2.89281071937897407001E-06   9   6  12   1
 -1.79008616637406523362E-06   9   6  12   2
 -2.39037886307862559973E-05   9   6  12   3
  9.95723832526251429311E-06   9   6  12   4
 -4.62423959933813427093E-08   9   6  12   5
  3.57777293019661011891E-05   9   6  12   6
 -6.79194265221845332181E-03   9   6  12   7
  3.10148935432800281503E-07   9   6  12   8
  9.16030312939590876664E-03   9   6  12   9
 -1.81160477621170702212E-05   9   6  12  10
 -5.05886985757520630345E-07   9   6  12  11
 -2.97142775498854899653E-05   9   6  12  12
  3.70865921398105868878E-01   9   7   1   1
  2.97300196540227211245E-05   9   7   2   1
 -2.25995027763466999060E-01   9   7   2   2
  6.48160432533684965906E-03   9   7   3   1
  4.67219996496807087050E-03   9   7   3   2
  1.31787912433273257662E-01   9   7   3   3
  1.78234227036536455567E-03   9   7   4   1
 -1.93553527035195236002E-03   9   7   4   2
  8.85100643332557834864E-02   9   7   4   3
 -6.64848196664660218147E-02   9   7   4   4
 -1.97596049017108228265E-06   9   7   5   1
  1.09042065132744284535E-05   9   7   5   2
 -1.79694537253881347905E-04   9   7   5   3
 -4.04178289772535710798E-04   9   7   5   4
 -2.70912139590337892880E-02   9   7   5   5
 -6.58645313084952189857E-04   9   7   6   1
 -4.43882864667046513757E-03   9   7   6   2
  5.77269954150670255855E-02   9   7   6   3
  1.02582223715661488561E-01   9   7   6   4
 -1.79057902348468911619E-04   9   7   6   5
  1.23118173500469899051E-01   9   7   6   6
 -1.03470699971809515527E-06   9   7   7   1
 -9.06780146758673649568E-06   9   7   7   2
 -2.29492922469972625559E-05   9   7   7   3
  6.69322928016151093636E-05   9   7   7   4
  2.27328879643082284371E-07   9   7   7   5
  2.22503555414013013487E-05   9   7   7   6
  7.01680515091957918150E-02   9   7   7   7
 -7.25838590554493255403E-06   9   7   8   1
 -2.05045974518464013965E-06   9   7   8   2
 -7.22254997421159554644E-05   9   7   8   3
  1.84200456596809682879E-04   9   7   8   4
 -1.26445590707185279156E-01   9   7   8   5
 -2.32996370965197271020E-04   9   7   8   6
 -1.97793506642043733413E-07   9   7   8   7
  1.30080835219799906266E-01   9   7   8   8
  5.09646283264025493962E-07   9   7   9   1
  1.10262015717896171062E-05   9   7   9   2
  2.70592403116659655253E-05   9   7   9   3
 -4.28740071347968594410E-05   9   7   9   4
 -9.17019590303052834396E-08   9   7   9   5
 -4.95907363857070958811E-05   9   7   9   6
  2.05197932489140699719E-01   9   7   9   7
  4.34084455792370622853E-07   9   7   9   8
  3.56899442216744508527E-02   9   7   9   9
  1.78829781358570065290E-03   9   7  10   1
 -9.20206634960049184996E-04   9   7  10   2
  3.75460156271284484220E-02   9   7  10   3
 -4.73038998075637415197E-02   9   7  10   4
 -4.28642164729646339433E-04   9   7  10   5
 -2.30949806021017549351E-02   9   7  10   6
 -6.38138693992955911187E-05   9   7  10   7
  4.60931205516399941126E-04   9   7  10   8
 -7.72286278755091260212E-05   9   7  10   9
 -9.90102145708403602598E-02   9   7  10  10
  5.42857914675334181907E-05   9   7  11   1
 -5.72362461738226246510E-05   9   7  11   2
  6.81025206754150942354E-04   9   7  11   3
  5.02050906565555893693E-04   9   7  11   4
 -5.47488191700491802494E-02   9   7  11   5
 -1.40915984150050805322E-03   9   7  11   6
  6.76571311901071105287E-09   9   7  11   7
  4.35450476167533323535E-02   9   7  11   8
  8.70862241779494702853E-07   9   7  11   9
  7.03872450677714249501E-04   9   7  11  10
 -8.81790670202154958091E-02   9   7  11  11
  5.88172579747074392859E-03   9   7  12   1
 -6.66982995293085700189E-03   9   7  12   2
  8.65864134591816658748E-02   9   7  12   3
  9.22780841854351115139E-03   9   7  12   4
  7.96625896129593514747E-04   9   7  12   5
 -1.11168539980564667902E-01   9   7  12   6
 -1.30223755083815507795E-05   9   7  12   7
 -6.47657234363700263537E-04   9   7  12   8
  3.83363241412792814244E-05   9   7  12   9
  5.26992319809161044453E-02   9   7  12  10
  9.83945184327834638377E-04   9   7  12  11
  2.42082733686665579897E-02   9   7  12  12
  8.99048113333516606845E-07   9   8   1   1
  1.11906206084669133272E-10   9   8   2   1
 -4.02599346997735912875E-07   9   8   2   2
  1.45248495470496885055E-08   9   8   3   1
  1.28610564181139599831E-08   9   8   3   2
  3.86974718878278978922E-07   9   8   3   3
  3.79744365831145040529E-09   9   8   4   1
 -1.25279830289160580251E-09   9   8   4   2
  1.81322392639899437416E-07   9   8   4   3
 -1.46119563579079808890E-07   9   8   4   4
  2.41152665239886974724E-07   9   8   5   1
 -2.32137397268324625879E-07   9   8   5   2
  3.14808797591047834298E-06   9   8   5   3
 -2.04865119366662561682E-05   9   8   5   4
 -1.97127544698711129016E-08   9   8   5   5
 -9.62176217800546184986E-10   9   8   6   1
 -1.52169397193903862671E-08   9   8   6   2
  1.23338945391133983040E-07   9   8   6   3
  2.49013254432912162774E-07   9   8   6   4
  1.26730944170488443886E-05   9   8   6   5
  3.53094195212335719172E-07   9   8   6   6
  1.99568051874815208143E-06   9   8   7   1
 -5.94989272962953667383E-06   9   8   7   2
 -2.96853538144735532066E-05   9   8   7   3
  3.74909913430520631969E-05   9   8   7   4
 -1.44235594005831021386E-02   9   8   7   5
 -3.05995223544092213560E-05   9   8   7   6
  1.40380592837911931534E-07   9   8   7   7
 -4.22204985594014345513E-07   9   8   8   1
 -4.94636607174804321350E-08   9   8   8   2
  4.11164297818096053554E-06   9   8   8   3
 -1.47338759601627994301E-05   9   8   8   4
 -3.18915925418981658757E-07   9   8   8   5
  2.22812712954978234709E-06   9   8   8   6
  1.57833205252195206414E-02   9   8   8   7
  4.54672872721390085125E-07   9   8   8   8
  1.97242162909461988911E-06   9   8   9   1
  7.14304870800810284929E-06   9   8   9   2
  4.97799397405034338177E-06   9   8   9   3
 -1.59635710159275344595E-05   9   8   9   4
 -4.16534254127054557465E-03   9   8   9   5
 -5.70140698229098321525E-06   9   8   9   6
  4.34084455798336752356E-07   9   8   9   7
  1.90652896318990010271E-02   9   8   9   8
  1.24138310121336367042E-07   9   8   9   9
  2.01201497102257843239E-09   9   8  10   1
 -7.38734719261300671397E-09   9   8  10   2
  5.78456395315361846155E-08   9   8  10   3
  1.00831740958339742656E-07   9   8  10   4
  2.14593789625332551215E-05   9   8  10   5
 -1.39758271643239391218E-07   9   8  10   6
  2.92571246310548164690E-05   9   8  10   7
  1.20749021745393218124E-05   9   8  10   8
  4.72805667503931859020E-05   9   8  10   9
 -7.58525931415583335127E-07   9   8  10  10
 -1.05731682326797243588E-07   9   8  11   1
 -5.80948967329748426577E-07   9   8  11   2
 -2.99296922533129410740E-06   9   8  11   3
  1.84970496614446776209E-05   9   8  11   4
 -3.68754699646311724018E-07   9   8  11   5
 -9.94789278056663088458E-06   9   8  11   6
  6.93506131993415746856E-04   9   8  11   7
 -2.77184546301250805750E-08   9   8  11   8
  8.81366448911163891111E-03   9   8  11   9
 -3.31028744853158755001E-05   9   8  11  10
  5.25732716480825017729E-07   9   8  11  11
  1.45419241684751106715E-08   9   8  12   1
 -1.98752123708581945865E-08   9   8  12   2
  2.12758841172559787176E-07   9   8  12   3
 -1.71976944227590275910E-07   9   8  12   4
 -7.82220246200753443946E-06   9   8  12   5
 -1.33969999479910733699E-07   9   8  12   6
 -1.32993014830641342248E-05   9   8  12   7
  4.53159649998562760708E-07   9   8  12   8
 -1.18109106470817287336E-04   9   8  12   9
  6.27776432930979737085E-07   9   8  12  10
  5.72736794622604258068E-06   9   8  12  11
 -2.91495868538942483194E-08   9   8  12  12
  7.45716075130285815931E-01   9   9   1   1
  9.67421390845123531398E-06   9   9   2   1
  6.64437543393457397123E-01   9   9   2   2
  5.75119990254484205611E-03   9   9   3   1
 -2.57185700596327445483E-03   9   9   3   2
  5.80228669227039972611E-01   9   9   3   3
  3.09495415327487024756E-03   9   9   4   1
  5.92325545830520942131E-03   9   9   4   2
  2.14968221904881864881E-02   9   9   4   3
  4.54847096354522306694E-01   9   9   4   4
 -1.16609802590433811085E-05   9   9   5   1
  1.17060129725840947232E-05   9   9   5   2
  5.84572462141278800530E-06   9   9   5   3
 -1.74996001602174220410E-04   9   9   5   4
  4.61361696090194894904E-01   9   9   5   5
  4.38138613541105923638E-03   9   9   6   1
 -1.11076649547180573811E-03   9   9   6   2
 -2.45108078868176704201E-02   9   9   6   3
  4.61394884796244991731E-02   9   9   6   4
 -3.75657180789509730968E-05   9   9   6   5
  5.36331080722054043264E-01   9   9   6   6
 -7.66647854831340864674E-07   9   9   7   1
  1.04766066413512658797E-05   9   9   7   2
  2.17834815941253352929E-05   9   9   7   3
 -1.99697823676102871225E-05   9   9   7   4
  6.49370459083384776858E-08   9   9   7   5
 -1.14526227642998016325E-05   9   9   7   6
  5.75212341677400651463E-01   9   9   7   7
  3.01661692351942657442E-06   9   9   8   1
 -2.97353338749072311449E-06   9   9   8   2
 -1.12447632561209293826E-04   9   9   8   3
  2.70180288369197849432E-05   9   9   8   4
 -7.11245814886042326819E-02   9   9   8   5
 -7.21103892096000678768E-05   9   9   8   6
  1.23634604442185107395E-07   9   9   8   7
  5.09121984857496157062E-01   9   9   8   8
 -1.67981294088231179260E-06   9   9   9   1
 -1.19426836218759301175E-05   9   9   9   2
 -1.34679430345997216490E-05   9   9   9   3
  8.29828898924810738538E-05   9   9   9   4
  1.76238114588607730843E-07   9   9   9   5
 -2.86770075386422094402E-05   9   9   9   6
  3.56899442216746173862E-02   9   9   9   7
  1.24138310118764695605E-07   9   9   9   8
  5.83766833673884488753E-01   9   9   9   9
  5.60618137277449734407E-05   9   9  10   1
  5.69361100536703874236E-03   9   9  10   2
 -4.02074726679743556929E-03   9   9  10   3
  8.75527815496594113975E-02   9   9  10   4
  6.82604186531106057502E-04   9   9  10   5
 -4.34492739869022717714E-02   9   9  10   6
 -4.20310726729931230321E-05   9   9  10   7
  5.89290823374894541693E-04   9   9  10   8
 -4.76021847084475482068E-05   9   9  10   9
  4.17994943446668154596E-01   9   9  10  10
  5.46426783005672147138E-06   9   9  11   1
 -5.36480754926573443191E-05   9   9  11   2
  5.92228764296511911783E-04   9   9  11   3
 -6.55512218711719655238E-04   9   9  11   4
  7.19224064451347289140E-02   9   9  11   5
  2.65961145006885131287E-04   9   9  11   6
  7.43517226259426527182E-09   9   9  11   7
  7.59910132395640314229E-02   9   9  11   8
  7.54177047742000626065E-07   9   9  11   9
  6.81357993521123066899E-04   9   9  11  10
  4.49241096420888053053E-01   9   9  11  11
  6.01769203999666922079E-04   9   9  12   1
 -1.44793767731890587504E-03   9   9  12   2
  3.74535301179304003227E-02   9   9  12   3
  4.00180252897127265027E-03   9   9  12   4
 -9.72415593523546302641E-04   9   9  12   5
 -2.15699237248723283550E-03   9   9  12   6
 -1.29533331557186780447E-05   9   9  12   7
 -1.00028334622121448973E-03   9   9  12   8
  4.49601646598992238054E-05   9   9  12   9
  4.30854283622649492091E-02   9   9  12  10
  1.13811700871449539285E-03   9   9  12  11
  5.78658912678021275511E-01   9   9  12  12
  5.48239179828640538217E-02  10   1   1   1
 -9.29836280970520984808E-06  10   1   2   1
 -2.84882214978681314738E-03  10   1   2   2
  8.51886622179279413836E-03  10   1   3   1
 -5.69948454630211432705E-05  10   1   3   2
 -2.42370030782585203430E-03  10   1   3   3
  2.12090919338508987479E-03  10   1   4   1
 -7.95187433267722387385E-05  10   1   4   2
  1.96681284651877615749E-03  10   1   4   3
  5.49755850939174887937E-04  10   1   4   4
 -3.21426453569436846409E-05  10   1   5   1
  4.17498768541558883234E-07  10   1   5   2
  2.83104921207100122794E-05  10   1   5   3
  3.37293788975260957057E-06  10   1   5   4
 -1.09856600407528528715E-03  10   1   5   5
 -1.65517780100129423618E-03  10   1   6   1
  1.12031482608120064445E-04  10   1   6   2
  6.35443839852907563920E-03  10   1   6   3
  3.52585146116469105512E-03  10   1   6   4
 -6.51647581518020205979E-07  10   1   6   5
  4.51053900798642232878E-03  10   1   6   6
 -6.97295396089704669443E-06  10   1   7   1
  1.75614747296151500924E-07  10   1   7   2
  8.79675233382073171271E-06  10   1   7   3
  3.17676290103125531799E-06  10   1   7   4
 -8.98255116066179904572E-09  10   1   7   5
  3.44765256386894740147E-06  10   1   7   6
 -6.31803328577209720104E-04  10   1   7   7
  5.12203060673123645096E-05  10   1   8   1
  3.63364965035406563207E-07  10   1   8   2
 -5.84310134934705384824E-05  10   1   8   3
 -2.68122474033289569196E-05  10   1   8   4
 -8.51172602942589276963E-04  10   1   8   5
 -2.87857531215079057846E-05  10   1   8   6
 -5.14053031110307033432E-09  10   1   8   7
  9.03796813241848108478E-04  10   1   8   8
 -5.09296869412444727572E-06  10   1   9   1
 -2.23091335591647504156E-07  10   1   9   2
  5.25491508530900170142E-06  10   1   9   3
  3.06043833528985022343E-06  10   1   9   4
 -8.73434231568857277496E-09  10   1   9   5
  2.66292169473370679699E-06  10   1   9   6
  1.78829781358570629075E-03  10   1   9   7
  2.01201497130759633374E-09  10   1   9   8
  5.60618137277653225603E-05  10   1   9   9
  2.75607573457438458434E-03  10   1  10   1
 -9.41675390836495680410E-05  10   1  10   2
 -1.21154476384967356266E-03  10   1  10   3
 -9.18857952052648443292E-04  10   1  10   4
 -2.80476870062459043262E-06  10   1  10   5
 -4.37099424807073074026E-04  10   1  10   6
 -6.09496659407038826129E-07  10   1  10   7
 -9.50162509695740556294E-07  10   1  10   8
  7.29100654055918548233E-07  10   1  10   9
 -1.30280922851715532697E-03  10   1  10  10
  1.04152741116955634701E-04  10   1  11   1
  3.74733995684695437461E-06  10   1  11   2
 -4.66666539085433648877E-05  10   1  11   3
 -2.40915180907022401235E-05  10   1  11   4
 -1.10392903268326865625E-03  10   1  11   5
 -3.33527222616272645147E-05  10   1  11   6
  3.38629349367360018694E-08  10   1  11   7
  6.10171985771870446086E-04  10   1  11   8
  2.40619453554735854180E-08  10   1  11   9
 -1.45935634250018432637E-05  10   1  11  10
 -1.40378147823265941527E-03  10   1  11  11
  9.16567260010169894413E-03  10   1  12   1
  1.81555206455338114880E-04  10   1  12   2
 -3.15022341193487527208E-03  10   1  12   3
 -1.71302903417172710729E-03  10   1  12   4
  3.07608363656148637482E-05  10   1  12   5
 -1.65461249181730928395E-03  10   1  12   6
  2.85979873841951127820E-06  10   1  12   7
 -3.56293465243488549155E-05  10   1  12   8
  3.08258198130027286055E-06  10   1  12   9
 -7.62867376775601901094E-04  10   1  12  10
 -2.76884877791095907428E-05  10   1  12  11
 -3.48560980432192002096E-03  10   1  12  12
  5.96394800040787442102E-03  10   2   1   1
 -5.61885812418105396121E-05  10   2   2   1
  2.74658331503689401298E-01  10   2   2   2
 -4.18474428173576528550E-05  10   2   3   1
 -1.84552194375199249410E-02  10   2   3   2
  1.04210405202127490837E-02  10   2   3   3
  3.67591081009352856025E-05  10   2   4   1
  3.30417414868073022749E-02  10   2   4   2
 -2.43345559014023805899E-03  10   2   4   3
  1.84414047869331998095E-03  10   2   4   4
 -1.52115203422155163732E-06  10   2   5   1
  1.24022798216543751748E-04  10   2   5   2
  8.13610380343021439165E-05  10   2   5   3
 -1.29461556459213572969E-04  10   2   5   4
  3.33776047421805062421E-03  10   2   5   5
  2.16912650305797234792E-04  10   2   6   1
  1.68517010517118008203E-03  10   2   6   2
 -5.41089799076984682286E-03  10   2   6   3
  4.53187223010023156056E-03  10   2   6   4
  5.54205093279063002045E-06  10   2   6   5
  6.27816589429699024177E-03  10   2   6   6
 -1.55513651953286431088E-07  10   2   7   1
 -8.97525254481506155640E-07  10   2   7   2
  8.65876388971453389771E-06  10   2   7   3
 -8.33367907448707151831E-06  10   2   7   4
  3.00021369663873042957E-08  10   2   7   5
 -3.20823090072243981185E-06  10   2   7   6
  5.94048894081330557809E-03  10   2   7   7
  3.00822106241883345455E-06  10   2   8   1
  1.44870204641317120022E-05  10   2   8   2
 -7.73090691838313234091E-06  10   2   8   3
 -6.31242029596476919573E-05  10   2   8   4
 -2.31963460548880069656E-03  10   2   8   5
  1.56818022369527964438E-05  10   2   8   6
  1.91174580886643802522E-08  10   2   8   7
  2.93930569786380506761E-03  10   2   8   8
 -3.36627339417827323440E-07  10   2   9   1
  9.11534270221947713880E-06  10   2   9   2
 -6.20463322796033567362E-06  10   2   9   3
  1.35328364228217240631E-05  10   2   9   4
 -1.24443340687271310743E-08  10   2   9   5
  2.31350646170637168662E-06  10   2   9   6
 -9.20206634960050811299E-04  10   2   9   7
 -7.38734719028184713885E-09  10   2   9   8
  5.69361100536696675134E-03  10   2   9   9
 -9.41675390836490665974E-05  10   2  10   1
  3.81075353375907865949E-02  10   2  10   2
 -3.05461190874933277359E-03  10   2  10   3
  4.39250930869526309830E-03  10   2  10   4
  9.70719645419595434635E-06  10   2  10   5
  1.50522071068532681606E-03  10   2  10   6
 -8.29665846131413963383E-06  10   2  10   7
  2.10012420769286940628E-05  10   2  10   8
  9.59141646559280626754E-06  10   2  10   9
  3.55042779485087922273E-03  10   2  10  10
 -1.07960623208075099318E-06  10   2  11   1
 -7.42827675355465583606E-05  10   2  11   2
  4.93133732879558916344E-05  10   2  11   3
 -4.79600828778698991869E-05  10   2  11   4
  5.65824546103710617623E-03  10   2  11   5
 -9.82098494878159510143E-06  10   2  11   6
  4.07599112498605684816E-08  10   2  11   7
  2.69163353084431698770E-03  10   2  11   8
 -6.30229405900222022122E-08  10   2  11   9
 -3.17833081820171139704E-05  10   2  11  10
  8.00463239039643677242E-03  10   2  11  11
 -2.48704405241698524396E-04  10   2  12   1
  6.28317231841791969810E-03  10   2  12   2
 -4.55913449600968932740E-03  10   2  12   3
  5.57390462140916649603E-03  10   2  12   4
 -1.24909295362233104454E-04  10   2  12   5
  3.73349352798731971836E-03  10   2  12   6
 -6.70447712015183822028E-06  10   2  12   7
 -5.43909008417333751130E-05  10   2  12   8
  9.63269536753988602840E-06  10   2  12   9
  6.18830639116428778135E-03  10   2  12  10
 -7.49840073529297468239E-05  10   2  12  11
  1.32977226939578838799E-02  10   2  12  12
  8.00045796534489955798E-02  10   3   1   1
  1.07088713807272311695E-05  10   3   2   1
 -7.83176715940790135750E-02  10   3   2   2
  1.02315428482246994005E-03  10   3   3   1
  2.69177722537757100479E-03  10   3   3   2
  3.07305978334623947079E-02  10   3   3   3
  2.01255472634703867080E-03  10   3   4   1
 -2.94937561718669862335E-03  10   3   4   2
  1.41465527814912395144E-02  10   3   4   3
 -1.57477514386343761532E-02  10   3   4   4
  1.36796763162393508973E-05  10   3   5   1
  4.18802141402687552415E-05  10   3   5   2
  3.43128615316863093475E-05  10   3   5   3
 -2.22954942069858083869E-04  10   3   5   4
 -3.43847645237009428079E-03  10   3   5   5
  5.25082589989894679000E-03  10   3   6   1
 -1.35783237674540441069E-03  10   3   6   2
 -5.00422957139661384734E-03  10   3   6   3
  7.68280483689899595934E-03  10   3   6   4
 -8.28968426648683446136E-05  10   3   6   5
  9.69407120108179906626E-03  10   3   6   6
  6.22317557692066160687E-06  10   3   7   1
  5.68669173351779684095E-06  10   3   7   2
 -1.21438493802906285134E-05  10   3   7   3
 -1.41392940668631212324E-05  10   3   7   4
  9.13699013627302809160E-08  10   3   7   5
 -9.49731424057975391324E-06  10   3   7   6
  5.04400844143304723233E-03  10   3   7   7
 -4.12498010199140109806E-05  10   3   8   1
  1.34955803613003488052E-05  10   3   8   2
  1.07659853700569011349E-04  10   3   8   3
  3.54271848101950589558E-05  10   3   8   4
 -2.12519928335837202105E-02  10   3   8   5
  4.80874192264758019326E-05  10   3   8   6
 -2.15858037116837317537E-08  10   3   8   7
  2.66787663489806078920E-02  10   3   8   8
  4.55748736684641641604E-06  10   3   9   1
 -7.59836030181244335106E-06  10   3   9   2
 -1.78547159571990193805E-05  10   3   9   3
  5.54004968669874768655E-07  10   3   9   4
 -2.93322740515087573024E-08  10   3   9   5
 -1.52128846320023282965E-05  10   3   9   6
  3.75460156271284622997E-02  10   3   9   7
  5.78456395407606050216E-08  10   3   9   8
 -4.02074726679738352758E-03  10   3   9   9
 -1.21154476384968895833E-03  10   3  10   1
 -3.05461190874934795242E-03  10   3  10   2
  1.50722640858229652017E-02  10   3  10   3
 -1.69363408184547425961E-02  10   3  10   4
 -2.25406512849615385053E-04  10   3  10   5
 -1.07804377846780030485E-03  10   3  10   6
 -3.04595499503359735591E-05  10   3  10   7
  3.76328077779728559487E-05  10   3  10   8
  1.34519829942967893897E-05  10   3  10   9
 -1.29741597187284021797E-02  10   3  10  10
 -4.81233246415735247585E-05  10   3  11   1
  6.81163440519670339767E-05  10   3  11   2
  4.09023799376089956456E-04  10   3  11   3
  1.33205330203349536257E-04  10   3  11   4
 -1.99072011814018720588E-02  10   3  11   5
 -3.65094738184294071142E-04  10   3  11   6
  2.48598896591114252111E-08  10   3  11   7
  8.30571417895962734769E-04  10   3  11   8
 -9.39974042484460405112E-08  10   3  11   9
 -1.87853944864687940578E-05  10   3  11  10
 -1.68699724516754544223E-02  10   3  11  11
 -3.49310467767432889299E-03  10   3  12   1
 -2.27645289252317774981E-03  10   3  12   2
  3.23512708962516368216E-02  10   3  12   3
  6.26246958547974595655E-03  10   3  12   4
  1.24316081931459196386E-04  10   3  12   5
 -2.29914220747102875098E-02  10   3  12   6
 -2.05637006450503085199E-05  10   3  12   7
 -1.86108392113357890712E-05  10   3  12   8
  1.11696091455267369628E-05  10   3  12   9
  1.03677909819135521952E-02  10   3  12  10
  1.05130224106281375176E-04  10   3  12  11
  7.88965381574155757982E-03  10   3  12  12
  3.46019167112945891240E-02  10   4   1   1
 -4.30005646950406075508E-05  10   4   2   1
  2.48069689038853125052E-01  10   4   2   2
 -4.15222572457361871739E-04  10   4   3   1
 -6.54499570399602603743E-03  10   4   3   2
  5.78632254865295292401E-02  10   4   3   3
  8.05915442748351691475E-04  10   4   4   1
  4.80649921965609332880E-03  10   4   4   2
 -1.54949747793002752527E-02  10   4   4   3
  6.30675088194548177922E-02  10   4   4   4
  1.25519612034861463378E-05  10   4   5   1
 -5.12999875282634998559E-05  10   4   5   2
 -9.94686320477516781229E-05  10   4   5   3
 -9.31263622577948902174E-05  10   4   5   4
  4.23914448736626980896E-02  10   4   5   5
  2.83262432599593050320E-03  10   4   6   1
  5.28734862362157786303E-03  10   4   6   2
 -2.61918880134807685600E-02  10   4   6   3
 -1.26934284716776202284E-02  10   4   6   4
  1.55821258224820728472E-04  10   4   6   5
  4.03701918682611571310E-02  10   4   6   6
  3.77133898319465437542E-06  10   4   7   1
 -9.67096650066188621379E-06  10   4   7   2
 -3.04945215595671207125E-05  10   4   7   3
  5.13982995757359423808E-06  10   4   7   4
  3.06699409200670448862E-10  10   4   7   5
 -8.23714380508529945884E-06  10   4   7   6
  7.42994547928316761976E-02  10   4   7   7
 -3.02861570144327372242E-05  10   4   8   1
 -1.37086232571050679836E-05  10   4   8   2
  1.27816663207327676144E-04  10   4   8   3
 -1.32032694141950081605E-04  10   4   8   4
 -7.89442948058608276463E-03  10   4   8   5
  1.81448993174073352564E-04  10   4   8   6
  8.54125395644476224872E-08  10   4   8   7
  1.90427276073996502859E-02  10   4   8   8
  2.86175366100021239858E-06  10   4   9   1
  1.29431108616275473532E-05  10   4   9   2
 -4.80267273966212744244E-06  10   4   9   3
  6.89531232114841201411E-06  10   4   9   4
  3.26125756037149521510E-07  10   4   9   5
 -1.31471581264971677100E-05  10   4   9   6
 -4.73038998075637484586E-02  10   4   9   7
  1.00831740966619502950E-07  10   4   9   8
  8.75527815496594807865E-02  10   4   9   9
 -9.18857952052649635914E-04  10   4  10   1
  4.39250930869530820111E-03  10   4  10   2
 -1.69363408184547807600E-02  10   4  10   3
  8.59683498465684675649E-02  10   4  10   4
  9.93532391308300094623E-04  10   4  10   5
 -3.03705407171142305334E-02  10   4  10   6
  3.88482179519098071553E-05  10   4  10   7
  5.29762509669002993121E-04  10   4  10   8
 -6.08165727106864262698E-05  10   4  10   9
  3.76627829633405311616E-02  10   4  10  10
 -3.88249688576714990459E-05  10   4  11   1
  3.38376334592447253481E-06  10   4  11   2
  1.45190024368874442268E-05  10   4  11   3
 -5.30466688264357344625E-04  10   4  11   4
  6.93920826419303776733E-02  10   4  11   5
  7.51915084820511860769E-04  10   4  11   6
 -1.98378580479611645055E-07  10   4  11   7
  3.83341216431892298222E-02  10   4  11   8
  8.87281794749871317589E-08  10   4  11   9
 -3.39668229603767152496E-04  10   4  11  10
  4.58835547778524838192E-02  10   4  11  11
 -2.92802415509706539035E-03  10   4  12   1
  1.02857720964401825464E-02  10   4  12   2
 -7.52020754790727261052E-03  10   4  12   3
 -1.81749138696486525757E-02  10   4  12   4
 -9.30064962531762496299E-04  10   4  12   5
  4.09503364453444942961E-02  10   4  12   6
  1.56153402333738489604E-05  10   4  12   7
 -4.21073155275425057512E-04  10   4  12   8
 -2.16987355151868906806E-05  10   4  12   9
 -5.73735048617347517808E-03  10   4  12  10
  8.00037014940046566081E-04  10   4  12  11
  9.56562626311683733560E-02  10   4  12  12
 -7.12104679475888874658E-08  10   5   1   1
 -7.42394455205500866791E-08  10   5   2   1
  2.16094445030696200374E-03  10   5   2   2
 -1.62617592863959394142E-05  10   5   3   1
 -2.55167379410774064063E-05  10   5   3   2
  6.05414922512149001471E-04  10   5   3   3
 -2.50194369725303048573E-07  10   5   4   1
  4.67227288705112189272E-05  10   5   4   2
 -2.13827212497847562881E-04  10   5   4   3
  3.55076848640165803651E-04  10   5   4   4
 -9.24168805656059287081E-04  10   5   5   1
 -3.26615921127086606887E-03  10   5   5   2
  9.19279961750411357679E-03  10   5   5   3
 -2.99123983792018086070E-02  10   5   5   4
  5.00628730986457486096E-04  10   5   5   5
  9.67292593615110498262E-06  10   5   6   1
 -9.75478193895741964910E-06  10   5   6   2
 -3.23619369204105418372E-04  10   5   6   3
  4.84079939374018375408E-05  10   5   6   4
  1.63500380586172160136E-02  10   5   6   5
  3.85804108198757036638E-04  10   5   6   6
 -1.12897466748533528661E-08  10   5   7   1
 -2.76576416759069784764E-09  10   5   7   2
  1.06814219940331290212E-07  10   5   7   3
 -4.83983318002428710379E-08  10   5   7   4
  1.82027535239358690082E-06  10   5   7   5
 -8.13744129465320383967E-08  10   5   7   6
  6.31210388798746015356E-04  10   5   7   7
  1.75965114088065099213E-03  10   5   8   1
 -1.19120528789884612408E-03  10   5   8   2
 -3.67186839664148962498E-03  10   5   8   3
 -2.93756721595088560184E-02  10   5   8   4
  4.31876202858438594024E-05  10   5   8   5
  1.37784016107187108624E-02  10   5   8   6
  5.85990675597566723051E-06  10   5   8   7
  1.69630553468492296714E-04  10   5   8   8
 -1.63082362114210137789E-08  10   5   9   1
  1.04497495716313269052E-08  10   5   9   2
 -4.97254184020730978578E-08  10   5   9   3
  4.59106092860259152959E-07  10   5   9   4
  1.85557026165929122891E-05  10   5   9   5
  1.18793639510059436813E-09  10   5   9   6
 -4.28642164729615331251E-04  10   5   9   7
  2.14593789625302837300E-05  10   5   9   8
  6.82604186531101503853E-04  10   5   9   9
 -2.80476870062372815308E-06  10   5  10   1
  9.70719645417736705535E-06  10   5  10   2
 -2.25406512849582506622E-04  10   5  10   3
  9.93532391308351485806E-04  10   5  10   4
  4.89872865506748786379E-02  10   5  10   5
 -3.06070476858607534634E-04  10   5  10   6
  1.40248319621458668720E-07  10   5  10   7
  3.88338421555629031978E-02  10   5  10   8
 -6.06313607424248458255E-07  10   5  10   9
 -7.42605445705043099719E-04  10   5  10  10
  5.13947073783687659841E-04  10   5  11   1
 -5.34059695992961970534E-03  10   5  11   2
 -9.26302818852053552745E-03  10   5  11   3
  3.97096746952593573909E-02  10   5  11   4
  3.59150265845999702805E-04  10   5  11   5
 -1.83692374380555467628E-02  10   5  11   6
  3.51378619073385602123E-06  10   5  11   7
 -1.80127173070193435716E-04  10   5  11   8
 -2.97945398017961878858E-05  10   5  11   9
 -5.24941811582455494789E-02  10   5  11  10
  1.78992195517979776030E-03  10   5  11  11
 -2.93645082816246873235E-05  10   5  12   1
  5.97026524666655674517E-05  10   5  12   2
 -1.41621536901745831991E-04  10   5  12   3
 -4.41124862860468880139E-04  10   5  12   4
 -4.61288674541516282440E-03  10   5  12   5
  5.92264767332326266466E-04  10   5  12   6
 -4.15579426691826192147E-08  10   5  12   7
 -1.14307156381895074632E-02  10   5  12   8
  4.63583153721114645845E-07  10   5  12   9
  8.64338967782580613712E-04  10   5  12  10
  1.05704009636565614272E-02  10   5  12  11
  5.91843769394438342681E-04  10   5  12  12
 -1.10101362094534027669E-01  10   6   1   1
  1.78531538838123801031E-05  10   6   2   1
 -4.25004106331947004160E-02  10   6   2   2
 -1.47183477391937540639E-03  10   6   3   1
  1.23859380768037577805E-03  10   6   3   2
 -5.34157894398494120791E-02  10   6   3   3
 -4.19803236565459067780E-04  10   6   4   1
  1.01866530470656009230E-03  10   6   4   2
 -1.63011565907330117919E-02  10   6   4   3
 -1.75771248601900159647E-02  10   6   4   4
  1.75227151902213824420E-05  10   6   5   1
 -3.55434798901849106499E-05  10   6   5   2
 -1.75512173038630878283E-04  10   6   5   3
  3.07782311885087080713E-04  10   6   5   4
 -9.31464334182339169510E-03  10   6   5   5
  1.72968566829183458900E-04  10   6   6   1
 -2.42797593902061882576E-03  10   6   6   2
 -7.93817998734151590579E-03  10   6   6   3
 -2.12554652836753968370E-02  10   6   6   4
 -2.34342275323321914493E-05  10   6   6   5
 -6.17976079804368888526E-02  10   6   6   6
  3.95474826887081655697E-06  10   6   7   1
 -5.47393908324273932880E-07  10   6   7   2
 -1.87775411242263059151E-05  10   6   7   3
 -1.15155315343037277466E-05  10   6   7   4
 -6.40188404229337953657E-08  10   6   7   5
 -1.31112330826828867248E-05  10   6   7   6
 -4.29635359643939160335E-02  10   6   7   7
 -3.28430417673123298955E-05  10   6   8   1
 -1.50474158526574072921E-05  10   6   8   2
  1.39000236055248770507E-04  10   6   8   3
  2.23622757005780822348E-04  10   6   8   4
  3.47421243986962696715E-02  10   6   8   5
  6.29829095277965845482E-05  10   6   8   6
  8.75815874935054564828E-09  10   6   8   7
 -3.96378009687023136198E-02  10   6   8   8
  3.83731082693820818244E-06  10   6   9   1
  7.39636283222630421512E-07  10   6   9   2
 -1.22540522652900859928E-05  10   6   9   3
 -2.32459569478375559931E-05  10   6   9   4
 -7.42435032433522448198E-08  10   6   9   5
  3.99825401707208913967E-06  10   6   9   6
 -2.30949806021017584046E-02  10   6   9   7
 -1.39758271652918621995E-07  10   6   9   8
 -4.34492739869022023824E-02  10   6   9   9
 -4.37099424807074754540E-04  10   6  10   1
  1.50522071068533071919E-03  10   6  10   2
 -1.07804377846783283092E-03  10   6  10   3
 -3.03705407171141646139E-02  10   6  10   4
 -3.06070476858593168955E-04  10   6  10   5
  2.62439869102766426545E-02  10   6  10   6
  1.33002828411366521059E-05  10   6  10   7
 -3.60017394798731106987E-04  10   6  10   8
  2.34087128403560282850E-05  10   6  10   9
  5.52468212419946445857E-03  10   6  10  10
 -2.39195572101537899147E-05  10   6  11   1
 -1.33217384677696172720E-04  10   6  11   2
 -2.73233274051598476299E-04  10   6  11   3
  4.14551951696877916172E-04  10   6  11   4
 -1.57053616953054635264E-02  10   6  11   5
  2.16748381620115857698E-04  10   6  11   6
 -2.79906631929985687420E-08  10   6  11   7
 -2.86744410101705225757E-02  10   6  11   8
 -5.28676884188822708058E-08  10   6  11   9
  3.05977770268328478406E-04  10   6  11  10
  6.80691693546299231993E-03  10   6  11  11
 -1.38729442221487229286E-03  10   6  12   1
 -5.01248062737024140806E-03  10   6  12   2
 -1.75372818337534951139E-02  10   6  12   3
  1.60826906625179989752E-02  10   6  12   4
  3.21820978520722788402E-04  10   6  12   5
  1.71276108454123977831E-02  10   6  12   6
  3.85288586383392686667E-06  10   6  12   7
  4.31769492649153058955E-04  10   6  12   8
 -1.24889699409392977025E-05  10   6  12   9
 -6.38252137038890828696E-03  10   6  12  10
 -5.62570051033955791098E-04  10   6  12  11
 -5.13909222472060181475E-02  10   6  12  12
 -1.60576767185454218415E-04  10   7   1   1
  1.57239314824158362771E-08  10   7   2   1
  1.05519823681907704677E-04  10   7   2   2
 -3.45134929840473668724E-06  10   7   3   1
  3.30595855620578008433E-07  10   7   3   2
 -3.69183633102501446328E-05  10   7   3   3
 -9.77679322564220431167E-07  10   7   4   1
 -3.43433965044324898730E-07  10   7   4   2
 -4.45302619438213653736E-05  10   7   4   3
  3.80308531376763220462E-05  10   7   4   4
 -2.16543041047718436885E-09  10   7   5   1
  2.46210801843371613903E-08  10   7   5   2
  1.41004382941560996211E-07  10   7   5   3
  1.19960706591802005273E-07  10   7   5   4
  2.01212192242911447142E-05  10   7   5   5
  9.36516346981977952574E-07  10   7   6   1
  1.04085916007148506889E-06  10   7   6   2
 -3.16139775956861892063E-05  10   7   6   3
 -4.52489277626800804797E-05  10   7   6   4
  5.42704421182968968834E-08  10   7   6   5
 -4.81895869276008291765E-05  10   7   6   6
 -1.26161423737576974292E-03  10   7   7   1
 -8.55264397994274540304E-03  10   7   7   2
 -1.22856740145156212440E-02  10   7   7   3
  2.46294343485643670022E-02  10   7   7   4
  6.26228416871534167938E-05  10   7   7   5
  2.44303840031207105885E-04  10   7   7   6
 -3.29178623335378388315E-05  10   7   7   7
  6.82110872269437201522E-09  10   7   8   1
 -6.68478861157151189322E-09  10   7   8   2
 -1.42848849673577522805E-08  10   7   8   3
 -4.26269076574849088621E-08  10   7   8   4
  5.37913981071343221723E-05  10   7   8   5
  1.01322264131947858099E-07  10   7   8   6
  3.84707370039135619329E-05  10   7   8   7
 -4.80421475635837397331E-05  10   7   8   8
 -1.19573988301603477413E-03  10   7   9   1
  1.06127089857702174014E-02  10   7   9   2
  1.66264583308810935669E-02  10   7   9   3
 -2.92318717707448945398E-02  10   7   9   4
 -1.18239830712903878592E-04  10   7   9   5
 -9.27172517131287857173E-04  10   7   9   6
 -6.38138693993265993009E-05  10   7   9   7
  2.92571246310588009120E-05  10   7   9   8
 -4.20310726729779374254E-05  10   7   9   9
 -6.09496659406641991193E-07  10   7  10   1
 -8.29665846130218799894E-06  10   7  10   2
 -3.04595499503394023485E-05  10   7  10   3
  3.88482179519073948055E-05  10   7  10   4
  1.40248319625255811544E-07  10   7  10   5
  1.33002828411351409991E-05  10   7  10   6
  2.54350517151903342261E-02  10   7  10   7
 -2.41414989119600874763E-07  10   7  10   8
 -2.82875715691699690379E-02  10   7  10   9
  8.88119424494520032318E-05  10   7  10  10
 -3.32251260847352720614E-08  10   7  11   1
  6.25897575253345176402E-08  10   7  11   2
 -1.78389344194811411006E-07  10   7  11   3
 -2.35714460185794073002E-07  10   7  11   4
  1.87866308753932428021E-05  10   7  11   5
  5.16729998709502684008E-07  10   7  11   6
  2.65050010684168981618E-05  10   7  11   7
 -2.25286952442576912247E-05  10   7  11   8
  1.03716647635302761706E-04  10   7  11   9
 -3.77891165174789267215E-07  10   7  11  10
  3.96352116596038612758E-05  10   7  11  11
 -3.50625405217012146020E-06  10   7  12   1
 -3.17628078316261703036E-06  10   7  12   2
 -4.11475864089900285770E-05  10   7  12   3
  1.37962033271336652286E-05  10   7  12   4
 -2.77252638569376140995E-07  10   7  12   5
  4.44524796044941879788E-05  10   7  12   6
  1.29490292768656874156E-02  10   7  12   7
  3.18657574638997006884E-07  10   7  12   8
 -4.70714099669191417957E-03  10   7  12   9
 -3.15913936163549611920E-06  10   7  12  10
 -5.87707158229683492572E-07  10   7  12  11
 -4.59514279157382687544E-06  10   7  12  12
  1.70296258581712693474E-03  10   8   1   1
  1.68642797109441541998E-07  10   8   2   1
  3.85067971388285352000E-04  10   8   2   2
  2.50538231246674104771E-05  10   8   3   1
  7.61877410525254985179E-06  10   8   3   2
  9.34258887189756866143E-04  10   8   3   3
  5.73894705180729515536E-06  10   8   4   1
  1.98607204117819358081E-05  10   8   4   2
  2.53811234233818918370E-04  10   8   4   3
 -7.19582295440561578361E-05  10   8   4   4
  1.24663239591565780211E-03  10   8   5   1
 -2.56567952445170121417E-04  10   8   5   2
  2.70829577224970937874E-03  10   8   5   3
 -3.70184119046773549289E-02  10   8   5   4
  1.90211785361453820193E-04  10   8   5   5
  4.13279041170733995550E-06  10   8   6   1
 -2.52449858302459285715E-05  10   8   6   2
  7.61925648893455238243E-05  10   8   6   3
  4.85161601581350176819E-04  10   8   6   4
  1.75026068988803872040E-02  10   8   6   5
  7.88121097410848618636E-04  10   8   6   6
 -6.37707388683969002890E-10  10   8   7   1
 -9.63569441789871070014E-09  10   8   7   2
 -1.68126376367847681849E-08  10   8   7   3
  1.51012395972940165730E-07  10   8   7   4
  7.57380379467986105795E-06  10   8   7   5
  3.27310588997982516255E-08  10   8   7   6
  6.68080124612418948908E-04  10   8   7   7
 -2.35511198914827631773E-03  10   8   8   1
 -7.96106981618606315918E-05  10   8   8   2
  1.23295253432514195086E-02  10   8   8   3
 -2.73499542681423651880E-02  10   8   8   4
 -6.16375608054333941170E-04  10   8   8   5
  1.14755876755661019584E-02  10   8   8   6
 -6.15367357045234915607E-06  10   8   8   7
  8.51103085828662183666E-04  10   8   8   8
 -2.74027389022423030936E-09  10   8   9   1
  1.60975465426724303038E-08  10   8   9   2
  1.50608760459672655775E-08  10   8   9   3
  2.19145321181562459542E-07  10   8   9   4
  2.16476451597802046654E-05  10   8   9   5
 -2.21490107865320333437E-07  10   8   9   6
  4.60931205516405362137E-04  10   8   9   7
  1.20749021745481750008E-05  10   8   9   8
  5.89290823374901155327E-04  10   8   9   9
 -9.50162509702157466144E-07  10   8  10   1
  2.10012420769261156945E-05  10   8  10   2
  3.76328077780142521429E-05  10   8  10   3
  5.29762509669025544526E-04  10   8  10   4
  3.88338421555628962589E-02  10   8  10   5
 -3.60017394798720915487E-04  10   8  10   6
 -2.41414989124330336163E-07  10   8  10   7
  3.81523266065592614460E-02  10   8  10   8
 -7.75892191872237367154E-07  10   8  10   9
 -1.28116061590498450315E-03  10   8  10  10
 -7.04264402848599441014E-04  10   8  11   1
 -4.81490915331243580100E-04  10   8  11   2
 -2.06525313472656754307E-03  10   8  11   3
  3.14505851239104197714E-02  10   8  11   4
 -2.56326610798948662743E-04  10   8  11   5
 -1.78729556112382607924E-02  10   8  11   6
  6.33101054636046287703E-07  10   8  11   7
  9.16831723373206120432E-05  10   8  11   8
 -3.26584117307664764489E-05  10   8  11   9
 -5.51287367833962968500E-02  10   8  11  10
  1.11842977329061534636E-03  10   8  11  11
  2.78480253428422504312E-05  10   8  12   1
 -3.62763387531627443973E-05  10   8  12   2
  2.24489302956828675915E-04  10   8  12   3
 -3.00592180892090014756E-04  10   8  12   4
 -1.27757871363125240227E-02  10   8  12   5
 -5.78341308782036694317E-05  10   8  12   6
 -1.10554411358605235799E-07  10   8  12   7
  3.09925885362704114923E-04  10   8  12   8
  6.68486246378595471196E-07  10   8  12   9
  1.09971836811684556268E-03  10   8  12  10
  9.05690985364058891161E-03  10   8  12  11
  3.96816236396896337979E-04  10   8  12  12
 -1.89812333033888259136E-04  10   9   1   1
 -5.31675093556210810016E-08  10   9   2   1
 -5.97232675557604421909E-05  10   9   2   2
 -2.33196420812236454627E-06  10   9   3   1
 -3.63057072510668127894E-06  10   9   3   2
 -1.20195314683337666438E-04  10   9   3   3
 -9.62572908790733297653E-07  10   9   4   1
  2.15715580448824874355E-07  10   9   4   2
 -1.85370273028716730016E-05  10   9   4   3
 -1.43249303394388883209E-05  10   9   4   4
  5.92846567489934470079E-09  10   9   5   1
 -7.67844317013958853278E-08  10   9   5   2
 -1.54945622603585191404E-07  10   9   5   3
  7.34931333705216122032E-07  10   9   5   4
 -2.18304938471352837103E-05  10   9   5   5
 -1.84312551912273360364E-07  10   9   6   1
  3.00536277874564387611E-06  10   9   6   2
 -5.01904717592111726456E-06  10   9   6   3
 -5.01710326922523929503E-05  10   9   6   4
 -1.04646777302750574831E-07  10   9   6   5
 -9.05005064271231958462E-05  10   9   6   6
 -2.33236630889248905754E-03  10   9   7   1
  1.08475095287199826966E-02  10   9   7   2
  3.20073362131549910004E-02  10   9   7   3
 -2.78027888655104464533E-02  10   9   7   4
 -1.24797663784769505106E-04  10   9   7   5
 -3.94957432408127567108E-03  10   9   7   6
 -8.68651342049622365166E-05  10   9   7   7
 -9.96926055798032022246E-09  10   9   8   1
 -3.27557650986763790678E-10  10   9   8   2
  8.19319030754740378579E-08  10   9   8   3
  2.80200048745173102542E-07  10   9   8   4
  6.59540700658273388625E-05  10   9   8   5
 -8.26727107011754705944E-08  10   9   8   6
  3.73480778533472385539E-05  10   9   8   7
 -7.56161399269509692904E-05  10   9   8   8
 -2.53965939946153599835E-03  10   9   9   1
 -1.33856924724585976683E-02  10   9   9   2
 -7.83398291980507734122E-03  10   9   9   3
  4.01014883004963129665E-02  10   9   9   4
  8.55198548479952529774E-05  10   9   9   5
 -8.12767331847177821810E-04  10   9   9   6
 -7.72286278755146825574E-05  10   9   9   7
  4.72805667503953136487E-05  10   9   9   8
 -4.76021847084878195412E-05  10   9   9   9
  7.29100654058989995579E-07  10   9  10   1
  9.59141646559248608908E-06  10   9  10   2
  1.34519829942834587852E-05  10   9  10   3
 -6.08165727106648370940E-05  10   9  10   4
 -6.06313607424988976809E-07  10   9  10   5
  2.34087128403436853209E-05  10   9  10   6
 -2.82875715691699482213E-02  10   9  10   7
 -7.75892191875041893242E-07  10   9  10   8
  3.90511596105960964720E-02  10   9  10   9
 -2.75376691837677831879E-05  10   9  10  10
 -2.57105243133673280081E-08  10   9  11   1
 -5.60072744459578517197E-08  10   9  11   2
 -4.13446461633261855665E-07  10   9  11   3
  4.35695881964741163035E-08  10   9  11   4
 -2.25473564581989152308E-05  10   9  11   5
  4.67233013607646884454E-07  10   9  11   6
  1.15071358699226052925E-04  10   9  11   7
 -4.54356188726920062694E-05  10   9  11   8
 -1.01199304907706421600E-05  10   9  11   9
  2.82377703795329841459E-07  10   9  11  10
  1.26438883474141698383E-05  10   9  11  11
 -1.76876830496883259673E-06  10   9  12   1
  1.09591977634916599256E-05  10   9  12   2
 -1.64602835645431317844E-05  10   9  12   3
 -2.21849131876225993487E-05  10   9  12   4
  3.74180382851169739222E-07  10   9  12   5
  2.86117015013155471430E-05  10   9  12   6
 -4.51614138976212751292E-03  10   9  12   7
  7.02631358640817259207E-07  10   9  12   8
  1.68055242802628637677E-02  10   9  12   9
 -6.10218382428445049346E-05  10   9  12  10
 -5.73987834709478129577E-07  10   9  12  11
 -7.60851105218396465404E-05  10   9  12  12
  3.32592385956282043935E-01  10  10   1   1
 -6.52244703713341787872E-05  10  10   2   1
  6.69553739202719100376E-01  10  10   2   2
 -4.96204889014046333657E-05  10  10   3   1
 -9.23547665113781841850E-03  10  10   3   2
  3.59232370007787127353E-01  10  10   3   3
  1.45461874264999030219E-03  10  10   4   1
  4.57379458952129717975E-03  10  10   4   2
 -5.11228352896021948082E-02  10  10   4   3
  4.90851699481998193786E-01  10  10   4   4
  5.29673165143746136539E-06  10  10   5   1
 -1.78467832584296506870E-04  10  10   5   2
 -4.31705245947371736223E-04  10  10   5   3
  1.81575974004133736117E-03  10  10   5   4
  4.55636777504408729822E-01  10  10   5   5
  4.47123833504655104204E-03  10  10   6   1
  8.87652158388997289395E-03  10  10   6   2
 -4.32673519577149098825E-02  10  10   6   3
 -8.38389559052905297687E-02  10  10   6   4
 -3.99272388302912063264E-04  10  10   6   5
  3.57402699994467054623E-01  10  10   6   6
  3.81571102031046754629E-06  10  10   7   1
 -2.06042253774194126636E-05  10  10   7   2
 -5.82050584851801888330E-05  10  10   7   3
  2.35079857579658894212E-05  10  10   7   4
 -1.34356193650737800629E-07  10  10   7   5
  1.09963629753522538174E-06  10  10   7   6
  3.87229199717647465384E-01  10  10   7   7
 -2.10520224542456782231E-05  10  10   8   1
 -5.30253824814910131578E-05  10  10   8   2
 -2.50534500226307211667E-05  10  10   8   3
  9.66638277676980391638E-04  10  10   8   4
  8.81618448142274663271E-02  10  10   8   5
 -2.99809016987202011772E-04  10  10   8   6
 -3.66029573107033480905E-08  10  10   8   7
  3.64083454336549094954E-01  10  10   8   8
  2.40463698643613338988E-06  10  10   9   1
  2.63108433577969150522E-05  10  10   9   2
  1.87862627216744895872E-05  10  10   9   3
 -6.40776822586651076267E-05  10  10   9   4
 -5.63766439802607470308E-07  10  10   9   5
  2.16454933003355914369E-05  10  10   9   6
 -9.90102145708403186264E-02  10  10   9   7
 -7.58525931395673402185E-07  10  10   9   8
  4.17994943446668043574E-01  10  10   9   9
 -1.30280922851716313322E-03  10  10  10   1
  3.55042779485092606026E-03  10  10  10   2
 -1.29741597187283293213E-02  10  10  10   3
  3.76627829633404825893E-02  10  10  10   4
 -7.42605445705061747996E-04  10  10  10   5
  5.52468212419944711133E-03  10  10  10   6
  8.88119424494768992242E-05  10  10  10   7
 -1.28116061590491598157E-03  10  10  10   8
 -2.75376691837817795603E-05  10  10  10   9
  5.28933189628418620742E-01  10  10  10  10
 -4.95790677086497635928E-05  10  10  11   1
 -1.11282109349969572784E-04  10  10  11   2
 -2.12164900279789367258E-04  10  10  11   3
 -1.09141228189901253430E-03  10  10  11   4
  2.63799142296622483872E-02  10  10  11   5
  1.57226133746418716454E-03  10  10  11   6
 -2.70498382906965822817E-07  10  10  11   7
 -2.92730637921611511199E-02  10  10  11   8
  6.23272384365520882949E-07  10  10  11   9
  1.38298383396488495239E-03  10  10  11  10
  5.09779397242834830806E-01  10  10  11  11
 -4.19481148903144002160E-03  10  10  12   1
  1.65902544440954084759E-02  10  10  12   2
 -1.83208182012634807068E-02  10  10  12   3
 -2.01959311183677048263E-02  10  10  12   4
 -9.11071802762710504812E-05  10  10  12   5
  7.02342750631978762765E-02  10  10  12   6
  3.69307288893239523851E-05  10  10  12   7
  6.98773634222518875980E-04  10  10  12   8
 -6.87256046377877308651E-05  10  10  12   9
 -4.78346824859025923637E-02  10  10  12  10
 -4.13582682472868757694E-04  10  10  12  11
  4.48083456091814602562E-01  10  10  12  12
  1.82515515491628766039E-03  11   1   1   1
 -2.89796426639827691083E-07  11   1   2   1
 -8.42926718842439050977E-05  11   1   2   2
  2.77442340215465911134E-04  11   1   3   1
 -1.24124666475520710741E-06  11   1   3   2
 -5.55919847898744611892E-05  11   1   3   3
  7.82109820526786234714E-05  11   1   4   1
 -1.96144919354577680084E-06  11   1   4   2
  5.55203666557989606862E-05  11   1   4   3
  1.26041921620366965441E-05  11   1   4   4
 -3.24697176182940638878E-03  11   1   5   1
  9.67155540047107570864E-05  11   1   5   2
  4.32130353732239954473E-03  11   1   5   3
  1.12070267620378188379E-03  11   1   5   4
 -3.84940510796857093064E-05  11   1   5   5
 -4.78150017807876166775E-05  11   1   6   1
  2.73237332268948469508E-06  11   1   6   2
  1.99000633154784988552E-04  11   1   6   3
  1.10411614672866598532E-04  11   1   6   4
  1.41809159283439747100E-03  11   1   6   5
  1.47677778033082244625E-04  11   1   6   6
 -2.07558424962934583964E-09  11   1   7   1
  6.28263626315218391295E-10  11   1   7   2
 -1.28658014533059084007E-09  11   1   7   3
  7.78590989249691806643E-09  11   1   7   4
  1.04047136570955642994E-07  11   1   7   5
  1.47112408792378105041E-08  11   1   7   6
 -1.34664554577927485522E-05  11   1   7   7
  6.42596241179516428077E-03  11   1   8   1
  3.00541318308651675081E-05  11   1   8   2
 -6.96803258582409223293E-03  11   1   8   3
 -3.35382009693639378603E-03  11   1   8   4
 -1.83881591900243496120E-05  11   1   8   5
 -3.08953826196770899026E-03  11   1   8   6
 -1.28808106021748482568E-07  11   1   8   7
  3.37463207817668568765E-05  11   1   8   8
  8.71532568165862571340E-08  11   1   9   1
 -9.75752098904328672240E-10  11   1   9   2
 -7.82413518743776936983E-08  11   1   9   3
 -4.00100479418348970290E-08  11   1   9   4
  1.17471614653703458073E-07  11   1   9   5
 -4.71595169810140294459E-08  11   1   9   6
  5.42857914675309177494E-05  11   1   9   7
 -1.05731682329251256855E-07  11   1   9   8
  5.46426783005166722578E-06  11   1   9   9
  1.04152741116956041277E-04  11   1  10   1
 -1.07960623208177442074E-06  11   1  10   2
 -4.81233246415714851032E-05  11   1  10   3
 -3.88249688576716277949E-05  11   1  10   4
  5.13947073783688852464E-04  11   1  10   5
 -2.39195572101529259411E-05  11   1  10   6
 -3.32251260837591062944E-08  11   1  10   7
 -7.04264402848600742056E-04  11   1  10   8
 -2.57105243135126073934E-08  11   1  10   9
 -4.95790677086586201693E-05  11   1  10  10
  2.08631084603086436324E-03  11   1  11   1
  1.52738164328153379953E-04  11   1  11   2
 -1.46954088066754287936E-03  11   1  11   3
 -1.11119041584932564184E-03  11   1  11   4
 -1.91032172818857921338E-05  11   1  11   5
 -1.47051581826028866622E-03  11   1  11   6
  7.14775207838324895521E-08  11   1  11   7
 -1.06740779747400949765E-05  11   1  11   8
 -3.23574017065145666258E-07  11   1  11   9
 -6.63387077321211265403E-04  11   1  11  10
 -5.32614646699552951332E-05  11   1  11  11
  2.59852729284009624586E-04  11   1  12   1
  2.02464778169526630721E-06  11   1  12   2
 -7.04716413063257894004E-05  11   1  12   3
 -3.48203500869046379124E-05  11   1  12   4
  1.30482702682609271946E-03  11   1  12   5
 -3.02943509360213874876E-05  11   1  12   6
 -1.08173926639444259189E-08  11   1  12   7
 -3.12494760083687058913E-03  11   1  12   8
 -2.20304467328379200628E-08  11   1  12   9
 -1.96384413450363167896E-05  11   1  12  10
 -1.12916886793630729877E-03  11   1  12  11
 -6.89006903194615272223E-05  11   1  12  12
 -1.66618707410958664895E-04  11   2   1   1
 -6.17084569147795517916E-07  11   2   2   1
 -9.64259317064294712261E-04  11   2   2   2
  1.35321948822177714012E-06  11   2   3   1
  1.50037091115444149011E-05  11   2   3   2
 -2.26406784126063789862E-04  11   2   3   3
 -1.08904906868521787250E-06  11   2   4   1
 -1.92881755087579104344E-04  11   2   4   2
 -2.72035132550654019533E-05  11   2   4   3
  1.61755444666593801170E-04  11   2   4   4
 -1.57489512466571724087E-04  11   2   5   1
  1.30929406533114023325E-02  11   2   5   2
  1.04557866735570693939E-02  11   2   5   3
 -1.61966590845675911803E-02  11   2   5   4
 -2.72022946524047175071E-05  11   2   5   5
 -6.99884564991552372685E-06  11   2   6   1
  1.57185155666230590892E-04  11   2   6   2
  1.58165739622268366246E-04  11   2   6   3
 -1.88696187780736432784E-04  11   2   6   4
  5.04289063897618827217E-05  11   2   6   5
 -1.31993414484755635036E-04  11   2   6   6
 -5.52576794975819608616E-10  11   2   7   1
  7.15566317555924136312E-09  11   2   7   2
 -3.44390655319433074119E-08  11   2   7   3
 -6.85918656155501615978E-09  11   2   7   4
  4.12839840798444200127E-06  11   2   7   5
  5.24946963236207002724E-08  11   2   7   6
 -1.03294813635887197906E-04  11   2   7   7
  3.72667913529253790918E-04  11   2   8   1
  4.47286724596286482114E-03  11   2   8   2
 -3.29218707527084762741E-04  11   2   8   3
 -8.96023538829943122508E-03  11   2   8   4
  1.12931338393312049196E-04  11   2   8   5
  2.20003394769959035454E-03  11   2   8   6
  1.74419746348810588228E-06  11   2   8   7
 -3.98083262466298318976E-05  11   2   8   8
  4.11235088930191767772E-09  11   2   9   1
 -3.99370105663966567624E-08  11   2   9   2
  2.89579789321900530174E-08  11   2   9   3
 -2.97848804497140610002E-08  11   2   9   4
 -4.02105930003011507605E-06  11   2   9   5
 -5.79391310175963408053E-08  11   2   9   6
 -5.72362461738246575300E-05  11   2   9   7
 -5.80948967329230148293E-07  11   2   9   8
 -5.36480754926448488891E-05  11   2   9   9
  3.74733995684734062163E-06  11   2  10   1
 -7.42827675355651659804E-05  11   2  10   2
  6.81163440519726447230E-05  11   2  10   3
  3.38376334593086593950E-06  11   2  10   4
 -5.34059695992961189909E-03  11   2  10   5
 -1.33217384677693706160E-04  11   2  10   6
  6.25897575247655894323E-08  11   2  10   7
 -4.81490915331246561656E-04  11   2  10   8
 -5.60072744454560244031E-08  11   2  10   9
 -1.11282109349932493069E-04  11   2  10  10
  1.52738164328153271532E-04  11   2  11   1
  2.24610366265899225047E-02  11   2  11   2
  9.12560131408200574110E-03  11   2  11   3
 -1.10029956637491665300E-02  11   2  11   4
 -1.36648914068097752927E-04  11   2  11   5
 -5.46496038462096576233E-03  11   2  11   6
  6.96302959487200566659E-06  11   2  11   7
 -8.62035683822132988265E-05  11   2  11   8
 -1.33962670234243883704E-05  11   2  11   9
 -1.82347058316270939360E-02  11   2  11  10
  2.67210765353357477278E-06  11   2  11  11
  4.15111423887184522217E-06  11   2  12   1
 -3.54147787530141179677E-05  11   2  12   2
 -4.09994521656123779552E-05  11   2  12   3
 -4.73322173111189289018E-05  11   2  12   4
 -7.22590339089008992790E-03  11   2  12   5
  4.11532285847307442695E-05  11   2  12   6
  2.78808876663188785974E-08  11   2  12   7
 -2.79920114758117804035E-03  11   2  12   8
 -2.91282049686632786022E-08  11   2  12   9
 -6.98743829097792849663E-05  11   2  12  10
 -9.90698692111568850194E-03  11   2  12  11
  6.36836277562335582262E-05  11   2  12  12
  2.58969944759261140599E-03  11   3   1   1
 -3.42818710188875153044E-08  11   3   2   1
 -2.23810232640941680817E-04  11   3   2   2
  3.92200456862370409709E-05  11   3   3   1
  1.18638528875567936323E-06  11   3   3   2
  1.16633439503668326007E-03  11   3   3   3
  5.76981049885748903546E-05  11   3   4   1
 -1.70536423082729862537E-05  11   3   4   2
  2.83003802902823640986E-04  11   3   4   3
  7.92115964931403606893E-05  11   3   4   4
  2.42957918290768711336E-03  11   3   5   1
  5.69475318470670337223E-03  11   3   5   2
  7.15703713348438824715E-03  11   3   5   3
 -1.92523336233060664291E-02  11   3   5   4
  2.18533981889509833392E-04  11   3   5   5
  1.58507271332476945645E-04  11   3   6   1
  2.94874287084011534282E-05  11   3   6   2
 -1.68373190755876327293E-04  11   3   6   3
  1.19974566492840606369E-04  11   3   6   4
 -1.01050335660385660896E-02  11   3   6   5
  4.88005175344053744070E-04  11   3   6   6
  3.98369291194622431440E-09  11   3   7   1
 -2.76475446856397633337E-08  11   3   7   2
 -1.07636529174598529197E-07  11   3   7   3
  2.00225944087814861394E-07  11   3   7   4
  4.97627375264036260136E-06  11   3   7   5
  1.36053841638836656857E-07  11   3   7   6
  7.13090380405048056105E-04  11   3   7   7
 -4.69281838305029772029E-03  11   3   8   1
  1.79568533629118824539E-03  11   3   8   2
  1.34607081055209600734E-02  11   3   8   3
  6.36829705728544069078E-04  11   3   8   4
 -6.37249552615986930224E-04  11   3   8   5
  1.05217812612084481161E-02  11   3   8   6
  2.47893618559383570755E-06  11   3   8   7
  9.12571618470203152658E-04  11   3   8   8
 -6.33440726997063075167E-08  11   3   9   1
  3.68325685487641097279E-08  11   3   9   2
  3.19718408821821966768E-07  11   3   9   3
  7.46227288422028727946E-08  11   3   9   4
 -6.49391470782043937017E-06  11   3   9   5
 -2.01759121207287744959E-07  11   3   9   6
  6.81025206754197671467E-04  11   3   9   7
 -2.99296922533663973233E-06  11   3   9   8
  5.92228764296553870407E-04  11   3   9   9
 -4.66666539085388654487E-05  11   3  10   1
  4.93133732879476042641E-05  11   3  10   2
  4.09023799376092504331E-04  11   3  10   3
  1.45190024369169057267E-05  11   3  10   4
 -9.26302818852054593579E-03  11   3  10   5
 -2.73233274051569202841E-04  11   3  10   6
 -1.78389344204762380540E-07  11   3  10   7
 -2.06525313472659876810E-03  11   3  10   8
 -4.13446461648779763956E-07  11   3  10   9
 -2.12164900279750661240E-04  11   3  10  10
 -1.46954088066754179516E-03  11   3  11   1
  9.12560131408201094527E-03  11   3  11   2
  1.84854089840264732003E-02  11   3  11   3
 -1.29924506579601473089E-02  11   3  11   4
 -2.56333695167674645733E-04  11   3  11   5
 -5.13534710047591248794E-03  11   3  11   6
  8.62602781436392555652E-06  11   3  11   7
  2.95720256981139731443E-04  11   3  11   8
 -1.21869961689363229544E-05  11   3  11   9
 -1.23812877216047355355E-02  11   3  11  10
 -3.28584523224583814095E-04  11   3  11  11
 -7.78645770085528748016E-05  11   3  12   1
 -7.32804051711371227679E-05  11   3  12   2
  6.07498236371998082128E-04  11   3  12   3
  2.12092233624531682030E-04  11   3  12   4
 -1.57038801673507755208E-02  11   3  12   5
 -4.08486216255273134300E-04  11   3  12   6
 -9.66509323884926947627E-08  11   3  12   7
  1.22813907226509565380E-03  11   3  12   8
  2.96473441474982561642E-07  11   3  12   9
  2.87447736380309730453E-04  11   3  12  10
 -1.61372152042001081040E-02  11   3  12  11
  1.15432409871294165866E-03  11   3  12  12
  4.10141653110485929126E-05  11   4   1   1
  7.87336066854550395712E-07  11   4   2   1
 -2.16816903230851194123E-03  11   4   2   2
  1.49913209261169428886E-06  11   4   3   1
  8.42801779238639960047E-05  11   4   3   2
 -3.13074798942864900584E-05  11   4   3   3
  1.27869948424379730590E-05  11   4   4   1
  1.53650822360038573930E-05  11   4   4   2
  1.25270790072628331220E-04  11   4   4   3
 -9.90360404305768576849E-04  11   4   4   4
  1.71258712583734120510E-03  11   4   5   1
 -6.91702961537704000966E-03  11   4   5   2
 -1.52497547997955534838E-02  11   4   5   3
 -9.34764231720718041796E-03  11   4   5   4
 -2.06192360633939114189E-04  11   4   5   5
  5.46225194504023153449E-05  11   4   6   1
 -1.41733725364079165112E-04  11   4   6   2
 -1.81522807652799173656E-04  11   4   6   3
  3.49755153877514721964E-04  11   4   6   4
  1.07570058716082196659E-02  11   4   6   5
 -5.05978983896673254091E-04  11   4   6   6
 -8.03823890694987452702E-09  11   4   7   1
  2.18777914443001064734E-08  11   4   7   2
  4.13402476243345727737E-08  11   4   7   3
  2.21265514074797960530E-07  11   4   7   4
 -7.73136274591401129479E-06  11   4   7   5
 -1.06594684274288804131E-07  11   4   7   6
 -4.06620838955626005481E-04  11   4   7   7
 -3.41845706104787309954E-03  11   4   8   1
 -2.38789698487858019493E-03  11   4   8   2
  1.42213096087474392959E-02  11   4   8   3
 -6.66251218174324782995E-03  11   4   8   4
 -9.88816206054643888432E-05  11   4   8   5
  1.49051746983667986191E-02  11   4   8   6
 -1.70481157875159989971E-06  11   4   8   7
  3.43810255569649186923E-05  11   4   8   8
 -3.91485109372720569149E-08  11   4   9   1
 -3.22917218998663851176E-08  11   4   9   2
  1.55442873226677782712E-07  11   4   9   3
 -2.64948747142876995833E-07  11   4   9   4
  2.54572699211274621823E-05  11   4   9   5
  2.13116023745265291756E-07  11   4   9   6
  5.02050906565598394418E-04  11   4   9   7
  1.84970496614334527403E-05  11   4   9   8
 -6.55512218711759879139E-04  11   4   9   9
 -2.40915180906987842291E-05  11   4  10   1
 -4.79600828778851525562E-05  11   4  10   2
  1.33205330203335089263E-04  11   4  10   3
 -5.30466688264424998840E-04  11   4  10   4
  3.97096746952593643298E-02  11   4  10   5
  4.14551951696884529806E-04  11   4  10   6
 -2.35714460202532926348E-07  11   4  10   7
  3.14505851239104267103E-02  11   4  10   8
  4.35695881892226540072E-08  11   4  10   9
 -1.09141228189896547993E-03  11   4  10  10
 -1.11119041584932802709E-03  11   4  11   1
 -1.10029956637491682647E-02  11   4  11   2
 -1.29924506579601386352E-02  11   4  11   3
  4.36538765937937861539E-02  11   4  11   4
 -6.93554170761094806313E-04  11   4  11   5
 -6.29233030427457477873E-03  11   4  11   6
 -9.96460131946486828299E-06  11   4  11   7
 -5.24048550858370034908E-04  11   4  11   8
 -5.71741972695814701909E-06  11   4  11   9
 -2.52208077021213138147E-02  11   4  11  10
  6.72545853821456983065E-04  11   4  11  11
 -2.43088935399653378877E-05  11   4  12   1
 -1.01938134957637891527E-04  11   4  12   2
  2.93763302724774284010E-04  11   4  12   3
  1.32054536186942847410E-04  11   4  12   4
  2.81017188453845092808E-03  11   4  12   5
 -2.82597821387218866261E-04  11   4  12   6
 -1.10362233346511388884E-07  11   4  12   7
  1.86906762078613460087E-03  11   4  12   8
  5.00085179731778029549E-07  11   4  12   9
  9.31721865147789826168E-04  11   4  12  10
  1.95344200101588115481E-02  11   4  12  11
 -1.15277017680499535048E-03  11   4  12  12
 -1.59661592227180564041E-02  11   5   1   1
  1.29726649184466691810E-06  11   5   2   1
  2.48722954510123717142E-01  11   5   2   2
 -2.02181712010424336282E-03  11   5   3   1
 -2.46248487956149007469E-03  11   5   3   2
  5.95858896715866365179E-02  11   5   3   3
  5.03597775968811309317E-07  11   5   4   1
  5.30189229046703226073E-03  11   5   4   2
 -2.58224831388024766987E-02  11   5   4   3
  4.67852476766979843981E-02  11   5   4   4
 -2.51320264653715940621E-05  11   5   5   1
 -3.77546614840942569916E-05  11   5   5   2
 -1.41329006455971433430E-04  11   5   5   3
  6.90137217742241835562E-04  11   5   5   4
  5.80682393988597236878E-02  11   5   5   5
  2.08521104602668681111E-03  11   5   6   1
 -7.27630753979238362184E-04  11   5   6   2
 -4.37906092316533365749E-02  11   5   6   3
 -3.13877254184094685308E-03  11   5   6   4
 -3.17820102548444877134E-05  11   5   6   5
  3.23975412053512379362E-02  11   5   6   6
  1.85787157309608920539E-07  11   5   7   1
  7.36716335519621614357E-07  11   5   7   2
  9.97886597165655195535E-06  11   5   7   3
 -1.86023586078957003476E-05  11   5   7   4
 -5.00903725603568697150E-08  11   5   7   5
 -1.01269573591363221105E-05  11   5   7   6
  6.50312897336562667494E-02  11   5   7   7
  4.61633554762823735589E-05  11   5   8   1
 -1.56868580192476029449E-05  11   5   8   2
 -1.93784309155725908156E-04  11   5   8   3
  3.76375731051709321983E-04  11   5   8   4
  7.90780859451720163911E-03  11   5   8   5
 -1.05795937156976424098E-04  11   5   8   6
  7.86384774117450737714E-08  11   5   8   7
  2.23638230761369176391E-03  11   5   8   8
 -1.12566057896295577368E-06  11   5   9   1
  3.37344881399028803400E-07  11   5   9   2
 -9.96597384261263493949E-06  11   5   9   3
  4.62340767969157689790E-05  11   5   9   4
 -6.06753736972513390745E-08  11   5   9   5
  3.33433609639083080654E-06  11   5   9   6
 -5.47488191700491663716E-02  11   5   9   7
 -3.68754699644496691230E-07  11   5   9   8
  7.19224064451347983029E-02  11   5   9   9
 -1.10392903268327299306E-03  11   5  10   1
  5.65824546103710270678E-03  11   5  10   2
 -1.99072011814019310394E-02  11   5  10   3
  6.93920826419304193067E-02  11   5  10   4
  3.59150265846043884044E-04  11   5  10   5
 -1.57053616953054704652E-02  11   5  10   6
  1.87866308753624040265E-05  11   5  10   7
 -2.56326610798901120478E-04  11   5  10   8
 -2.25473564582067045458E-05  11   5  10   9
  2.63799142296624149207E-02  11   5  10  10
 -1.91032172818855278595E-05  11   5  11   1
 -1.36648914068095801364E-04  11   5  11   2
 -2.56333695167674157842E-04  11   5  11   3
 -6.93554170761089493723E-04  11   5  11   4
  9.30787169469993874715E-02  11   5  11   5
  1.13714173989671544357E-03  11   5  11   6
 -2.67417585553225933782E-07  11   5  11   7
  3.56067593362055928585E-02  11   5  11   8
  7.70573010588292768070E-07  11   5  11   9
  1.31255151812624450830E-03  11   5  11  10
  7.43071411600058351343E-02  11   5  11  11
 -3.39690903309302575513E-03  11   5  12   1
 -1.71417420847769490927E-03  11   5  12   2
 -2.96208025030046916137E-02  11   5  12   3
  7.35891753686129541229E-03  11   5  12   4
 -8.22125150608882834628E-04  11   5  12   5
  4.60295088791097400938E-02  11   5  12   6
 -2.59405541448257935622E-06  11   5  12   7
 -3.59941007545049236095E-04  11   5  12   8
  7.16690861492262561465E-06  11   5  12   9
  1.03797424771163247087E-02  11   5  12  10
  2.28750371220052856232E-04  11   5  12  11
  9.36335373737703230423E-02  11   5  12  12
 -2.50306870428097663975E-03  11   6   1   1
 -4.43375614759150382424E-07  11   6   2   1
  3.10090491898049437983E-03  11   6   2   2
 -4.89870901606243315508E-05  11   6   3   1
 -6.01713120397502301438E-05  11   6   3   2
 -5.21049381124991041643E-04  11   6   3   3
 -8.10495804964362823565E-06  11   6   4   1
  3.88615989248335962796E-05  11   6   4   2
 -6.63105945625754337677E-04  11   6   4   3
  8.83076528133581247111E-04  11   6   4   4
  2.31666056483732785143E-03  11   6   5   1
 -3.38706831619167789832E-03  11   6   5   2
 -2.61519773033604026324E-02  11   6   5   3
  2.43166712087751826776E-02  11   6   5   4
  5.25593336710791173699E-04  11   6   5   5
  3.49559276953988393969E-05  11   6   6   1
  4.08479555493702716331E-05  11   6   6   2
 -7.00456944870432021352E-04  11   6   6   3
 -9.18768020751792357029E-04  11   6   6   4
 -8.76313040247809864336E-03  11   6   6   5
 -7.71767980438545480454E-04  11   6   6   6
 -3.68923739255484960911E-09  11   6   7   1
  1.55350970393774178527E-08  11   6   7   2
  1.93526063058074562951E-07  11   6   7   3
 -4.26365657236039859920E-07  11   6   7   4
 -4.29033865997942586600E-06  11   6   7   5
 -1.94530647250310014948E-07  11   6   7   6
  1.74230862784605374069E-05  11   6   7   7
 -4.57537130207585386599E-03  11   6   8   1
 -9.36423828653501315322E-04  11   6   8   2
  1.66245224577595794579E-02  11   6   8   3
  2.85053856515968782881E-02  11   6   8   4
  7.97443414162194558724E-04  11   6   8   5
  3.21987703613182312326E-03  11   6   8   6
 -4.35522860598157908666E-07  11   6   8   7
 -8.30884231877572747987E-04  11   6   8   8
 -3.67433817899911802401E-08  11   6   9   1
 -1.35493128504852827739E-08  11   6   9   2
 -7.34701022125050765514E-08  11   6   9   3
  4.56785090555961118714E-07  11   6   9   4
 -7.47874358687598749461E-06  11   6   9   5
  4.64951794171917288227E-07  11   6   9   6
 -1.40915984150052865306E-03  11   6   9   7
 -9.94789278056701374347E-06  11   6   9   8
  2.65961145006923457834E-04  11   6   9   9
 -3.33527222616339255818E-05  11   6  10   1
 -9.82098494878926752587E-06  11   6  10   2
 -3.65094738184297594799E-04  11   6  10   3
  7.51915084820556529899E-04  11   6  10   4
 -1.83692374380555779878E-02  11   6  10   5
  2.16748381620123094747E-04  11   6  10   6
  5.16729998721451883674E-07  11   6  10   7
 -1.78729556112382816091E-02  11   6  10   8
  4.67233013611749488534E-07  11   6  10   9
  1.57226133746428799534E-03  11   6  10  10
 -1.47051581826029061778E-03  11   6  11   1
 -5.46496038462096836441E-03  11   6  11   2
 -5.13534710047591595738E-03  11   6  11   3
 -6.29233030427458085027E-03  11   6  11   4
  1.13714173989680022818E-03  11   6  11   5
  2.24135782148242555800E-02  11   6  11   6
 -6.48936814774298579108E-06  11   6  11   7
  2.00887707374399767475E-04  11   6  11   8
  2.44261203741696905699E-05  11   6  11   9
  3.88376062979931269137E-02  11   6  11  10
  5.89031672751988508857E-04  11   6  11  11
 -5.04275095708785520859E-05  11   6  12   1
  1.52603245524435949089E-04  11   6  12   2
 -5.77141319576365894976E-04  11   6  12   3
 -1.02069232359521680303E-04  11   6  12   4
  1.38885252731716594271E-02  11   6  12   5
  1.05803840558288441212E-03  11   6  12   6
  2.53902749666066670810E-07  11   6  12   7
  9.49121492124539375967E-03  11   6  12   8
 -6.24412487441839688401E-07  11   6  12   9
 -9.05739260141790077097E-04  11   6  12  10
  1.15027050258410864364E-02  11   6  12  11
  2.00740930142469725184E-04  11   6  12  12
 -2.73907731596416409222E-07  11   7   1   1
 -3.54447275559740155608E-10  11   7   2   1
 -3.34198218965428733629E-07  11   7   2   2
  4.81429349075334023037E-09  11   7   3   1
 -2.18504088792637732750E-08  11   7   3   2
 -3.78155109986917565236E-07  11   7   3   3
 -9.29741936046450573125E-09  11   7   4   1
 -2.69355976607389173806E-08  11   7   4   2
  3.25658307300231945288E-08  11   7   4   3
  8.99602293523029227956E-08  11   7   4   4
 -5.59558555800732010546E-08  11   7   5   1
  4.18784781016491684395E-06  11   7   5   2
  9.55806535695507805998E-06  11   7   5   3
 -1.64711426147371875364E-05  11   7   5   4
 -1.14426274703331858623E-07  11   7   5   5
 -1.29962384011347984266E-08  11   7   6   1
  5.67610715188058147155E-08  11   7   6   2
  1.93678307104312237330E-07  11   7   6   3
 -2.00488444420420976109E-07  11   7   6   4
 -8.66457653690587021365E-07  11   7   6   5
 -2.34316716771141675609E-07  11   7   6   6
 -5.92753150641557111501E-05  11   7   7   1
  2.63226298097886107633E-05  11   7   7   2
  2.38650384002685471332E-04  11   7   7   3
 -5.29984631255147749479E-05  11   7   7   4
  6.20605735659257584658E-03  11   7   7   5
  5.02609423037690813615E-05  11   7   7   6
 -2.18812336471647018583E-07  11   7   7   7
  1.50322916037629122864E-07  11   7   8   1
  1.42894951278691904276E-06  11   7   8   2
 -9.20129527044179861436E-08  11   7   8   3
 -8.44088988054816464709E-06  11   7   8   4
  1.59561132767630633796E-07  11   7   8   5
  2.91833848521655861278E-06  11   7   8   6
  6.04937904468605923414E-03  11   7   8   7
 -9.37119641000458679468E-08  11   7   8   8
 -6.16517891310294118478E-05  11   7   9   1
 -3.42636673918341735446E-05  11   7   9   2
  1.75741533393183012313E-04  11   7   9   3
  2.00942337242458664856E-04  11   7   9   4
 -1.08011497523128104786E-02  11   7   9   5
 -1.07277714362275411637E-04  11   7   9   6
  6.76571311706450230968E-09  11   7   9   7
  6.93506131993411626888E-04  11   7   9   8
  7.43517230176825281648E-09  11   7   9   9
  3.38629349354528462159E-08  11   7  10   1
  4.07599112442641225374E-08  11   7  10   2
  2.48598896562336804036E-08  11   7  10   3
 -1.98378580492693354242E-07  11   7  10   4
  3.51378619073523244977E-06  11   7  10   5
 -2.79906632018606608788E-08  11   7  10   6
  2.65050010684109553787E-05  11   7  10   7
  6.33101054636135332042E-07  11   7  10   8
  1.15071358699229210664E-04  11   7  10   9
 -2.70498382916317807709E-07  11   7  10  10
  7.14775207829369507337E-08  11   7  11   1
  6.96302959487488473157E-06  11   7  11   2
  8.62602781435989367969E-06  11   7  11   3
 -9.96460131946680121218E-06  11   7  11   4
 -2.67417585531538925717E-07  11   7  11   5
 -6.48936814774563785124E-06  11   7  11   6
  1.06138314985891341752E-02  11   7  11   7
 -1.33563900854847804228E-07  11   7  11   8
 -9.28282742003638979000E-03  11   7  11   9
 -1.10471193020747629417E-05  11   7  11  10
 -1.19245501681555291288E-07  11   7  11  11
  1.19093000080205738122E-08  11   7  12   1
  1.84665431416081153522E-08  11   7  12   2
 -4.00228323453308060965E-08  11   7  12   3
 -9.39661918197076780867E-08  11   7  12   4
 -5.78211332639843872682E-06  11   7  12   5
  7.71494521257000566310E-08  11   7  12   6
  1.10398586099857837759E-04  11   7  12   7
 -2.44110908769862625960E-06  11   7  12   8
  1.68861994423028535881E-04  11   7  12   9
 -2.17616718260551217538E-07  11   7  12  10
 -8.39668228983158224858E-06  11   7  12  11
 -4.74095674331837565754E-08  11   7  12  12
  1.95577355260042273777E-01  11   8   1   1
  1.02274048788175102710E-05  11   8   2   1
  7.64608766241091503124E-02  11   8   2   2
  2.96465196770813238167E-03  11   8   3   1
 -2.27935739826733315110E-04  11   8   3   2
  1.05024964691732905497E-01  11   8   3   3
  9.54321558104462763436E-04  11   8   4   1
  2.35149820828573765871E-03  11   8   4   2
  2.77092254219498956846E-02  11   8   4   3
  7.24885388929689695320E-03  11   8   4   4
  4.88601915651878219190E-05  11   8   5   1
 -2.09553344158815850506E-05  11   8   5   2
 -4.97643733297831398002E-04  11   8   5   3
  3.40563271044916652738E-04  11   8   5   4
  2.68053342247995055048E-02  11   8   5   5
  2.62589619987523643831E-04  11   8   6   1
 -1.42854128704570206357E-03  11   8   6   2
  7.19552886108619504935E-03  11   8   6   3
  5.09357035553541781514E-02  11   8   6   4
 -1.66541304965265880280E-04  11   8   6   5
  9.06900146919003002921E-02  11   8   6   6
 -3.56447963027202424782E-07  11   8   7   1
  3.56252914691243695786E-07  11   8   7   2
  3.40285973602535393349E-06  11   8   7   3
  6.04578148051209361273E-06  11   8   7   4
  8.75253663104757863880E-08  11   8   7   5
  4.20907380886359660301E-06  11   8   7   6
  8.08828325808066406211E-02  11   8   7   7
 -1.00722836611281718654E-04  11   8   8   1
 -9.13698859742743989742E-06  11   8   8   2
  2.61164080036393997895E-04  11   8   8   3
  5.94664860014652006150E-04  11   8   8   4
 -7.17479856523409453839E-02  11   8   8   5
 -2.92697400059713295876E-04  11   8   8   6
 -1.38977869515822828793E-08  11   8   8   7
  8.56472327813060790858E-02  11   8   8   8
  1.74865613894223837441E-08  11   8   9   1
  1.05676065094277013969E-07  11   8   9   2
 -3.16367149863244820132E-06  11   8   9   3
  3.00807461677002287073E-05  11   8   9   4
 -2.47841406266840040918E-07  11   8   9   5
 -2.35095193928285794960E-05  11   8   9   6
  4.35450476167533670480E-02  11   8   9   7
 -2.77184546321697420090E-08  11   8   9   8
  7.59910132395639897895E-02  11   8   9   9
  6.10171985771869361884E-04  11   8  10   1
  2.69163353084429790574E-03  11   8  10   2
  8.30571417895988105100E-04  11   8  10   3
  3.83341216431891673722E-02  11   8  10   4
 -1.80127173070190128900E-04  11   8  10   5
 -2.86744410101705364535E-02  11   8  10   6
 -2.25286952442550925276E-05  11   8  10   7
  9.16831723373306951234E-05  11   8  10   8
 -4.54356188726739475270E-05  11   8  10   9
 -2.92730637921611615282E-02  11   8  10  10
 -1.06740779747360275243E-05  11   8  11   1
 -8.62035683822066851932E-05  11   8  11   2
  2.95720256981112192708E-04  11   8  11   3
 -5.24048550858335665699E-04  11   8  11   4
  3.56067593362055997974E-02  11   8  11   5
  2.00887707374358405162E-04  11   8  11   6
 -1.33563900860808719185E-07  11   8  11   7
  5.76029500660071511198E-02  11   8  11   8
  1.00404832383623232333E-06  11   8  11   9
  1.40583576436078758198E-03  11   8  11  10
 -5.42285970398297554533E-05  11   8  11  11
  2.09526153487966677186E-03  11   8  12   1
 -2.25861182558567078621E-03  11   8  12   2
  2.22340862402875122372E-02  11   8  12   3
  3.04969308717522799568E-03  11   8  12   4
 -3.23941748739492994032E-04  11   8  12   5
 -2.35330986321365433211E-02  11   8  12   6
 -1.08401239849572424736E-05  11   8  12   7
 -3.80376473526348427186E-04  11   8  12   8
  2.46295891848011612349E-05  11   8  12   9
  3.22385639472731536093E-02  11   8  12  10
  8.21266244738639260292E-04  11   8  12  11
  8.10270521904363910659E-02  11   8  12  12
  2.51867677276963715323E-06  11   9   1   1
  6.44364615223961858602E-10  11   9   2   1
  1.35062273847031047727E-07  11   9   2   2
  3.35751425553794461896E-08  11   9   3   1
  4.74262749009312802163E-08  11   9   3   2
  1.40872522910606154160E-06  11   9   3   3
  1.12393680508998563217E-08  11   9   4   1
  4.80133604395764202784E-08  11   9   4   2
  4.60284541720089864333E-07  11   9   4   3
 -2.68024781202810782163E-07  11   9   4   4
  4.04276733222543479408E-07  11   9   5   1
 -8.24135318081502566702E-06  11   9   5   2
 -2.48578197828741687234E-05  11   9   5   3
  5.80889688145252912842E-05  11   9   5   4
  1.54744097493738529433E-07  11   9   5   5
  3.36439024039201300502E-08  11   9   6   1
 -1.16756098383365948783E-07  11   9   6   2
 -1.67793107334427603053E-07  11   9   6   3
  8.40430223909578366843E-07  11   9   6   4
 -1.26443586307995208315E-05  11   9   6   5
  1.15975710165674320647E-06  11   9   6   6
 -6.06339122003867061301E-05  11   9   7   1
 -2.89596738339531519358E-05  11   9   7   2
  2.70228154500765061722E-04  11   9   7   3
  1.86104718880812116093E-04  11   9   7   4
 -1.20997382526622804938E-02  11   9   7   5
 -1.58579325250920842192E-04  11   9   7   6
  9.01377272563724559567E-07  11   9   7   7
 -8.88510149923443277734E-07  11   9   8   1
 -2.83076343718173885805E-06  11   9   8   2
 -1.20869618362193710596E-06  11   9   8   3
  4.08976428601584693009E-05  11   9   8   4
 -9.95653348917389006365E-07  11   9   8   5
 -1.60098908724254872498E-05  11   9   8   6
  2.55543598958353533959E-03  11   9   8   7
  7.91064003330051052945E-07  11   9   8   8
 -6.28794848274738413197E-05  11   9   9   1
  4.05533741309121599614E-05  11   9   9   2
  2.10577417480735650532E-04  11   9   9   3
 -1.04421321285454751738E-04  11   9   9   4
  7.19718307170071156659E-03  11   9   9   5
  1.11568598969151702087E-04  11   9   9   6
  8.70862241806132724373E-07  11   9   9   7
  8.81366448911163544166E-03  11   9   9   8
  7.54177047717591042349E-07  11   9   9   9
  2.40619453604891057267E-08  11   9  10   1
 -6.30229405846478046317E-08  11   9  10   2
 -9.39974042752784296236E-08  11   9  10   3
  8.87281794864691927545E-08  11   9  10   4
 -2.97945398018059457053E-05  11   9  10   5
 -5.28676884229505104945E-08  11   9  10   6
  1.03716647635296649516E-04  11   9  10   7
 -3.26584117307678723592E-05  11   9  10   8
 -1.01199304907764104543E-05  11   9  10   9
  6.23272384421331460327E-07  11   9  10  10
 -3.23574017063983113538E-07  11   9  11   1
 -1.33962670234252692847E-05  11   9  11   2
 -1.21869961689431364875E-05  11   9  11   3
 -5.71741972696901106367E-06  11   9  11   4
  7.70573010575891782206E-07  11   9  11   5
  2.44261203741698023782E-05  11   9  11   6
 -9.28282742003638805528E-03  11   9  11   7
  1.00404832382860352109E-06  11   9  11   8
  1.34185590235483386684E-02  11   9  11   9
  6.78610895455412899656E-05  11   9  11  10
 -1.10854503713265092463E-06  11   9  11  11
  5.86068523808524091825E-09  11   9  12   1
 -3.14779373901774309946E-08  11   9  12   2
  4.53140041629983225784E-07  11   9  12   3
  4.55374411734239757463E-07  11   9  12   4
  1.62064288737118164009E-05  11   9  12   5
 -7.44265552852585451720E-07  11   9  12   6
  1.53252551817759525557E-04  11   9  12   7
  1.03426724650125094620E-05  11   9  12   8
  1.31979188216069118428E-04  11   9  12   9
 -1.79980672055906083739E-07  11   9  12  10
  8.76832745575424868010E-06  11   9  12  11
  6.81974131971634525985E-07  11   9  12  12
  2.43514834973730534898E-03  11  10   1   1
  8.89289455575564260362E-07  11  10   2   1
  1.78074523717886647233E-04  11  10   2   2
  2.77497939427686232075E-05  11  10   3   1
  6.76218746273505336110E-05  11  10   3   2
  1.49840881547013576348E-03  11  10   3   3
  2.28427294283350238477E-05  11  10   4   1
  7.77501624107188314987E-05  11  10   4   2
  3.99169636951347893243E-04  11  10   4   3
 -4.29077396822464954881E-04  11  10   4   4
  9.38734134684547248326E-04  11  10   5   1
 -1.15704079348934747024E-02  11  10   5   2
 -3.90884170936890637527E-02  11  10   5   3
  9.50817275776801307252E-02  11  10   5   4
  3.57855948731442496079E-04  11  10   5   5
  5.53402867997548455537E-05  11  10   6   1
 -1.79402969113766667334E-04  11  10   6   2
 -3.68814550369077212913E-04  11  10   6   3
  9.53694716648592079843E-04  11  10   6   4
 -2.77891823535215756746E-02  11  10   6   5
  1.01782289448232418812E-03  11  10   6   6
  2.55258395769270027371E-08  11  10   7   1
  5.41550543787794639044E-08  11  10   7   2
  8.02419176331494963202E-09  11  10   7   3
 -5.59942421717242264851E-08  11  10   7   4
 -3.29064452426313802121E-06  11  10   7   5
  4.61476894276182778197E-08  11  10   7   6
  9.09902644156136176934E-04  11  10   7   7
 -1.96070643982819902904E-03  11  10   8   1
 -4.01624919605385495569E-03  11  10   8   2
 -6.22500861657928499827E-04  11  10   8   3
  6.91497137671562983607E-02  11  10   8   4
 -9.71436822702535546399E-04  11  10   8   5
 -2.71050789856330971717E-02  11  10   8   6
 -6.83971805290674853055E-06  11  10   8   7
  7.13132320664835940745E-04  11  10   8   8
  2.90395786853984691999E-09  11  10   9   1
 -6.51821591881168742684E-08  11  10   9   2
 -1.16444886935400206921E-07  11  10   9   3
  2.55547060316879271828E-07  11  10   9   4
 -2.98086210513761857112E-05  11  10   9   5
 -1.28740428425321835835E-07  11  10   9   6
  7.03872450677727910448E-04  11  10   9   7
 -3.31028744853283302726E-05  11  10   9   8
  6.81357993521054979003E-04  11  10   9   9
 -1.45935634249937252999E-05  11  10  10   1
 -3.17833081820179203457E-05  11  10  10   2
 -1.87853944865009440403E-05  11  10  10   3
 -3.39668229603689089940E-04  11  10  10   4
 -5.24941811582455494789E-02  11  10  10   5
  3.05977770268287387143E-04  11  10  10   6
 -3.77891165167463755710E-07  11  10  10   7
 -5.51287367833963731778E-02  11  10  10   8
  2.82377703815104249129E-07  11  10  10   9
  1.38298383396469565070E-03  11  10  10  10
 -6.63387077321211590664E-04  11  10  11   1
 -1.82347058316270939360E-02  11  10  11   2
 -1.23812877216047216578E-02  11  10  11   3
 -2.52208077021212860591E-02  11  10  11   4
  1.31255151812639694713E-03  11  10  11   5
  3.88376062979930505858E-02  11  10  11   6
 -1.10471193020804550031E-05  11  10  11   7
  1.40583576436089253275E-03  11  10  11   8
  6.78610895455467922916E-05  11  10  11   9
  1.28537192873735883758E-01  11  10  11  10
 -1.86051013128773405463E-03  11  10  11  11
 -1.07496266766609594557E-05  11  10  12   1
 -6.05105922833660441525E-05  11  10  12   2
  4.00020717776810382123E-04  11  10  12   3
  8.69286995655854351564E-04  11  10  12   4
  2.57240700179403418424E-02  11  10  12   5
 -8.91943070678280036483E-04  11  10  12   6
 -2.79033825217968983001E-07  11  10  12   7
  1.83125745020552323228E-02  11  10  12   8
 -2.52986861546039934545E-07  11  10  12   9
 -6.75626205753778624231E-04  11  10  12  10
  6.42637600316683672147E-03  11  10  12  11
  8.22415069331678587686E-04  11  10  12  12
  3.86163745346357334398E-01  11  11   1   1
 -8.71280961108822701996E-06  11  11   2   1
  7.48663094630882763880E-01  11  11   2   2
 -1.26727010886047876522E-04  11  11   3   1
 -5.45781096469052755260E-03  11  11   3   2
  4.23649514975946828166E-01  11  11   3   3
  1.38851403630900309405E-03  11  11   4   1
  7.85527754732874214372E-03  11  11   4   2
 -4.93810791559516765181E-02  11  11   4   3
  4.85287703802264713815E-01  11  11   4   4
  1.37043290943482873459E-05  11  11   5   1
  4.53101472054677096852E-05  11  11   5   2
  2.48944209288509015789E-04  11  11   5   3
 -1.17811358483198205110E-03  11  11   5   4
  4.92827066628199583764E-01  11  11   5   5
  4.59692754071796411131E-03  11  11   6   1
  1.17564955400869587156E-03  11  11   6   2
 -6.31315857655703194240E-02  11  11   6   3
 -5.22707715610615450408E-02  11  11   6   4
  8.93553404407699007270E-04  11  11   6   5
  3.97433610369802015061E-01  11  11   6   6
  1.09916561199216555986E-06  11  11   7   1
 -1.75037344333014879145E-06  11  11   7   2
 -3.59949875574536807738E-06  11  11   7   3
 -1.91973554473304021980E-05  11  11   7   4
 -1.07020526779800438648E-07  11  11   7   5
 -1.22326071176956815799E-05  11  11   7   6
  4.26788393082776440490E-01  11  11   7   7
 -3.48625645824616797654E-05  11  11   8   1
  1.91537839706092364743E-05  11  11   8   2
  2.85694182227525731842E-04  11  11   8   3
 -1.14913915417439870155E-03  11  11   8   4
  6.52444372501251312890E-02  11  11   8   5
  6.00369163891243144346E-04  11  11   8   6
  1.44456108142867592665E-07  11  11   8   7
  3.98808474041369043217E-01  11  11   8   8
 -8.13401325924262294494E-07  11  11   9   1
  3.93128578744577497433E-06  11  11   9   2
 -2.85221525457790225257E-06  11  11   9   3
  1.12089249075897290988E-05  11  11   9   4
  7.70387715997713730616E-07  11  11   9   5
  2.32976120827999420740E-05  11  11   9   6
 -8.81790670202155651980E-02  11  11   9   7
  5.25732716486398071005E-07  11  11   9   8
  4.49241096420888053053E-01  11  11   9   9
 -1.40378147823264228487E-03  11  11  10   1
  8.00463239039638993488E-03  11  11  10   2
 -1.68699724516755966697E-02  11  11  10   3
  4.58835547778525670859E-02  11  11  10   4
  1.78992195517987148605E-03  11  11  10   5
  6.80691693546296196227E-03  11  11  10   6
  3.96352116595940289173E-05  11  11  10   7
  1.11842977329070533514E-03  11  11  10   8
  1.26438883474124046216E-05  11  11  10   9
  5.09779397242834719783E-01  11  11  10  10
 -5.32614646699494404414E-05  11  11  11   1
  2.67210765354258635631E-06  11  11  11   2
 -3.28584523224551830131E-04  11  11  11   3
  6.72545853821440069512E-04  11  11  11   4
  7.43071411600058767677E-02  11  11  11   5
  5.89031672751964439569E-04  11  11  11   6
 -1.19245501672638734271E-07  11  11  11   7
 -5.42285970398095825166E-05  11  11  11   8
 -1.10854503714300039670E-06  11  11  11   9
 -1.86051013128774684821E-03  11  11  11  10
  5.53904159035953469470E-01  11  11  11  11
 -4.30004204304523188901E-03  11  11  12   1
  1.53660558037908346642E-03  11  11  12   2
 -3.06871415429171116862E-02  11  11  12   3
  7.52304834573310019646E-03  11  11  12   4
 -1.15702962571034590616E-03  11  11  12   5
  7.38247376246110170728E-02  11  11  12   6
  6.89414135090234595046E-06  11  11  12   7
  8.03620110749101242045E-06  11  11  12   8
 -1.42470307759655155617E-05  11  11  12   9
 -1.41148602238227172112E-02  11  11  12  10
 -6.67302509055785740034E-05  11  11  12  11
  5.00029871639259937410E-01  11  11  12  12
  2.02176074622710588713E-01  12   1   1   1
 -3.18257742832486222365E-05  12   1   2   1
 -9.15492856093341397794E-03  12   1   2   2
  3.06924412848963400202E-02  12   1   3   1
 -1.37865508948427817511E-04  12   1   3   2
 -6.00279732594650485000E-03  12   1   3   3
  8.47274727456024355499E-03  12   1   4   1
 -2.16060804752277960811E-04  12   1   4   2
  6.46472802326407240681E-03  12   1   4   3
  1.61118064171752377149E-03  12   1   4   4
  2.50615587442755238898E-05  12   1   5   1
 -2.13255761914295017512E-06  12   1   5   2
 -8.67489051096934288883E-05  12   1   5   3
 -3.74818779770677730761E-05  12   1   5   4
 -3.24730860790467968507E-03  12   1   5   5
 -3.35803516799191344860E-03  12   1   6   1
  2.73806393840058575131E-04  12   1   6   2
  1.95160823521822006377E-02  12   1   6   3
  1.13711985808398804293E-02  12   1   6   4
 -5.86970794013171360301E-05  12   1   6   5
  1.46671217038047401598E-02  12   1   6   6
 -2.26133339898580455684E-06  12   1   7   1
  1.38581902754796067004E-07  12   1   7   2
  2.59135302426962301259E-06  12   1   7   3
  1.61904566839936051446E-06  12   1   7   4
 -2.74193578611222445129E-09  12   1   7   5
  2.41139667680960988612E-06  12   1   7   6
 -1.44900157669979631585E-03  12   1   7   7
 -1.00629729135303568272E-04  12   1   8   1
 -4.80716562869173278610E-08  12   1   8   2
  9.91145893220336506252E-05  12   1   8   3
  5.17136137954973565899E-05  12   1   8   4
 -3.06139628132681999514E-03  12   1   8   5
  3.43085485461488092461E-05  12   1   8   6
 -6.92703025992210619515E-09  12   1   8   7
  3.37073595752657335922E-03  12   1   8   8
  5.19987579596496824835E-06  12   1   9   1
 -2.05779558562430477589E-07  12   1   9   2
 -4.26164407586462062877E-06  12   1   9   3
 -1.97994887959557115404E-06  12   1   9   4
  5.35853784880188856679E-10  12   1   9   5
 -2.89281071937156549634E-06  12   1   9   6
  5.88172579747080030710E-03  12   1   9   7
  1.45419241637631474497E-08  12   1   9   8
  6.01769203999750188806E-04  12   1   9   9
  9.16567260010169894413E-03  12   1  10   1
 -2.48704405241688603946E-04  12   1  10   2
 -3.49310467767431241312E-03  12   1  10   3
 -2.92802415509705237992E-03  12   1  10   4
 -2.93645082816340351791E-05  12   1  10   5
 -1.38729442221485733087E-03  12   1  10   6
 -3.50625405218246696541E-06  12   1  10   7
  2.78480253428355419302E-05  12   1  10   8
 -1.76876830499064030699E-06  12   1  10   9
 -4.19481148903135848960E-03  12   1  10  10
  2.59852729284007564602E-04  12   1  11   1
  4.15111423887079913648E-06  12   1  11   2
 -7.78645770085636626133E-05  12   1  11   3
 -2.43088935399820718706E-05  12   1  11   4
 -3.39690903309303182667E-03  12   1  11   5
 -5.04275095708601748591E-05  12   1  11   6
  1.19093000067381560039E-08  12   1  11   7
  2.09526153487966156769E-03  12   1  11   8
  5.86068523003922945734E-09  12   1  11   9
 -1.07496266766409677841E-05  12   1  11  10
 -4.30004204304527872654E-03  12   1  11  11
  3.07123686584149652168E-02  12   1  12   1
  4.28952410947166943092E-04  12   1  12   2
 -8.98493784245159819724E-03  12   1  12   3
 -4.88128730526402997841E-03  12   1  12   4
  4.24265117212502634284E-05  12   1  12   5
 -5.58168485457489777640E-03  12   1  12   6
 -1.64009820607263125478E-07  12   1  12   7
  1.23505772063390339060E-05  12   1  12   8
 -6.62876287842813871006E-07  12   1  12   9
 -1.73815222962203403019E-03  12   1  12  10
 -3.41271627969586398180E-05  12   1  12  11
 -9.80119725146495583690E-03  12   1  12  12
 -1.30912702583782757093E-02  12   2   1   1
 -1.18718479277518779136E-04  12   2   2   1
  1.11440298861566422506E-01  12   2   2   2
  1.11342063091062368706E-04  12   2   3   1
 -1.30402014151079978510E-02  12   2   3   2
 -1.64319356000187447031E-02  12   2   3   3
 -9.88211652944278386461E-05  12   2   4   1
  6.95625541606638853748E-03  12   2   4   2
 -2.96077586284526237878E-03  12   2   4   3
  1.46937438675967171203E-02  12   2   4   4
  2.86494536366495919428E-06  12   2   5   1
 -1.80875800165333533746E-04  12   2   5   2
 -1.40219056080760146521E-04  12   2   5   3
  2.54362006213475102916E-04  12   2   5   4
  2.57963103101724528562E-04  12   2   5   5
 -5.02669564926555806177E-04  12   2   6   1
  1.32365197572252499270E-02  12   2   6   2
  8.74367047458666710180E-03  12   2   6   3
 -1.17988589003971654223E-02  12   2   6   4
 -1.24629554853009890590E-05  12   2   6   5
 -8.13242793247437485704E-03  12   2   6   6
 -1.00078003825201733989E-07  12   2   7   1
 -9.01494971800422882258E-07  12   2   7   2
  1.68795537641415537346E-06  12   2   7   3
 -6.65508470293140655096E-06  12   2   7   4
 -7.57970383429517348062E-08  12   2   7   5
  2.25675010987031143096E-06  12   2   7   6
 -6.43805406814112156366E-03  12   2   7   7
 -5.09183828496935939555E-06  12   2   8   1
 -4.90313893621907963814E-05  12   2   8   2
  1.81217918828327086253E-05  12   2   8   3
  9.88358860682035758908E-05  12   2   8   4
  8.22562719406445472248E-03  12   2   8   5
 -1.76405534872765906382E-05  12   2   8   6
 -1.55384183769088372301E-08  12   2   8   7
 -5.06953569571830502810E-03  12   2   8   8
  1.58526710350599041055E-07  12   2   9   1
  2.59117573779649794274E-06  12   2   9   2
 -2.02258485639149993449E-06  12   2   9   3
  6.53554803472170331500E-06  12   2   9   4
  5.66905691065206857795E-08  12   2   9   5
 -1.79008616637462258130E-06  12   2   9   6
 -6.66982995293085960398E-03  12   2   9   7
 -1.98752123699766979862E-08  12   2   9   8
 -1.44793767731892192123E-03  12   2   9   9
  1.81555206455338819611E-04  12   2  10   1
  6.28317231841793270852E-03  12   2  10   2
 -2.27645289252316777515E-03  12   2  10   3
  1.02857720964401738728E-02  12   2  10   4
  5.97026524666743494893E-05  12   2  10   5
 -5.01248062737023707125E-03  12   2  10   6
 -3.17628078316225704136E-06  12   2  10   7
 -3.62763387531620396659E-05  12   2  10   8
  1.09591977634860847547E-05  12   2  10   9
  1.65902544440954397009E-02  12   2  10  10
  2.02464778169594859225E-06  12   2  11   1
 -3.54147787530149785531E-05  12   2  11   2
 -7.32804051711295469053E-05  12   2  11   3
 -1.01938134957632009730E-04  12   2  11   4
 -1.71417420847771637647E-03  12   2  11   5
  1.52603245524435271463E-04  12   2  11   6
  1.84665431429016239982E-08  12   2  11   7
 -2.25861182558567208725E-03  12   2  11   8
 -3.14779373871080152043E-08  12   2  11   9
 -6.05105922833505536140E-05  12   2  11  10
  1.53660558037909712736E-03  12   2  11  11
  4.28952410947165642049E-04  12   2  12   1
  2.74893493716165705776E-02  12   2  12   2
  3.00594303750896605504E-03  12   2  12   3
 -1.27410936212288133929E-02  12   2  12   4
  9.32186460695458990466E-05  12   2  12   5
  2.26037935014433222572E-03  12   2  12   6
  6.13363582936432356256E-06  12   2  12   7
  7.10099250580767811210E-05  12   2  12   8
 -1.06210113573755507416E-05  12   2  12   9
 -1.50073017251511498654E-02  12   2  12  10
  1.34819307146501914975E-04  12   2  12  11
 -7.60147938407359970853E-03  12   2  12  12
  2.68170467544383839265E-01  12   3   1   1
 -4.44690010259702639699E-06  12   3   2   1
 -1.00927987304792757262E-01  12   3   2   2
  4.60985539357783129233E-03  12   3   3   1
  1.52757276462508226160E-03  12   3   3   2
  1.02269349749843127539E-01  12   3   3   3
  6.31390885056735441661E-03  12   3   4   1
 -4.15341335472401134571E-03  12   3   4   2
  3.68126873301800536242E-02  12   3   4   3
 -1.20361974995933894428E-02  12   3   4   4
 -5.75971967795006032525E-05  12   3   5   1
 -7.50231694738740922121E-05  12   3   5   2
 -1.37082341142697762808E-04  12   3   5   3
  1.25571714998643754789E-04  12   3   5   4
  5.78932771305000135054E-03  12   3   5   5
  1.51805545709829074058E-02  12   3   6   1
  1.24101597054033303998E-03  12   3   6   2
 -7.93463942223252699515E-03  12   3   6   3
  1.96210054817202265987E-02  12   3   6   4
  9.81458860242193553616E-05  12   3   6   5
  4.53713736661055522248E-02  12   3   6   6
  2.08343194838666597541E-06  12   3   7   1
  1.29735142615732984989E-06  12   3   7   2
 -1.09765997849187115534E-05  12   3   7   3
  1.25714202035000172591E-05  12   3   7   4
  3.30721828395702148169E-08  12   3   7   5
  9.75371385258449440103E-06  12   3   7   6
  5.22354851711937379077E-02  12   3   7   7
  6.59349831618744861060E-05  12   3   8   1
 -1.88507416250225737502E-05  12   3   8   2
 -2.37471690705773883813E-04  12   3   8   3
  8.01570910661827100039E-05  12   3   8   4
 -6.55706347906638981060E-02  12   3   8   5
 -2.64301514353577730876E-04  12   3   8   6
 -1.17328239255880060856E-07  12   3   8   7
  8.83261754575961760549E-02  12   3   8   8
 -3.22018806151606445040E-06  12   3   9   1
 -2.59951261643429271976E-06  12   3   9   2
  1.85023079841667986028E-05  12   3   9   3
  5.07461137425878682725E-06  12   3   9   4
  3.61299197195614541347E-08  12   3   9   5
 -2.39037886308637357951E-05  12   3   9   6
  8.65864134591816936304E-02  12   3   9   7
  2.12758841192293007869E-07  12   3   9   8
  3.74535301179302962393E-02  12   3   9   9
 -3.15022341193490042557E-03  12   3  10   1
 -4.55913449600972662396E-03  12   3  10   2
  3.23512708962516368216E-02  12   3  10   3
 -7.52020754790729602929E-03  12   3  10   4
 -1.41621536901724039527E-04  12   3  10   5
 -1.75372818337535228694E-02  12   3  10   6
 -4.11475864089875620171E-05  12   3  10   7
  2.24489302956879335262E-04  12   3  10   8
 -1.64602835644780457727E-05  12   3  10   9
 -1.83208182012636125457E-02  12   3  10  10
 -7.04716413063131719976E-05  12   3  11   1
 -4.09994521656075193742E-05  12   3  11   2
  6.07498236371996781086E-04  12   3  11   3
  2.93763302724735849043E-04  12   3  11   4
 -2.96208025030046326331E-02  12   3  11   5
 -5.77141319576405793616E-04  12   3  11   6
 -4.00228323420615699400E-08  12   3  11   7
  2.22340862402875122372E-02  12   3  11   8
  4.53140041696153810200E-07  12   3  11   9
  4.00020717776765116682E-04  12   3  11  10
 -3.06871415429170214806E-02  12   3  11  11
 -8.98493784245168840286E-03  12   3  12   1
  3.00594303750895608038E-03  12   3  12   2
  9.15679950739284459482E-02  12   3  12   3
  6.33816782131573896314E-03  12   3  12   4
  5.80243945913249889457E-04  12   3  12   5
 -5.59047452623859797427E-02  12   3  12   6
 -8.12686282466522229610E-06  12   3  12   7
 -3.49457069073305626704E-04  12   3  12   8
  2.06551579527522041963E-05  12   3  12   9
  2.72759161084050912038E-02  12   3  12  10
  1.01670585169841179267E-03  12   3  12  11
  5.35137694226942781106E-02  12   3  12  12
  2.62728942549064863055E-02  12   4   1   1
  4.36815333617936253142E-05  12   4   2   1
 -1.19957158120377396782E-02  12   4   2   2
 -6.77500700178281715751E-05  12   4   3   1
  2.89812968411981564110E-03  12   4   3   2
  3.55955198193010566299E-02  12   4   3   3
  1.77567256025695048224E-03  12   4   4   1
  4.30419541234726768519E-03  12   4   4   2
 -1.18412841366541485982E-03  12   4   4   3
 -3.30978980708464196048E-02  12   4   4   4
 -2.79091693920174856137E-05  12   4   5   1
  1.02892320739526142042E-04  12   4   5   2
  2.19839474046628171374E-04  12   4   5   3
  2.23173991644975572301E-05  12   4   5   4
  8.24527377562169275227E-03  12   4   5   5
  5.86633770317556303003E-03  12   4   6   1
 -6.89379872611743486910E-03  12   4   6   2
 -2.84397103887529395516E-02  12   4   6   3
  1.51598998072920137375E-02  12   4   6   4
 -3.32011020163598129956E-05  12   4   6   5
 -1.37736168188914345073E-02  12   4   6   6
  3.86127643875342539039E-07  12   4   7   1
 -3.91021354372099693960E-06  12   4   7   2
 -7.55063589050793064592E-06  12   4   7   3
  1.86473812229434611194E-05  12   4   7   4
  1.56006595485406459805E-07  12   4   7   5
 -9.24770200615919842806E-06  12   4   7   6
  1.54729774676054566973E-02  12   4   7   7
  4.06979614011569745553E-05  12   4   8   1
  2.17189936357939085377E-05  12   4   8   2
 -1.83737101142301679883E-04  12   4   8   3
  1.03927911380958449996E-04  12   4   8   4
 -1.21033945212271568798E-02  12   4   8   5
 -2.17843489189442786726E-04  12   4   8   6
  6.73267855850208898055E-09  12   4   8   7
  1.10428494358783130247E-02  12   4   8   8
 -2.09242694151666328156E-06  12   4   9   1
  5.78251306247998166104E-06  12   4   9   2
  1.12054653777894954716E-05  12   4   9   3
 -1.79577892527006408919E-05  12   4   9   4
 -3.42487062661509836882E-07  12   4   9   5
  9.95723832526022899821E-06  12   4   9   6
  9.22780841854347992637E-03  12   4   9   7
 -1.71976944227943435709E-07  12   4   9   8
  4.00180252897131775308E-03  12   4   9   9
 -1.71302903417174358716E-03  12   4  10   1
  5.57390462140918644535E-03  12   4  10   2
  6.26246958547967483288E-03  12   4  10   3
 -1.81749138696486699229E-02  12   4  10   4
 -4.41124862860459827051E-04  12   4  10   5
  1.60826906625179989752E-02  12   4  10   6
  1.37962033271265230468E-05  12   4  10   7
 -3.00592180892054073454E-04  12   4  10   8
 -2.21849131876372055849E-05  12   4  10   9
 -2.01959311183677707457E-02  12   4  10  10
 -3.48203500869056069181E-05  12   4  11   1
 -4.73322173111122610585E-05  12   4  11   2
  2.12092233624518427659E-04  12   4  11   3
  1.32054536186974831374E-04  12   4  11   4
  7.35891753686124510531E-03  12   4  11   5
 -1.02069232359534622966E-04  12   4  11   6
 -9.39661918341616732918E-08  12   4  11   7
  3.04969308717519677066E-03  12   4  11   8
  4.55374411736960639048E-07  12   4  11   9
  8.69286995655761652278E-04  12   4  11  10
  7.52304834573319300417E-03  12   4  11  11
 -4.88128730526404125412E-03  12   4  12   1
 -1.27410936212288151276E-02  12   4  12   2
  6.33816782131569212561E-03  12   4  12   3
  3.98463212486084572550E-02  12   4  12   4
 -1.12317058300433629038E-04  12   4  12   5
 -2.96148485026720377153E-03  12   4  12   6
 -8.47750934935009192077E-06  12   4  12   7
 -7.09366322353006793387E-05  12   4  12   8
  1.93751778457437063695E-05  12   4  12   9
  2.96627601325777784380E-02  12   4  12  10
 -4.71278535517149284491E-04  12   4  12  11
  8.42989244201664163214E-03  12   4  12  12
  3.33087828863929888423E-04  12   5   1   1
  4.14888437209193198845E-09  12   5   2   1
 -3.48773734724509322513E-03  12   5   2   2
  2.82771555698707881439E-05  12   5   3   1
  3.56829115058367667785E-05  12   5   3   2
 -7.91720175417631147514E-04  12   5   3   3
 -9.30035992869502191727E-07  12   5   4   1
 -6.64637172791078306624E-05  12   5   4   2
  4.04371187497621807031E-04  12   5   4   3
 -7.48152233866627102386E-04  12   5   4   4
 -2.33202479463177079003E-03  12   5   5   1
 -4.42763098950789239783E-03  12   5   5   2
 -8.32897153615133264970E-03  12   5   5   3
  2.48360889284385093212E-02  12   5   5   4
 -8.60239612064820323434E-04  12   5   5   5
 -4.73007402019237459256E-05  12   5   6   1
 -1.00848724387359115075E-05  12   5   6   2
  6.15547463006614094250E-04  12   5   6   3
  2.03862421745895362442E-04  12   5   6   4
  1.23780903557886351116E-03  12   5   6   5
 -3.28119748918742648071E-04  12   5   6   6
 -1.18813369810475638927E-08  12   5   7   1
 -1.41025041601864899096E-08  12   5   7   2
 -1.20429951796811657074E-07  12   5   7   3
  2.85008033533612698501E-07  12   5   7   4
 -2.18503040442587800982E-06  12   5   7   5
  1.44158068292779368176E-07  12   5   7   6
 -8.73399245103634942929E-04  12   5   7   7
  4.37912334624924928089E-03  12   5   8   1
 -1.31762301048044829475E-03  12   5   8   2
 -1.48123490976359503679E-02  12   5   8   3
  9.65043858782716965083E-03  12   5   8   4
 -1.97064156757024619947E-04  12   5   8   5
 -2.35002309968293000841E-03  12   5   8   6
 -2.96499442850461639566E-08  12   5   8   7
 -6.75605798777755277729E-05  12   5   8   8
  2.20124703998377897866E-08  12   5   9   1
 -4.99230167375678800220E-09  12   5   9   2
  1.03005749609311647208E-07  12   5   9   3
 -6.44170371035489727166E-07  12   5   9   4
 -2.84816739556502104968E-06  12   5   9   5
 -4.62423959977958004977E-08  12   5   9   6
  7.96625896129587985316E-04  12   5   9   7
 -7.82220246200493743644E-06  12   5   9   8
 -9.72415593523575142419E-04  12   5   9   9
  3.07608363656079790644E-05  12   5  10   1
 -1.24909295362269452331E-04  12   5  10   2
  1.24316081931488442739E-04  12   5  10   3
 -9.30064962531770410975E-04  12   5  10   4
 -4.61288674541517756955E-03  12   5  10   5
  3.21820978520738726174E-04  12   5  10   6
 -2.77252638578289945155E-07  12   5  10   7
 -1.27757871363125483088E-02  12   5  10   8
  3.74180382848884814907E-07  12   5  10   9
 -9.11071802761505278572E-05  12   5  10  10
  1.30482702682609467103E-03  12   5  11   1
 -7.22590339089008559109E-03  12   5  11   2
 -1.57038801673507998069E-02  12   5  11   3
  2.81017188453840062110E-03  12   5  11   4
 -8.22125150608854970632E-04  12   5  11   5
  1.38885252731716542229E-02  12   5  11   6
 -5.78211332640814741846E-06  12   5  11   7
 -3.23941748739511967570E-04  12   5  11   8
  1.62064288737129141556E-05  12   5  11   9
  2.57240700179403661285E-02  12   5  11  10
 -1.15702962571034287040E-03  12   5  11  11
  4.24265117212243306677E-05  12   5  12   1
  9.32186460695363174099E-05  12   5  12   2
  5.80243945913235686408E-04  12   5  12   3
 -1.12317058300463241309E-04  12   5  12   4
  2.57086960175850302857E-02  12   5  12   5
 -8.16410496607144022842E-04  12   5  12   6
  9.24020113072183695740E-08  12   5  12   7
 -3.84860273842436810543E-03  12   5  12   8
 -2.35542551718129586766E-07  12   5  12   9
 -2.72121121412715282189E-04  12   5  12  10
  1.38883079052995461744E-02  12   5  12  11
 -1.60994945847355822206E-03  12   5  12  12
 -2.35995668906590377878E-01  12   6   1   1
 -1.70000394866766168589E-05  12   6   2   1
  2.04234499202045977073E-01  12   6   2   2
 -4.33687900885934389528E-03  12   6   3   1
 -3.22675226094192978826E-03  12   6   3   2
 -5.79272206042884055255E-02  12   6   3   3
 -6.17848937337704359231E-04  12   6   4   1
  3.84772151934761495393E-03  12   6   4   2
 -5.79874640387237558214E-02  12   6   4   3
  5.22833026082246757338E-02  12   6   4   4
 -3.69541379123511005045E-05  12   6   5   1
  2.86847489895534959320E-05  12   6   5   2
  4.41544096991172620604E-04  12   6   5   3
  2.19479444574604523784E-05  12   6   5   4
  3.23001166210300366677E-02  12   6   5   5
  2.04807880139563870323E-03  12   6   6   1
  1.43339080856173437493E-03  12   6   6   2
 -5.10785316422338944720E-02  12   6   6   3
 -7.73324827430035555142E-02  12   6   6   4
  2.84283050314271278948E-04  12   6   6   5
 -8.53830985415257454063E-02  12   6   6   6
  7.16392076733760168879E-07  12   6   7   1
  9.11438163016154315478E-07  12   6   7   2
  9.59661688015240068835E-06  12   6   7   3
 -3.21556436178341785957E-05  12   6   7   4
 -6.04827688949337772975E-08  12   6   7   5
 -1.93911127525301327527E-05  12   6   7   6
 -1.77850234492003475562E-02  12   6   7   7
  7.60664650522819619539E-05  12   6   8   1
  6.61924374607358361264E-06  12   6   8   2
 -2.14811413045908023789E-04  12   6   8   3
 -4.67469308676744571465E-04  12   6   8   4
  7.70920234050872232867E-02  12   6   8   5
  9.39650248118031509266E-05  12   6   8   6
  1.30117208151215961199E-07  12   6   8   7
 -7.14330664671114778930E-02  12   6   8   8
 -9.28316494937295297232E-07  12   6   9   1
 -1.74075934705895449087E-07  12   6   9   2
 -9.89377763282991123776E-06  12   6   9   3
  2.24266469658047801227E-05  12   6   9   4
  1.41795361620926335688E-07  12   6   9   5
  3.57777293019115997011E-05  12   6   9   6
 -1.11168539980564612391E-01  12   6   9   7
 -1.33969999485342332474E-07  12   6   9   8
 -2.15699237248723283550E-03  12   6   9   9
 -1.65461249181730603135E-03  12   6  10   1
  3.73349352798730714162E-03  12   6  10   2
 -2.29914220747102875098E-02  12   6  10   3
  4.09503364453445359294E-02  12   6  10   4
  5.92264767332324965424E-04  12   6  10   5
  1.71276108454123110469E-02  12   6  10   6
  4.44524796044947300799E-05  12   6  10   7
 -5.78341308781492966927E-05  12   6  10   8
  2.86117015013499400688E-05  12   6  10   9
  7.02342750631980983211E-02  12   6  10  10
 -3.02943509360255921591E-05  12   6  11   1
  4.11532285847324383354E-05  12   6  11   2
 -4.08486216255327181778E-04  12   6  11   3
 -2.82597821387221197296E-04  12   6  11   4
  4.60295088791097539715E-02  12   6  11   5
  1.05803840558284603136E-03  12   6  11   6
  7.71494521337580266420E-08  12   6  11   7
 -2.35330986321364982183E-02  12   6  11   8
 -7.44265552835309473607E-07  12   6  11   9
 -8.91943070678289902722E-04  12   6  11  10
  7.38247376246110309506E-02  12   6  11  11
 -5.58168485457486568402E-03  12   6  12   1
  2.26037935014433005732E-03  12   6  12   2
 -5.59047452623859172927E-02  12   6  12   3
 -2.96148485026715086246E-03  12   6  12   4
 -8.16410496607117351468E-04  12   6  12   5
  1.04650107983082191199E-01  12   6  12   6
  1.38872159657017083461E-05  12   6  12   7
  2.48999983824189723668E-04  12   6  12   8
 -2.90077652241396236076E-05  12   6  12   9
 -3.98261171865714816431E-02  12   6  12  10
 -6.24707646034173050796E-04  12   6  12  11
  8.35715489267261843476E-03  12   6  12  12
 -6.00043975476100083992E-05  12   7   1   1
 -2.13241015256362765116E-08  12   7   2   1
  2.59690018197429832306E-05  12   7   2   2
 -6.43230892948333723297E-07  12   7   3   1
 -1.42978928922387341052E-06  12   7   3   2
 -2.98347604341981434948E-05  12   7   3   3
 -1.11715439503482060065E-06  12   7   4   1
 -2.47445947084834068681E-06  12   7   4   2
 -1.18549379355374871487E-05  12   7   4   3
  2.64987702532505954036E-05  12   7   4   4
 -6.40193123009886952503E-09  12   7   5   1
 -6.16563160565555042933E-08  12   7   5   2
 -6.66249203243879599912E-08  12   7   5   3
  3.07982825966230983319E-07  12   7   5   4
  4.12330006969172110725E-06  12   7   5   5
 -5.67687852379781052390E-07  12   7   6   1
  4.34844178783763068649E-06  12   7   6   2
  2.39826125310747696859E-06  12   7   6   3
 -2.65483102728658857696E-05  12   7   6   4
  1.57932921232364960322E-08  12   7   6   5
 -2.48153530018179709407E-05  12   7   6   6
 -6.07810395220840116864E-03  12   7   7   1
 -3.94996689433192889329E-03  12   7   7   2
  1.00044525376720028903E-02  12   7   7   3
  1.33336893045820116532E-02  12   7   7   4
 -9.06575465968808582012E-05  12   7   7   5
  5.48512798459762241504E-03  12   7   7   6
 -2.12012084733926380021E-05  12   7   7   7
  7.34781798363698004272E-09  12   7   8   1
 -2.05080371142888214497E-08  12   7   8   2
 -2.64671192554096458876E-08  12   7   8   3
  6.88428107823629896554E-08  12   7   8   4
  2.36585009581204142298E-05  12   7   8   5
  1.24663708144488117635E-08  12   7   8   6
 -8.30668474953796679219E-05  12   7   8   7
 -1.76471707211584885307E-05  12   7   8   8
 -6.25341000123462269211E-03  12   7   9   1
  4.69195012784093083702E-03  12   7   9   2
  2.73520279580705474864E-02  12   7   9   3
 -3.33573138857032758936E-03  12   7   9   4
  1.19379766365221306763E-04  12   7   9   5
 -6.79194265221847066905E-03  12   7   9   6
 -1.30223755084070549415E-05  12   7   9   7
 -1.32993014830631567488E-05  12   7   9   8
 -1.29533331557573484869E-05  12   7   9   9
  2.85979873842426779172E-06  12   7  10   1
 -6.70447712014506026263E-06  12   7  10   2
 -2.05637006451034784721E-05  12   7  10   3
  1.56153402334334529748E-05  12   7  10   4
 -4.15579426837788828677E-08  12   7  10   5
  3.85288586384599369804E-06  12   7  10   6
  1.29490292768657030281E-02  12   7  10   7
 -1.10554411385922657153E-07  12   7  10   8
 -4.51614138976213271709E-03  12   7  10   9
  3.69307288893666563982E-05  12   7  10  10
 -1.08173926629056309990E-08  12   7  11   1
  2.78808876661546997895E-08  12   7  11   2
 -9.66509323857847436652E-08  12   7  11   3
 -1.10362233345862760170E-07  12   7  11   4
 -2.59405541447560107529E-06  12   7  11   5
  2.53902749664572981147E-07  12   7  11   6
  1.10398586099866308089E-04  12   7  11   7
 -1.08401239849860483701E-05  12   7  11   8
  1.53252551817774108076E-04  12   7  11   9
 -2.79033825182029533868E-07  12   7  11  10
  6.89414135091718512067E-06  12   7  11  11
 -1.64009820570768552126E-07  12   7  12   1
  6.13363582937100326438E-06  12   7  12   2
 -8.12686282469994725880E-06  12   7  12   3
 -8.47750934934781170808E-06  12   7  12   4
  9.24020112930069698989E-08  12   7  12   5
  1.38872159657168787062E-05  12   7  12   6
  2.92729021177803860887E-02  12   7  12   7
  1.85731349364411129367E-07  12   7  12   8
  3.93319789852831624283E-04  12   7  12   9
 -1.52608980782982511923E-05  12   7  12  10
 -1.09287857039355989321E-08  12   7  12  11
 -1.15349842340491370976E-05  12   7  12  12
 -2.77064029885670110032E-03  12   8   1   1
 -1.73422592569349321717E-07  12   8   2   1
 -8.43986628282943920042E-04  12   8   2   2
 -4.08493867047802052331E-05  12   8   3   1
 -2.75084912466936216602E-06  12   8   3   2
 -1.47366374106288515813E-03  12   8   3   3
 -2.19014175021095537871E-05  12   8   4   1
 -2.76988338310532845540E-05  12   8   4   2
 -3.53138677291246977710E-04  12   8   4   3
 -6.25678661517745701021E-05  12   8   4   4
  5.29225793857713774915E-03  12   8   5   1
 -1.78776014521230702282E-03  12   8   5   2
 -3.08444528026813429011E-02  12   8   5   3
  8.00960938799318705739E-03  12   8   5   4
 -3.59285067281504193280E-04  12   8   5   5
  5.93423082013239237842E-06  12   8   6   1
  1.85911988040689394642E-05  12   8   6   2
 -1.90235602225382406704E-04  12   8   6   3
 -7.13491367055063660692E-04  12   8   6   4
  2.00337063698682871227E-03  12   8   6   5
 -1.21924499753497841796E-03  12   8   6   6
  1.29158676205239644599E-08  12   8   7   1
 -9.00354886686995820587E-09  12   8   7   2
 -8.59553309730525474553E-08  12   8   7   3
 -1.18121512215044427331E-07  12   8   7   4
  9.95663822711437693566E-07  12   8   7   5
 -4.14309411883729408629E-08  12   8   7   6
 -1.08971377334389669944E-03  12   8   7   7
 -1.02147942327516835087E-02  12   8   8   1
 -4.45036987610199512213E-04  12   8   8   2
  3.54142776208315399056E-02  12   8   8   3
  1.81471526014634655655E-02  12   8   8   4
  9.45622054117235670036E-04  12   8   8   5
 -3.73194326298413722384E-03  12   8   8   6
 -1.55445697861969682866E-06  12   8   8   7
 -1.23708179786243400826E-03  12   8   8   8
 -1.56071818080906606279E-08  12   8   9   1
  1.58122146845688234392E-09  12   8   9   2
  8.03050545677876523094E-08  12   8   9   3
 -3.54923542601517312724E-07  12   8   9   4
 -7.39692759335604680467E-06  12   8   9   5
  3.10148935448273402927E-07  12   8   9   6
 -6.47657234363684434185E-04  12   8   9   7
  4.53159650000612527500E-07  12   8   9   8
 -1.00028334622121774233E-03  12   8   9   9
 -3.56293465243537812591E-05  12   8  10   1
 -5.43909008417394873027E-05  12   8  10   2
 -1.86108392113390857235E-05  12   8  10   3
 -4.21073155275416492315E-04  12   8  10   4
 -1.14307156381894831770E-02  12   8  10   5
  4.31769492649173225116E-04  12   8  10   6
  3.18657574631275560416E-07  12   8  10   7
  3.09925885362681726148E-04  12   8  10   8
  7.02631358629508945844E-07  12   8  10   9
  6.98773634222529501162E-04  12   8  10  10
 -3.12494760083686972177E-03  12   8  11   1
 -2.79920114758117240250E-03  12   8  11   2
  1.22813907226512904723E-03  12   8  11   3
  1.86906762078616257329E-03  12   8  11   4
 -3.59941007545055361837E-04  12   8  11   5
  9.49121492124537814716E-03  12   8  11   6
 -2.44110908770493877264E-06  12   8  11   7
 -3.80376473526374935929E-04  12   8  11   8
  1.03426724650122045301E-05  12   8  11   9
  1.83125745020552010978E-02  12   8  11  10
  8.03620110746378539339E-06  12   8  11  11
  1.23505772063422577134E-05  12   8  12   1
  7.10099250580770792766E-05  12   8  12   2
 -3.49457069073336634886E-04  12   8  12   3
 -7.09366322352864220801E-05  12   8  12   4
 -3.84860273842437721273E-03  12   8  12   5
  2.48999983824168093834E-04  12   8  12   6
  1.85731349353228732747E-07  12   8  12   7
  2.87921653091730081475E-02  12   8  12   8
 -4.54968286089918297793E-07  12   8  12   9
 -5.69487527409612108442E-04  12   8  12  10
  1.27524177344291167469E-02  12   8  12  11
 -1.36998840717167283225E-03  12   8  12  12
  1.26705365642312963803E-04  12   9   1   1
  3.37868601605459681423E-08  12   9   2   1
 -3.38761099368987421876E-05  12   9   2   2
  1.82469897391348147192E-06  12   9   3   1
  2.49727933703395935997E-06  12   9   3   2
  6.30129502122564390688E-05  12   9   3   3
  4.71547518095839084828E-07  12   9   4   1
  4.08376214389086031076E-06  12   9   4   2
  3.02844962899387952992E-05  12   9   4   3
 -3.62096726190681410815E-05  12   9   4   4
 -5.13524083751329837561E-09  12   9   5   1
  1.11871841536632591651E-07  12   9   5   2
  2.44595801907637328852E-07  12   9   5   3
 -8.99399643197338025891E-07  12   9   5   4
 -4.51736368546829447287E-06  12   9   5   5
  2.74267358545574334010E-06  12   9   6   1
 -7.09900352196762808658E-06  12   9   6   2
 -1.00367627438865887916E-05  12   9   6   3
  4.51975416316277941618E-05  12   9   6   4
  1.53282424272874587413E-07  12   9   6   5
  5.34408787527536588121E-05  12   9   6   6
 -7.15535842017013361260E-03  12   9   7   1
  5.04561807274873583284E-03  12   9   7   2
  4.69165169060676220947E-02  12   9   7   3
 -2.85706299924151207320E-03  12   9   7   4
  1.42516998370715067788E-04  12   9   7   5
 -1.26654834104243593784E-02  12   9   7   6
  3.92390273365196461867E-05  12   9   7   7
 -7.57463187720440129057E-09  12   9   8   1
  3.46933813630261292691E-08  12   9   8   2
  7.16695690342751128991E-08  12   9   8   3
 -4.43986732201980721537E-07  12   9   8   4
 -4.88611536915792033517E-05  12   9   8   5
  1.12689876491480119687E-07  12   9   8   6
 -4.53761780085178387007E-05  12   9   8   7
  4.09069717311616933984E-05  12   9   8   8
 -7.52319349645213034106E-03  12   9   9   1
 -5.77105198788264647791E-03  12   9   9   2
  1.35166850673207224187E-02  12   9   9   3
  1.89533662256385730671E-02  12   9   9   4
 -1.07849281775951099998E-04  12   9   9   5
  9.16030312939591397081E-03  12   9   9   6
  3.83363241412740772540E-05  12   9   9   7
 -1.18109106470815688138E-04  12   9   9   8
  4.49601646598597452938E-05  12   9   9   9
  3.08258198130547999560E-06  12   9  10   1
  9.63269536755923056685E-06  12   9  10   2
  1.11696091455109652093E-05  12   9  10   3
 -2.16987355152605012319E-05  12   9  10   4
  4.63583153739676208213E-07  12   9  10   5
 -1.24889699409574140432E-05  12   9  10   6
 -4.70714099669190377123E-03  12   9  10   7
  6.68486246371000020879E-07  12   9  10   8
  1.68055242802628568288E-02  12   9  10   9
 -6.87256046379791603112E-05  12   9  10  10
 -2.20304467308736903628E-08  12   9  11   1
 -2.91282049694572164803E-08  12   9  11   2
  2.96473441473318724236E-07  12   9  11   3
  5.00085179723185092057E-07  12   9  11   4
  7.16690861497155193174E-06  12   9  11   5
 -6.24412487438210681618E-07  12   9  11   6
  1.68861994423015877821E-04  12   9  11   7
  2.46295891848257794004E-05  12   9  11   8
  1.31979188216068522117E-04  12   9  11   9
 -2.52986861579096348224E-07  12   9  11  10
 -1.42470307759880025924E-05  12   9  11  11
 -6.62876287802797175842E-07  12   9  12   1
 -1.06210113573792675222E-05  12   9  12   2
  2.06551579527414672067E-05  12   9  12   3
  1.93751778457097098552E-05  12   9  12   4
 -2.35542551741610875311E-07  12   9  12   5
 -2.90077652241001993061E-05  12   9  12   6
  3.93319789852826908003E-04  12   9  12   7
 -4.54968286096215458361E-07  12   9  12   8
  3.63999071260953793727E-02  12   9  12   9
  1.67750396977671998938E-05  12   9  12  10
  3.38295841532848898574E-07  12   9  12  11
  3.47898451896239715954E-05  12   9  12  12
  1.75772310331639647352E-01  12  10   1   1
  5.34712932066587850631E-05  12  10   2   1
 -2.09856316092154673858E-02  12  10   2   2
  2.23872807813548001590E-03  12  10   3   1
  3.79036496101753644233E-03  12  10   3   2
  9.79150716116110320097E-02  12  10   3   3
  2.05138558044819924175E-03  12  10   4   1
  4.64638741472525422516E-03  12  10   4   2
  2.59606869520770146276E-02  12  10   4   3
 -3.25876302319747720992E-02  12  10   4   4
 -2.98654588452356050456E-06  12  10   5   1
  1.11960536599267453301E-04  12  10   5   2
  2.26330095115195921397E-04  12  10   5   3
 -1.31522810694327855173E-03  12  10   5   4
  5.99878467290706693382E-03  12  10   5   5
  4.51824537361482023168E-03  12  10   6   1
 -8.32909223152548429392E-03  12  10   6   2
 -1.22413726249149448083E-02  12  10   6   3
  5.56673875488662567301E-02  12  10   6   4
  4.36966611905619656524E-04  12  10   6   5
  6.56155921015993265355E-02  12  10   6   6
  3.81478652803530913140E-06  12  10   7   1
 -7.56161045357623679263E-06  12  10   7   2
 -3.38089805513057183950E-05  12  10   7   3
  2.97031731348574673480E-05  12  10   7   4
  1.28514061391569744040E-07  12  10   7   5
  7.62883854502654778780E-06  12  10   7   6
  5.91708008179282624051E-02  12  10   7   7
 -8.60117740095757253452E-06  12  10   8   1
  2.53769628033073723142E-05  12  10   8   2
  8.76132635874211121137E-05  12  10   8   3
 -7.19093051148785044648E-04  12  10   8   4
 -6.10480772075489147577E-02  12  10   8   5
  2.56662532717038399666E-04  12  10   8   6
  3.93596937182042862245E-08  12  10   8   7
  5.98524353095985436890E-02  12  10   8   8
  2.50875176432361905702E-06  12  10   9   1
  1.01162700176543820808E-05  12  10   9   2
  4.50361602850691414773E-06  12  10   9   3
 -1.85231012422934001465E-05  12  10   9   4
  4.49467475181653693072E-07  12  10   9   5
 -1.81160477621090911708E-05  12  10   9   6
  5.26992319809160350563E-02  12  10   9   7
  6.27776432931704056134E-07  12  10   9   8
  4.30854283622649283925E-02  12  10   9   9
 -7.62867376775620983052E-04  12  10  10   1
  6.18830639116432767999E-03  12  10  10   2
  1.03677909819134776020E-02  12  10  10   3
 -5.73735048617345956556E-03  12  10  10   4
  8.64338967782591022053E-04  12  10  10   5
 -6.38252137038891522586E-03  12  10  10   6
 -3.15913936163955764218E-06  12  10  10   7
  1.09971836811685445313E-03  12  10  10   8
 -6.10218382428348758641E-05  12  10  10   9
 -4.78346824859027588972E-02  12  10  10  10
 -1.96384413450313328477E-05  12  10  11   1
 -6.98743829097933931470E-05  12  10  11   2
  2.87447736380260507674E-04  12  10  11   3
  9.31721865147833085835E-04  12  10  11   4
  1.03797424771163143004E-02  12  10  11   5
 -9.05739260141799075975E-04  12  10  11   6
 -2.17616718275795084201E-07  12  10  11   7
  3.22385639472731744259E-02  12  10  11   8
 -1.79980672063313757440E-07  12  10  11   9
 -6.75626205753785021024E-04  12  10  11  10
 -1.41148602238227137418E-02  12  10  11  11
 -1.73815222962204834166E-03  12  10  12   1
 -1.50073017251511481307E-02  12  10  12   2
  2.72759161084051016122E-02  12  10  12   3
  2.96627601325777368046E-02  12  10  12   4
 -2.72121121412691592371E-04  12  10  12   5
 -3.98261171865715510321E-02  12  10  12   6
 -1.52608980783233945183E-05  12  10  12   7
 -5.69487527409653091284E-04  12  10  12   8
  1.67750396977975812715E-05  12  10  12   9
  5.32425294758692713160E-02  12  10  12  10
  5.65337826344857082017E-04  12  10  12  11
  5.35174200864509258535E-02  12  10  12  12
  3.99731344632624826380E-03  12  11   1   1
 -1.94994540610868758716E-07  12  11   2   1
  2.97462265975806828145E-04  12  11   2   2
  6.17844310160247680002E-05  12  11   3   1
  6.95806250577780427446E-06  12  11   3   2
  1.89930119012457726373E-03  12  11   3   3
  5.56104798654108667616E-05  12  11   4   1
  2.63077014665395664936E-06  12  11   4   2
  5.84020416461331873421E-04  12  11   4   3
  5.46711090986796809229E-05  12  11   4   4
  1.80241521685866701134E-03  12  11   5   1
 -6.04666930410510932575E-03  12  11   5   2
 -2.52977351439014896961E-02  12  11   5   3
  9.24182505824362385272E-03  12  11   5   4
 -7.01778631324670996213E-06  12  11   5   5
  1.23945284616886516448E-04  12  11   6   1
 -2.27219612747722198346E-05  12  11   6   2
 -1.99966132471011119208E-04  12  11   6   3
  6.55373877173279651559E-04  12  11   6   4
  1.14001619763390918405E-02  12  11   6   5
  1.66750402989084196316E-03  12  11   6   6
  5.71875984964595114936E-10  12  11   7   1
  2.04767651824062587212E-08  12  11   7   2
  1.35668914609002628126E-08  12  11   7   3
  1.37694649788805057392E-07  12  11   7   4
 -4.30001619061119354714E-06  12  11   7   5
  1.16121800553569913921E-07  12  11   7   6
  1.30356661986016984615E-03  12  11   7   7
 -3.55742283820115494028E-03  12  11   8   1
 -1.72528066230374986338E-03  12  11   8   2
  1.42870815904561389298E-02  12  11   8   3
  6.39608243454021108826E-03  12  11   8   4
 -1.25975104777862061296E-03  12  11   8   5
  9.25551512613031926273E-04  12  11   8   6
 -1.60603459948563998332E-06  12  11   8   7
  1.19244916147217064339E-03  12  11   8   8
 -4.52355245463936335044E-08  12  11   9   1
 -3.36596803668103993362E-08  12  11   9   2
  1.44116768635427465738E-07  12  11   9   3
  5.24597263318920448165E-07  12  11   9   4
  7.04509568854707838713E-06  12  11   9   5
 -5.05886985751696643558E-07  12  11   9   6
  9.83945184327826832121E-04  12  11   9   7
  5.72736794623676178262E-06  12  11   9   8
  1.13811700871460576463E-03  12  11   9   9
 -2.76884877791160756270E-05  12  11  10   1
 -7.49840073529257217233E-05  12  11  10   2
  1.05130224106296310061E-04  12  11  10   3
  8.00037014940011546350E-04  12  11  10   4
  1.05704009636565735702E-02  12  11  10   5
 -5.62570051033950586927E-04  12  11  10   6
 -5.87707158237964510181E-07  12  11  10   7
  9.05690985364060799356E-03  12  11  10   8
 -5.73987834695678162921E-07  12  11  10   9
 -4.13582682472895320647E-04  12  11  10  10
 -1.12916886793630859981E-03  12  11  11   1
 -9.90698692111569370611E-03  12  11  11   2
 -1.61372152042000872874E-02  12  11  11   3
  1.95344200101588184870E-02  12  11  11   4
  2.28750371220125497777E-04  12  11  11   5
  1.15027050258410777628E-02  12  11  11   6
 -8.39668228984091485759E-06  12  11  11   7
  8.21266244738629827733E-04  12  11  11   8
  8.76832745575245466431E-06  12  11  11   9
  6.42637600316689396734E-03  12  11  11  10
 -6.67302509055480130547E-05  12  11  11  11
 -3.41271627969503050137E-05  12  11  12   1
  1.34819307146509558600E-04  12  11  12   2
  1.01670585169853756012E-03  12  11  12   3
 -4.71278535517162078076E-04  12  11  12   4
  1.38883079052995461744E-02  12  11  12   5
 -6.24707646034190072770E-04  12  11  12   6
 -1.09287856813384241868E-08  12  11  12   7
  1.27524177344291497066E-02  12  11  12   8
  3.38295841552298733807E-07  12  11  12   9
  5.65337826344806232935E-04  12  11  12  10
  2.86303978177236961855E-02  12  11  12  11
  9.88635365304963440250E-04  12  11  12  12
  8.38889998673110204308E-01  12  12   1   1
  1.55842132087889674238E-05  12  12   2   1
  7.93091720103834552091E-01  12  12   2   2
  6.53042974500207731164E-03  12  12   3   1
 -2.56240596337542958158E-03  12  12   3   2
  6.54117885116565100923E-01  12  12   3   3
  7.73729622634362207423E-03  12  12   4   1
  1.22050327242226187147E-02  12  12   4   2
  1.16530425891915884878E-02  12  12   4   3
  4.76752117432836630684E-01  12  12   4   4
 -7.76000728426046854341E-05  12  12   5   1
  1.72189585215806831861E-04  12  12   5   2
  6.99968299803484478132E-04  12  12   5   3
 -3.83275839134734441598E-04  12  12   5   4
  5.04353011037261378391E-01  12  12   5   5
  1.79439326557138435769E-02  12  12   6   1
 -5.29177782832910593991E-03  12  12   6   2
 -8.65200339139639423847E-02  12  12   6   3
  3.44188155576137244651E-02  12  12   6   4
 -2.62386620640035436204E-04  12  12   6   5
  5.78523386027360198014E-01  12  12   6   6
  2.31330127952521932507E-06  12  12   7   1
 -4.47214251808423509478E-06  12  12   7   2
 -1.46607078599468294253E-05  12  12   7   3
  1.00377547708986323877E-05  12  12   7   4
  2.43915883634576779391E-07  12  12   7   5
  5.38203208719677499088E-07  12  12   7   6
  5.80367543869679924917E-01  12  12   7   7
  9.80213393342424700464E-05  12  12   8   1
  3.13509336660177325459E-05  12  12   8   2
 -5.07801368554684708252E-04  12  12   8   3
 -1.21384833342595642425E-04  12  12   8   4
 -7.61818220265116780032E-02  12  12   8   5
 -7.82961390782281520945E-05  12  12   8   6
  9.07454647149857504316E-08  12  12   8   7
  5.42549957076610800399E-01  12  12   8   8
 -3.78070887726433778727E-06  12  12   9   1
  8.18573463406635009546E-06  12  12   9   2
  1.40720702587356411473E-05  12  12   9   3
  4.44546170289312025221E-05  12  12   9   4
 -3.40514275176529414558E-08  12  12   9   5
 -2.97142775499279873023E-05  12  12   9   6
  2.42082733686664157424E-02  12  12   9   7
 -2.91495868350110516587E-08  12  12   9   8
  5.78658912678021164488E-01  12  12   9   9
 -3.48560980432192999562E-03  12  12  10   1
  1.32977226939578613285E-02  12  12  10   2
  7.88965381574143614918E-03  12  12  10   3
  9.56562626311684011116E-02  12  12  10   4
  5.91843769394377627359E-04  12  12  10   5
 -5.13909222472060112086E-02  12  12  10   6
 -4.59514279161357474352E-06  12  12  10   7
  3.96816236396886688580E-04  12  12  10   8
 -7.60851105218468158273E-05  12  12  10   9
  4.48083456091814658073E-01  12  12  10  10
 -6.89006903194573259389E-05  12  12  11   1
  6.36836277562259823635E-05  12  12  11   2
  1.15432409871290262739E-03  12  12  11   3
 -1.15277017680488389449E-03  12  12  11   4
  9.36335373737702814090E-02  12  12  11   5
  2.00740930142492412114E-04  12  12  11   6
 -4.74095673988163145654E-08  12  12  11   7
  8.10270521904363077992E-02  12  12  11   8
  6.81974131968053376563E-07  12  12  11   9
  8.22415069331629364907E-04  12  12  11  10
  5.00029871639259937410E-01  12  12  11  11
 -9.80119725146496104107E-03  12  12  12   1
 -7.60147938407361358631E-03  12  12  12   2
  5.35137694226939936160E-02  12  12  12   3
  8.42989244201667806133E-03  12  12  12   4
 -1.60994945847357925559E-03  12  12  12   5
  8.35715489267235822624E-03  12  12  12   6
 -1.15349842340791644156E-05  12  12  12   7
 -1.36998840717161363481E-03  12  12  12   8
  3.47898451896889424105E-05  12  12  12   9
  5.35174200864511617759E-02  12  12  12  10
  9.88635365305131057906E-04  12  12  12  11
  6.83435486266582237214E-01  12  12  12  12
 -3.46901148864002095706E+01   1   1   0   0
  1.66243491262153516089E-04   2   1   0   0
 -2.21459424782850859970E+01   2   2   0   0
 -5.15569096688501260495E-01   3   1   0   0
  1.82313145606064125337E-01   3   2   0   0
 -1.00956622942456935021E+01   3   3   0   0
 -2.36459281567065471297E-01   4   1   0   0
 -3.33054355713208405376E-01   4   2   0   0
 -4.55853296545996822253E-01   4   3   0   0
 -7.32411211834583664171E+00   4   4   0   0
  7.92203323498967852331E-04   5   1   0   0
 -4.79075643019622333506E-04   5   2   0   0
 -7.45536343017046609569E-04   5   3   0   0
  3.91048981774022759439E-03   5   4   0   0
 -7.55504223436479982468E+00   5   5   0   0
 -2.49711489855958868045E-01   6   1   0   0
 -2.52350410996823480356E-03   6   2   0   0
  4.90741624011587496135E-01   6   3   0   0
 -8.32985509283503899880E-01   6   4   0   0
  5.87598271273859218411E-04   6   5   0   0
 -8.84211125499272831973E+00   6   6   0   0
 -1.67380684258254962998E-05   7   1   0   0
  1.35136593738648905661E-04   7   2   0   0
  2.68470930840293499266E-04   7   3   0   0
 -3.23869533069975977079E-04   7   4   0   0
 -2.31591806631932954210E-06   7   5   0   0
 -7.41071679817227569557E-05   7   6   0   0
 -8.64197147792947006906E+00   7   7   0   0
 -4.21041804844057549715E-06   8   1   0   0
  1.38824213142334169967E-04   8   2   0   0
  2.22944941892917790696E-03   8   3   0   0
 -4.38684801837216690155E-04   8   4   0   0
  1.31460762701818767439E+00   8   5   0   0
  1.51127444337672460842E-03   8   6   0   0
 -8.57760596153056064965E-08   8   7   0   0
 -8.36455374785431260420E+00   8   8   0   0
 -1.11388099942920701092E-05   9   1   0   0
 -2.42062329253282598144E-04   9   2   0   0
 -1.33809071161815947709E-04   9   3   0   0
 -3.90096404341990431967E-04   9   4   0   0
 -1.67643479662381707186E-06   9   5   0   0
  5.16271523081338339252E-04   9   6   0   0
 -8.83741320076762426616E-01   9   7   0   0
 -2.93573754698878702858E-06   9   8   0   0
 -8.36764408684026683716E+00   9   9   0   0
 -5.53384604785526548754E-02  10   1   0   0
 -3.54921249283740136704E-01  10   2   0   0
 -1.02704004907990267825E-01  10   3   0   0
 -1.10092957957331116781E+00  10   4   0   0
 -9.66096405289176493603E-03  10   5   0   0
  7.03237820156074500133E-01  10   6   0   0
  2.60708810367246354451E-04  10   7   0   0
 -9.85863986448290950670E-03  10   8   0   0
  1.28164348691601212918E-03  10   9   0   0
 -5.91388313543402954764E+00  10  10   0   0
 -1.92820243094339832494E-03  11   1   0   0
  2.06786254498958444945E-03  11   2   0   0
 -1.06452501165099633340E-02  11   3   0   0
  7.95768519023046065619E-03  11   4   0   0
 -1.00232723524882993971E+00  11   5   0   0
 -5.55738811544482722016E-04  11   6   0   0
  2.75655476111800959240E-06  11   7   0   0
 -1.21616053696799486517E+00  11   8   0   0
 -1.31176883665179819683E-05  11   9   0   0
 -1.27604103974493076484E-02  11  10   0   0
 -6.50714998689390444753E+00  11  11   0   0
 -2.12064844242298405907E-01  12   1   0   0
 -4.45963881359043995412E-02  12   2   0   0
 -7.93653253960401317002E-01  12   3   0   0
 -7.73871891630727865019E-02  12   4   0   0
  1.36564035881921921195E-02  12   5   0   0
  2.94134196417676296864E-01  12   6   0   0
  1.53997623840945410028E-04  12   7   0   0
  1.64060056361409675740E-02  12   8   0   0
 -4.68707011322950074881E-04  12   9   0   0
 -7.66111947148588878775E-01  12  10   0   0
 -1.98809716533939924432E-02  12  11   0   0
 -8.67064605189272263885E+00  12  12   0   0
 -2.03099398696688915322E+01   1   0   0   0
 -1.11213536972426645377E+01   2   0   0   0
 -1.32577353765647054651E+00   3   0   0   0
 -8.12757658918312753116E-01   4   0   0   0
 -6.30746209653256673100E-01   5   0   0   0
 -5.41676041084393711245E-01   6   0   0   0
 -4.33754003881771710294E-01   7   0   0   0
 -3.56562650933897828942E-01   8   0   0   0
  2.75429998889578697696E-01   9   0   0   0
  6.38557612549387365597E-01  10   0   0   0
  7.41719925732564733245E-01  11   0   0   0
  8.88670998552876678644E-01  12   0   0   0
  3.08382636849267832702E+01   0   0   0   0
