&FCI NORB=12, NELEC=16, MS2=0, UHF=.FALSE., ORBSYM=1,1,1,1,1,1,1,1,1,1,1,1, ISYM=1, &END
  4.74585442416441960489E+00   1   1   1   1
 -1.93098943268065842633E-04   1   1   2   1
  4.28926801934048695930E-01   1   1   2   2
  3.93682527580083152507E-01   1   1   3   1
  4.08099663191680353536E-03   1   1   3   2
  9.66672437508438342491E-01   1   1   3   3
  1.75209033317675538788E-01   1   1   4   1
  4.59454799322868770450E-03   1   1   4   2
  1.94978054556527863328E-01   1   1   4   3
  4.31681553237444726179E-01   1   1   4   4
 -5.43560994116365297189E-04   1   1   5   1
  3.34182198430910896558E-05   1   1   5   2
 -3.21783731000859309947E-04   1   1   5   3
 -9.15770594785326238346E-04   1   1   5   4
  5.07188134370956000829E-01   1   1   5   5
  1.66523257112207223596E-01   1   1   6   1
 -8.76434295718430365907E-03   1   1   6   2
  6.04230348973406744539E-02   1   1   6   3
  2.39865736809060758894E-01   1   1   6   4
 -3.89955787977518944162E-04   1   1   6   5
  8.85055073794616564697E-01   1   1   6   6
  4.42335782841945133814E-06   1   1   7   1
 -4.16304759063050998260E-06   1   1   7   2
 -3.32315938427697182421E-05   1   1   7   3
  8.36833740746573362347E-05   1   1   7   4
  5.03082253194918264798E-07   1   1   7   5
  4.52476768394723428426E-05   1   1   7   6
  7.67055649271775830123E-01   1   1   7   7
 -8.61348902254563386898E-05   1   1   8   1
 -7.26562984612726373739E-06   1   1   8   2
 -3.53729075896859707171E-04   1   1   8   3
  3.79770864507579920897E-04   1   1   8   4
 -3.35735886327238386428E-01   1   1   8   5
 -5.51007047608481235687E-04   1   1   8   6
 -3.20997448046702838617E-07   1   1   8   7
  8.92084278831765331574E-01   1   1   8   8
  1.30959740908330843123E-05   1   1   9   1
  6.14415552821490328219E-06   1   1   9   2
  3.22811513714472216215E-05   1   1   9   3
  2.52718573373221198095E-05   1   1   9   4
  3.34006163711467351208E-08   1   1   9   5
 -1.25434308741433601800E-04   1   1   9   6
  3.70865921398068620896E-01   1   1   9   7
  8.99048448548698813130E-07   1   1   9   8
  7.45716075128923461257E-01   1   1   9   9
  5.48239179828629019653E-02   1   1  10   1
  5.96394800041661569262E-03   1   1  10   2
  8.00045796534729208860E-02   1   1  10   3
  3.46019167112945474907E-02   1   1  10   4
 -7.12099322491778414990E-08   1   1  10   5
 -1.10101362094417537518E-01   1   1  10   6
 -1.60576767119322331122E-04   1   1  10   7
  1.70296258615778043841E-03   1   1  10   8
 -1.89812333390368404018E-04   1   1  10   9
  3.32592385956280656156E-01   1   1  10  10
  1.82515515430557240598E-03   1   1  11   1
 -1.66618707366689578885E-04   1   1  11   2
  2.58969944664425889835E-03   1   1  11   3
  4.10141653847196832995E-05   1   1  11   4
 -1.59661592228721449516E-02   1   1  11   5
 -2.50306870283460670620E-03   1   1  11   6
 -2.73908306114228790301E-07   1   1  11   7
  1.95577355260001417570E-01   1   1  11   8
  2.51867609746270204596E-06   1   1  11   9
  2.43514834901526616706E-03   1   1  11  10
  3.86163745346489895027E-01   1   1  11  11
  2.02176074622459844843E-01   1   1  12   1
 -1.30912702583811865753E-02   1   1  12   2
  2.68170467544215085365E-01   1   1  12   3
  2.62728942546161386984E-02   1   1  12   4
  3.33087830158558463774E-04   1   1  12   5
 -2.35995668906814975996E-01   1   1  12   6
 -6.00043973414576524710E-05   1   1  12   7
 -2.77064029829900398266E-03   1   1  12   8
  1.26705365325441299262E-04   1   1  12   9
  1.75772310331534842298E-01   1   1  12  10
  3.99731344402062468979E-03   1   1  12  11
  8.38889998673065573342E-01   1   1  12  12
 -1.93098943268065625792E-04   2   1   1   1
  5.86806181583704289221E-07   2   1   2   1
 -6.65769312966534390109E-04   2   1   2   2
 -4.11835397063840103317E-05   2   1   3   1
  6.78557948938312926026E-05   2   1   3   2
  4.60497160854934385870E-05   2   1   3   3
 -1.49679114790050458907E-05   2   1   4   1
 -5.49369403980972336420E-05   2   1   4   2
  1.39227915278846109230E-05   2   1   4   3
 -5.60402692743754537032E-05   2   1   4   4
  3.55749936428630738154E-08   2   1   5   1
  1.70498643622526095939E-07   2   1   5   2
  1.03295541968113028025E-07   2   1   5   3
 -3.39128774481832302749E-07   2   1   5   4
 -1.00502217745068779982E-06   2   1   5   5
 -6.31886257832928084101E-06   2   1   6   1
 -5.54857824744223887287E-05   2   1   6   2
 -2.15759497916012496662E-05   2   1   6   3
  4.13999608489974951081E-05   2   1   6   4
  5.89309844680548374092E-08   2   1   6   5
  2.28247056007014840616E-05   2   1   6   6
  6.76014113398274442340E-09   2   1   7   1
  4.82076563752622508491E-09   2   1   7   2
 -1.55614483996111127915E-08   2   1   7   3
  2.93705214640740075317E-08   2   1   7   4
  1.44012835870180036491E-10   2   1   7   5
 -9.86250845811079874526E-09   2   1   7   6
  2.43104808354018489959E-05   2   1   7   7
  2.47678763267629315261E-08   2   1   8   1
  2.91867457143222272179E-08   2   1   8   2
 -3.26009134701184833072E-08   2   1   8   3
 -2.88816580386549278881E-08   2   1   8   4
 -3.18260357239152842949E-05   2   1   8   5
 -3.04581175920602555361E-08   2   1   8   6
 -2.02400790754927869891E-11   2   1   8   7
  2.53737833894039608597E-05   2   1   8   8
  1.50345544296028052809E-09   2   1   9   1
 -1.82973222530982837122E-08   2   1   9   2
  6.32828730708750293896E-09   2   1   9   3
 -3.69932366693696277788E-08   2   1   9   4
 -7.46462935978370146350E-11   2   1   9   5
  3.47866723460408378334E-09   2   1   9   6
  2.97300196544277112935E-05   2   1   9   7
  1.11906221303509925331E-10   2   1   9   8
  9.67421390816318143148E-06   2   1   9   9
 -9.29836280970664302782E-06   2   1  10   1
 -5.61885812416085324186E-05   2   1  10   2
  1.07088713808636814011E-05   2   1  10   3
 -4.30005646949807189333E-05   2   1  10   4
 -7.42394456550195581408E-08   2   1  10   5
  1.78531538836517657157E-05   2   1  10   6
  1.57239312880014262391E-08   2   1  10   7
  1.68642797134103515062E-07   2   1  10   8
 -5.31675091611128223601E-08   2   1  10   9
 -6.52244703714704223427E-05   2   1  10  10
 -2.89796426519257527360E-07   2   1  11   1
 -6.17084568755346518728E-07   2   1  11   2
 -3.42818710847380933204E-08   2   1  11   3
  7.87336066863827418188E-07   2   1  11   4
  1.29726649149301123741E-06   2   1  11   5
 -4.43375614641905617112E-07   2   1  11   6
 -3.54447314023586009958E-10   2   1  11   7
  1.02274048788408849922E-05   2   1  11   8
  6.44364579046902405987E-10   2   1  11   9
  8.89289455620064195037E-07   2   1  11  10
 -8.71280961158696001930E-06   2   1  11  11
 -3.18257742832351442483E-05   2   1  12   1
 -1.18718479276802270578E-04   2   1  12   2
 -4.44690010209349919116E-06   2   1  12   3
  4.36815333614541412852E-05   2   1  12   4
  4.14888457849017988057E-09   2   1  12   5
 -1.70000394870408918482E-05   2   1  12   6
 -2.13241015562255214430E-08   2   1  12   7
 -1.73422592511221976879E-07   2   1  12   8
  3.37868602705598778811E-08   2   1  12   9
  5.34712932064797222980E-05   2   1  12  10
 -1.94994540710272892576E-07   2   1  12  11
  1.55842132084830191233E-05   2   1  12  12
  4.28926801934048806952E-01   2   2   1   1
 -6.65769312966533089067E-04   2   2   2   1
  3.50441156966509259618E+00   2   2   2   2
 -1.70199404489677647706E-03   2   2   3   1
 -1.63103341493440190391E-01   2   2   3   2
  5.64771793136262689750E-01   2   2   3   3
  1.87504627467890831218E-03   2   2   4   1
  2.46458848558833182318E-01   2   2   4   2
 -1.07180948003221393483E-01   2   2   4   3
  6.47926170572724946517E-01   2   2   4   4
 -1.41292906754289659960E-05   2   2   5   1
  1.73732433055343249645E-04   2   2   5   2
  3.15114353528530525151E-04   2   2   5   3
  2.76824972950757671256E-04   2   2   5   4
  6.04897327955464469973E-01   2   2   5   5
  7.73992047648389917130E-03   2   2   6   1
  4.60098874924629377969E-02   2   2   6   2
 -1.42251965804839120011E-01   2   2   6   3
 -6.78021917049811961853E-02   2   2   6   4
  2.08572942474217831125E-04   2   2   6   5
  5.15077392115057985933E-01   2   2   6   6
  1.90988259964383842975E-06   2   2   7   1
 -8.23399149951342109810E-05   2   2   7   2
 -3.71480205641902914298E-06   2   2   7   3
 -4.28254547621865371866E-05   2   2   7   4
 -7.34194429913867033944E-08   2   2   7   5
 -2.68481167102574399066E-05   2   2   7   6
  5.98758299558682094421E-01   2   2   7   7
  1.67032657469535455021E-05   2   2   8   1
 -9.76177801243129653281E-05   2   2   8   2
 -7.87467090464996904032E-05   2   2   8   3
 -2.44339989464157573539E-04   2   2   8   4
  7.21854558201551199659E-02   2   2   8   5
  2.67378483239274578141E-04   2   2   8   6
  3.61660457166270596201E-07   2   2   8   7
  4.32488642358911767882E-01   2   2   8   8
 -1.58181040999367108162E-06   2   2   9   1
  1.61163231987156835550E-04   2   2   9   2
 -2.35134966575944997092E-05   2   2   9   3
  9.64274067242564371719E-05   2   2   9   4
  3.40427314063991574746E-07   2   2   9   5
  2.50496571309951605682E-05   2   2   9   6
 -2.25995027763346123528E-01   2   2   9   7
 -4.02599140538860042754E-07   2   2   9   8
  6.64437543394289287235E-01   2   2   9   9
 -2.84882214978311124748E-03   2   2  10   1
  2.74658331503902342074E-01   2   2  10   2
 -7.83176715941069634397E-02   2   2  10   3
  2.48069689038871804554E-01   2   2  10   4
  2.16094445111369342152E-03   2   2  10   5
 -4.25004106332028466775E-02   2   2  10   6
  1.05519824027826094096E-04   2   2  10   7
  3.85067971531036668410E-04   2   2  10   8
 -5.97232676340653245717E-05   2   2  10   9
  6.69553739203203046593E-01   2   2  10  10
 -8.42926718382643139780E-05   2   2  11   1
 -9.64259318020631067854E-04   2   2  11   2
 -2.23810232409988620322E-04   2   2  11   3
 -2.16816903294987650685E-03   2   2  11   4
  2.48722954509982663307E-01   2   2  11   5
  3.10090491936676699095E-03   2   2  11   6
 -3.34198034403080033752E-07   2   2  11   7
  7.64608766241417214804E-02   2   2  11   8
  1.35062250758433144426E-07   2   2  11   9
  1.78074523831284192710E-04   2   2  11  10
  7.48663094631417558311E-01   2   2  11  11
 -9.15492856092355034026E-03   2   2  12   1
  1.11440298861707712264E-01   2   2  12   2
 -1.00927987304577887473E-01   2   2  12   3
 -1.19957158118849625816E-02   2   2  12   4
 -3.48773734758180912335E-03   2   2  12   5
  2.04234499202173680477E-01   2   2  12   6
  2.59690015148903672335E-05   2   2  12   7
 -8.43986627826432789061E-04   2   2  12   8
 -3.38761093605088881020E-05   2   2  12   9
 -2.09856316092509043170E-02   2   2  12  10
  2.97462266078508258405E-04   2   2  12  11
  7.93091720103867192648E-01   2   2  12  12
  3.93682527580082985974E-01   3   1   1   1
 -4.11835397063838748065E-05   3   1   2   1
 -1.70199404489676823712E-03   3   1   2   2
  5.23295452162652330319E-02   3   1   3   1
 -6.35059266976175642791E-05   3   1   3   2
  9.49042519154658092972E-03   3   1   3   3
  2.21272376466204144518E-02   3   1   4   1
 -3.64873758491897411007E-05   3   1   4   2
  6.13159957338499372881E-03   3   1   4   3
  3.05871752358284273998E-03   3   1   4   4
 -6.38314248264171740571E-05   3   1   5   1
 -2.37419099050164657863E-07   3   1   5   2
 -2.39616441345854425506E-05   3   1   5   3
 -1.74771938034917947438E-05   3   1   5   4
  1.24714261278495658694E-03   3   1   5   5
  1.83460556366819398100E-02   3   1   6   1
  7.35138067246991132276E-05   3   1   6   2
  8.40177050970149393028E-03   3   1   6   3
  6.15918468916388552048E-03   3   1   6   4
 -1.96455883030315333671E-05   3   1   6   5
  1.08109337341639744068E-02   3   1   6   6
 -4.89237439475090595563E-07   3   1   7   1
  3.77231563827995764934E-08   3   1   7   2
  1.04260623303144211154E-06   3   1   7   3
  1.34200252733384150030E-06   3   1   7   4
  3.76969142365364658605E-09   3   1   7   5
  1.55015554964585627553E-06   3   1   7   6
  4.47286483972379050877E-03   3   1   7   7
 -1.93465758911859223371E-05   3   1   8   1
  7.44382317453522125957E-08   3   1   8   2
  3.33354651452520817486E-06   3   1   8   3
  9.34295614541770816049E-06   3   1   8   4
 -4.54170914966139493280E-03   3   1   8   5
 -6.35946514304155388012E-06   3   1   8   6
 -7.56295524894370632761E-09   3   1   8   7
  8.44363445732173450997E-03   3   1   8   8
  2.25622079283353180179E-06   3   1   9   1
 -4.58215804573521610094E-08   3   1   9   2
 -5.82812369086528273229E-08   3   1   9   3
  1.25698936950688523694E-07   3   1   9   4
 -1.79813969947097381044E-09   3   1   9   5
 -1.91405390766417653488E-06   3   1   9   6
  6.48160432534660227444E-03   3   1   9   7
  1.45248548140109004264E-08   3   1   9   8
  5.75119990252699348626E-03   3   1   9   9
  8.51886622179601551985E-03   3   1  10   1
 -4.18474428175737817818E-05   3   1  10   2
  1.02315428482717841324E-03   3   1  10   3
 -4.15222572456684245381E-04   3   1  10   4
 -1.62617592822915362361E-05   3   1  10   5
 -1.47183477391817931455E-03   3   1  10   6
 -3.45134929977520507919E-06   3   1  10   7
  2.50538231295244735795E-05   3   1  10   8
 -2.33196421383437442476E-06   3   1  10   9
 -4.96204889026400546362E-05   3   1  10  10
  2.77442340111932084657E-04   3   1  11   1
  1.35321948768546213594E-06   3   1  11   2
  3.92200456767053588867E-05   3   1  11   3
  1.49913210234910669995E-06   3   1  11   4
 -2.02181712010868555596E-03   3   1  11   5
 -4.89870901397448338757E-05   3   1  11   6
  4.81428366247228094459E-09   3   1  11   7
  2.96465196771022445818E-03   3   1  11   8
  3.35751318018273083553E-08   3   1  11   9
  2.77497939329424277675E-05   3   1  11  10
 -1.26727010887528381694E-04   3   1  11  11
  3.06924412848811785370E-02   3   1  12   1
  1.11342063091060850823E-04   3   1  12   2
  4.60985539358377792440E-03   3   1  12   3
 -6.77500700222705951091E-05   3   1  12   4
  2.82771555863547303120E-05   3   1  12   5
 -4.33687900887162487013E-03   3   1  12   6
 -6.43230891057551732447E-07   3   1  12   7
 -4.08493866965011832339E-05   3   1  12   8
  1.82469896388166158419E-06   3   1  12   9
  2.23872807813740599264E-03   3   1  12  10
  6.17844309814474600779E-05   3   1  12  11
  6.53042974501099986184E-03   3   1  12  12
  4.08099663191679919855E-03   3   2   1   1
  6.78557948938312248399E-05   3   2   2   1
 -1.63103341493440273657E-01   3   2   2   2
 -6.35059266976160463961E-05   3   2   3   1
  1.28042577231706842383E-02   3   2   3   2
  3.51308906203241832003E-03   3   2   3   3
  3.60927893530231367778E-05   3   2   4   1
 -1.66001968763859614198E-02   3   2   4   2
  2.72795511611947320146E-03   3   2   4   3
 -7.53808921454474003404E-03   3   2   4   4
 -4.28770912004863418519E-07   3   2   5   1
 -1.24135590580085981942E-06   3   2   5   2
  6.93365159461716488553E-06   3   2   5   3
 -2.50573064109454115450E-05   3   2   5   4
 -2.00735797179553247804E-03   3   2   5   5
  1.76877888117970422099E-04   3   2   6   1
 -5.77392822204513770507E-03   3   2   6   2
 -1.63412188091485309667E-03   3   2   6   3
  3.32442084827538593753E-03   3   2   6   4
  9.21745202590017598791E-07   3   2   6   5
  1.27264374548142979345E-03   3   2   6   6
  4.96443480094515008072E-08   3   2   7   1
  4.67657375454664511950E-06   3   2   7   2
 -1.52910778252514641148E-06   3   2   7   3
  3.10899162385825571656E-06   3   2   7   4
  9.91794206084263260851E-09   3   2   7   5
  2.57559181032921336858E-08   3   2   7   6
  9.93985742951038219774E-06   3   2   7   7
  3.94116010175625468983E-07   3   2   8   1
  6.37854121246307290816E-06   3   2   8   2
 -5.59625592173057161366E-06   3   2   8   3
  1.91255911330676392032E-06   3   2   8   4
 -3.29187324249043773358E-03   3   2   8   5
 -4.72074206724946199466E-06   3   2   8   6
 -5.12243437644052780936E-09   3   2   8   7
  1.42274554089033165513E-03   3   2   8   8
 -3.29057813223519174279E-08   3   2   9   1
 -9.81029024289591593906E-06   3   2   9   2
  1.86850376644556059737E-06   3   2   9   3
 -4.07406704771406411394E-06   3   2   9   4
 -7.64436408281082200349E-09   3   2   9   5
 -3.36032996769204530093E-07   3   2   9   6
  4.67219996495624439320E-03   3   2   9   7
  1.28610546778694421924E-08   3   2   9   8
 -2.57185700598038967032E-03   3   2   9   9
 -5.69948454628249839924E-05   3   2  10   1
 -1.84552194375194114628E-02   3   2  10   2
  2.69177722537693739704E-03   3   2  10   3
 -6.54499570398761609802E-03   3   2  10   4
 -2.55167379554878695177E-05   3   2  10   5
  1.23859380767765334640E-03   3   2  10   6
  3.30595844289128047040E-07   3   2  10   7
  7.61877410483622299382E-06   3   2  10   8
 -3.63057072003234067303E-06   3   2  10   9
 -9.23547665113830761052E-03   3   2  10  10
 -1.24124666401734146046E-06   3   2  11   1
  1.50037091807071266866E-05   3   2  11   2
  1.18638527500301145073E-06   3   2  11   3
  8.42801779361163208104E-05   3   2  11   4
 -2.46248487955886370335E-03   3   2  11   5
 -6.01713120333390242135E-05   3   2  11   6
 -2.18504136913601662981E-08   3   2  11   7
 -2.27935739828789585846E-04   3   2  11   8
  4.74262722305210469159E-08   3   2  11   9
  6.76218746345127053998E-05   3   2  11  10
 -5.45781096469160134643E-03   3   2  11  11
 -1.37865508948222957510E-04   3   2  12   1
 -1.30402014150965157163E-02   3   2  12   2
  1.52757276462237826138E-03   3   2  12   3
  2.89812968410476864967E-03   3   2  12   4
  3.56829115245462609105E-05   3   2  12   5
 -3.22675226093823873039E-03   3   2  12   6
 -1.42978928768089850028E-06   3   2  12   7
 -2.75084912606664380944E-06   3   2  12   8
  2.49727933576541528959E-06   3   2  12   9
  3.79036496100722828176E-03   3   2  12  10
  6.95806249246734049999E-06   3   2  12  11
 -2.56240596337773416172E-03   3   2  12  12
  9.66672437508438120446E-01   3   3   1   1
  4.60497160854939671356E-05   3   3   2   1
  5.64771793136262911794E-01   3   3   2   2
  9.49042519154650286717E-03   3   3   3   1
  3.51308906203238189084E-03   3   3   3   2
  7.33395248451187642402E-01   3   3   3   3
  8.42005471487527155927E-03   3   3   4   1
  8.69277365943035666696E-03   3   3   4   2
  6.07380455050515397075E-02   3   3   4   3
  4.03163767445669618539E-01   3   3   4   4
 -4.31314804850501008694E-05   3   3   5   1
  4.74358818190976505450E-05   3   3   5   2
  1.03933051774074118752E-04   3   3   5   3
 -5.12458886442779238367E-04   3   3   5   4
  4.75873092451477186504E-01   3   3   5   5
  1.72341714695169317961E-02   3   3   6   1
 -1.04682136206162793718E-02   3   3   6   2
 -6.80215590492457000682E-02   3   3   6   3
  1.01044007082811068687E-01   3   3   6   4
 -1.11501687480652563882E-05   3   3   6   5
  6.19296158517841699442E-01   3   3   6   6
  3.61553717308984944690E-06   3   3   7   1
 -6.54939732624025514220E-06   3   3   7   2
 -3.60139136485323885901E-05   3   3   7   3
  4.51848929383594973019E-05   3   3   7   4
  3.04081425057732800951E-07   3   3   7   5
  5.66123935734715184041E-06   3   3   7   6
  6.12780635103914117501E-01   3   3   7   7
  2.42489069437712628037E-05   3   3   8   1
 -8.38801077463859201121E-06   3   3   8   2
 -2.84898476781766094891E-04   3   3   8   3
  7.90570698621770231312E-05   3   3   8   4
 -1.62006382299986151363E-01   3   3   8   5
 -2.32446776803142999505E-04   3   3   8   6
 -5.61816320164118737215E-08   3   3   8   7
  6.10804341683966134369E-01   3   3   8   8
 -1.51902500244325196300E-06   3   3   9   1
  9.85666659731505799525E-06   3   3   9   2
  2.17901472852136812849E-05   3   3   9   3
  1.94361261944154163769E-05   3   3   9   4
  1.03963371785218492881E-07   3   3   9   5
 -5.28710357588259091005E-05   3   3   9   6
  1.31787912433394382994E-01   3   3   9   7
  3.86974904942269181153E-07   3   3   9   8
  5.80228669226558468885E-01   3   3   9   9
 -2.42370030781771401279E-03   3   3  10   1
  1.04210405202150527965E-02   3   3  10   2
  3.07305978335020435477E-02   3   3  10   3
  5.78632254864790834814E-02   3   3  10   4
  6.05414922884283941522E-04   3   3  10   5
 -5.34157894398288798921E-02   3   3  10   6
 -3.69183632348665162568E-05   3   3  10   7
  9.34258887375575674400E-04   3   3  10   8
 -1.20195314830327630584E-04   3   3  10   9
  3.59232370007764478803E-01   3   3  10  10
 -5.55919847407334788360E-05   3   3  11   1
 -2.26406784095282829399E-04   3   3  11   2
  1.16633439459046532767E-03   3   3  11   3
 -3.13074800783172524214E-05   3   3  11   4
  5.95858896714075922385E-02   3   3  11   5
 -5.21049380329826651581E-04   3   3  11   6
 -3.78155341723485336866E-07   3   3  11   7
  1.05024964691754846280E-01   3   3  11   8
  1.40872490734470640072E-06   3   3  11   9
  1.49840881516448420907E-03   3   3  11  10
  4.23649514976017826928E-01   3   3  11  11
 -6.00279732594070827151E-03   3   3  12   1
 -1.64319356000057932576E-02   3   3  12   2
  1.02269349749887633605E-01   3   3  12   3
  3.55955198191524879725E-02   3   3  12   4
 -7.91720174812104559442E-04   3   3  12   5
 -5.79272206044677898107E-02   3   3  12   6
 -2.98347604332310046638E-05   3   3  12   7
 -1.47366374069971147430E-03   3   3  12   8
  6.30129502708354216622E-05   3   3  12   9
  9.79150716115800290318E-02   3   3  12  10
  1.89930118905425222853E-03   3   3  12  11
  6.54117885116496711184E-01   3   3  12  12
  1.75209033317675455521E-01   4   1   1   1
 -1.49679114790049764340E-05   4   1   2   1
  1.87504627467891568475E-03   4   1   2   2
  2.21272376466204075129E-02   4   1   3   1
  3.60927893530225133616E-05   4   1   3   2
  8.42005471487532013153E-03   4   1   3   3
  1.09667079063676883854E-02   4   1   4   1
  2.98696391095956714258E-05   4   1   4   2
  1.41884139396644703458E-03   4   1   4   3
  1.21265766301534403011E-03   4   1   4   4
 -4.19864947892627783069E-05   4   1   5   1
  2.89429429240278535875E-07   4   1   5   2
  7.95193728188668687133E-06   4   1   5   3
  8.72075382595363617851E-07   4   1   5   4
  1.89132067789605151295E-03   4   1   5   5
  1.27976662994945967339E-02   4   1   6   1
 -6.50391069439427407708E-05   4   1   6   2
 -2.28664574541581101796E-03   4   1   6   3
 -4.39267913301125828562E-04   4   1   6   4
  5.79924865891606994528E-06   4   1   6   5
  1.30335240834441646630E-03   4   1   6   6
  2.01811029367900380638E-06   4   1   7   1
 -3.88153568907506815588E-08   4   1   7   2
 -2.43847201986182877519E-06   4   1   7   3
 -4.93472278136738264954E-07   4   1   7   4
  4.99181515271407547993E-09   4   1   7   5
 -5.37988961752765226066E-07   4   1   7   6
  3.20273169223412928694E-03   4   1   7   7
  9.16146053748546906892E-06   4   1   8   1
 -4.95609616112992314768E-08   4   1   8   2
 -1.94682947620456642571E-05   4   1   8   3
 -5.42688397818771752054E-06   4   1   8   4
 -1.65952935651554546632E-03   4   1   8   5
 -8.94049978868672673904E-06   4   1   8   6
 -1.17742221760019458573E-09   4   1   8   7
  3.78656695084305739210E-03   4   1   8   8
  1.21092222644471354725E-06   4   1   9   1
  5.12151760686610619907E-08   4   1   9   2
 -1.28615987058368905611E-07   4   1   9   3
 -8.41461753742287422145E-08   4   1   9   4
  1.37490980785512557533E-09   4   1   9   5
 -1.03353110019009249471E-06   4   1   9   6
  1.78234227036215900353E-03   4   1   9   7
  3.79744528063958930235E-09   4   1   9   8
  3.09495415326813821943E-03   4   1   9   9
  2.12090919338276838110E-03   4   1  10   1
  3.67591081012528619713E-05   4   1  10   2
  2.01255472634773386123E-03   4   1  10   3
  8.05915442748318298048E-04   4   1  10   4
 -2.50194367023079534941E-07   4   1  10   5
 -4.19803236565857945759E-04   4   1  10   6
 -9.77679322256285203083E-07   4   1  10   7
  5.73894705347564428255E-06   4   1  10   8
 -9.62572908135613664049E-07   4   1  10   9
  1.45461874265106995072E-03   4   1  10  10
  7.82109820352876953641E-05   4   1  11   1
 -1.08904906816342778929E-06   4   1  11   2
  5.76981049595304558539E-05   4   1  11   3
  1.27869948330075639280E-05   4   1  11   4
  5.03597777303936404515E-07   4   1  11   5
 -8.10495804846798208025E-06   4   1  11   6
 -9.29742211993958341916E-09   4   1  11   7
  9.54321558103596485900E-04   4   1  11   8
  1.12393648873424602036E-08   4   1  11   9
  2.28427294194993792294E-05   4   1  11  10
  1.38851403631143864581E-03   4   1  11  11
  8.47274727453398851518E-03   4   1  12   1
 -9.88211652949416285031E-05   4   1  12   2
  6.31390885056970409955E-03   4   1  12   3
  1.77567256025624596767E-03   4   1  12   4
 -9.30035988086140273091E-07   4   1  12   5
 -6.17848937338044148192E-04   4   1  12   6
 -1.11715439473815006373E-06   4   1  12   7
 -2.19014174997196808196E-05   4   1  12   8
  4.71547525970894554348E-07   4   1  12   9
  2.05138558044787007797E-03   4   1  12  10
  5.56104798366825246281E-05   4   1  12  11
  7.73729622634292905220E-03   4   1  12  12
  4.59454799322866255101E-03   4   2   1   1
 -5.49369403980970710116E-05   4   2   2   1
  2.46458848558833293341E-01   4   2   2   2
 -3.64873758491963140764E-05   4   2   3   1
 -1.66001968763859510114E-02   4   2   3   2
  8.69277365943029248219E-03   4   2   3   3
  2.98696391095925272395E-05   4   2   4   1
  2.87856164667487091080E-02   4   2   4   2
 -2.41237312477138960906E-03   4   2   4   3
  2.51421719743332534522E-03   4   2   4   4
 -2.31324788120909890492E-07   4   2   5   1
  2.19222650642893562519E-05   4   2   5   2
  1.36804156717106823624E-06   4   2   5   3
 -4.41959210338796803293E-06   4   2   5   4
  3.11457183797591435903E-03   4   2   5   5
  1.78985441014359276468E-04   4   2   6   1
  2.19378650551766123805E-03   4   2   6   2
 -4.63475403621976117519E-03   4   2   6   3
  3.41459037551639131916E-03   4   2   6   4
  5.03601960003821695318E-06   4   2   6   5
  5.35249434260148034687E-03   4   2   6   6
 -1.00289227972706119017E-08   4   2   7   1
 -7.81411775220263853667E-06   4   2   7   2
  2.15643803544598764663E-06   4   2   7   3
 -1.69109475276999976436E-06   4   2   7   4
  2.68143251119666578038E-09   4   2   7   5
 -1.56882168498339657886E-06   4   2   7   6
  5.66530336896275098224E-03   4   2   7   7
  9.92580802839526814938E-08   4   2   8   1
 -1.56943590840597237113E-05   4   2   8   2
 -3.58920103604389010188E-06   4   2   8   3
  2.83324713707684879084E-06   4   2   8   4
 -1.63897935311526775533E-03   4   2   8   5
  2.55251152817153392768E-07   4   2   8   6
  4.95109384202382998157E-09   4   2   8   7
  2.32966462922255422227E-03   4   2   8   8
 -1.21017761741427723595E-07   4   2   9   1
  1.67542643058013620378E-05   4   2   9   2
 -2.24093743045837912785E-06   4   2   9   3
  4.53042538732970814905E-06   4   2   9   4
  9.40698266247729796371E-09   4   2   9   5
  1.29075532489991737360E-06   4   2   9   6
 -1.93553527035227089861E-03   4   2   9   7
 -1.25279237722315450449E-09   4   2   9   8
  5.92325545830886882048E-03   4   2   9   9
 -7.95187433265261655029E-05   4   2  10   1
  3.30417414868047210064E-02   4   2  10   2
 -2.94937561718229025731E-03   4   2  10   3
  4.80649921965181289862E-03   4   2  10   4
  4.67227288750955848545E-05   4   2  10   5
  1.01866530470974547828E-03   4   2  10   6
 -3.43433966265969866550E-07   4   2  10   7
  1.98607204176576136278E-05   4   2  10   8
  2.15715589800004846344E-07   4   2  10   9
  4.57379458952850148634E-03   4   2  10  10
 -1.96144919249952001032E-06   4   2  11   1
 -1.92881755188122619915E-04   4   2  11   2
 -1.70536422966348213211E-05   4   2  11   3
  1.53650822120014746023E-05   4   2  11   4
  5.30189229045682167835E-03   4   2  11   5
  3.88615989368089277591E-05   4   2  11   6
 -2.69355971106113171512E-08   4   2  11   7
  2.35149820828201971262E-03   4   2  11   8
  4.80133586728073453315E-08   4   2  11   9
  7.77501624051216106781E-05   4   2  11  10
  7.85527754733625002692E-03   4   2  11  11
 -2.16060804751790611934E-04   4   2  12   1
  6.95625541607959845675E-03   4   2  12   2
 -4.15341335471601947466E-03   4   2  12   3
  4.30419541234066619501E-03   4   2  12   4
 -6.64637172794317631665E-05   4   2  12   5
  3.84772151935156665400E-03   4   2  12   6
 -2.47445947884724126706E-06   4   2  12   7
 -2.76988338180176101261E-05   4   2  12   8
  4.08376216456084184525E-06   4   2  12   9
  4.64638741472179605391E-03   4   2  12  10
  2.63077013079839392004E-06   4   2  12  11
  1.22050327242178603682E-02   4   2  12  12
  1.94978054556527863328E-01   4   3   1   1
  1.39227915278848938320E-05   4   3   2   1
 -1.07180948003221379605E-01   4   3   2   2
  6.13159957338499806562E-03   4   3   3   1
  2.72795511611946366048E-03   4   3   3   2
  6.07380455050515952187E-02   4   3   3   3
  1.41884139396644443250E-03   4   3   4   1
 -2.41237312477137096078E-03   4   3   4   2
  4.60232506322686488187E-02   4   3   4   3
 -3.13075792003337932679E-02   4   3   4   4
  6.83409463456133820474E-06   4   3   5   1
 -9.02351486323495201541E-06   4   3   5   2
 -1.93367332016975741618E-04   4   3   5   3
 -1.44897106244602015849E-04   4   3   5   4
 -1.81222612587991216415E-02   4   3   5   5
 -1.46733351624988759242E-03   4   3   6   1
 -1.85975938064545450075E-03   4   3   6   2
  3.78571720785510143492E-02   4   3   6   3
  5.77823313600416971214E-02   4   3   6   4
 -1.29885579365921930914E-04   4   3   6   5
  7.13749940590889114800E-02   4   3   6   6
 -2.53335841449416610108E-06   4   3   7   1
  2.84214475937675698872E-06   4   3   7   2
  1.51019590609856250426E-05   4   3   7   3
  1.54694215782386513148E-05   4   3   7   4
  8.18374732912665879055E-08   4   3   7   5
  1.07884095300559977354E-05   4   3   7   6
  3.36587860402744465382E-02   4   3   7   7
 -2.15790699776469184837E-05   4   3   8   1
 -3.76538262914526061106E-06   4   3   8   2
  3.30283424410560916902E-05   4   3   8   3
  1.74218358232672575247E-04   4   3   8   4
 -7.03548237286961558601E-02   4   3   8   5
 -1.25425264717696872485E-04   4   3   8   6
 -9.76622694271699262484E-08   4   3   8   7
  6.87209074739659059317E-02   4   3   8   8
 -8.82054344831687008572E-07   4   3   9   1
 -3.97888733599541664552E-06   4   3   9   2
  6.15012874399899528471E-06   4   3   9   3
  9.12983171072748892828E-06   4   3   9   4
 -3.09317340179513378797E-08   4   3   9   5
 -2.29441649112385913302E-05   4   3   9   6
  8.85100643332381170625E-02   4   3   9   7
  1.81322435406303206078E-07   4   3   9   8
  2.14968221901886726022E-02   4   3   9   9
  1.96681284651976755196E-03   4   3  10   1
 -2.43345559013528932660E-03   4   3  10   2
  1.41465527814858063604E-02   4   3  10   3
 -1.54949747792918115369E-02   4   3  10   4
 -2.13827212471727208087E-04   4   3  10   5
 -1.63011565907082781046E-02   4   3  10   6
 -4.45302619526872795613E-05   4   3  10   7
  2.53811234287140143843E-04   4   3  10   8
 -1.85370273803053819961E-05   4   3  10   9
 -5.11228352896667265215E-02   4   3  10  10
  5.55203666271352979885E-05   4   3  11   1
 -2.72035132313091228913E-05   4   3  11   2
  2.83003802824297425508E-04   4   3  11   3
  1.25270790173908291116E-04   4   3  11   4
 -2.58224831388005095223E-02   4   3  11   5
 -6.63105945398698767151E-04   4   3  11   6
  3.25657096800228970341E-08   4   3  11   7
  2.77092254219583403185E-02   4   3  11   8
  4.60284424348743684274E-07   4   3  11   9
  3.99169636818802117673E-04   4   3  11  10
 -4.93810791559793973993E-02   4   3  11  11
  6.46472802326732327860E-03   4   3  12   1
 -2.96077586285241811312E-03   4   3  12   2
  3.68126873300945109402E-02   4   3  12   3
 -1.18412841371539332737E-03   4   3  12   4
  4.04371187727499338972E-04   4   3  12   5
 -5.79874640387823686583E-02   4   3  12   6
 -1.18549378760907108305E-05   4   3  12   7
 -3.53138677233869047178E-04   4   3  12   8
  3.02844961536192711082E-05   4   3  12   9
  2.59606869520830375875E-02   4   3  12  10
  5.84020416112955706098E-04   4   3  12  11
  1.16530425891940431216E-02   4   3  12  12
  4.31681553237444781690E-01   4   4   1   1
 -5.60402692743752842966E-05   4   4   2   1
  6.47926170572724946517E-01   4   4   2   2
  3.05871752358286529139E-03   4   4   3   1
 -7.53808921454471835000E-03   4   4   3   2
  4.03163767445669507516E-01   4   4   3   3
  1.21265766301536224471E-03   4   4   4   1
  2.51421719743329151811E-03   4   4   4   2
 -3.13075792003337655123E-02   4   4   4   3
  5.01924709775490529573E-01   4   4   4   4
  1.17110105436814697185E-07   4   4   5   1
 -8.77931442496788863808E-07   4   4   5   2
  1.02232734443474847577E-04   4   4   5   3
  1.85478753794281918995E-04   4   4   5   4
  4.62613144793858288573E-01   4   4   5   5
  7.12830017957669873768E-04   4   4   6   1
  8.00840351354440045661E-03   4   4   6   2
 -2.02868771629839197979E-02   4   4   6   3
 -5.26157888632946407759E-02   4   4   6   4
 -2.49469082141217045584E-05   4   4   6   5
  4.18469550795000977406E-01   4   4   6   6
 -5.17964904950934047297E-07   4   4   7   1
 -6.20264701897558015653E-06   4   4   7   2
 -1.46756688331983258476E-05   4   4   7   3
 -9.25602314965343974548E-07   4   4   7   4
 -7.67788444502549268498E-08   4   4   7   5
  4.44468933518086688667E-06   4   4   7   6
  4.26069568812085908149E-01   4   4   7   7
 -5.44600732149196331669E-06   4   4   8   1
  8.91639681250594861998E-06   4   4   8   2
  1.57822290590164433658E-05   4   4   8   3
 -8.76365337458013399230E-05   4   4   8   4
  4.87464789702737669175E-02   4   4   8   5
  1.22987313976321308105E-04   4   4   8   6
  8.20775071982017926352E-08   4   4   8   7
  4.03593838895658030275E-01   4   4   8   8
 -1.24667444524603989336E-07   4   4   9   1
  8.25918906562600063789E-06   4   4   9   2
  7.61555987784318193088E-06   4   4   9   3
 -1.90050369977743037307E-06   4   4   9   4
  1.23885570108865922307E-08   4   4   9   5
  6.96015899245854994734E-06   4   4   9   6
 -6.64848196663535007112E-02   4   4   9   7
 -1.46119544203806636656E-07   4   4   9   8
  4.54847096354608848578E-01   4   4   9   9
  5.49755850939822265054E-04   4   4  10   1
  1.84414047868639062802E-03   4   4  10   2
 -1.57477514386344663588E-02   4   4  10   3
  6.30675088193408533987E-02   4   4  10   4
  3.55076848898274821751E-04   4   4  10   5
 -1.75771248601667984257E-02   4   4  10   6
  3.80308532523325042727E-05   4   4  10   7
 -7.19582295071662331274E-05   4   4  10   8
 -1.43249303904274816190E-05   4   4  10   9
  4.90851699482079850689E-01   4   4  10  10
  1.26041921554904024112E-05   4   4  11   1
  1.61755444625984412489E-04   4   4  11   2
  7.92115965141632034441E-05   4   4  11   3
 -9.90360404348957336709E-04   4   4  11   4
  4.67852476765820909921E-02   4   4  11   5
  8.83076528113775041824E-04   4   4  11   6
  8.99602947224954803438E-08   4   4  11   7
  7.24885388924961359541E-03   4   4  11   8
 -2.68024758408313967806E-07   4   4  11   9
 -4.29077396820382039877E-04   4   4  11  10
  4.85287703802293635125E-01   4   4  11  11
  1.61118064172122805663E-03   4   4  12   1
  1.46937438675834395468E-02   4   4  12   2
 -1.20361974995375209385E-02   4   4  12   3
 -3.30978980707499342850E-02   4   4  12   4
 -7.48152234049583833748E-04   4   4  12   5
  5.22833026081792051620E-02   4   4  12   6
  2.64987701786219545985E-05   4   4  12   7
 -6.25678660834603600190E-05   4   4  12   8
 -3.62096725220473203422E-05   4   4  12   9
 -3.25876302319966087984E-02   4   4  12  10
  5.46711092230985074014E-05   4   4  12  11
  4.76752117432651223439E-01   4   4  12  12
 -5.43560994116325398549E-04   5   1   1   1
  3.55749936428334342797E-08   5   1   2   1
 -1.41292906754278360540E-05   5   1   2   2
 -6.38314248264115226533E-05   5   1   3   1
 -4.28770912004787291433E-07   5   1   3   2
 -4.31314804850487862743E-05   5   1   3   3
 -4.19864947892595934630E-05   5   1   4   1
 -2.31324788121314957529E-07   5   1   4   2
  6.83409463456233685658E-06   5   1   4   3
  1.17110105435616582316E-07   5   1   4   4
  5.07394850243820041968E-03   5   1   5   1
 -1.04093394280055254273E-04   5   1   5   2
 -7.17059313215234403471E-03   5   1   5   3
 -1.96034507098697156555E-03   5   1   5   4
  1.92424707924677365978E-06   5   1   5   5
 -3.40912346323610961486E-05   5   1   6   1
  3.47782531278658623655E-07   5   1   6   2
 -1.80547051464359478919E-06   5   1   6   3
  3.88661039299072254304E-06   5   1   6   4
 -2.12061085328021968824E-03   5   1   6   5
 -1.02629160174094070251E-05   5   1   6   6
  1.27137884776704869768E-08   5   1   7   1
  2.87275896629537099614E-10   5   1   7   2
 -1.58279941984946464184E-08   5   1   7   3
 -8.78284935852788875477E-09   5   1   7   4
 -8.11384968803493282209E-08   5   1   7   5
 -6.07124675911445863082E-09   5   1   7   6
 -1.44920949368172131207E-05   5   1   7   7
 -1.00323756175944665131E-02   5   1   8   1
 -2.83126844257411857308E-05   5   1   8   2
  1.15990531888322465082E-02   5   1   8   3
  5.34191066814101826743E-03   5   1   8   4
 -1.14040597877687871470E-05   5   1   8   5
  4.78066031732273660770E-03   5   1   8   6
  1.67806273602269037605E-07   5   1   8   7
 -1.72397149180704650859E-05   5   1   8   8
 -4.87397572597862294643E-09   5   1   9   1
 -5.51394638224792325798E-10   5   1   9   2
  5.39466525931336432467E-10   5   1   9   3
  1.90230202583329447100E-09   5   1   9   4
 -2.73159502135177497305E-07   5   1   9   5
  3.01715062489261320132E-09   5   1   9   6
 -1.97596048388374433298E-06   5   1   9   7
  2.41152683959257404924E-07   5   1   9   8
 -1.16609802804566332072E-05   5   1   9   9
 -3.21426453532646343040E-05   5   1  10   1
 -1.52115203561141644850E-06   5   1  10   2
  1.36796762945563645447E-05   5   1  10   3
  1.25519611914530709282E-05   5   1  10   4
 -9.24168805658853709760E-04   5   1  10   5
  1.75227151863507434168E-05   5   1  10   6
 -2.16543166604865275213E-09   5   1  10   7
  1.24663239591781319603E-03   5   1  10   8
  5.92846511852026908934E-09   5   1  10   9
  5.29673163104639422791E-06   5   1  10  10
 -3.24697176183499002997E-03   5   1  11   1
 -1.57489512467349693356E-04   5   1  11   2
  2.42957918291231795768E-03   5   1  11   3
  1.71258712584035637135E-03   5   1  11   4
 -2.51320264834870199424E-05   5   1  11   5
  2.31666056484046813460E-03   5   1  11   6
 -5.59558628175027356385E-08   5   1  11   7
  4.88601915509328266229E-05   5   1  11   8
  4.04276741282798838257E-07   5   1  11   9
  9.38734134686596390432E-04   5   1  11  10
  1.37043290564725297890E-05   5   1  11  11
  2.50615587554667095362E-05   5   1  12   1
  2.86494536556325489677E-06   5   1  12   2
 -5.75971968514852171602E-05   5   1  12   3
 -2.79091694161900610405E-05   5   1  12   4
 -2.33202479463576022034E-03   5   1  12   5
 -3.69541379332913202775E-05   5   1  12   6
 -6.40193575712703883370E-09   5   1  12   7
  5.29225793857876405241E-03   5   1  12   8
 -5.13524627127364861282E-09   5   1  12   9
 -2.98654590072648001061E-06   5   1  12  10
  1.80241521686171969098E-03   5   1  12  11
 -7.76000729223423477620E-05   5   1  12  12
  3.34182198430903442668E-05   5   2   1   1
  1.70498643622550368727E-07   5   2   2   1
  1.73732433055331377631E-04   5   2   2   2
 -2.37419099049906206934E-07   5   2   3   1
 -1.24135590579660305535E-06   5   2   3   2
  4.74358818190942759657E-05   5   2   3   3
  2.89429429240451489415E-07   5   2   4   1
  2.19222650642843892507E-05   5   2   4   2
 -9.02351486323408295961E-06   5   2   4   3
 -8.77931442500917620031E-07   5   2   4   4
 -1.04093394280055213615E-04   5   2   5   1
  7.67287323770635566050E-03   5   2   5   2
  6.75948602162322262354E-03   5   2   5   3
 -1.05730515786645311999E-02   5   2   5   4
  2.08351710000169091627E-06   5   2   5   5
  7.18137520961722055972E-07   5   2   6   1
  7.05242089641448033691E-06   5   2   6   2
  1.17028967939036125441E-06   5   2   6   3
  7.19838344298292228402E-08   5   2   6   4
  2.03451649671259959329E-04   5   2   6   5
  1.74633573200955856885E-05   5   2   6   6
 -2.44356507848208529118E-10   5   2   7   1
 -6.67968405317081850090E-09   5   2   7   2
  6.32020479368998301101E-09   5   2   7   3
  9.04276312660255952597E-09   5   2   7   4
  2.42485074046493076893E-06   5   2   7   5
 -1.51958418852599753626E-09   5   2   7   6
  2.06875722657157653009E-05   5   2   7   7
  2.42123735421298578573E-04   5   2   8   1
  2.62625380139669840213E-03   5   2   8   2
 -3.08361624092697494612E-04   5   2   8   3
 -5.91874637800660595433E-03   5   2   8   4
 -6.15386769171397706363E-06   5   2   8   5
  1.51636277729128650556E-03   5   2   8   6
  1.07387112482143335613E-06   5   2   8   7
  3.38400074615225171081E-05   5   2   8   8
 -2.66999285526158242708E-10   5   2   9   1
  2.43793713928138969468E-08   5   2   9   2
  3.00180428701426551999E-09   5   2   9   3
 -3.16627518882721198115E-09   5   2   9   4
 -2.24285604712251830133E-06   5   2   9   5
 -1.01325586910737025247E-08   5   2   9   6
  1.09042065458182728496E-05   5   2   9   7
 -2.32137397460903998594E-07   5   2   9   8
  1.17060129844742248525E-05   5   2   9   9
  4.17498767883441176514E-07   5   2  10   1
  1.24022798243957993415E-04   5   2  10   2
  4.18802141635412429653E-05   5   2  10   3
 -5.12999875690803167419E-05   5   2  10   4
 -3.26615921126351170869E-03   5   2  10   5
 -3.55434798881646760844E-05   5   2  10   6
  2.46210809453633989582E-08   5   2  10   7
 -2.56567952445144859507E-04   5   2  10   8
 -7.67844445477594289161E-08   5   2  10   9
 -1.78467832688015840339E-04   5   2  10  10
  9.67155540042317430141E-05   5   2  11   1
  1.30929406532967959609E-02   5   2  11   2
  5.69475318469692647072E-03   5   2  11   3
 -6.91702961536901257678E-03   5   2  11   4
 -3.77546614291052575266E-05   5   2  11   5
 -3.38706831619232495018E-03   5   2  11   6
  4.18784781789581535266E-06   5   2  11   7
 -2.09553343991055859223E-05   5   2  11   8
 -8.24135320500153647984E-06   5   2  11   9
 -1.15704079348812015338E-02   5   2  11  10
  4.53101472928966412385E-05   5   2  11  11
 -2.13255762097509938069E-06   5   2  12   1
 -1.80875800202463175555E-04   5   2  12   2
 -7.50231694509492606912E-05   5   2  12   3
  1.02892320761833452663E-04   5   2  12   4
 -4.42763098949823866168E-03   5   2  12   5
  2.86847489449448208611E-05   5   2  12   6
 -6.16563147674337346079E-08   5   2  12   7
 -1.78776014520880548349E-03   5   2  12   8
  1.11871838095565068313E-07   5   2  12   9
  1.11960536605563022294E-04   5   2  12  10
 -6.04666930410604781115E-03   5   2  12  11
  1.72189585204054405572E-04   5   2  12  12
 -3.21783731000877632963E-04   5   3   1   1
  1.03295541968071099894E-07   5   3   2   1
  3.15114353528521255222E-04   5   3   2   2
 -2.39616441345823424100E-05   5   3   3   1
  6.93365159461517351107E-06   5   3   3   2
  1.03933051774069253395E-04   5   3   3   3
  7.95193728188618034563E-06   5   3   4   1
  1.36804156717138545008E-06   5   3   4   2
 -1.93367332016973275059E-04   5   3   4   3
  1.02232734443473776927E-04   5   3   4   4
 -7.17059313215234229999E-03   5   3   5   1
  6.75948602162322262354E-03   5   3   5   2
  6.08355821705858779147E-02   5   3   5   3
 -2.57453893211273612818E-02   5   3   5   4
  1.06904322056971794338E-04   5   3   5   5
 -2.11195970516191596815E-06   5   3   6   1
  9.18549614419097031927E-06   5   3   6   2
 -5.72634139248608842215E-06   5   3   6   3
 -1.60201335851664899024E-04   5   3   6   4
  6.38199932998225610836E-03   5   3   6   5
 -9.36329916319529164791E-05   5   3   6   6
 -2.00231925138383380910E-08   5   3   7   1
 -4.21847115926889446130E-10   5   3   7   2
  1.15355239683293970774E-07   5   3   7   3
  2.42243825457644392887E-08   5   3   7   4
  3.82654145807661577757E-06   5   3   7   5
 -1.60062571017406084595E-08   5   3   7   6
  2.21549535976059984758E-05   5   3   7   7
  1.39250830823093637439E-02   5   3   8   1
  2.03424000812802568960E-03   5   3   8   2
 -5.77201929101076247064E-02   5   3   8   3
 -4.35539632268378065771E-02   5   3   8   4
  2.26915108011959028300E-04   5   3   8   5
 -1.03249613550430441311E-02   5   3   8   6
  2.60977206379707279480E-06   5   3   8   7
  3.09795359222276867886E-05   5   3   8   8
  2.32766177898471714400E-09   5   3   9   1
  1.02197601344425379196E-08   5   3   9   2
 -1.63170578146411398810E-09   5   3   9   3
 -1.28222118771156995995E-08   5   3   9   4
  3.84197728032913199197E-06   5   3   9   5
  2.31637152277789385408E-08   5   3   9   6
 -1.79694537472212289338E-04   5   3   9   7
  3.14808790475060728701E-06   5   3   9   8
  5.84572478445683949792E-06   5   3   9   9
  2.83104920944200137266E-05   5   3  10   1
  8.13610380837306363571E-05   5   3  10   2
  3.43128615928898675737E-05   5   3  10   3
 -9.94686319332073042455E-05   5   3  10   4
  9.19279961753241385558E-03   5   3  10   5
 -1.75512172975612738314E-04   5   3  10   6
  1.41004383230068570738E-07   5   3  10   7
  2.70829577225218266073E-03   5   3  10   8
 -1.54945671022798064746E-07   5   3  10   9
 -4.31705245928202391292E-04   5   3  10  10
  4.32130353732778239167E-03   5   3  11   1
  1.04557866735501443778E-02   5   3  11   2
  7.15703713343748132436E-03   5   3  11   3
 -1.52497547997938621284E-02   5   3  11   4
 -1.41329006038946538995E-04   5   3  11   5
 -2.61519773033759596326E-02   5   3  11   6
  9.55806543348880438364E-06   5   3  11   7
 -4.97643733242809872472E-04   5   3  11   8
 -2.48578199051728581824E-05   5   3  11   9
 -3.90884170936654229411E-02   5   3  11  10
  2.48944209893656349941E-04   5   3  11  11
 -8.67489052015660375844E-05   5   3  12   1
 -1.40219056095325589556E-04   5   3  12   2
 -1.37082340960916062656E-04   5   3  12   3
  2.19839474150664606874E-04   5   3  12   4
 -8.32897153610439276716E-03   5   3  12   5
  4.41544097086038196502E-04   5   3  12   6
 -6.66248943097877705228E-08   5   3  12   7
 -3.08444528026678363442E-02   5   3  12   8
  2.44595819872822910646E-07   5   3  12   9
  2.26330095036482003418E-04   5   3  12  10
 -2.52977351439136327604E-02   5   3  12  11
  6.99968300091810915510E-04   5   3  12  12
 -9.15770594785343802421E-04   5   4   1   1
 -3.39128774481873172088E-07   5   4   2   1
  2.76824972950777837416E-04   5   4   2   2
 -1.74771938034923097398E-05   5   4   3   1
 -2.50573064109460857832E-05   5   4   3   2
 -5.12458886442800271889E-04   5   4   3   3
  8.72075382593811535855E-07   5   4   4   1
 -4.41959210338213451702E-06   5   4   4   2
 -1.44897106244596757469E-04   5   4   4   3
  1.85478753794325395502E-04   5   4   4   4
 -1.96034507098697243291E-03   5   4   5   1
 -1.05730515786645329346E-02   5   4   5   2
 -2.57453893211273508734E-02   5   4   5   3
  9.03940044404317744053E-02   5   4   5   4
  3.12637783748334957741E-05   5   4   5   5
  4.01512025304432903383E-06   5   4   6   1
  7.48759203095208980186E-06   5   4   6   2
 -1.49216174727146545049E-04   5   4   6   3
 -2.74325414442151401060E-04   5   4   6   4
 -1.78636544417421667952E-02   5   4   6   5
 -4.08708601379798638215E-04   5   4   6   6
 -2.13392142152192684521E-09   5   4   7   1
  2.64802190115763451925E-10   5   4   7   2
  1.42864258138195954044E-08   5   4   7   3
 -1.67795255780259725283E-07   5   4   7   4
 -8.43797351067996436011E-06   5   4   7   5
  7.29126976700923771117E-09   5   4   7   6
 -2.79583831904442112453E-04   5   4   7   7
  3.68535121246177073753E-03   5   4   8   1
 -3.75642285016565590297E-03   5   4   8   2
 -1.95898097807383313185E-02   5   4   8   3
  5.03813796554904436142E-02   5   4   8   4
  3.34757791384995818072E-04   5   4   8   5
 -3.23881178760865029442E-02   5   4   8   6
 -7.78650424413191230436E-06   5   4   8   7
 -5.67398946239908033920E-04   5   4   8   8
  8.40092734732621440336E-10   5   4   9   1
 -1.36189039378111026284E-08   5   4   9   2
 -3.58966003521619072566E-08   5   4   9   3
 -6.03810210269146968052E-08   5   4   9   4
 -1.50137225694907962519E-05   5   4   9   5
  1.56029814986827147568E-07   5   4   9   6
 -4.04178290353514118542E-04   5   4   9   7
 -2.04865120164768277041E-05   5   4   9   8
 -1.74996001844658096271E-04   5   4   9   9
  3.37293787390473112414E-06   5   4  10   1
 -1.29461556515374757613E-04   5   4  10   2
 -2.22954942166855526499E-04   5   4  10   3
 -9.31263622103330727551E-05   5   4  10   4
 -2.99123983792558764683E-02   5   4  10   5
  3.07782311806233110918E-04   5   4  10   6
  1.19960739835239526370E-07   5   4  10   7
 -3.70184119047428303317E-02   5   4  10   8
  7.34931488711925502873E-07   5   4  10   9
  1.81575974091093689244E-03   5   4  10  10
  1.12070267620638028272E-03   5   4  11   1
 -1.61966590845618527150E-02   5   4  11   2
 -1.92523336232949156266E-02   5   4  11   3
 -9.34764231724921797195E-03   5   4  11   4
  6.90137217549597649369E-04   5   4  11   5
  2.43166712087941015719E-02   5   4  11   6
 -1.64711426879702602457E-05   5   4  11   7
  3.40563270793457263403E-04   5   4  11   8
  5.80889689497924278602E-05   5   4  11   9
  9.50817275776526527054E-02   5   4  11  10
 -1.17811358496768339710E-03   5   4  11  11
 -3.74818780310270921853E-05   5   4  12   1
  2.54362006224284490155E-04   5   4  12   2
  1.25571714775010061845E-04   5   4  12   3
  2.23173990261701075564E-05   5   4  12   4
  2.48360889284282675138E-02   5   4  12   5
  2.19479451239720709530E-05   5   4  12   6
  3.07982821259849854150E-07   5   4  12   7
  8.00960938801022724609E-03   5   4  12   8
 -8.99399648397016849861E-07   5   4  12   9
 -1.31522810690502811592E-03   5   4  12  10
  9.24182505827277067656E-03   5   4  12  11
 -3.83275839213461288688E-04   5   4  12  12
  5.07188134370956222874E-01   5   5   1   1
 -1.00502217745087520586E-06   5   5   2   1
  6.04897327955464469973E-01   5   5   2   2
  1.24714261278497696994E-03   5   5   3   1
 -2.00735797179552120234E-03   5   5   3   2
  4.75873092451477297526E-01   5   5   3   3
  1.89132067789606625810E-03   5   5   4   1
  3.11457183797590091492E-03   5   5   4   2
 -1.81222612587991667443E-02   5   5   4   3
  4.62613144793858288573E-01   5   5   4   4
  1.92424707924931137049E-06   5   5   5   1
  2.08351710000358276436E-06   5   5   5   2
  1.06904322056983029383E-04   5   5   5   3
  3.12637783748714496264E-05   5   5   5   4
  4.84484407992179844094E-01   5   5   5   5
  4.82240426923423969041E-03   5   5   6   1
  2.39550150178872289916E-04   5   5   6   2
 -4.38756249885497717766E-02   5   5   6   3
 -1.66532436110974901844E-02   5   5   6   4
  2.84129719249984281416E-05   5   5   6   5
  4.37978172098588469652E-01   5   5   6   6
  1.32055627565378449920E-06   5   5   7   1
 -3.45820307320681517775E-06   5   5   7   2
 -1.58220988059010985295E-05   5   5   7   3
  9.89107996580738259811E-07   5   5   7   4
  6.13467640237759030417E-09   5   5   7   5
 -2.91305370913982333839E-06   5   5   7   6
  4.51575117890911148510E-01   5   5   7   7
 -1.68903469748808569059E-05   5   5   8   1
 -2.81781272280516382263E-06   5   5   8   2
  4.07609078982658352987E-07   5   5   8   3
  1.61340802085603898222E-05   5   5   8   4
  6.79839521789324038870E-03   5   5   8   5
  8.33779216152147518862E-05   5   5   8   6
  1.35276030615394959106E-08   5   5   8   7
  4.55312918647330755473E-01   5   5   8   8
 -3.61103818570089387767E-07   5   5   9   1
  4.99891339920186797749E-06   5   5   9   2
  5.66255299720897093405E-06   5   5   9   3
  3.16537925978910780292E-06   5   5   9   4
  6.79602758137481384735E-08   5   5   9   5
  1.20662922459930158172E-06   5   5   9   6
 -2.70912139587856197476E-02   5   5   9   7
 -1.97127423761572432941E-08   5   5   9   8
  4.61361696090238027068E-01   5   5   9   9
 -1.09856600407151421515E-03   5   5  10   1
  3.33776047421419910441E-03   5   5  10   2
 -3.43847645231990959799E-03   5   5  10   3
  4.23914448735529802992E-02   5   5  10   4
  5.00628730973061409314E-04   5   5  10   5
 -9.31464334184068515343E-03   5   5  10   6
  2.01212192778332221699E-05   5   5  10   7
  1.90211785210302864292E-04   5   5  10   8
 -2.18304938592699115940E-05   5   5  10   9
  4.55636777504352274981E-01   5   5  10  10
 -3.84940510722808388613E-05   5   5  11   1
 -2.72022946594997670170E-05   5   5  11   2
  2.18533981920275316869E-04   5   5  11   3
 -2.06192360931894540796E-04   5   5  11   4
  5.80682393986658648699E-02   5   5  11   5
  5.25593336921558666568E-04   5   5  11   6
 -1.14426266695695205544E-07   5   5  11   7
  2.68053342248283851812E-02   5   5  11   8
  1.54744092253564224926E-07   5   5  11   9
  3.57855949057683808689E-04   5   5  11  10
  4.92827066628121313041E-01   5   5  11  11
 -3.24730860789610798270E-03   5   5  12   1
  2.57963103098755440912E-04   5   5  12   2
  5.78932771320859584224E-03   5   5  12   3
  8.24527377563675188676E-03   5   5  12   4
 -8.60239612045163087525E-04   5   5  12   5
  3.23001166208806145264E-02   5   5  12   6
  4.12330000662401022958E-06   5   5  12   7
 -3.59285067195396531480E-04   5   5  12   8
 -4.51736356316123632837E-06   5   5  12   9
  5.99878467293653294679E-03   5   5  12  10
 -7.01778647167056179867E-06   5   5  12  11
  5.04353011037166787389E-01   5   5  12  12
  1.66523257112207140329E-01   6   1   1   1
 -6.31886257832924526563E-06   6   1   2   1
  7.73992047648390350811E-03   6   1   2   2
  1.83460556366819328711E-02   6   1   3   1
  1.76877888117969175267E-04   6   1   3   2
  1.72341714695169734295E-02   6   1   3   3
  1.27976662994945897950E-02   6   1   4   1
  1.78985441014363586172E-04   6   1   4   2
 -1.46733351624988911030E-03   6   1   4   3
  7.12830017957656104401E-04   6   1   4   4
 -3.40912346323643758602E-05   6   1   5   1
  7.18137520961725126466E-07   6   1   5   2
 -2.11195970516080381389E-06   6   1   5   3
  4.01512025304389196483E-06   6   1   5   4
  4.82240426923423622096E-03   6   1   5   5
  2.22138515685506195141E-02   6   1   6   1
 -3.17071701009554157008E-04   6   1   6   2
 -1.51692719776670651571E-02   6   1   6   3
 -7.01438819307988528640E-03   6   1   6   4
  2.29794833885940498800E-05   6   1   6   5
 -6.19321263397813650403E-03   6   1   6   6
  2.04618971099621973632E-06   6   1   7   1
 -1.38557114091143264198E-07   6   1   7   2
 -2.15069198891198868324E-06   6   1   7   3
 -4.17480481976385520398E-07   6   1   7   4
  5.39638989465535050555E-09   6   1   7   5
 -1.28421744748407784490E-06   6   1   7   6
  5.89278619085291388568E-03   6   1   7   7
 -2.21485751015835855818E-05   6   1   8   1
 -4.08290812473669922413E-07   6   1   8   2
  1.71368495227286590831E-05   6   1   8   3
  1.08466242695737456996E-05   6   1   8   4
 -8.77116543025569656011E-04   6   1   8   5
  1.17230820314199862266E-05   6   1   8   6
  3.44089074297244466610E-09   6   1   8   7
  3.84989287772980349339E-03   6   1   8   8
 -3.52198677431740230173E-06   6   1   9   1
  2.02697285678831401142E-07   6   1   9   2
  5.11319588664358677584E-06   6   1   9   3
  2.24670221065248577544E-06   6   1   9   4
 -4.49327639948373228917E-09   6   1   9   5
  1.42823164968537043369E-06   6   1   9   6
 -6.58645313095797355768E-04   6   1   9   7
 -9.62175777473340112334E-10   6   1   9   8
  4.38138613540893333276E-03   6   1   9   9
 -1.65517780100149307886E-03   6   1  10   1
  2.16912650306261219112E-04   6   1  10   2
  5.25082589989552938475E-03   6   1  10   3
  2.83262432599280149573E-03   6   1  10   4
  9.67292593322382518548E-06   6   1  10   5
  1.72968566824676891255E-04   6   1  10   6
  9.36516345025079428598E-07   6   1  10   7
  4.13279042222133461901E-06   6   1  10   8
 -1.84312547223477746910E-07   6   1  10   9
  4.47123833505015059325E-03   6   1  10  10
 -4.78150017594718360482E-05   6   1  11   1
 -6.99884564931527128768E-06   6   1  11   2
  1.58507271269655696791E-04   6   1  11   3
  5.46225194248223336899E-05   6   1  11   4
  2.08521104602870689659E-03   6   1  11   5
  3.49559276989083679479E-05   6   1  11   6
 -1.29962378521011842619E-08   6   1  11   7
  2.62589619984808530541E-04   6   1  11   8
  3.36439024690142083826E-08   6   1  11   9
  5.53402867893927662493E-05   6   1  11  10
  4.59692754072335476451E-03   6   1  11  11
 -3.35803516802313456804E-03   6   1  12   1
 -5.02669564926718870183E-04   6   1  12   2
  1.51805545709816098326E-02   6   1  12   3
  5.86633770317067371192E-03   6   1  12   4
 -4.73007402184120892769E-05   6   1  12   5
  2.04807880139978382497E-03   6   1  12   6
 -5.67687865721646561674E-07   6   1  12   7
  5.93423086152748628083E-06   6   1  12   8
  2.74267360526533887644E-06   6   1  12   9
  4.51824537360944952780E-03   6   1  12  10
  1.23945284574999287086E-04   6   1  12  11
  1.79439326556982657601E-02   6   1  12  12
 -8.76434295718431059796E-03   6   2   1   1
 -5.54857824744223819525E-05   6   2   2   1
  4.60098874924629516747E-02   6   2   2   2
  7.35138067246990183599E-05   6   2   3   1
 -5.77392822204513510298E-03   6   2   3   2
 -1.04682136206162880454E-02   6   2   3   3
 -6.50391069439425781405E-05   6   2   4   1
  2.19378650551766167173E-03   6   2   4   2
 -1.85975938064546035544E-03   6   2   4   3
  8.00840351354440566078E-03   6   2   4   4
  3.47782531278864929117E-07   6   2   5   1
  7.05242089641619727269E-06   6   2   5   2
  9.18549614418959473776E-06   6   2   5   3
  7.48759203095187973769E-06   6   2   5   4
  2.39550150178873889114E-04   6   2   5   5
 -3.17071701009554536479E-04   6   2   6   1
  6.48112163052686016812E-03   6   2   6   2
  5.19271546969560585105E-03   6   2   6   3
 -6.85389034082337436637E-03   6   2   6   4
 -4.67437342477349590932E-06   6   2   6   5
 -5.55452419603485059857E-03   6   2   6   6
 -2.02720673866426571477E-08   6   2   7   1
 -2.31010153200284239599E-06   6   2   7   2
 -8.85895859732808197106E-07   6   2   7   3
 -1.56980002450709837183E-06   6   2   7   4
 -7.25502141210365462217E-09   6   2   7   5
  1.45118253447420010184E-06   6   2   7   6
 -4.11036961386401257512E-03   6   2   7   7
  2.13619749814173408328E-07   6   2   8   1
  9.80833103089594897405E-06   6   2   8   2
  8.13619204529053311413E-06   6   2   8   3
 -2.05290631612827389368E-05   6   2   8   4
  5.28176726056934272430E-03   6   2   8   5
  9.54678231726837299952E-06   6   2   8   6
  5.43745282483590902426E-09   6   2   8   7
 -3.49832098572821440646E-03   6   2   8   8
  1.52738269179215466543E-07   6   2   9   1
  3.33597059927245331810E-06   6   2   9   2
 -5.82831430920892060640E-08   6   2   9   3
  4.86689235573555711114E-07   6   2   9   4
 -4.21675095863401511020E-09   6   2   9   5
 -7.75119636680873006823E-07   6   2   9   6
 -4.43882864666835311174E-03   6   2   9   7
 -1.52169418873546876959E-08   6   2   9   8
 -1.11076649545270968525E-03   6   2   9   9
  1.12031482607995218565E-04   6   2  10   1
  1.68517010518935109360E-03   6   2  10   2
 -1.35783237675252219795E-03   6   2  10   3
  5.28734862362973279809E-03   6   2  10   4
 -9.75478193008532042682E-06   6   2  10   5
 -2.42797593902586072642E-03   6   2  10   6
  1.04085912033390081305E-06   6   2  10   7
 -2.52449858344572916819E-05   6   2  10   8
  3.00536283555385454191E-06   6   2  10   9
  8.87652158391154244566E-03   6   2  10  10
  2.73237332152785651143E-06   6   2  11   1
  1.57185155668574581779E-04   6   2  11   2
  2.94874287300857220384E-05   6   2  11   3
 -1.41733725379154589744E-04   6   2  11   4
 -7.27630753974764185078E-04   6   2  11   5
  4.08479555241860712049E-05   6   2  11   6
  5.67610773450438234672E-08   6   2  11   7
 -1.42854128704332766081E-03   6   2  11   8
 -1.16756093949680803644E-07   6   2  11   9
 -1.79402969146632629890E-04   6   2  11  10
  1.17564955401180037606E-03   6   2  11  11
  2.73806393840167645870E-04   6   2  12   1
  1.32365197572396030290E-02   6   2  12   2
  1.24101597053916340267E-03   6   2  12   3
 -6.89379872610987407683E-03   6   2  12   4
 -1.00848724735202579990E-05   6   2  12   5
  1.43339080855975939226E-03   6   2  12   6
  4.34844176621293883539E-06   6   2  12   7
  1.85911987919996144326E-05   6   2  12   8
 -7.09900350362739542692E-06   6   2  12   9
 -8.32909223153018886399E-03   6   2  12  10
 -2.27219612614915902546E-05   6   2  12  11
 -5.29177782833047290201E-03   6   2  12  12
  6.04230348973407646596E-02   6   3   1   1
 -2.15759497916009040767E-05   6   3   2   1
 -1.42251965804839147767E-01   6   3   2   2
  8.40177050970147311360E-03   6   3   3   1
 -1.63412188091486523973E-03   6   3   3   2
 -6.80215590492457000682E-02   6   3   3   3
 -2.28664574541583096728E-03   6   3   4   1
 -4.63475403621974729740E-03   6   3   4   2
  3.78571720785510004714E-02   6   3   4   3
 -2.02868771629839510229E-02   6   3   4   4
 -1.80547051464428003885E-06   6   3   5   1
  1.17028967939169914295E-06   6   3   5   2
 -5.72634139249134764972E-06   6   3   5   3
 -1.49216174727156302869E-04   6   3   5   4
 -4.38756249885497717766E-02   6   3   5   5
 -1.51692719776670790349E-02   6   3   6   1
  5.19271546969560932050E-03   6   3   6   2
  1.05490499765803269483E-01   6   3   6   3
  4.31062999108309599650E-02   6   3   6   4
 -1.59829174219921615061E-04   6   3   6   5
  2.48600147166490002826E-02   6   3   6   6
 -1.66139487821614347467E-06   6   3   7   1
  7.38907625491663931416E-07   6   3   7   2
 -9.51094614187015699939E-07   6   3   7   3
  9.85190428768397365362E-06   6   3   7   4
  1.45453515082461057163E-08   6   3   7   5
  1.52860903704727685455E-05   6   3   7   6
 -3.35801797093701059893E-02   6   3   7   7
  2.48203762048916741891E-05   6   3   8   1
  1.15487637595119541322E-05   6   3   8   2
 -1.12231508551493590277E-04   6   3   8   3
 -5.65514090160711423204E-05   6   3   8   4
 -2.48272554146441691569E-02   6   3   8   5
 -1.09345047545313718996E-04   6   3   8   6
 -7.96725397993733647080E-08   6   3   8   7
  1.38639563767358250240E-02   6   3   8   8
  6.17059587723024899060E-06   6   3   9   1
 -1.97336711112034797323E-06   6   3   9   2
 -1.75006811631008235650E-05   6   3   9   3
 -1.85940543919309906695E-05   6   3   9   4
 -1.78404236020458879496E-08   6   3   9   5
 -2.07467502012681022556E-05   6   3   9   6
  5.77269954150605654752E-02   6   3   9   7
  1.23338950869014637546E-07   6   3   9   8
 -2.45108078870553899864E-02   6   3   9   9
  6.35443839852711626903E-03   6   3  10   1
 -5.41089799077836604985E-03   6   3  10   2
 -5.00422957140945687260E-03   6   3  10   3
 -2.61918880134699612328E-02   6   3  10   4
 -3.23619369176188459263E-04   6   3  10   5
 -7.93817998731574485383E-03   6   3  10   6
 -3.16139776932698057408E-05   6   3  10   7
  7.61925649060614954217E-05   6   3  10   8
 -5.01904711275313886176E-06   6   3  10   9
 -4.32673519577440601758E-02   6   3  10  10
  1.99000633083248624480E-04   6   3  11   1
  1.58165739653416844140E-04   6   3  11   2
 -1.68373190585957208370E-04   6   3  11   3
 -1.81522807495646345578E-04   6   3  11   4
 -4.37906092316595815794E-02   6   3  11   5
 -7.00456944942158825536E-04   6   3  11   6
  1.93678236440991297397E-07   6   3  11   7
  7.19552886106636802738E-03   6   3  11   8
 -1.67793160933986038041E-07   6   3  11   9
 -3.68814550572968370343E-04   6   3  11  10
 -6.31315857656412904308E-02   6   3  11  11
  1.95160823521897640320E-02   6   3  12   1
  8.74367047458909744939E-03   6   3  12   2
 -7.93463942233730602782E-03   6   3  12   3
 -2.84397103887970778557E-02   6   3  12   4
  6.15547463085492946484E-04   6   3  12   5
 -5.10785316422780744094E-02   6   3  12   6
  2.39826131186669927939E-06   6   3  12   7
 -1.90235602441405569603E-04   6   3  12   8
 -1.00367628443412404415E-05   6   3  12   9
 -1.22413726249405510615E-02   6   3  12  10
 -1.99966132580218331708E-04   6   3  12  11
 -8.65200339139926971610E-02   6   3  12  12
  2.39865736809060869916E-01   6   4   1   1
  4.13999608489976509622E-05   6   4   2   1
 -6.78021917049810712852E-02   6   4   2   2
  6.15918468916388291839E-03   6   4   3   1
  3.32442084827538333544E-03   6   4   3   2
  1.01044007082811179710E-01   6   4   3   3
 -4.39267913301127238025E-04   6   4   4   1
  3.41459037551639608965E-03   6   4   4   2
  5.77823313600417387548E-02   6   4   4   3
 -5.26157888632946338370E-02   6   4   4   4
  3.88661039299037017734E-06   6   4   5   1
  7.19838344294036814284E-08   6   4   5   2
 -1.60201335851656713298E-04   6   4   5   3
 -2.74325414442155033137E-04   6   4   5   4
 -1.66532436110974277343E-02   6   4   5   5
 -7.01438819307988094959E-03   6   4   6   1
 -6.85389034082337349901E-03   6   4   6   2
  4.31062999108309877205E-02   6   4   6   3
  1.06684271817637801871E-01   6   4   6   4
 -1.47448818925132054238E-04   6   4   6   5
  1.23208335810058064452E-01   6   4   6   6
 -1.93662021791703024728E-06   6   4   7   1
  5.15951103194922598683E-07   6   4   7   2
  5.42408489136641693950E-06   6   4   7   3
  2.57869225960568500809E-05   6   4   7   4
  1.33791754984671373001E-07   6   4   7   5
  1.27850908406505335991E-05   6   4   7   6
  6.41300514182542580333E-02   6   4   7   7
 -3.12396987132006425961E-06   6   4   8   1
 -1.34895089779506513705E-05   6   4   8   2
 -8.09644899808405210532E-05   6   4   8   3
  1.82221102794716710875E-04   6   4   8   4
 -1.00341349187963502221E-01   6   4   8   5
 -1.74796082344551707670E-04   6   4   8   6
 -9.22895416126343705830E-08   6   4   8   7
  8.73360412603504110418E-02   6   4   8   8
  1.94230707280749286637E-06   6   4   9   1
  6.78780097959926082598E-08   6   4   9   2
 -4.75005649607771125617E-06   6   4   9   3
  8.47568115808298769135E-06   6   4   9   4
  4.25198649517342027221E-08   6   4   9   5
 -3.21390892133956550670E-05   6   4   9   6
  1.02582223715572767864E-01   6   4   9   7
  2.49013343033344915666E-07   6   4   9   8
  4.61394884792928963724E-02   6   4   9   9
  3.52585146115875136194E-03   6   4  10   1
  4.53187223010888002445E-03   6   4  10   2
  7.68280483691129254670E-03   6   4  10   3
 -1.26934284716255941367E-02   6   4  10   4
  4.84079938064044517504E-05   6   4  10   5
 -2.12554652836213844869E-02   6   4  10   6
 -4.52489276247171023069E-05   6   4  10   7
  4.85161601436338136249E-04   6   4  10   8
 -5.01710329525971443498E-05   6   4  10   9
 -8.38389559052827304519E-02   6   4  10  10
  1.10411614625844912941E-04   6   4  11   1
 -1.88696187822982397540E-04   6   4  11   2
  1.19974566406502538055E-04   6   4  11   3
  3.49755153839016058072E-04   6   4  11   4
 -3.13877254182656686282E-03   6   4  11   5
 -9.18768020124082884087E-04   6   4  11   6
 -2.00488600131381395506E-07   6   4  11   7
  5.09357035553526169003E-02   6   4  11   8
  8.40430043577786861642E-07   6   4  11   9
  9.53694716999322483764E-04   6   4  11  10
 -5.22707715609856404804E-02   6   4  11  11
  1.13711985808269740866E-02   6   4  12   1
 -1.17988589003915796127E-02   6   4  12   2
  1.96210054816403633993E-02   6   4  12   3
  1.51598998071964252699E-02   6   4  12   4
  2.03862422326556207370E-04   6   4  12   5
 -7.73324827430044159371E-02   6   4  12   6
 -2.65483101188644268320E-05   6   4  12   7
 -7.13491366893398491593E-04   6   4  12   8
  4.51975414354800764105E-05   6   4  12   9
  5.56673875488494229735E-02   6   4  12  10
  6.55373876691262013949E-04   6   4  12  11
  3.44188155577190221801E-02   6   4  12  12
 -3.89955787977496446967E-04   6   5   1   1
  5.89309844680518992636E-08   6   5   2   1
  2.08572942474194303938E-04   6   5   2   2
 -1.96455883030242963176E-05   6   5   3   1
  9.21745202592321846045E-07   6   5   3   2
 -1.11501687481098103212E-05   6   5   3   3
  5.79924865892093869066E-06   6   5   4   1
  5.03601960003300515946E-06   6   5   4   2
 -1.29885579365922256175E-04   6   5   4   3
 -2.49469082141249029548E-05   6   5   4   4
 -2.12061085328021925456E-03   6   5   5   1
  2.03451649671259498543E-04   6   5   5   2
  6.38199932998225784309E-03   6   5   5   3
 -1.78636544417421737341E-02   6   5   5   4
  2.84129719249935187386E-05   6   5   5   5
  2.29794833885998605260E-05   6   5   6   1
 -4.67437342477506715543E-06   6   5   6   2
 -1.59829174219922346897E-04   6   5   6   3
 -1.47448818925129235312E-04   6   5   6   4
  2.43514229511229245151E-02   6   5   6   5
 -1.70355481652956604810E-04   6   5   6   6
 -5.09338701203144561539E-10   6   5   7   1
 -1.53514996950319479544E-09   6   5   7   2
 -9.43149256716625679677E-09   6   5   7   3
  4.03457864443303800221E-09   6   5   7   4
  7.20396590270672379660E-07   6   5   7   5
 -2.51056097469354385596E-08   6   5   7   6
 -3.13597890919625914611E-05   6   5   7   7
  4.24745504462395884887E-03   6   5   8   1
  3.20161834918353054805E-04   6   5   8   2
 -8.64276732726632253290E-03   6   5   8   3
 -2.77478917551165181477E-02   6   5   8   4
  1.67913819215272173534E-04   6   5   8   5
 -1.03500221326089866802E-02   6   5   8   6
 -7.18510918866279323727E-07   6   5   8   7
 -4.27930102987853316324E-05   6   5   8   8
 -5.78649626152215595814E-09   6   5   9   1
  1.88528482672362252101E-09   6   5   9   2
  1.04459945178105274717E-09   6   5   9   3
  4.30861322839777103586E-08   6   5   9   4
  8.91462354346626507831E-06   6   5   9   5
  5.63649807662931536656E-08   6   5   9   6
 -1.79057902982665626945E-04   6   5   9   7
  1.26730943697562488626E-05   6   5   9   8
 -3.75657185408344274861E-05   6   5   9   9
 -6.51647604377764656478E-07   6   5  10   1
  5.54205090998269074028E-06   6   5  10   2
 -8.28968427174310893519E-05   6   5  10   3
  1.55821258157172936806E-04   6   5  10   4
  1.63500380586249285941E-02   6   5  10   5
 -2.34342271618580526152E-05   6   5  10   6
  5.42704261850929107693E-08   6   5  10   7
  1.75026068988937098803E-02   6   5  10   8
 -1.04646830447355861267E-07   6   5  10   9
 -3.99272388013665463502E-04   6   5  10  10
  1.41809159283448876082E-03   6   5  11   1
  5.04289063864177559884E-05   6   5  11   2
 -1.01050335660496960755E-02   6   5  11   3
  1.07570058716216759159E-02   6   5  11   4
 -3.17820102199584464463E-05   6   5  11   5
 -8.76313040246389299281E-03   6   5  11   6
 -8.66457575402396271853E-07   6   5  11   7
 -1.66541305360896674031E-04   6   5  11   8
 -1.26443587100547047224E-05   6   5  11   9
 -2.77891823534966511677E-02   6   5  11  10
  8.93553404758839348032E-04   6   5  11  11
 -5.86970794784406446187E-05   6   5  12   1
 -1.24629554431347877016E-05   6   5  12   2
  9.81458858341663852552E-05   6   5  12   3
 -3.32011018551936479466E-05   6   5  12   4
  1.23780903555968852837E-03   6   5  12   5
  2.84283050782508923786E-04   6   5  12   6
  1.57932886067191059452E-08   6   5  12   7
  2.00337063700588508333E-03   6   5  12   8
  1.53282435509480787395E-07   6   5  12   9
  4.36966611535340599543E-04   6   5  12  10
  1.14001619763425300624E-02   6   5  12  11
 -2.62386621059891318036E-04   6   5  12  12
  8.85055073794616564697E-01   6   6   1   1
  2.28247056007018906375E-05   6   6   2   1
  5.15077392115058096955E-01   6   6   2   2
  1.08109337341639223651E-02   6   6   3   1
  1.27264374548141916826E-03   6   6   3   2
  6.19296158517842032509E-01   6   6   3   3
  1.30335240834439868539E-03   6   6   4   1
  5.35249434260149856146E-03   6   6   4   2
  7.13749940590889531133E-02   6   6   4   3
  4.18469550795001032917E-01   6   6   4   4
 -1.02629160174144265424E-05   6   6   5   1
  1.74633573201015691292E-05   6   6   5   2
 -9.36329916319653441465E-05   6   6   5   3
 -4.08708601379809046555E-04   6   6   5   4
  4.37978172098588525163E-01   6   6   5   5
 -6.19321263397816859642E-03   6   6   6   1
 -5.55452419603485059857E-03   6   6   6   2
  2.48600147166490384465E-02   6   6   6   3
  1.23208335810058036697E-01   6   6   6   4
 -1.70355481652949936966E-04   6   6   6   5
  6.56762662048881007415E-01   6   6   6   6
 -1.36762395975297420156E-06   6   6   7   1
 -3.04324599607624558890E-06   6   6   7   2
 -6.59445770986343228405E-06   6   6   7   3
  3.75853497257476224197E-05   6   6   7   4
  1.98858088354895682206E-07   6   6   7   5
  1.76200369175368891307E-05   6   6   7   6
  5.46375248125483881090E-01   6   6   7   7
  1.62178975453730570976E-05   6   6   8   1
 -6.73008473435097577482E-06   6   6   8   2
 -1.94889926358620763297E-04   6   6   8   3
  6.91189881666363518725E-05   6   6   8   4
 -1.32434183222271351088E-01   6   6   8   5
 -2.54752608931244853979E-04   6   6   8   6
 -8.97183866500756255726E-08   6   6   8   7
  5.68630896665126228662E-01   6   6   8   8
  3.26560005831589132041E-06   6   6   9   1
  5.05826305223160224586E-06   6   6   9   2
  1.58675435869423076823E-06   6   6   9   3
  1.20967168353051808110E-05   6   6   9   4
  9.79837389834166354040E-08   6   6   9   5
 -6.06396341089812792799E-05   6   6   9   6
  1.23118173500342709126E-01   6   6   9   7
  3.53094356359087831805E-07   6   6   9   8
  5.36331080721614061879E-01   6   6   9   9
  4.51053900797197034750E-03   6   6  10   1
  6.27816589431391854081E-03   6   6  10   2
  9.69407120109281456033E-03   6   6  10   3
  4.03701918683164115431E-02   6   6  10   4
  3.85804108792404075717E-04   6   6  10   5
 -6.17976079803432415405E-02   6   6  10   6
 -4.81895868108981611394E-05   6   6  10   7
  7.88121097782959489399E-04   6   6  10   8
 -9.05005066415233080934E-05   6   6  10   9
  3.57402699994595951516E-01   6   6  10  10
  1.47677777986426585688E-04   6   6  11   1
 -1.31993414456250360723E-04   6   6  11   2
  4.88005175122974404339E-04   6   6  11   3
 -5.05978983692458570733E-04   6   6  11   4
  3.23975412053348760244E-02   6   6  11   5
 -7.71767979734051833875E-04   6   6  11   6
 -2.34316927221825295802E-07   6   6  11   7
  9.06900146918607485969E-02   6   6  11   8
  1.15975681669669428153E-06   6   6  11   9
  1.01782289385829449735E-03   6   6  11  10
  3.97433610370048207017E-01   6   6  11  11
  1.46671217037664773641E-02   6   6  12   1
 -8.13242793248673302708E-03   6   6  12   2
  4.53713736660327909833E-02   6   6  12   3
 -1.37736168189437086645E-02   6   6  12   4
 -3.28119748342299783275E-04   6   6  12   5
 -8.53830985414880255790E-02   6   6  12   6
 -2.48153528353187170492E-05   6   6  12   7
 -1.21924499724698461381E-03   6   6  12   8
  5.34408785260731544753E-05   6   6  12   9
  6.56155921015578597055E-02   6   6  12  10
  1.66750402909339109914E-03   6   6  12  11
  5.78523386027482988681E-01   6   6  12  12
  4.42335782840595047999E-06   7   1   1   1
  6.76014113398355588758E-09   7   1   2   1
  1.90988259964154805267E-06   7   1   2   2
 -4.89237439475957322026E-07   7   1   3   1
  4.96443480095908972840E-08   7   1   3   2
  3.61553717308830869397E-06   7   1   3   3
  2.01811029367829611035E-06   7   1   4   1
 -1.00289227974196797743E-08   7   1   4   2
 -2.53335841449351600329E-06   7   1   4   3
 -5.17964904951699765081E-07   7   1   4   4
  1.27137884777547386309E-08   7   1   5   1
 -2.44356507893100913431E-10   7   1   5   2
 -2.00231925143308778236E-08   7   1   5   3
 -2.13392142106618837800E-09   7   1   5   4
  1.32055627565553446927E-06   7   1   5   5
  2.04618971099676395499E-06   7   1   6   1
 -2.02720673864517240099E-08   7   1   6   2
 -1.66139487821516981030E-06   7   1   6   3
 -1.93662021791905550306E-06   7   1   6   4
 -5.09338700121824389705E-10   7   1   6   5
 -1.36762395975895488944E-06   7   1   6   6
  1.24206779989713047424E-02   7   1   7   1
 -1.84785302920167059104E-04   7   1   7   2
 -1.64519441227068997924E-02   7   1   7   3
 -5.67668596145091269856E-03   7   1   7   4
  1.80543151409561845292E-05   7   1   7   5
 -5.20837028125853505195E-03   7   1   7   6
  5.13625682376047510599E-07   7   1   7   7
 -1.45118134772184645177E-08   7   1   8   1
 -4.51467002564545967238E-10   7   1   8   2
  1.37057752333770288015E-08   7   1   8   3
  8.81545800367692397059E-09   7   1   8   4
  4.12499214141433460811E-07   7   1   8   5
  9.29122759896876058765E-09   7   1   8   6
  3.24559230841593293000E-06   7   1   8   7
  3.49567110255686501737E-07   7   1   8   8
  1.33852053447650228002E-02   7   1   9   1
  2.08179892001781615503E-04   7   1   9   2
 -1.38973151783235420592E-02   7   1   9   3
 -7.31890503944190081581E-03   7   1   9   4
  2.13722009983815922941E-05   7   1   9   5
 -7.12072307424248696767E-03   7   1   9   6
 -1.03470699884423011007E-06   7   1   9   7
  1.99568051344928675813E-06   7   1   9   8
 -7.66647924295947580386E-07   7   1   9   9
 -6.97295396816640118535E-06   7   1  10   1
 -1.55513652749724459276E-07   7   1  10   2
  6.22317556942596077660E-06   7   1  10   3
  3.77133898182417878368E-06   7   1  10   4
 -1.12897484988880423584E-08   7   1  10   5
  3.95474827601807971887E-06   7   1  10   6
 -1.26161423738244257362E-03   7   1  10   7
 -6.37709805277949563488E-10   7   1  10   8
 -2.33236630889732546659E-03   7   1  10   9
  3.81571101237289638658E-06   7   1  10  10
 -2.07560488857654026191E-09   7   1  11   1
 -5.52577384176174641202E-10   7   1  11   2
  3.98371180327193797992E-09   7   1  11   3
 -8.03822793381238770527E-09   7   1  11   4
  1.85787152810569439577E-07   7   1  11   5
 -3.68922520066610063823E-09   7   1  11   6
 -5.92753150483997666952E-05   7   1  11   7
 -3.56447965534325239784E-07   7   1  11   8
 -6.06339121779631419311E-05   7   1  11   9
  2.55258439547838489802E-08   7   1  11  10
  1.09916560030076820638E-06   7   1  11  11
 -2.26133341332411528423E-06   7   1  12   1
 -1.00078002500794504015E-07   7   1  12   2
  2.08343191434935553306E-06   7   1  12   3
  3.86127636878605125741E-07   7   1  12   4
 -1.18813405761949182485E-08   7   1  12   5
  7.16392079908203544754E-07   7   1  12   6
 -6.07810395222607019461E-03   7   1  12   7
  1.29158614336175863793E-08   7   1  12   8
 -7.15535842016825230499E-03   7   1  12   9
  3.81478652075953328371E-06   7   1  12  10
  5.71886822050898455116E-10   7   1  12  11
  2.31330123967761480674E-06   7   1  12  12
 -4.16304759062921910439E-06   7   2   1   1
  4.82076563751434263541E-09   7   2   2   1
 -8.23399149951364471480E-05   7   2   2   2
  3.77231563832536523276E-08   7   2   3   1
  4.67657375454720839641E-06   7   2   3   2
 -6.54939732624195344326E-06   7   2   3   3
 -3.88153568906098093918E-08   7   2   4   1
 -7.81411775220344660610E-06   7   2   4   2
  2.84214475937755531727E-06   7   2   4   3
 -6.20264701897882344569E-06   7   2   4   4
  2.87275896565463224076E-10   7   2   5   1
 -6.67968405235701174449E-09   7   2   5   2
 -4.21847116474899858970E-10   7   2   5   3
  2.64802191237473974190E-10   7   2   5   4
 -3.45820307320792521443E-06   7   2   5   5
 -1.38557114090915941730E-07   7   2   6   1
 -2.31010153200321890213E-06   7   2   6   2
  7.38907625490479567598E-07   7   2   6   3
  5.15951103194242854743E-07   7   2   6   4
 -1.53514996967720671295E-09   7   2   6   5
 -3.04324599607844406291E-06   7   2   6   6
 -1.84785302920167113314E-04   7   2   7   1
  8.72381873693570814021E-03   7   2   7   2
  7.59031198331812893831E-03   7   2   7   3
 -7.80961518367854091310E-03   7   2   7   4
 -5.14154538905488099333E-06   7   2   7   5
 -1.75873793004834824867E-03   7   2   7   6
  1.84643047553560320534E-06   7   2   7   7
 -4.37129919759097527124E-10   7   2   8   1
  1.92362186716409328283E-08   7   2   8   2
  1.25573328405352064697E-08   7   2   8   3
 -1.23041977719681136846E-08   7   2   8   4
  1.08357908638597680608E-07   7   2   8   5
 -3.47313472676615947868E-09   7   2   8   6
  2.50233836769048273443E-06   7   2   8   7
 -3.39778905366698285242E-06   7   2   8   8
 -2.37027015017832225685E-04   7   2   9   1
 -1.09582565636350860727E-02   7   2   9   2
 -4.24491806262375630937E-03   7   2   9   3
  1.03672213215267906838E-02   7   2   9   4
  8.37435678331611551227E-06   7   2   9   5
  1.02299383182764542892E-03   7   2   9   6
 -9.06780147608461317373E-06   7   2   9   7
 -5.94989272688006942111E-06   7   2   9   8
  1.04766066816818197854E-05   7   2   9   9
  1.75614747062682433244E-07   7   2  10   1
 -8.97525243948307031760E-07   7   2  10   2
  5.68669173662426052885E-06   7   2  10   3
 -9.67096652426563666482E-06   7   2  10   4
 -2.76576202528183986859E-09   7   2  10   5
 -5.47393952424059020599E-07   7   2  10   6
 -8.55264397990970932917E-03   7   2  10   7
 -9.63568581647500439305E-09   7   2  10   8
  1.08475095287192090099E-02   7   2  10   9
 -2.06042254175245118097E-05   7   2  10  10
  6.28263849189012840394E-10   7   2  11   1
  7.15567199657255250190E-09   7   2  11   2
 -2.76475413862119346920E-08   7   2  11   3
  2.18777830942096441671E-08   7   2  11   4
  7.36716337820921828862E-07   7   2  11   5
  1.55350961145119431816E-08   7   2  11   6
  2.63226298425839985338E-05   7   2  11   7
  3.56252918091161789446E-07   7   2  11   8
 -2.89596738738393845447E-05   7   2  11   9
  5.41550459444363647965E-08   7   2  11  10
 -1.75037344494017588858E-06   7   2  11  11
  1.38581902285587009842E-07   7   2  12   1
 -9.01494991931493785978E-07   7   2  12   2
  1.29735142345516155222E-06   7   2  12   3
 -3.91021353712979989614E-06   7   2  12   4
 -1.41025033788160313805E-08   7   2  12   5
  9.11438137338035105570E-07   7   2  12   6
 -3.94996689431925240149E-03   7   2  12   7
 -9.00354503775491665963E-09   7   2  12   8
  5.04561807274966564463E-03   7   2  12   9
 -7.56161044781090280198E-06   7   2  12  10
  2.04767607036256452623E-08   7   2  12  11
 -4.47214251258869210925E-06   7   2  12  12
 -3.32315938428224850066E-05   7   3   1   1
 -1.55614483995990293371E-08   7   3   2   1
 -3.71480205639292062293E-06   7   3   2   2
  1.04260623301839335723E-06   7   3   3   1
 -1.52910778252880368799E-06   7   3   3   2
 -3.60139136485439692245E-05   7   3   3   3
 -2.43847201986860376822E-06   7   3   4   1
  2.15643803545318615613E-06   7   3   4   2
  1.51019590609710814869E-05   7   3   4   3
 -1.46756688331874245336E-05   7   3   4   4
 -1.58279941984439303207E-08   7   3   5   1
  6.32020479315692714476E-09   7   3   5   2
  1.15355239688291809270E-07   7   3   5   3
  1.42864258132850729470E-08   7   3   5   4
 -1.58220988058992519977E-05   7   3   5   5
 -2.15069198891577830865E-06   7   3   6   1
 -8.85895859732881571335E-07   7   3   6   2
 -9.51094614220412514983E-07   7   3   6   3
  5.42408489135980076515E-06   7   3   6   4
 -9.43149257863386363837E-09   7   3   6   5
 -6.59445770984754279300E-06   7   3   6   6
 -1.64519441227068963229E-02   7   3   7   1
  7.59031198331812893831E-03   7   3   7   2
  1.03792472497317087021E-01   7   3   7   3
  4.42348615178564472800E-03   7   3   7   4
 -5.52208693545053997081E-05   7   3   7   5
  6.66300805310080304644E-03   7   3   7   6
 -7.07408021209820962012E-06   7   3   7   7
  1.48641784203562454354E-08   7   3   8   1
  1.36505057788684029246E-08   7   3   8   2
 -8.30024642020216162899E-09   7   3   8   3
 -7.08920027795927971974E-08   7   3   8   4
  2.44912043171432710901E-06   7   3   8   5
 -3.83231158000901351943E-08   7   3   8   6
 -1.85477484339881487727E-05   7   3   8   7
 -1.88447271995996411503E-05   7   3   8   8
 -1.73050608323498909813E-02   7   3   9   1
 -8.75559026903213397097E-03   7   3   9   2
  4.85514616606183835312E-02   7   3   9   3
  5.37244800284400261803E-02   7   3   9   4
 -7.72576701301364498695E-05   7   3   9   5
  3.19131483359402084998E-02   7   3   9   6
 -2.29492925202137231335E-05   7   3   9   7
 -2.96853537806393811703E-05   7   3   9   8
  2.17834819836310034091E-05   7   3   9   9
  8.79675232779063978670E-06   7   3  10   1
  8.65876391132195813514E-06   7   3  10   2
 -1.21438494064329248489E-05   7   3  10   3
 -3.04945215280065612894E-05   7   3  10   4
  1.06814229318516776907E-07   7   3  10   5
 -1.87775412316467261303E-05   7   3  10   6
 -1.22856740144244407087E-02   7   3  10   7
 -1.68126115247404096131E-08   7   3  10   8
  3.20073362131748639925E-02   7   3  10   9
 -5.82050584075296563447E-05   7   3  10  10
 -1.28655527499432170959E-09   7   3  11   1
 -3.44390549775884371789E-08   7   3  11   2
 -1.07636591885534642851E-07   7   3  11   3
  4.13401786606486498636E-08   7   3  11   4
  9.97886609787435444106E-06   7   3  11   5
  1.93526011033136797912E-07   7   3  11   6
  2.38650384028325389038E-04   7   3  11   7
  3.40285970810612943487E-06   7   3  11   8
  2.70228154307598777972E-04   7   3  11   9
  8.02415461224718906674E-09   7   3  11  10
 -3.59949857776378679840E-06   7   3  11  11
  2.59135298765706644224E-06   7   3  12   1
  1.68795536365660929597E-06   7   3  12   2
 -1.09765998344014022441E-05   7   3  12   3
 -7.55063588251124166869E-06   7   3  12   4
 -1.20429943450642709159E-07   7   3  12   5
  9.59661693350922526222E-06   7   3  12   6
  1.00044525377832906055E-02   7   3  12   7
 -8.59552881417589478977E-08   7   3  12   8
  4.69165169060519193778E-02   7   3  12   9
 -3.38089805966522438663E-05   7   3  12  10
  1.35668254453737407300E-08   7   3  12  11
 -1.46607077277684239025E-05   7   3  12  12
  8.36833740746275613325E-05   7   4   1   1
  2.93705214641584031152E-08   7   4   2   1
 -4.28254547621590458853E-05   7   4   2   2
  1.34200252732318794341E-06   7   4   3   1
  3.10899162385859834139E-06   7   4   3   2
  4.51848929383845152670E-05   7   4   3   3
 -4.93472278143507222873E-07   7   4   4   1
 -1.69109475277123579719E-06   7   4   4   2
  1.54694215782355715030E-05   7   4   4   3
 -9.25602314968242309535E-07   7   4   4   4
 -8.78284935851191920586E-09   7   4   5   1
  9.04276312608421837564E-09   7   4   5   2
  2.42243825465796985742E-08   7   4   5   3
 -1.67795255780354407684E-07   7   4   5   4
  9.89107996576140353215E-07   7   4   5   5
 -4.17480481981590802557E-07   7   4   6   1
 -1.56980002450713542953E-06   7   4   6   2
  9.85190428768730418717E-06   7   4   6   3
  2.57869225960567586013E-05   7   4   6   4
  4.03457864092653501318E-09   7   4   6   5
  3.75853497257386980806E-05   7   4   6   6
 -5.67668596145090922911E-03   7   4   7   1
 -7.80961518367854091310E-03   7   4   7   2
  4.42348615178564559536E-03   7   4   7   3
  3.59530251398042788313E-02   7   4   7   4
 -2.41492066303405865228E-05   7   4   7   5
  1.34251347284972660096E-02   7   4   7   6
  1.40851831297395185745E-05   7   4   7   7
  8.28434254431850741952E-09   7   4   8   1
 -1.36890141334832162606E-08   7   4   8   2
 -7.61978383463615657155E-08   7   4   8   3
  1.96526046312204635235E-08   7   4   8   4
 -2.99636160130627584675E-05   7   4   8   5
 -4.73731297757003007169E-08   7   4   8   6
  1.51190113478935985342E-08   7   4   8   7
  3.78437689706985082414E-05   7   4   8   8
 -5.94035119647633169659E-03   7   4   9   1
  9.67150505606829795358E-03   7   4   9   2
  3.28209216486553337355E-02   7   4   9   3
 -2.17554797919163947495E-02   7   4   9   4
 -7.71279411838880773903E-05   7   4   9   5
  1.60985850316809862848E-02   7   4   9   6
  6.69322924284175563162E-05   7   4   9   7
  3.74909913526419059514E-05   7   4   9   8
 -1.99697825298602443800E-05   7   4   9   9
  3.17676289411855124930E-06   7   4  10   1
 -8.33367909555708214983E-06   7   4  10   2
 -1.41392941179936857229E-05   7   4  10   3
  5.13983002652095297889E-06   7   4  10   4
 -4.83983101759774150041E-08   7   4  10   5
 -1.15155313305632066561E-05   7   4  10   6
  2.46294343484640930464E-02   7   4  10   7
  1.51012398115792623646E-07   7   4  10   8
 -2.78027888654863927775E-02   7   4  10   9
  2.35079860982550029047E-05   7   4  10  10
  7.78591918338640008646E-09   7   4  11   1
 -6.85918918207057600601E-09   7   4  11   2
  2.00225906881445128685E-07   7   4  11   3
  2.21265538150798872876E-07   7   4  11   4
 -1.86023585843605680356E-05   7   4  11   5
 -4.26365695598568246305E-07   7   4  11   6
 -5.29984632133789459107E-05   7   4  11   7
  6.04578129979994619773E-06   7   4  11   8
  1.86104718971161556262E-04   7   4  11   9
 -5.59942757662103968164E-08   7   4  11  10
 -1.91973552545172261553E-05   7   4  11  11
  1.61904563797367383360E-06   7   4  12   1
 -6.65508467571211121116E-06   7   4  12   2
  1.25714200799454235789E-05   7   4  12   3
  1.86473811963629641471E-05   7   4  12   4
  2.85008025451202557642E-07   7   4  12   5
 -3.21556433156107020449E-05   7   4  12   6
  1.33336893045614985481E-02   7   4  12   7
 -1.18121517615950896581E-07   7   4  12   8
 -2.85706299925590767597E-03   7   4  12   9
  2.97031729751713602372E-05   7   4  12  10
  1.37694645079849292170E-07   7   4  12  11
  1.00377546392608693604E-05   7   4  12  12
  5.03082253198648386140E-07   7   5   1   1
  1.44012835854228246119E-10   7   5   2   1
 -7.34194429514502513668E-08   7   5   2   2
  3.76969142410354184942E-09   7   5   3   1
  9.91794205973134854277E-09   7   5   3   2
  3.04081425013796725521E-07   7   5   3   3
  4.99181515314782169619E-09   7   5   4   1
  2.68143251352467172941E-09   7   5   4   2
  8.18374732843336761717E-08   7   5   4   3
 -7.67788444554324289748E-08   7   5   4   4
 -8.11384968804987765965E-08   7   5   5   1
  2.42485074046443864278E-06   7   5   5   2
  3.82654145807830984346E-06   7   5   5   3
 -8.43797351068209888314E-06   7   5   5   4
  6.13467639533053674491E-09   7   5   5   5
  5.39638989605451575834E-09   7   5   6   1
 -7.25502141110345015935E-09   7   5   6   2
  1.45453514982310892417E-08   7   5   6   3
  1.33791754985419779550E-07   7   5   6   4
  7.20396590269626293970E-07   7   5   6   5
  1.98858088361265581728E-07   7   5   6   6
  1.80543151409557813415E-05   7   5   7   1
 -5.14154538905459469620E-06   7   5   7   2
 -5.52208693545050947763E-05   7   5   7   3
 -2.41492066303415927979E-05   7   5   7   4
  1.59648388857911993632E-02   7   5   7   5
 -2.02812519277732435704E-05   7   5   7   6
  1.87545528625987721188E-07   7   5   7   7
  2.10616214864764013844E-07   7   5   8   1
  8.53677977074623839667E-07   7   5   8   2
  5.23458363928938486659E-07   7   5   8   3
 -7.65382998889525562741E-06   7   5   8   4
 -1.91612813707251884285E-07   7   5   8   5
  1.17518792387325281885E-08   7   5   8   6
 -8.45672597834957844032E-03   7   5   8   7
  2.33632048205428808884E-07   7   5   8   8
  1.94413429990443001609E-05   7   5   9   1
  7.19398024797318928411E-06   7   5   9   2
 -5.77661309494642666545E-05   7   5   9   3
 -7.22179712707202403317E-05   7   5   9   4
 -3.98795816409784360107E-03   7   5   9   5
 -4.69181577967254275960E-05   7   5   9   6
  2.27329021777041218902E-07   7   5   9   7
 -1.44235594005795459555E-02   7   5   9   8
  6.49371253060998114602E-08   7   5   9   9
 -8.98255047667754576574E-09   7   5  10   1
  3.00021392071307114169E-08   7   5  10   2
  9.13699210118565371260E-08   7   5  10   3
  3.06704995169856167941E-10   7   5  10   4
  1.82027529698988158716E-06   7   5  10   5
 -6.40188700590149863695E-08   7   5  10   6
  6.26228416980417475039E-05   7   5  10   7
  7.57380374382296105428E-06   7   5  10   8
 -1.24797663784136005777E-04   7   5  10   9
 -1.34356268183661420974E-07   7   5  10  10
  1.04047131047318586314E-07   7   5  11   1
  4.12839840190646730275E-06   7   5  11   2
  4.97627377990644804116E-06   7   5  11   3
 -7.73136277356015533583E-06   7   5  11   4
 -5.00903744693717609146E-08   7   5  11   5
 -4.29033857304873010379E-06   7   5  11   6
  6.20605735654777834753E-03   7   5  11   7
  8.75254344357969928235E-08   7   5  11   8
 -1.20997382526638087852E-02   7   5  11   9
 -3.29064439690154883033E-06   7   5  11  10
 -1.07020557317462784025E-07   7   5  11  11
 -2.74193301396868584418E-09   7   5  12   1
 -7.57970455959771245651E-08   7   5  12   2
  3.30722396929865393270E-08   7   5  12   3
  1.56006607423392574289E-07   7   5  12   4
 -2.18503039654166653766E-06   7   5  12   5
 -6.04828377899219532884E-08   7   5  12   6
 -9.06575465942463553422E-05   7   5  12   7
  9.95663845474622505660E-07   7   5  12   8
  1.42516998411381648135E-04   7   5  12   9
  1.28514113280223454816E-07   7   5  12  10
 -4.30001620029592940275E-06   7   5  12  11
  2.43915954256659840878E-07   7   5  12  12
  4.52476768394110854198E-05   7   6   1   1
 -9.86250845785901158424E-09   7   6   2   1
 -2.68481167102851277196E-05   7   6   2   2
  1.55015554962928873460E-06   7   6   3   1
  2.57559181071927931998E-08   7   6   3   2
  5.66123935732465888049E-06   7   6   3   3
 -5.37988961762574820508E-07   7   6   4   1
 -1.56882168498952443871E-06   7   6   4   2
  1.07884095300517168309E-05   7   6   4   3
  4.44468933519083815852E-06   7   6   4   4
 -6.07124675999819771776E-09   7   6   5   1
 -1.51958418870082650142E-09   7   6   5   2
 -1.60062570994945417811E-08   7   6   5   3
  7.29126976488895873424E-09   7   6   5   4
 -2.91305370913308646184E-06   7   6   5   5
 -1.28421744749242366053E-06   7   6   6   1
  1.45118253447332066988E-06   7   6   6   2
  1.52860903704664733967E-05   7   6   6   3
  1.27850908406523394733E-05   7   6   6   4
 -2.51056097490613225123E-08   7   6   6   5
  1.76200369175326709067E-05   7   6   6   6
 -5.20837028125853244986E-03   7   6   7   1
 -1.75873793004834781499E-03   7   6   7   2
  6.66300805310078743393E-03   7   6   7   3
  1.34251347284972712137E-02   7   6   7   4
 -2.02812519277719628566E-05   7   6   7   5
  3.04839577638415133720E-02   7   6   7   6
  3.19876683185508128358E-06   7   6   7   7
  6.41430820478439714901E-09   7   6   8   1
 -4.16015912212325883589E-10   7   6   8   2
 -4.13808141138050492514E-08   7   6   8   3
  1.63345218831851173291E-08   7   6   8   4
 -1.13494165143410642753E-05   7   6   8   5
 -5.02365389380602429936E-08   7   6   8   6
 -1.25345722714577765416E-05   7   6   8   7
  1.56748641112588274233E-05   7   6   8   8
 -5.67442790836498751200E-03   7   6   9   1
  1.84885503762243158868E-03   7   6   9   2
  2.09918487690089229647E-02   7   6   9   3
  1.21595478413336569729E-02   7   6   9   4
 -4.56503964894984377008E-05   7   6   9   5
  1.79855880980512201905E-02   7   6   9   6
  2.22503549225373697582E-05   7   6   9   7
 -3.05995224365734501187E-05   7   6   9   8
 -1.14526226514099355169E-05   7   6   9   9
  3.44765254669610359654E-06   7   6  10   1
 -3.20823089853330179440E-06   7   6  10   2
 -9.49731435428064391146E-06   7   6  10   3
 -8.23714358902839076674E-06   7   6  10   4
 -8.13744232594541430584E-08   7   6  10   5
 -1.31112329785987073662E-05   7   6  10   6
  2.44303840040344599164E-04   7   6  10   7
  3.27310419454467939540E-08   7   6  10   8
 -3.94957432410201342288E-03   7   6  10   9
  1.09963663165650138258E-06   7   6  10  10
  1.47112493482424457627E-08   7   6  11   1
  5.24946921697278025255E-08   7   6  11   2
  1.36053806986428967067E-07   7   6  11   3
 -1.06594711074041194503E-07   7   6  11   4
 -1.01269571166404234643E-05   7   6  11   5
 -1.94530663555813548890E-07   7   6  11   6
  5.02609423317776352253E-05   7   6  11   7
  4.20907368647234761871E-06   7   6  11   8
 -1.58579325231012206905E-04   7   6  11   9
  4.61477167255355466557E-08   7   6  11  10
 -1.22326068050331151832E-05   7   6  11  11
  2.41139661609801178376E-06   7   6  12   1
  2.25675012473703773326E-06   7   6  12   2
  9.75371366177579811102E-06   7   6  12   3
 -9.24770194335188157201E-06   7   6  12   4
  1.44158067307698314667E-07   7   6  12   5
 -1.93911122618704551514E-05   7   6  12   6
  5.48512798455440177964E-03   7   6  12   7
 -4.14309490385435683917E-08   7   6  12   8
 -1.26654834104606064255E-02   7   6  12   9
  7.62883842874676094958E-06   7   6  12  10
  1.16121811209960053811E-07   7   6  12  11
  5.38203230837988599866E-07   7   6  12  12
  7.67055649271775719100E-01   7   7   1   1
  2.43104808354021776446E-05   7   7   2   1
  5.98758299558682094421E-01   7   7   2   2
  4.47286483972373759971E-03   7   7   3   1
  9.93985742950930646589E-06   7   7   3   2
  6.12780635103914006478E-01   7   7   3   3
  3.20273169223410239873E-03   7   7   4   1
  5.66530336896275965586E-03   7   7   4   2
  3.36587860402744534771E-02   7   7   4   3
  4.26069568812085797127E-01   7   7   4   4
 -1.44920949368145297203E-05   7   7   5   1
  2.06875722657170460148E-05   7   7   5   2
  2.21549535976535475173E-05   7   7   5   3
 -2.79583831904451870273E-04   7   7   5   4
  4.51575117890911259533E-01   7   7   5   5
  5.89278619085287832385E-03   7   7   6   1
 -4.11036961386401257512E-03   7   7   6   2
 -3.35801797093701059893E-02   7   7   6   3
  6.41300514182542441555E-02   7   7   6   4
 -3.13597890919218186831E-05   7   7   6   5
  5.46375248125483992112E-01   7   7   6   6
  5.13625682375877362855E-07   7   7   7   1
  1.84643047553530356743E-06   7   7   7   2
 -7.07408021213583990583E-06   7   7   7   3
  1.40851831297420478149E-05   7   7   7   4
  1.87545528611579002541E-07   7   7   7   5
  3.19876683186956851159E-06   7   7   7   6
  5.84726445387853677182E-01   7   7   7   7
  6.59975751922952015859E-06   7   7   8   1
 -4.39869208810490927905E-06   7   7   8   2
 -1.49595721915696743768E-04   7   7   8   3
  4.48670797244590791302E-05   7   7   8   4
 -9.53531490651534779923E-02   7   7   8   5
 -1.14744657111180150492E-04   7   7   8   6
  1.21569769242022179908E-08   7   7   8   7
  5.22509782510384712673E-01   7   7   8   8
 -1.24838272278387540450E-06   7   7   9   1
 -1.41363867728673305673E-06   7   7   9   2
  2.16879581272962967426E-07   7   7   9   3
  5.31193711561130094264E-05   7   7   9   4
  1.53991599382045920520E-07   7   7   9   5
 -2.56362377428238337538E-05   7   7   9   6
  7.01680515099332574591E-02   7   7   9   7
  1.40380786920996270649E-07   7   7   9   8
  5.75212341677273641949E-01   7   7   9   9
 -6.31803328570990194342E-04   7   7  10   1
  5.94048894081863725070E-03   7   7  10   2
  5.04400844157683672653E-03   7   7  10   3
  7.42994547926701665030E-02   7   7  10   4
  6.31210389152232678039E-04   7   7  10   5
 -4.29635359644414335789E-02   7   7  10   6
 -3.29178622182064561496E-05   7   7  10   7
  6.68080124758261488342E-04   7   7  10   8
 -8.68651343724682195591E-05   7   7  10   9
  3.87229199717399885650E-01   7   7  10  10
 -1.34664554419273030660E-05   7   7  11   1
 -1.03294813619496500512E-04   7   7  11   2
  7.13090380206444444250E-04   7   7  11   3
 -4.06620839137381711887E-04   7   7  11   4
  6.50312897333879813555E-02   7   7  11   5
  1.74230868494884730366E-05   7   7  11   6
 -2.18812493023201955452E-07   7   7  11   7
  8.08828325809670678481E-02   7   7  11   8
  9.01376990124214128031E-07   7   7  11   9
  9.09902643924015430699E-04   7   7  11  10
  4.26788393082641603904E-01   7   7  11  11
 -1.44900157668569518239E-03   7   7  12   1
 -6.43805406816439808326E-03   7   7  12   2
  5.22354851715026366477E-02   7   7  12   3
  1.54729774675813093465E-02   7   7  12   4
 -8.73399244752530597678E-04   7   7  12   5
 -1.77850234496352045677E-02   7   7  12   6
 -2.12012085501511600937E-05   7   7  12   7
 -1.08971377305810989723E-03   7   7  12   8
  3.92390273844522852187E-05   7   7  12   9
  5.91708008180889255545E-02   7   7  12  10
  1.30356661915554880582E-03   7   7  12  11
  5.80367543869774182852E-01   7   7  12  12
 -8.61348902254447377266E-05   8   1   1   1
  2.47678763267553909477E-08   8   1   2   1
  1.67032657469541316489E-05   8   1   2   2
 -1.93465758911842790932E-05   8   1   3   1
  3.94116010175596246346E-07   8   1   3   2
  2.42489069437730314085E-05   8   1   3   3
  9.16146053748693274185E-06   8   1   4   1
  9.92580802839203221883E-08   8   1   4   2
 -2.15790699776474233153E-05   8   1   4   3
 -5.44600732149263670788E-06   8   1   4   4
 -1.00323756175944699826E-02   8   1   5   1
  2.42123735421298632783E-04   8   1   5   2
  1.39250830823093724176E-02   8   1   5   3
  3.68535121246176987017E-03   8   1   5   4
 -1.68903469748814904865E-05   8   1   5   5
 -2.21485751015820033242E-05   8   1   6   1
  2.13619749814122771639E-07   8   1   6   2
  2.48203762048866699184E-05   8   1   6   3
 -3.12396987132057713806E-06   8   1   6   4
  4.24745504462396058359E-03   8   1   6   5
  1.62178975453702313957E-05   8   1   6   6
 -1.45118134775970419230E-08   8   1   7   1
 -4.37129919718573948915E-10   8   1   7   2
  1.48641784230783578650E-08   8   1   7   3
  8.28434254488519562229E-09   8   1   7   4
  2.10616214863939797847E-07   8   1   7   5
  6.41430820657122307741E-09   8   1   7   6
  6.59975751922838005224E-06   8   1   7   7
  1.98436075503114137120E-02   8   1   8   1
  7.00532109827075433585E-05   8   1   8   2
 -2.24478006916567322804E-02   8   1   8   3
 -1.05138568675457594326E-02   8   1   8   4
  3.42059952070792509891E-05   8   1   8   5
 -9.46496324758189407078E-03   8   1   8   6
 -3.69997073256656463403E-07   8   1   8   7
  8.97338455167647089741E-06   8   1   8   8
  2.97188022820992634289E-08   8   1   9   1
  8.81235272024787562283E-10   8   1   9   2
 -2.99672754526269954868E-08   8   1   9   3
 -1.72373603333692482286E-08   8   1   9   4
  5.12464391643898211672E-07   8   1   9   5
 -1.44100214922353216635E-08   8   1   9   6
 -7.25838590400739411301E-06   8   1   9   7
 -4.22205022434822366470E-07   8   1   9   8
  3.01661692620650307431E-06   8   1   9   9
  5.12203060799609448807E-05   8   1  10   1
  3.00822106302728686672E-06   8   1  10   2
 -4.12498010269748979577E-05   8   1  10   3
 -3.02861570195095003444E-05   8   1  10   4
  1.75965114088307440082E-03   8   1  10   5
 -3.28430417629443571694E-05   8   1  10   6
  6.82110835174951938319E-09   8   1  10   7
 -2.35511198914774375762E-03   8   1  10   8
 -9.96926528472494697015E-09   8   1  10   9
 -2.10520224602701085809E-05   8   1  10  10
  6.42596241179388318748E-03   8   1  11   1
  3.72667913529347411775E-04   8   1  11   2
 -4.69281838305259536154E-03   8   1  11   3
 -3.41845706104615051912E-03   8   1  11   4
  4.61633554892047082022E-05   8   1  11   5
 -4.57537130207247896146E-03   8   1  11   6
  1.50322930448084610987E-07   8   1  11   7
 -1.00722836584133282702E-04   8   1  11   8
 -8.88510166355047491740E-07   8   1  11   9
 -1.96070643982772588321E-03   8   1  11  10
 -3.48625645552796199940E-05   8   1  11  11
 -1.00629729110390282861E-04   8   1  12   1
 -5.09183828334529738600E-06   8   1  12   2
  6.59349831598213460045E-05   8   1  12   3
  4.06979613906530341728E-05   8   1  12   4
  4.37912334625026756357E-03   8   1  12   5
  7.60664650673321653335E-05   8   1  12   6
  7.34781279204214587771E-09   8   1  12   7
 -1.02147942327343917851E-02   8   1  12   8
 -7.57463816278961810915E-09   8   1  12   9
 -8.60117741190650336985E-06   8   1  12  10
 -3.55742283819945230919E-03   8   1  12  11
  9.80213393180872884702E-05   8   1  12  12
 -7.26562984612772537035E-06   8   2   1   1
  2.91867457143177538251E-08   8   2   2   1
 -9.76177801243203650079E-05   8   2   2   2
  7.44382317455746646235E-08   8   2   3   1
  6.37854121246456453318E-06   8   2   3   2
 -8.38801077463547492996E-06   8   2   3   3
 -4.95609616112356907709E-08   8   2   4   1
 -1.56943590840625121438E-05   8   2   4   2
 -3.76538262914243533267E-06   8   2   4   3
  8.91639681249825925488E-06   8   2   4   4
 -2.83126844257411721783E-05   8   2   5   1
  2.62625380139669840213E-03   8   2   5   2
  2.03424000812802612329E-03   8   2   5   3
 -3.75642285016565590297E-03   8   2   5   4
 -2.81781272281055095218E-06   8   2   5   5
 -4.08290812473357631954E-07   8   2   6   1
  9.80833103089606755866E-06   8   2   6   2
  1.15487637595143478474E-05   8   2   6   3
 -1.34895089779521506188E-05   8   2   6   4
  3.20161834918352024813E-04   8   2   6   5
 -6.73008473435497292330E-06   8   2   6   6
 -4.51467002480373360575E-10   8   2   7   1
  1.92362186714345148695E-08   8   2   7   2
  1.36505057796477625716E-08   8   2   7   3
 -1.36890141336371661531E-08   8   2   7   4
  8.53677977074547077306E-07   8   2   7   5
 -4.16015911439112757246E-10   8   2   7   6
 -4.39869208811317377952E-06   8   2   7   7
  7.00532109827075704636E-05   8   2   8   1
  9.09432276759156990251E-04   8   2   8   2
  1.29869813795828535196E-04   8   2   8   3
 -2.08054709448836101099E-03   8   2   8   4
  7.92898157069379756951E-06   8   2   8   5
  5.21936728447900495295E-04   8   2   8   6
  3.59409637322221094222E-07   8   2   8   7
  3.31152764470180817994E-06   8   2   8   8
 -2.22912045564461710700E-10   8   2   9   1
 -2.44773843606153848315E-08   8   2   9   2
 -5.94907450656887926534E-09   8   2   9   3
  1.68217365829435146896E-08   8   2   9   4
 -7.84436906250007281632E-07   8   2   9   5
 -3.41677905164058698240E-09   8   2   9   6
 -2.05045974695557639171E-06   8   2   9   7
 -4.94636606682778234762E-08   8   2   9   8
 -2.97353338681008724862E-06   8   2   9   9
  3.63364965133725171406E-07   8   2  10   1
  1.44870204789181527102E-05   8   2  10   2
  1.34955803651530968005E-05   8   2  10   3
 -1.37086232551975142110E-05   8   2  10   4
 -1.19120528789723456597E-03   8   2  10   5
 -1.50474158594374791303E-05   8   2  10   6
 -6.68478088725695636762E-09   8   2  10   7
 -7.96106981622294771709E-05   8   2  10   8
 -3.27571474836618585581E-10   8   2  10   9
 -5.30253824907544568483E-05   8   2  10  10
  3.00541318307853600638E-05   8   2  11   1
  4.47286724596104249413E-03   8   2  11   2
  1.79568533628925576344E-03   8   2  11   3
 -2.38789698487800339938E-03   8   2  11   4
 -1.56868580051886652828E-05   8   2  11   5
 -9.36423828654030514403E-04   8   2  11   6
  1.42894951490062623517E-06   8   2  11   7
 -9.13698859652114174891E-06   8   2  11   8
 -2.83076344468644738259E-06   8   2  11   9
 -4.01624919605305524817E-03   8   2  11  10
  1.91537840010588952463E-05   8   2  11  11
 -4.80716561276769403396E-08   8   2  12   1
 -4.90313893349062388471E-05   8   2  12   2
 -1.88507416145309831081E-05   8   2  12   3
  2.17189936224707782326E-05   8   2  12   4
 -1.31762301047831263331E-03   8   2  12   5
  6.61924373704955378467E-06   8   2  12   6
 -2.05080336469258286267E-08   8   2  12   7
 -4.45036987609776348105E-04   8   2  12   8
  3.46933765560965776673E-08   8   2  12   9
  2.53769627808571502942E-05   8   2  12  10
 -1.72528066230507887840E-03   8   2  12  11
  3.13509336498039227373E-05   8   2  12  12
 -3.53729075896834174210E-04   8   3   1   1
 -3.26009134702556232353E-08   8   3   2   1
 -7.87467090465223366761E-05   8   3   2   2
  3.33354651453176166877E-06   8   3   3   1
 -5.59625592173297718723E-06   8   3   3   2
 -2.84898476781791736272E-04   8   3   3   3
 -1.94682947620394639760E-05   8   3   4   1
 -3.58920103603753650774E-06   8   3   4   2
  3.30283424410426475833E-05   8   3   4   3
  1.57822290590195570589E-05   8   3   4   4
  1.15990531888322413040E-02   8   3   5   1
 -3.08361624092697006721E-04   8   3   5   2
 -5.77201929101076385842E-02   8   3   5   3
 -1.95898097807383174407E-02   8   3   5   4
  4.07609078989260339536E-07   8   3   5   5
  1.71368495227365703708E-05   8   3   6   1
  8.13619204529160715191E-06   8   3   6   2
 -1.12231508551510097255E-04   8   3   6   3
 -8.09644899808497096666E-05   8   3   6   4
 -8.64276732726631906345E-03   8   3   6   5
 -1.94889926358630981903E-04   8   3   6   6
  1.37057752324741280756E-08   8   3   7   1
  1.25573328408106443788E-08   8   3   7   2
 -8.30024641388066375376E-09   8   3   7   3
 -7.61978383511276348213E-08   8   3   7   4
  5.23458363927840414322E-07   8   3   7   5
 -4.13808141122037003774E-08   8   3   7   6
 -1.49595721915689452508E-04   8   3   7   7
 -2.24478006916567218720E-02   8   3   8   1
  1.29869813795829077297E-04   8   3   8   2
  8.89629655639978811354E-02   8   3   8   3
  3.31279140809806610379E-02   8   3   8   4
  4.82661568797818194590E-07   8   3   8   5
  3.27558224827357025166E-02   8   3   8   6
  8.43891076760164749157E-07   8   3   8   7
 -1.62713180678881455185E-04   8   3   8   8
 -3.61463327334712514262E-08   8   3   9   1
 -1.62873387720984511560E-08   8   3   9   2
  9.56371593224336188112E-08   8   3   9   3
  9.52414521353742854227E-08   8   3   9   4
 -4.76388692466129390450E-07   8   3   9   5
  8.87066859823568072904E-08   8   3   9   6
 -7.22254996580879560621E-05   8   3   9   7
  4.11164311429754833780E-06   8   3   9   8
 -1.12447632561289470577E-04   8   3   9   9
 -5.84310135038927164685E-05   8   3  10   1
 -7.73090692109758833379E-06   8   3  10   2
  1.07659853745344202933E-04   8   3  10   3
  1.27816663209573329893E-04   8   3  10   4
 -3.67186839664061445698E-03   8   3  10   5
  1.39000236044870895732E-04   8   3  10   6
 -1.42848857434489869760E-08   8   3  10   7
  1.23295253432644073832E-02   8   3  10   8
  8.19319046165405828622E-08   8   3  10   9
 -2.50534500834090519128E-05   8   3  10  10
 -6.96803258582599695931E-03   8   3  11   1
 -3.29218707528008774042E-04   8   3  11   2
  1.34607081055356375687E-02   8   3  11   3
  1.42213096087583593802E-02   8   3  11   4
 -1.93784309256927588655E-04   8   3  11   5
  1.66245224577569773727E-02   8   3  11   6
 -9.20129991366999353319E-08   8   3  11   7
  2.61164079958793474232E-04   8   3  11   8
 -1.20869612801872906345E-06   8   3  11   9
 -6.22500861669402502999E-04   8   3  11  10
  2.85694182081432362236E-04   8   3  11  11
  9.91145893080821912798E-05   8   3  12   1
  1.81217918795123598009E-05   8   3  12   2
 -2.37471690663826155970E-04   8   3  12   3
 -1.83737101096768902031E-04   8   3  12   4
 -1.48123490976421398613E-02   8   3  12   5
 -2.14811413148645070090E-04   8   3  12   6
 -2.64671038440564050915E-08   8   3  12   7
  3.54142776207773540831E-02   8   3  12   8
  7.16695960990875249874E-08   8   3  12   9
  8.76132636263627674611E-05   8   3  12  10
  1.42870815904602797147E-02   8   3  12  11
 -5.07801368472876124907E-04   8   3  12  12
  3.79770864507576288820E-04   8   4   1   1
 -2.88816580386375173906E-08   8   4   2   1
 -2.44339989464154266723E-04   8   4   2   2
  9.34295614541755738863E-06   8   4   3   1
  1.91255911330984627321E-06   8   4   3   2
  7.90570698621472888867E-05   8   4   3   3
 -5.42688397818882459260E-06   8   4   4   1
  2.83324713707379820168E-06   8   4   4   2
  1.74218358232662790322E-04   8   4   4   3
 -8.76365337457699116125E-05   8   4   4   4
  5.34191066814102086951E-03   8   4   5   1
 -5.91874637800660595433E-03   8   4   5   2
 -4.35539632268378065771E-02   8   4   5   3
  5.03813796554904436142E-02   8   4   5   4
  1.61340802085094255438E-05   8   4   5   5
  1.08466242695706540294E-05   8   4   6   1
 -2.05290631612822612102E-05   8   4   6   2
 -5.65514090160748895942E-05   8   4   6   3
  1.82221102794717090346E-04   8   4   6   4
 -2.77478917551165112088E-02   8   4   6   5
  6.91189881666442394433E-05   8   4   6   6
  8.81545800417051256827E-09   8   4   7   1
 -1.23041977719549251169E-08   8   4   7   2
 -7.08920027824842103373E-08   8   4   7   3
  1.96526046327793714146E-08   8   4   7   4
 -7.65382998889538437642E-06   8   4   7   5
  1.63345218782480997693E-08   8   4   7   6
  4.48670797244583879513E-05   8   4   7   7
 -1.05138568675457559631E-02   8   4   8   1
 -2.08054709448836187835E-03   8   4   8   2
  3.31279140809806749157E-02   8   4   8   3
  5.87962040697209697981E-02   8   4   8   4
 -3.01959314798600571457E-04   8   4   8   5
  5.04202177868020001011E-03   8   4   8   6
  5.66868077240559427177E-07   8   4   8   7
  2.35529354098101169888E-05   8   4   8   8
 -1.39025144195303128322E-08   8   4   9   1
  8.81910239940552743758E-09   8   4   9   2
  6.57171655489506662399E-08   8   4   9   3
 -6.17555720244653520243E-08   8   4   9   4
 -1.55370450016622041532E-05   8   4   9   5
  1.61297925048616559860E-08   8   4   9   6
  1.84200456681875941387E-04   8   4   9   7
 -1.47338759423473960079E-05   8   4   9   8
  2.70180288890268361203E-05   8   4   9   9
 -2.68122474079337769985E-05   8   4  10   1
 -6.31242029697579314258E-05   8   4  10   2
  3.54271848162131467309E-05   8   4  10   3
 -1.32032694173264252696E-04   8   4  10   4
 -2.93756721595759724697E-02   8   4  10   5
  2.23622756833075358052E-04   8   4  10   6
 -4.26269026301751919289E-08   8   4  10   7
 -2.73499542682201640664E-02   8   4  10   8
  2.80200192812145502485E-07   8   4  10   9
  9.66638277885907559739E-04   8   4  10  10
 -3.35382009693356141627E-03   8   4  11   1
 -8.96023538830889587636E-03   8   4  11   2
  6.36829705730389706436E-04   8   4  11   3
 -6.66251218178333902420E-03   8   4  11   4
  3.76375730883004645019E-04   8   4  11   5
  2.85053856516205017524E-02   8   4  11   6
 -8.44088997381980241552E-06   8   4  11   7
  5.94664860089033154092E-04   8   4  11   8
  4.08976429806077131416E-05   8   4  11   9
  6.91497137672117956342E-02   8   4  11  10
 -1.14913915448449852064E-03   8   4  11  11
  5.17136137906550183083E-05   8   4  12   1
  9.88358860190596865206E-05   8   4  12   2
  8.01570910575532332050E-05   8   4  12   3
  1.03927911387934382957E-04   8   4  12   4
  9.65043858785201262573E-03   8   4  12   5
 -4.67469308585221157183E-04   8   4  12   6
  6.88428040502795119492E-08   8   4  12   7
  1.81471526014422360196E-02   8   4  12   8
 -4.43986729576815818523E-07   8   4  12   9
 -7.19093050824048604652E-04   8   4  12  10
  6.39608243455706652891E-03   8   4  12  11
 -1.21384833223292867843E-04   8   4  12  12
 -3.35735886327238275406E-01   8   5   1   1
 -3.18260357239152233085E-05   8   5   2   1
  7.21854558201550505769E-02   8   5   2   2
 -4.54170914966137671820E-03   8   5   3   1
 -3.29187324249042775892E-03   8   5   3   2
 -1.62006382299986040341E-01   8   5   3   3
 -1.65952935651553180538E-03   8   5   4   1
 -1.63897935311527859735E-03   8   5   4   2
 -7.03548237286961003489E-02   8   5   4   3
  4.87464789702738085508E-02   8   5   4   4
 -1.14040597877712926705E-05   8   5   5   1
 -6.15386769171288862629E-06   8   5   5   2
  2.26915108011964205366E-04   8   5   5   3
  3.34757791384993974929E-04   8   5   5   4
  6.79839521789325513385E-03   8   5   5   5
 -8.77116543025556320325E-04   8   5   6   1
  5.28176726056934272430E-03   8   5   6   2
 -2.48272554146441795653E-02   8   5   6   3
 -1.00341349187963446710E-01   8   5   6   4
  1.67913819215273989573E-04   8   5   6   5
 -1.32434183222271406599E-01   8   5   6   6
  4.12499214142605595592E-07   8   5   7   1
  1.08357908638238816571E-07   8   5   7   2
  2.44912043171948808076E-06   8   5   7   3
 -2.99636160130593669475E-05   8   5   7   4
 -1.91612813693422245006E-07   8   5   7   5
 -1.13494165143460194181E-05   8   5   7   6
 -9.53531490651534918701E-02   8   5   7   7
  3.42059952070787427693E-05   8   5   8   1
  7.92898157069254904295E-06   8   5   8   2
  4.82661568797401560259E-07   8   5   8   3
 -3.01959314798603986694E-04   8   5   8   4
  1.46788606434028801040E-01   8   5   8   5
  1.89752705980797918821E-04   8   5   8   6
  1.28199719143328916218E-07   8   5   8   7
 -1.45743424430144569159E-01   8   5   8   8
 -1.19757878463067810446E-08   8   5   9   1
 -4.32453617888131438558E-07   8   5   9   2
 -6.10795290267193540374E-06   8   5   9   3
 -1.62648484868875029344E-05   8   5   9   4
 -7.81317850386110791165E-09   8   5   9   5
  4.24535959416807976330E-05   8   5   9   6
 -1.26445590707230909322E-01   8   5   9   7
 -3.18916029966446111365E-07   8   5   9   8
 -7.11245814882696114623E-02   8   5   9   9
 -8.51172602941459971980E-04   8   5  10   1
 -2.31963460549805110950E-03   8   5  10   2
 -2.12519928336062334517E-02   8   5  10   3
 -7.89442948064741391312E-03   8   5  10   4
  4.31876200698075641041E-05   8   5  10   5
  3.47421243986928071634E-02   8   5  10   6
  5.37913980837683626686E-05   8   5  10   7
 -6.16375608236350018727E-04   8   5  10   8
  6.59540701973826415383E-05   8   5  10   9
  8.81618448142958560654E-02   8   5  10  10
 -1.83881591648647639613E-05   8   5  11   1
  1.12931338345538510057E-04   8   5  11   2
 -6.37249552497202390727E-04   8   5  11   3
 -9.88816207023403059622E-05   8   5  11   4
  7.90780859452243876928E-03   8   5  11   5
  7.97443413666185942600E-04   8   5  11   6
  1.59561324449443800686E-07   8   5  11   7
 -7.17479856524152331820E-02   8   5  11   8
 -9.95653099721167944569E-07   8   5  11   9
 -9.71436822311613767944E-04   8   5  11  10
  6.52444372500851355046E-02   8   5  11  11
 -3.06139628132176414357E-03   8   5  12   1
  8.22562719407219679335E-03   8   5  12   2
 -6.55706347906369058087E-02   8   5  12   3
 -1.21033945211354142940E-02   8   5  12   4
 -1.97064157168632786117E-04   8   5  12   5
  7.70920234051983982448E-02   8   5  12   6
  2.36585008916362832037E-05   8   5  12   7
  9.45622053957844289733E-04   8   5  12   8
 -4.88611535673158514648E-05   8   5  12   9
 -6.10480772075868982629E-02   8   5  12  10
 -1.25975104703313946219E-03   8   5  12  11
 -7.61818220266600176771E-02   8   5  12  12
 -5.51007047608645492316E-04   8   6   1   1
 -3.04581175919178812090E-08   8   6   2   1
  2.67378483239296479024E-04   8   6   2   2
 -6.35946514303652165738E-06   8   6   3   1
 -4.72074206725060633617E-06   8   6   3   2
 -2.32446776803158259650E-04   8   6   3   3
 -8.94049978869062986686E-06   8   6   4   1
  2.55251152819118773904E-07   8   6   4   2
 -1.25425264717711455005E-04   8   6   4   3
  1.22987313976343832405E-04   8   6   4   4
  4.78066031732273313826E-03   8   6   5   1
  1.51636277729128542135E-03   8   6   5   2
 -1.03249613550430528047E-02   8   6   5   3
 -3.23881178760865168220E-02   8   6   5   4
  8.33779216151911704890E-05   8   6   5   5
  1.17230820314236826784E-05   8   6   6   1
  9.54678231727018565002E-06   8   6   6   2
 -1.09345047545313935836E-04   8   6   6   3
 -1.74796082344547614807E-04   8   6   6   4
 -1.03500221326089832108E-02   8   6   6   5
 -2.54752608931169664559E-04   8   6   6   6
  9.29122760077997676359E-09   8   6   7   1
 -3.47313472636154821795E-09   8   6   7   2
 -3.83231158105296243633E-08   8   6   7   3
 -4.73731297830781429759E-08   8   6   7   4
  1.17518792322353785102E-08   8   6   7   5
 -5.02365389437598681387E-08   8   6   7   6
 -1.14744657111231880488E-04   8   6   7   7
 -9.46496324758188713189E-03   8   6   8   1
  5.21936728447900170035E-04   8   6   8   2
  3.27558224827357025166E-02   8   6   8   3
  5.04202177868019480594E-03   8   6   8   4
  1.89752705980773524273E-04   8   6   8   5
  4.24171170890602841630E-02   8   6   8   6
  3.95018120965469867525E-06   8   6   8   7
 -1.94555739821361246920E-04   8   6   8   8
 -1.52252696479644604907E-08   8   6   9   1
  5.61108738981483609822E-09   8   6   9   2
  4.16725126906190113531E-08   8   6   9   3
  4.33836621963852750741E-08   8   6   9   4
  1.02017744139477897704E-05   8   6   9   5
  1.07433759399514875548E-07   8   6   9   6
 -2.32996371731073159119E-04   8   6   9   7
  2.22812723583773729949E-06   8   6   9   8
 -7.21103896719037658044E-05   8   6   9   9
 -2.87857531300342918976E-05   8   6  10   1
  1.56818022261965317227E-05   8   6  10   2
  4.80874191151478628777E-05   8   6  10   3
  1.81448993137940688862E-04   8   6  10   4
  1.37784016107399438777E-02   8   6  10   5
  6.29829098398639053175E-05   8   6  10   6
  1.01322252278161675777E-07   8   6  10   7
  1.14755876755951741891E-02   8   6  10   8
 -8.26727592005859130732E-08   8   6  10   9
 -2.99809016570382058653E-04   8   6  10  10
 -3.08953826196297753198E-03   8   6  11   1
  2.20003394770500442651E-03   8   6  11   2
  1.05217812612030843511E-02   8   6  11   3
  1.49051746983677978198E-02   8   6  11   4
 -1.05795937177041509758E-04   8   6  11   5
  3.21987703610486074995E-03   8   6  11   6
  2.91833849358199745437E-06   8   6  11   7
 -2.92697400478669127275E-04   8   6  11   8
 -1.60098908933662897815E-05   8   6  11   9
 -2.71050789856535495614E-02   8   6  11  10
  6.00369164373183369920E-04   8   6  11  11
  3.43085485242187196659E-05   8   6  12   1
 -1.76405534288042901503E-05   8   6  12   2
 -2.64301514734889846005E-04   8   6  12   3
 -2.17843489230213992582E-04   8   6  12   4
 -2.35002309967449057870E-03   8   6  12   5
  9.39650252608006253266E-05   8   6  12   6
  1.24663691439627230109E-08   8   6  12   7
 -3.73194326301965698806E-03   8   6  12   8
  1.12689884870389815923E-07   8   6  12   9
  2.56662532236787144235E-04   8   6  12  10
  9.25551512584476751555E-04   8   6  12  11
 -7.82961395744113789787E-05   8   6  12  12
 -3.20997447932223953515E-07   8   7   1   1
 -2.02400790677437493171E-11   8   7   2   1
  3.61660457173004825769E-07   8   7   2   2
 -7.56295524279491383812E-09   8   7   3   1
 -5.12243437501608474423E-09   8   7   3   2
 -5.61816319846351746249E-08   8   7   3   3
 -1.17742221411399350406E-09   8   7   4   1
  4.95109384207502667122E-09   8   7   4   2
 -9.76622694203699192781E-08   8   7   4   3
  8.20775071899994167416E-08   8   7   4   4
  1.67806273602198707401E-07   8   7   5   1
  1.07387112482167857217E-06   8   7   5   2
  2.60977206379872450905E-06   8   7   5   3
 -7.78650424412989636594E-06   8   7   5   4
  1.35276030882433097230E-08   8   7   5   5
  3.44089074451679086973E-09   8   7   6   1
  5.43745282460253738522E-09   8   7   6   2
 -7.96725397923761049400E-08   8   7   6   3
 -9.22895416040465682286E-08   8   7   6   4
 -7.18510918868020717588E-07   8   7   6   5
 -8.97183866319971366816E-08   8   7   6   6
  3.24559230841567754956E-06   8   7   7   1
  2.50233836769080714805E-06   8   7   7   2
 -1.85477484339828056889E-05   8   7   7   3
  1.51190113441865025923E-08   8   7   7   4
 -8.45672597834957323615E-03   8   7   7   5
 -1.25345722714616983042E-05   8   7   7   6
  1.21569769026721393229E-08   8   7   7   7
 -3.69997073257218893280E-07   8   7   8   1
  3.59409637323712031028E-07   8   7   8   2
  8.43891076768198750782E-07   8   7   8   3
  5.66868077238008163940E-07   8   7   8   4
  1.28199719145520163983E-07   8   7   8   5
  3.95018120965824520220E-06   8   7   8   6
  1.94585429871032070115E-02   8   7   8   7
 -1.32915806212700066192E-07   8   7   8   8
  3.02448439938683302262E-06   8   7   9   1
 -3.51347132262710238354E-06   8   7   9   2
 -1.77741735159081977989E-05   8   7   9   3
  2.71386278152580700564E-05   8   7   9   4
 -1.23365073376003418076E-02   8   7   9   5
 -3.09572869256402382699E-05   8   7   9   6
 -1.97793307946061082822E-07   8   7   9   7
  1.57833205252033495491E-02   8   7   9   8
  1.23634675479637138468E-07   8   7   9   9
 -5.14052910605244906097E-09   8   7  10   1
  1.91174594125078502429E-08   8   7  10   2
 -2.15857707729884851805E-08   8   7  10   3
  8.54125218666547646755E-08   8   7  10   4
  5.85990671678454035136E-06   8   7  10   5
  8.75812355300234327169E-09   8   7  10   6
  3.84707370197511806928E-05   8   7  10   7
 -6.15367362601406232505E-06   8   7  10   8
  3.73480778541543118748E-05   8   7  10   9
 -3.66030743412582758528E-08   8   7  10  10
 -1.28808094906162009046E-07   8   7  11   1
  1.74419745629805103940E-06   8   7  11   2
  2.47893615410996749458E-06   8   7  11   3
 -1.70481163348626162866E-06   8   7  11   4
  7.86384707804836366093E-08   8   7  11   5
 -4.35522860018355862397E-07   8   7  11   6
  6.04937904469243521027E-03   8   7  11   7
 -1.38977381447162066723E-08   8   7  11   8
  2.55543598958440833918E-03   8   7  11   9
 -6.83971795877301163983E-06   8   7  11  10
  1.44456001873987239896E-07   8   7  11  11
 -6.92702656817470152586E-09   8   7  12   1
 -1.55384289187765459226E-08   8   7  12   2
 -1.17328149672664479835E-07   8   7  12   3
  6.73269655777318481702E-09   8   7  12   4
 -2.96499165362872478027E-08   8   7  12   5
  1.30117100430117657986E-07   8   7  12   6
 -8.30668474691472337283E-05   8   7  12   7
 -1.55445699539151394351E-06   8   7  12   8
 -4.53761780082629902038E-05   8   7  12   9
  3.93597659737825845234E-08   8   7  12  10
 -1.60603460911182532173E-06   8   7  12  11
  9.07455331175992328373E-08   8   7  12  12
  8.92084278831765553619E-01   8   8   1   1
  2.53737833894038592158E-05   8   8   2   1
  4.32488642358911878905E-01   8   8   2   2
  8.44363445732172583635E-03   8   8   3   1
  1.42274554089032883621E-03   8   8   3   2
  6.10804341683966467436E-01   8   8   3   3
  3.78656695084305609106E-03   8   8   4   1
  2.32966462922256723270E-03   8   8   4   2
  6.87209074739658920539E-02   8   8   4   3
  4.03593838895658030275E-01   8   8   4   4
 -1.72397149180666602139E-05   8   8   5   1
  3.38400074615211483029E-05   8   8   5   2
  3.09795359222239259623E-05   8   8   5   3
 -5.67398946239918117000E-04   8   8   5   4
  4.55312918647330755473E-01   8   8   5   5
  3.84989287772981520278E-03   8   8   6   1
 -3.49832098572821093702E-03   8   8   6   2
  1.38639563767358701268E-02   8   8   6   3
  8.73360412603504110418E-02   8   8   6   4
 -4.27930102988018657155E-05   8   8   6   5
  5.68630896665126006617E-01   8   8   6   6
  3.49567110256927775581E-07   8   8   7   1
 -3.39778905366643524562E-06   8   8   7   2
 -1.88447271996047775581E-05   8   8   7   3
  3.78437689707039021472E-05   8   8   7   4
  2.33632048188230916621E-07   8   8   7   5
  1.56748641112854174816E-05   8   8   7   6
  5.22509782510384823695E-01   8   8   7   7
  8.97338455167803113210E-06   8   8   8   1
  3.31152764470571977809E-06   8   8   8   2
 -1.62713180678907286302E-04   8   8   8   3
  2.35529354098245605946E-05   8   8   8   4
 -1.45743424430144624671E-01   8   8   8   5
 -1.94555739821278549399E-04   8   8   8   6
 -1.32915806239522740895E-07   8   8   8   7
  6.14298604698080508157E-01   8   8   8   8
  3.59652873874792824612E-07   8   8   9   1
  4.68566612326271311252E-06   8   8   9   2
  1.50744442879005606316E-05   8   8   9   3
  1.06200878611188633755E-06   8   8   9   4
  2.31969241794392494779E-08   8   8   9   5
 -4.49938304357954882494E-05   8   8   9   6
  1.30080835219600288166E-01   8   8   9   7
  4.54673014044283208924E-07   8   8   9   8
  5.09121984856865439362E-01   8   8   9   9
  9.03796813237949642726E-04   8   8  10   1
  2.93930569786296762985E-03   8   8  10   2
  2.66787663489672852157E-02   8   8  10   3
  1.90427276073556715763E-02   8   8  10   4
  1.69630553691659321939E-04   8   8  10   5
 -3.96378009685951979146E-02   8   8  10   6
 -4.80421475354822968482E-05   8   8  10   7
  8.51103085998609247900E-04   8   8  10   8
 -7.56161400540808839588E-05   8   8  10   9
  3.64083454336682876828E-01   8   8  10  10
  3.37463207709666311454E-05   8   8  11   1
 -3.98083262304006806282E-05   8   8  11   2
  9.12571618167389172170E-04   8   8  11   3
  3.43810255809369268816E-05   8   8  11   4
  2.23638230752037274821E-03   8   8  11   5
 -8.30884231379758284725E-04   8   8  11   6
 -9.37121663252578515337E-08   8   8  11   7
  8.56472327811567540889E-02   8   8  11   8
  7.91063787418042063670E-07   8   8  11   9
  7.13132320411272169203E-04   8   8  11  10
  3.98808474041517757591E-01   8   8  11  11
  3.37073595750843292215E-03   8   8  12   1
 -5.06953569570795740257E-03   8   8  12   2
  8.83261754574475171919E-02   8   8  12   3
  1.10428494357665378522E-02   8   8  12   4
 -6.75605794441939445927E-05   8   8  12   5
 -7.14330664670801557259E-02   8   8  12   6
 -1.76471706783693113813E-05   8   8  12   7
 -1.23708179760149798720E-03   8   8  12   8
  4.09069716439391939389E-05   8   8  12   9
  5.98524353094662120434E-02   8   8  12  10
  1.19244916074680643026E-03   8   8  12  11
  5.42549957076435496184E-01   8   8  12  12
  1.30959740908565572894E-05   9   1   1   1
  1.50345544295082047701E-09   9   1   2   1
 -1.58181040998986493907E-06   9   1   2   2
  2.25622079283580227361E-06   9   1   3   1
 -3.29057813229777755143E-08   9   1   3   2
 -1.51902500244027697153E-06   9   1   3   3
  1.21092222644537444470E-06   9   1   4   1
 -1.21017761740578202488E-07   9   1   4   2
 -8.82054344832401480863E-07   9   1   4   3
 -1.24667444523688505539E-07   9   1   4   4
 -4.87397572589765271781E-09   9   1   5   1
 -2.66999285531441962269E-10   9   1   5   2
  2.32766177817280587196E-09   9   1   5   3
  8.40092734509516456867E-10   9   1   5   4
 -3.61103818572953259101E-07   9   1   5   5
 -3.52198677431744592393E-06   9   1   6   1
  1.52738269179240771653E-07   9   1   6   2
  6.17059587723086054839E-06   9   1   6   3
  1.94230707280975783247E-06   9   1   6   4
 -5.78649626082159849940E-09   9   1   6   5
  3.26560005831761757355E-06   9   1   6   6
  1.33852053447650175960E-02   9   1   7   1
 -2.37027015017831927529E-04   9   1   7   2
 -1.73050608323498944507E-02   9   1   7   3
 -5.94035119647633256396E-03   9   1   7   4
  1.94413429990447406180E-05   9   1   7   5
 -5.67442790836499011409E-03   9   1   7   6
 -1.24838272278798309078E-06   9   1   7   7
  2.97188022823940143509E-08   9   1   8   1
 -2.22912045423534587848E-10   9   1   8   2
 -3.61463327334463367461E-08   9   1   8   3
 -1.39025144196951070625E-08   9   1   8   4
 -1.19757878439385976924E-08   9   1   8   5
 -1.52252696455150364218E-08   9   1   8   6
  3.02448439938625831077E-06   9   1   8   7
  3.59652873876297843341E-07   9   1   8   8
  1.44316776845361607884E-02   9   1   9   1
  2.74312771096155811560E-04   9   1   9   2
 -1.45840039783522550099E-02   9   1   9   3
 -7.88579693386845005654E-03   9   1   9   4
  2.28778939959291496994E-05   9   1   9   5
 -7.67950485537970736066E-03   9   1   9   6
  5.09646297975703156426E-07   9   1   9   7
  1.97242162330930100310E-06   9   1   9   8
 -1.67981298597702326247E-06   9   1   9   9
 -5.09296869540076499098E-06   9   1  10   1
 -3.36627339486354777032E-07   9   1  10   2
  4.55748738499138680554E-06   9   1  10   3
  2.86175366995562747562E-06   9   1  10   4
 -1.63082383836171844563E-08   9   1  10   5
  3.83731083257566899718E-06   9   1  10   6
 -1.19573988301972930146E-03   9   1  10   7
 -2.74027607679258596135E-09   9   1  10   8
 -2.53965939945631795013E-03   9   1  10   9
  2.40463699467848013303E-06   9   1  10  10
  8.71532342817379298113E-08   9   1  11   1
  4.11235016979432847156E-09   9   1  11   2
 -6.33440515208712519781E-08   9   1  11   3
 -3.91484985854879939688E-08   9   1  11   4
 -1.12566057945110446107E-06   9   1  11   5
 -3.67433682489227785259E-08   9   1  11   6
 -6.16517891149666720594E-05   9   1  11   7
  1.74865660979901251582E-08   9   1  11   8
 -6.28794848039059559378E-05   9   1  11   9
  2.90396305463413680666E-09   9   1  11  10
 -8.13401321007497451226E-07   9   1  11  11
  5.19987581556885039851E-06   9   1  12   1
  1.58526709400479298914E-07   9   1  12   2
 -3.22018802043137043018E-06   9   1  12   3
 -2.09242692285629028432E-06   9   1  12   4
  2.20124659140539476244E-08   9   1  12   5
 -9.28316493042111170276E-07   9   1  12   6
 -6.25341000123101620201E-03   9   1  12   7
 -1.56071870127978030444E-08   9   1  12   8
 -7.52319349642115338395E-03   9   1  12   9
  2.50875178211900327907E-06   9   1  12  10
 -4.52355120679948010526E-08   9   1  12  11
 -3.78070882850033845868E-06   9   1  12  12
  6.14415552821755873048E-06   9   2   1   1
 -1.82973222530908688652E-08   9   2   2   1
  1.61163231987152796897E-04   9   2   2   2
 -4.58215804572851395275E-08   9   2   3   1
 -9.81029024289503671886E-06   9   2   3   2
  9.85666659732252204958E-06   9   2   3   3
  5.12151760684851835401E-08   9   2   4   1
  1.67542643058006573064E-05   9   2   4   2
 -3.97888733599327195809E-06   9   2   4   3
  8.25918906562574652800E-06   9   2   4   4
 -5.51394638279359776447E-10   9   2   5   1
  2.43793713921715415703E-08   9   2   5   2
  1.02197601351176810812E-08   9   2   5   3
 -1.36189039382506994931E-08   9   2   5   4
  4.99891339920205517177E-06   9   2   5   5
  2.02697285678719592793E-07   9   2   6   1
  3.33597059927237750865E-06   9   2   6   2
 -1.97336711111823886119E-06   9   2   6   3
  6.78780097973027829407E-08   9   2   6   4
  1.88528482637426609803E-09   9   2   6   5
  5.05826305223000558876E-06   9   2   6   6
  2.08179892001781696818E-04   9   2   7   1
 -1.09582565636350878074E-02   9   2   7   2
 -8.75559026903213397097E-03   9   2   7   3
  9.67150505606829968830E-03   9   2   7   4
  7.19398024797301310126E-06   9   2   7   5
  1.84885503762243245604E-03   9   2   7   6
 -1.41363867728713878552E-06   9   2   7   7
  8.81235271940276690447E-10   9   2   8   1
 -2.44773843603121139492E-08   9   2   8   2
 -1.62873387724709868341E-08   9   2   8   3
  8.81910239959086056255E-09   9   2   8   4
 -4.32453617886951574602E-07   9   2   8   5
  5.61108739009386066245E-09   9   2   8   6
 -3.51347132262741705628E-06   9   2   8   7
  4.68566612326289861273E-06   9   2   8   8
  2.74312771096155811560E-04   9   2   9   1
  1.37848182029860939768E-02   9   2   9   2
  5.32095631765312337275E-03   9   2   9   3
 -1.27479076246679035034E-02   9   2   9   4
 -1.10479710041816210094E-05   9   2   9   5
 -1.09032525294319899978E-03   9   2   9   6
  1.10262015749454009815E-05   9   2   9   7
  7.14304870470181646583E-06   9   2   9   8
 -1.19426836630873254436E-05   9   2   9   9
 -2.23091335311050343854E-07   9   2  10   1
  9.11534273935620522548E-06   9   2  10   2
 -7.59836031084896352687E-06   9   2  10   3
  1.29431109031583333927E-05   9   2  10   4
  1.04497442473781117230E-08   9   2  10   5
  7.39636336092585963014E-07   9   2  10   6
  1.06127089857692528951E-02   9   2  10   7
  1.60975356816948624779E-08   9   2  10   8
 -1.33856924725082974958E-02   9   2  10   9
  2.63108434228899977503E-05   9   2  10  10
 -9.75752265337536761168E-10   9   2  11   1
 -3.99370089323928693094E-08   9   2  11   2
  3.68325697834661036648E-08   9   2  11   3
 -3.22917176449178113170E-08   9   2  11   4
  3.37344884827066855661E-07   9   2  11   5
 -1.35493154146358019415E-08   9   2  11   6
 -3.42636674316263922725E-05   9   2  11   7
  1.05676062842611964026E-07   9   2  11   8
  4.05533741784386975171E-05   9   2  11   9
 -6.51821584566605535804E-08   9   2  11  10
  3.93128580100572383308E-06   9   2  11  11
 -2.05779558064287171995E-07   9   2  12   1
  2.59117578789755190758E-06   9   2  12   2
 -2.59951261745359903948E-06   9   2  12   3
  5.78251305305875860235E-06   9   2  12   4
 -4.99230727314671596143E-09   9   2  12   5
 -1.74075897989041859055E-07   9   2  12   6
  4.69195012784350516666E-03   9   2  12   7
  1.58121528689175320126E-09   9   2  12   8
 -5.77105198790619881855E-03   9   2  12   9
  1.01162700082858131312E-05   9   2  12  10
 -3.36596817614342915925E-08   9   2  12  11
  8.18573463981769194886E-06   9   2  12  12
  3.22811513715564278853E-05   9   3   1   1
  6.32828730691009503144E-09   9   3   2   1
 -2.35134966575947944767E-05   9   3   2   2
 -5.82812368724778765604E-08   9   3   3   1
  1.86850376644498694431E-06   9   3   3   2
  2.17901472852096765131E-05   9   3   3   3
 -1.28615987038490233479E-07   9   3   4   1
 -2.24093743045502826551E-06   9   3   4   2
  6.15012874399271368837E-06   9   3   4   3
  7.61555987785710545847E-06   9   3   4   4
  5.39466526018933928759E-10   9   3   5   1
  3.00180428715153986496E-09   9   3   5   2
 -1.63170578140162648988E-09   9   3   5   3
 -3.58966003480505813842E-08   9   3   5   4
  5.66255299721979855622E-06   9   3   5   5
  5.11319588665889266120E-06   9   3   6   1
 -5.82831430920899803051E-08   9   3   6   2
 -1.75006811631264310651E-05   9   3   6   3
 -4.75005649608057253346E-06   9   3   6   4
  1.04459945112888680182E-09   9   3   6   5
  1.58675435869867578538E-06   9   3   6   6
 -1.38973151783235455287E-02   9   3   7   1
 -4.24491806262375630937E-03   9   3   7   2
  4.85514616606183904701E-02   9   3   7   3
  3.28209216486553267966E-02   9   3   7   4
 -5.77661309494669432786E-05   9   3   7   5
  2.09918487690089264341E-02   9   3   7   6
  2.16879581244765425900E-07   9   3   7   7
 -2.99672754553187470791E-08   9   3   8   1
 -5.94907450524213532954E-09   9   3   8   2
  9.56371593178879503253E-08   9   3   8   3
  6.57171655468478804785E-08   9   3   8   4
 -6.10795290267360744678E-06   9   3   8   5
  4.16725126744308683898E-08   9   3   8   6
 -1.77741735159142727192E-05   9   3   8   7
  1.50744442879246909062E-05   9   3   8   8
 -1.45840039783522532751E-02   9   3   9   1
  5.32095631765311990330E-03   9   3   9   2
  5.66408736136388216154E-02   9   3   9   3
  9.07356691019385423747E-03   9   3   9   4
 -8.16564634963227488351E-05   9   3   9   5
  2.27871645076111462025E-02   9   3   9   6
  2.70592406840333110879E-05   9   3   9   7
  4.97799398436580453387E-06   9   3   9   8
 -1.34679429121516494594E-05   9   3   9   9
  5.25491510701090653489E-06   9   3  10   1
 -6.20463325265296222494E-06   9   3  10   2
 -1.78547159357785285383E-05   9   3  10   3
 -4.80267284716657247897E-06   9   3  10   4
 -4.97254258717036454778E-08   9   3  10   5
 -1.22540522662634505160E-05   9   3  10   6
  1.66264583308916302773E-02   9   3  10   7
  1.50608597798577384698E-08   9   3  10   8
 -7.83398291988356837434E-03   9   3  10   9
  1.87862625545816112893E-05   9   3  10  10
 -7.82413270511536570356E-08   9   3  11   1
  2.89579837131278229150E-08   9   3  11   2
  3.19718349556964396898E-07   9   3  11   3
  1.55442827371940536989E-07   9   3  11   4
 -9.96597401575199186275E-06   9   3  11   5
 -7.34701599769854598563E-08   9   3  11   6
  1.75741533299930349776E-04   9   3  11   7
 -3.16367143299434257686E-06   9   3  11   8
  2.10577417467491985470E-04   9   3  11   9
 -1.16444891866819381920E-07   9   3  11  10
 -2.85221549321729842989E-06   9   3  11  11
 -4.26164402402023267453E-06   9   3  12   1
 -2.02258484490885702723E-06   9   3  12   2
  1.85023080817896666442E-05   9   3  12   3
  1.12054653120556696184E-05   9   3  12   4
  1.03005755346677192276E-07   9   3  12   5
 -9.89377786110693037858E-06   9   3  12   6
  2.73520279580553235532E-02   9   3  12   7
  8.03050478961977589188E-08   9   3  12   8
  1.35166850671836411002E-02   9   3  12   9
  4.50361606582454221392E-06   9   3  12  10
  1.44116716826135898150E-07   9   3  12  11
  1.40720701070715797920E-05   9   3  12  12
  2.52718573373795147620E-05   9   4   1   1
 -3.69932366693441572334E-08   9   4   2   1
  9.64274067242326253816E-05   9   4   2   2
  1.25698936966317340362E-07   9   4   3   1
 -4.07406704771329077286E-06   9   4   3   2
  1.94361261943971374059E-05   9   4   3   3
 -8.41461753665175924908E-08   9   4   4   1
  4.53042538732818857194E-06   9   4   4   2
  9.12983171073611172368E-06   9   4   4   3
 -1.90050369978712042999E-06   9   4   4   4
  1.90230202543434071207E-09   9   4   5   1
 -3.16627518808619794583E-09   9   4   5   2
 -1.28222118820706570525E-08   9   4   5   3
 -6.03810210287928997215E-08   9   4   5   4
  3.16537925976981154535E-06   9   4   5   5
  2.24670221065777253158E-06   9   4   6   1
  4.86689235572450544876E-07   9   4   6   2
 -1.85940543919223509335E-05   9   4   6   3
  8.47568115808894402704E-06   9   4   6   4
  4.30861322861731800532E-08   9   4   6   5
  1.20967168353195990058E-05   9   4   6   6
 -7.31890503944189994845E-03   9   4   7   1
  1.03672213215267906838E-02   9   4   7   2
  5.37244800284400331192E-02   9   4   7   3
 -2.17554797919163878106E-02   9   4   7   4
 -7.22179712707222461058E-05   9   4   7   5
  1.21595478413336500340E-02   9   4   7   6
  5.31193711561134160022E-05   9   4   7   7
 -1.72373603341308830494E-08   9   4   8   1
  1.68217365822104539959E-08   9   4   8   2
  9.52414521360715920617E-08   9   4   8   3
 -6.17555720242383736642E-08   9   4   8   4
 -1.62648484868880890812E-05   9   4   8   5
  4.33836621928723515092E-08   9   4   8   6
  2.71386278152567215799E-05   9   4   8   7
  1.06200878613758574069E-06   9   4   8   8
 -7.88579693386844832181E-03   9   4   9   1
 -1.27479076246679035034E-02   9   4   9   2
  9.07356691019386811525E-03   9   4   9   3
  5.65739941775964191861E-02   9   4   9   4
 -5.54629292934716558499E-06   9   4   9   5
  1.43183148162753220295E-02   9   4   9   6
 -4.28740070241850833549E-05   9   4   9   7
 -1.59635709988200032476E-05   9   4   9   8
  8.29828902314862920653E-05   9   4   9   9
  3.06043834588901997901E-06   9   4  10   1
  1.35328364528119640231E-05   9   4  10   2
  5.54004958497827729474E-07   9   4  10   3
  6.89531228317701681417E-06   9   4  10   4
  4.59106184459408502999E-07   9   4  10   5
 -2.32459571804380684659E-05   9   4  10   6
 -2.92318717707196959465E-02   9   4  10   7
  2.19145429757766119285E-07   9   4  10   8
  4.01014883006084801864E-02   9   4  10   9
 -6.40776824859202662199E-05   9   4  10  10
 -4.00100355367698213401E-08   9   4  11   1
 -2.97848654687045812182E-08   9   4  11   2
  7.46227040511297715900E-08   9   4  11   3
 -2.64948746084332563051E-07   9   4  11   4
  4.62340768481420515807E-05   9   4  11   5
  4.56785023997058418092E-07   9   4  11   6
  2.00942337344698441831E-04   9   4  11   7
  3.00807462930425379387E-05   9   4  11   8
 -1.04421321420026386173E-04   9   4  11   9
  2.55546892665272154521E-07   9   4  11  10
  1.12089248528455035208E-05   9   4  11  11
 -1.97994885285684758016E-06   9   4  12   1
  6.53554802034741613373E-06   9   4  12   2
  5.07461138063150442746E-06   9   4  12   3
 -1.79577892629695431840E-05   9   4  12   4
 -6.44170383814168323777E-07   9   4  12   5
  2.24266467794906066693E-05   9   4  12   6
 -3.33573138858982067706E-03   9   4  12   7
 -3.54923544680011069107E-07   9   4  12   8
  1.89533662256388957257E-02   9   4  12   9
 -1.85231011669215184234E-05   9   4  12  10
  5.24597255028620311143E-07   9   4  12  11
  4.44546171287363289792E-05   9   4  12  12
  3.34006163781643832365E-08   9   5   1   1
 -7.46462936472496566522E-11   9   5   2   1
  3.40427314057518496024E-07   9   5   2   2
 -1.79813969907408800304E-09   9   5   3   1
 -7.64436408372553817718E-09   9   5   3   2
  1.03963371800455808274E-07   9   5   3   3
  1.37490980681106627118E-09   9   5   4   1
  9.40698266525350965970E-09   9   5   4   2
 -3.09317340180452526577E-08   9   5   4   3
  1.23885570035000662296E-08   9   5   4   4
 -2.73159502134771715583E-07   9   5   5   1
 -2.24285604712202617518E-06   9   5   5   2
  3.84197728032572946062E-06   9   5   5   3
 -1.50137225694875165404E-05   9   5   5   4
  6.79602758016304057207E-08   9   5   5   5
 -4.49327640088258652204E-09   9   5   6   1
 -4.21675095757267786420E-09   9   5   6   2
 -1.78404236059145752786E-08   9   5   6   3
  4.25198649479569916427E-08   9   5   6   4
  8.91462354347075943512E-06   9   5   6   5
  9.79837389782657883471E-08   9   5   6   6
  2.13722009983819073904E-05   9   5   7   1
  8.37435678331562423317E-06   9   5   7   2
 -7.72576701301365853947E-05   9   5   7   3
 -7.71279411838902864522E-05   9   5   7   4
 -3.98795816409784620316E-03   9   5   7   5
 -4.56503964894984512533E-05   9   5   7   6
  1.53991599394261406169E-07   9   5   7   7
  5.12464391643115553228E-07   9   5   8   1
 -7.84436906251062472926E-07   9   5   8   2
 -4.76388692465686392219E-07   9   5   8   3
 -1.55370450016583857287E-05   9   5   8   4
 -7.81317850712046422291E-09   9   5   8   5
  1.02017744139560432594E-05   9   5   8   6
 -1.23365073376003418076E-02   9   5   8   7
  2.31969241812931762976E-08   9   5   8   8
  2.28778939959296511429E-05   9   5   9   1
 -1.10479710041825154762E-05   9   5   9   2
 -8.16564634963162436221E-05   9   5   9   3
 -5.54629292934762637091E-06   9   5   9   4
  1.50066091392037290198E-02   9   5   9   5
 -3.68663365745439540098E-05   9   5   9   6
 -9.17018324011932732427E-08   9   5   9   7
 -4.16534254123507741846E-03   9   5   9   8
  1.76238313802129682728E-07   9   5   9   9
 -8.73434237191263127151E-09   9   5  10   1
 -1.24443250269104417059E-08   9   5  10   2
 -2.93322666392433836863E-08   9   5  10   3
  3.26125843719946854592E-07   9   5  10   4
  1.85557026688862869977E-05   9   5  10   5
 -7.42435691012689144958E-08   9   5  10   6
 -1.18239830737159351440E-04   9   5  10   7
  2.16476452113359763073E-05   9   5  10   8
  8.55198548804949991442E-05   9   5  10   9
 -5.63766537736331309328E-07   9   5  10  10
  1.17471619860721915175E-07   9   5  11   1
 -4.02105931519509311403E-06   9   5  11   2
 -6.49391476170941408722E-06   9   5  11   3
  2.54572699752441193556E-05   9   5  11   4
 -6.06752998293207257085E-08   9   5  11   5
 -7.47874365043416941225E-06   9   5  11   6
 -1.08011497523125884340E-02   9   5  11   7
 -2.47841262788089035920E-07   9   5  11   8
  7.19718307173706790120E-03   9   5  11   9
 -2.98086211141919898374E-05   9   5  11  10
  7.70387688787520924505E-07   9   5  11  11
  5.35854109287028599764E-10   9   5  12   1
  5.66905558433026951908E-08   9   5  12   2
  3.61299800480806739896E-08   9   5  12   3
 -3.42487038717611494776E-07   9   5  12   4
 -2.84816738042783035106E-06   9   5  12   5
  1.41795305020938391173E-07   9   5  12   6
  1.19379766366021746122E-04   9   5  12   7
 -7.39692759771688836042E-06   9   5  12   8
 -1.07849281791309338768E-04   9   5  12   9
  4.49467572944408060975E-07   9   5  12  10
  7.04509573359792667935E-06   9   5  12  11
 -3.40512247990336120070E-08   9   5  12  12
 -1.25434308741438426500E-04   9   6   1   1
  3.47866723469593557292E-09   9   6   2   1
  2.50496571309498578580E-05   9   6   2   2
 -1.91405390764271483758E-06   9   6   3   1
 -3.36032996763995065710E-07   9   6   3   2
 -5.28710357588981034126E-05   9   6   3   3
 -1.03353110018423017969E-06   9   6   4   1
  1.29075532489261086739E-06   9   6   4   2
 -2.29441649112353895457E-05   9   6   4   3
  6.96015899248430229004E-06   9   6   4   4
  3.01715062244820267418E-09   9   6   5   1
 -1.01325586923939026347E-08   9   6   5   2
  2.31637152338666900642E-08   9   6   5   3
  1.56029814975479447174E-07   9   6   5   4
  1.20662922462314894732E-06   9   6   5   5
  1.42823164969465137369E-06   9   6   6   1
 -7.75119636680610744247E-07   9   6   6   2
 -2.07467502012758949587E-05   9   6   6   3
 -3.21390892134152452450E-05   9   6   6   4
  5.63649807625658513557E-08   9   6   6   5
 -6.06396341089913894652E-05   9   6   6   6
 -7.12072307424248436558E-03   9   6   7   1
  1.02299383182764412788E-03   9   6   7   2
  3.19131483359401946220E-02   9   6   7   3
  1.60985850316809897542E-02   9   6   7   4
 -4.69181577967238893842E-05   9   6   7   5
  1.79855880980512097822E-02   9   6   7   6
 -2.56362377428329071708E-05   9   6   7   7
 -1.44100214927273204200E-08   9   6   8   1
 -3.41677905267959076544E-09   9   6   8   2
  8.87066859806320629213E-08   9   6   8   3
  1.61297925052135617796E-08   9   6   8   4
  4.24535959417060256623E-05   9   6   8   5
  1.07433759416761657494E-07   9   6   8   6
 -3.09572869256436670592E-05   9   6   8   7
 -4.49938304358052935028E-05   9   6   8   8
 -7.67950485537970562594E-03   9   6   9   1
 -1.09032525294319921662E-03   9   6   9   2
  2.27871645076111462025E-02   9   6   9   3
  1.43183148162753254989E-02   9   6   9   4
 -3.68663365745445638735E-05   9   6   9   5
  3.07790968494536000544E-02   9   6   9   6
 -4.95907357486873213862E-05   9   6   9   7
 -5.70140700429774875896E-06   9   6   9   8
 -2.86770074060102228564E-05   9   6   9   9
  2.66292171455987368591E-06   9   6  10   1
  2.31350646705057402491E-06   9   6  10   2
 -1.52128845287022591956E-05   9   6  10   3
 -1.31471583688632992146E-05   9   6  10   4
  1.18789592339144033036E-09   9   6  10   5
  3.99825391781913668454E-06   9   6  10   6
 -9.27172517141326485088E-04   9   6  10   7
 -2.21490143546765348608E-07   9   6  10   8
 -8.12767331822472974268E-04   9   6  10   9
  2.16454929266253937210E-05   9   6  10  10
 -4.71595052547311475740E-08   9   6  11   1
 -5.79391391662366032329E-08   9   6  11   2
 -2.01759165162740933095E-07   9   6  11   3
  2.13115981423095549108E-07   9   6  11   4
  3.33433587842681345765E-06   9   6  11   5
  4.64951773656098238299E-07   9   6  11   6
 -1.07277714358412589032E-04   9   6  11   7
 -2.35095192654224406073E-05   9   6  11   8
  1.11568598995429686324E-04   9   6  11   9
 -1.28740345731720271541E-07   9   6  11  10
  2.32976117680082075924E-05   9   6  11  11
 -2.89281066520547293917E-06   9   6  12   1
 -1.79008620439122096502E-06   9   6  12   2
 -2.39037884554568970830E-05   9   6  12   3
  9.95723830829829089143E-06   9   6  12   4
 -4.62423747302398935555E-08   9   6  12   5
  3.57777288135335442567E-05   9   6  12   6
 -6.79194265224522964602E-03   9   6  12   7
  3.10148955896617173002E-07   9   6  12   8
  9.16030312941678789840E-03   9   6  12   9
 -1.81160475966100713817E-05   9   6  12  10
 -5.05886981171429085235E-07   9   6  12  11
 -2.97142775270448772362E-05   9   6  12  12
  3.70865921398068787429E-01   9   7   1   1
  2.97300196544280670473E-05   9   7   2   1
 -2.25995027763346123528E-01   9   7   2   2
  6.48160432534659273346E-03   9   7   3   1
  4.67219996495624612792E-03   9   7   3   2
  1.31787912433394438505E-01   9   7   3   3
  1.78234227036215228147E-03   9   7   4   1
 -1.93553527035226395972E-03   9   7   4   2
  8.85100643332381864514E-02   9   7   4   3
 -6.64848196663535284667E-02   9   7   4   4
 -1.97596048388250639433E-06   9   7   5   1
  1.09042065458153167047E-05   9   7   5   2
 -1.79694537472220475065E-04   9   7   5   3
 -4.04178290353523551100E-04   9   7   5   4
 -2.70912139587855260725E-02   9   7   5   5
 -6.58645313095818064029E-04   9   7   6   1
 -4.43882864666835311174E-03   9   7   6   2
  5.77269954150605724141E-02   9   7   6   3
  1.02582223715572753986E-01   9   7   6   4
 -1.79057902982644593422E-04   9   7   6   5
  1.23118173500342736881E-01   9   7   6   6
 -1.03470699884683050122E-06   9   7   7   1
 -9.06780147608317829992E-06   9   7   7   2
 -2.29492925202094947450E-05   9   7   7   3
  6.69322924284109697880E-05   9   7   7   4
  2.27329021774669579590E-07   9   7   7   5
  2.22503549225102409870E-05   9   7   7   6
  7.01680515099332713369E-02   9   7   7   7
 -7.25838590400686302335E-06   9   7   8   1
 -2.05045974695278880628E-06   9   7   8   2
 -7.22254996580908291979E-05   9   7   8   3
  1.84200456681867647240E-04   9   7   8   4
 -1.26445590707230909322E-01   9   7   8   5
 -2.32996371731085383499E-04   9   7   8   6
 -1.97793307933631430186E-07   9   7   8   7
  1.30080835219600315922E-01   9   7   8   8
  5.09646297976407464322E-07   9   7   9   1
  1.10262015749482605647E-05   9   7   9   2
  2.70592406840317186659E-05   9   7   9   3
 -4.28740070242010211268E-05   9   7   9   4
 -9.17018324133471637144E-08   9   7   9   5
 -4.95907357487274910767E-05   9   7   9   6
  2.05197932489014162050E-01   9   7   9   7
  4.34084514698665275986E-07   9   7   9   8
  3.56899442209351186461E-02   9   7   9   9
  1.78829781358382368210E-03   9   7  10   1
 -9.20206634961207112916E-04   9   7  10   2
  3.75460156271299333453E-02   9   7  10   3
 -4.73038998075467967408E-02   9   7  10   4
 -4.28642164742082029932E-04   9   7  10   5
 -2.30949806020556112907E-02   9   7  10   6
 -6.38138694522570918636E-05   9   7  10   7
  4.60931205591636633002E-04   9   7  10   8
 -7.72286280079081954852E-05   9   7  10   9
 -9.90102145708917913414E-02   9   7  10  10
  5.42857914450406344592E-05   9   7  11   1
 -5.72362461440860896935E-05   9   7  11   2
  6.81025206500965015269E-04   9   7  11   3
  5.02050906746093878429E-04   9   7  11   4
 -5.47488191700638004988E-02   9   7  11   5
 -1.40915984113071423092E-03   9   7  11   6
  6.76545458013914353739E-09   9   7  11   7
  4.35450476167165215213E-02   9   7  11   8
  8.70862020584291240954E-07   9   7  11   9
  7.03872450473166065554E-04   9   7  11  10
 -8.81790670202406839939E-02   9   7  11  11
  5.88172579746290644792E-03   9   7  12   1
 -6.66982995292526078396E-03   9   7  12   2
  8.65864134590508816025E-02   9   7  12   3
  9.22780841840516868890E-03   9   7  12   4
  7.96625896579951798399E-04   9   7  12   5
 -1.11168539980625633024E-01   9   7  12   6
 -1.30223753648328070598E-05   9   7  12   7
 -6.47657234297720056128E-04   9   7  12   8
  3.83363238504012826535E-05   9   7  12   9
  5.26992319808654643976E-02   9   7  12  10
  9.83945183678922290910E-04   9   7  12  11
  2.42082733686536030748E-02   9   7  12  12
  8.99048448572811511798E-07   9   8   1   1
  1.11906221209504209136E-10   9   8   2   1
 -4.02599140549303376659E-07   9   8   2   2
  1.45248548204613623766E-08   9   8   3   1
  1.28610546754962229647E-08   9   8   3   2
  3.86974904939493507124E-07   9   8   3   3
  3.79744528734025270830E-09   9   8   4   1
 -1.25279237515223070638E-09   9   8   4   2
  1.81322435408233091239E-07   9   8   4   3
 -1.46119544198424298142E-07   9   8   4   4
  2.41152683959809723345E-07   9   8   5   1
 -2.32137397460729271578E-07   9   8   5   2
  3.14808790474963489319E-06   9   8   5   3
 -2.04865120164737987143E-05   9   8   5   4
 -1.97127423670351318948E-08   9   8   5   5
 -9.62175772670428588904E-10   9   8   6   1
 -1.52169418878706465660E-08   9   8   6   2
  1.23338950867499269134E-07   9   8   6   3
  2.49013343027796320466E-07   9   8   6   4
  1.26730943697516782728E-05   9   8   6   5
  3.53094356361419342932E-07   9   8   6   6
  1.99568051344884375990E-06   9   8   7   1
 -5.94989272687976872441E-06   9   8   7   2
 -2.96853537806300773604E-05   9   8   7   3
  3.74909913526426648929E-05   9   8   7   4
 -1.44235594005795476902E-02   9   8   7   5
 -3.05995224365755778655E-05   9   8   7   6
  1.40380786928417285118E-07   9   8   7   7
 -4.22205022433436726447E-07   9   8   8   1
 -4.94636606686825133191E-08   9   8   8   2
  4.11164311429667335277E-06   9   8   8   3
 -1.47338759423478957573E-05   9   8   8   4
 -3.18916029956756530904E-07   9   8   8   5
  2.22812723582933219156E-06   9   8   8   6
  1.57833205252033599575E-02   9   8   8   7
  4.54673014052143409977E-07   9   8   8   8
  1.97242162330910364443E-06   9   8   9   1
  7.14304870470181223067E-06   9   8   9   2
  4.97799398435852682678E-06   9   8   9   3
 -1.59635709988229814154E-05   9   8   9   4
 -4.16534254123508002055E-03   9   8   9   5
 -5.70140700430127749822E-06   9   8   9   6
  4.34084514696703071224E-07   9   8   9   7
  1.90652896318274783782E-02   9   8   9   8
  1.24138492895158481649E-07   9   8   9   9
  2.01201596779411474065E-09   9   8  10   1
 -7.38734125176489720016E-09   9   8  10   2
  5.78456305156687367067E-08   9   8  10   3
  1.00831837538434614994E-07   9   8  10   4
  2.14593790079547497849E-05   9   8  10   5
 -1.39758328422725502187E-07   9   8  10   6
  2.92571246289471240576E-05   9   8  10   7
  1.20749022121189769798E-05   9   8  10   8
  4.72805667728868912053E-05   9   8  10   9
 -7.58525977106275657016E-07   9   8  10  10
 -1.05731694075317652001E-07   9   8  11   1
 -5.80948968117258039287E-07   9   8  11   2
 -2.99296920106077371984E-06   9   8  11   3
  1.84970497178742395719E-05   9   8  11   4
 -3.68754608074145508485E-07   9   8  11   5
 -9.94789278777552331669E-06   9   8  11   6
  6.93506131992934577932E-04   9   8  11   7
 -2.77183753800071713217E-08   9   8  11   8
  8.81366448910890498691E-03   9   8  11   9
 -3.31028745606739573624E-05   9   8  11  10
  5.25732690213214816366E-07   9   8  11  11
  1.45419280360790911130E-08   9   8  12   1
 -1.98752156197497115632E-08   9   8  12   2
  2.12758870517286287690E-07   9   8  12   3
 -1.71976943794404709432E-07   9   8  12   4
 -7.82220247465204905233E-06   9   8  12   5
 -1.33970026658239219126E-07   9   8  12   6
 -1.32993014923066307906E-05   9   8  12   7
  4.53159655021717959705E-07   9   8  12   8
 -1.18109106425898425412E-04   9   8  12   9
  6.27776492084463591699E-07   9   8  12  10
  5.72736796382051355225E-06   9   8  12  11
 -2.91494288423899453565E-08   9   8  12  12
  7.45716075128923794324E-01   9   9   1   1
  9.67421390816325935851E-06   9   9   2   1
  6.64437543394289287235E-01   9   9   2   2
  5.75119990252707935507E-03   9   9   3   1
 -2.57185700598037319045E-03   9   9   3   2
  5.80228669226558690930E-01   9   9   3   3
  3.09495415326817291390E-03   9   9   4   1
  5.92325545830883672810E-03   9   9   4   2
  2.14968221901887315828E-02   9   9   4   3
  4.54847096354608959601E-01   9   9   4   4
 -1.16609802804594233337E-05   9   9   5   1
  1.17060129844724020376E-05   9   9   5   2
  5.84572478445776615196E-06   9   9   5   3
 -1.74996001844633701722E-04   9   9   5   4
  4.61361696090238138090E-01   9   9   5   5
  4.38138613540897236404E-03   9   9   6   1
 -1.11076649545271337154E-03   9   9   6   2
 -2.45108078870553865170E-02   9   9   6   3
  4.61394884792928894335E-02   9   9   6   4
 -3.75657185408179882706E-05   9   9   6   5
  5.36331080721614061879E-01   9   9   6   6
 -7.66647924289887271407E-07   9   9   7   1
  1.04766066816792566637E-05   9   9   7   2
  2.17834819836042066748E-05   9   9   7   3
 -1.99697825298514487899E-05   9   9   7   4
  6.49371253176797179962E-08   9   9   7   5
 -1.14526226514030355865E-05   9   9   7   6
  5.75212341677273752971E-01   9   9   7   7
  3.01661692620438506843E-06   9   9   8   1
 -2.97353338681059504488E-06   9   9   8   2
 -1.12447632561273952933E-04   9   9   8   3
  2.70180288890540292661E-05   9   9   8   4
 -7.11245814882695420733E-02   9   9   8   5
 -7.21103896718957427083E-05   9   9   8   6
  1.23634675471025830949E-07   9   9   8   7
  5.09121984856865328339E-01   9   9   8   8
 -1.67981298598427852318E-06   9   9   9   1
 -1.19426836630908067490E-05   9   9   9   2
 -1.34679429121391811344E-05   9   9   9   3
  8.29828902314913471579E-05   9   9   9   4
  1.76238313790031749370E-07   9   9   9   5
 -2.86770074059672105233E-05   9   9   9   6
  3.56899442209352019129E-02   9   9   9   7
  1.24138492907483022790E-07   9   9   9   8
  5.83766833673621698964E-01   9   9   9   9
  5.60618137204838207699E-05   9   9  10   1
  5.69361100537799091903E-03   9   9  10   2
 -4.02074726693646758435E-03   9   9  10   3
  8.75527815498526873483E-02   9   9  10   4
  6.82604186921503190526E-04   9   9  10   5
 -4.34492739867879257387E-02   9   9  10   6
 -4.20310726138117035015E-05   9   9  10   7
  5.89290823507097926218E-04   9   9  10   8
 -4.76021847597186964496E-05   9   9  10   9
  4.17994943447182132346E-01   9   9  10  10
  5.46426783472819626691E-06   9   9  11   1
 -5.36480754964740137931E-05   9   9  11   2
  5.92228764145736252464E-04   9   9  11   3
 -6.55512218889321728911E-04   9   9  11   4
  7.19224064452717165574E-02   9   9  11   5
  2.65961145543557617252E-04   9   9  11   6
  7.43504558800341501048E-09   9   9  11   7
  7.59910132394107096232E-02   9   9  11   8
  7.54176796916028457929E-07   9   9  11   9
  6.81357993335636458188E-04   9   9  11  10
  4.49241096421411745254E-01   9   9  11  11
  6.01769203971192086743E-04   9   9  12   1
 -1.44793767729171386771E-03   9   9  12   2
  3.74535301176180113192E-02   9   9  12   3
  4.00180252890475901539E-03   9   9  12   4
 -9.72415593252089400546E-04   9   9  12   5
 -2.15699237209932438014E-03   9   9  12   6
 -1.29533332389665380797E-05   9   9  12   7
 -1.00028334593224186785E-03   9   9  12   8
  4.49601648345177018484E-05   9   9  12   9
  4.30854283620373396113E-02   9   9  12  10
  1.13811700814101662838E-03   9   9  12  11
  5.78658912677935566293E-01   9   9  12  12
  5.48239179828628950264E-02  10   1   1   1
 -9.29836280970667013288E-06  10   1   2   1
 -2.84882214978310430858E-03  10   1   2   2
  8.51886622179602592819E-03  10   1   3   1
 -5.69948454628253092531E-05  10   1   3   2
 -2.42370030781769189507E-03  10   1   3   3
  2.12090919338277618736E-03  10   1   4   1
 -7.95187433265251084058E-05  10   1   4   2
  1.96681284651977752662E-03  10   1   4   3
  5.49755850939809688309E-04  10   1   4   4
 -3.21426453532665790916E-05  10   1   5   1
  4.17498767883573154835E-07  10   1   5   2
  2.83104920944199391878E-05  10   1   5   3
  3.37293787390603555488E-06  10   1   5   4
 -1.09856600407152267193E-03  10   1   5   5
 -1.65517780100148592312E-03  10   1   6   1
  1.12031482607994933962E-04  10   1   6   2
  6.35443839852712754473E-03  10   1   6   3
  3.52585146115875569875E-03  10   1   6   4
 -6.51647604380644568499E-07  10   1   6   5
  4.51053900797197034750E-03  10   1   6   6
 -6.97295396816622415546E-06  10   1   7   1
  1.75614747062641246267E-07  10   1   7   2
  8.79675232779526966879E-06  10   1   7   3
  3.17676289412266867645E-06  10   1   7   4
 -8.98255047694340988643E-09  10   1   7   5
  3.44765254670598974158E-06  10   1   7   6
 -6.31803328570970570283E-04  10   1   7   7
  5.12203060799607551453E-05  10   1   8   1
  3.63364965133528924460E-07  10   1   8   2
 -5.84310135038956641432E-05  10   1   8   3
 -2.68122474079327639471E-05  10   1   8   4
 -8.51172602941460514081E-04  10   1   8   5
 -2.87857531300252557501E-05  10   1   8   6
 -5.14052910893375322661E-09  10   1   8   7
  9.03796813237957557402E-04  10   1   8   8
 -5.09296869540187883930E-06  10   1   9   1
 -2.23091335311103045185E-07  10   1   9   2
  5.25491510700150870434E-06  10   1   9   3
  3.06043834588717132960E-06  10   1   9   4
 -8.73434237165267487476E-09  10   1   9   5
  2.66292171456301829572E-06  10   1   9   6
  1.78829781358382585051E-03  10   1   9   7
  2.01201596288378202735E-09  10   1   9   8
  5.60618137204779796307E-05  10   1   9   9
  2.75607573457146200896E-03  10   1  10   1
 -9.41675390836006976280E-05  10   1  10   2
 -1.21154476384811946726E-03  10   1  10   3
 -9.18857952050521889151E-04  10   1  10   4
 -2.80476869941501552548E-06  10   1  10   5
 -4.37099424803681743841E-04  10   1  10   6
 -6.09496658061146142226E-07  10   1  10   7
 -9.50162510242684024017E-07  10   1  10   8
  7.29100652461611535571E-07  10   1  10   9
 -1.30280922851643563357E-03  10   1  10  10
  1.04152741079942856334E-04  10   1  11   1
  3.74733995664316587080E-06  10   1  11   2
 -4.66666538907423847425E-05  10   1  11   3
 -2.40915180794453992594E-05  10   1  11   4
 -1.10392903268231932883E-03  10   1  11   5
 -3.33527222555224608946E-05  10   1  11   6
  3.38629324633314840031E-08  10   1  11   7
  6.10171985770667849036E-04  10   1  11   8
  2.40619427985857550420E-08  10   1  11   9
 -1.45935634243165343171E-05  10   1  11  10
 -1.40378147823197051321E-03  10   1  11  11
  9.16567260009355615213E-03  10   1  12   1
  1.81555206455072241402E-04  10   1  12   2
 -3.15022341193537530613E-03  10   1  12   3
 -1.71302903417005114757E-03  10   1  12   4
  3.07608363717979670939E-05  10   1  12   5
 -1.65461249181615981281E-03  10   1  12   6
  2.85979874671967776087E-06  10   1  12   7
 -3.56293465293628291773E-05  10   1  12   8
  3.08258197781486611381E-06  10   1  12   9
 -7.62867376774901831751E-04  10   1  12  10
 -2.76884877746234027104E-05  10   1  12  11
 -3.48560980431713088312E-03  10   1  12  12
  5.96394800041657058981E-03  10   2   1   1
 -5.61885812416085459711E-05  10   2   2   1
  2.74658331503902564119E-01  10   2   2   2
 -4.18474428175806054792E-05  10   2   3   1
 -1.84552194375194218712E-02  10   2   3   2
  1.04210405202149990200E-02  10   2   3   3
  3.67591081012499075204E-05  10   2   4   1
  3.30417414868047626397E-02  10   2   4   2
 -2.43345559013533139364E-03  10   2   4   3
  1.84414047868643291191E-03  10   2   4   4
 -1.52115203561063887225E-06  10   2   5   1
  1.24022798243966910978E-04  10   2   5   2
  8.13610380837234941753E-05  10   2   5   3
 -1.29461556515383892016E-04  10   2   5   4
  3.33776047421420040545E-03  10   2   5   5
  2.16912650306255716786E-04  10   2   6   1
  1.68517010518936215246E-03  10   2   6   2
 -5.41089799077838252972E-03  10   2   6   3
  4.53187223010887915708E-03  10   2   6   4
  5.54205090998943566364E-06  10   2   6   5
  6.27816589431388558107E-03  10   2   6   6
 -1.55513652749685654579E-07  10   2   7   1
 -8.97525243946766596466E-07  10   2   7   2
  8.65876391131522252914E-06  10   2   7   3
 -8.33367909555274364707E-06  10   2   7   4
  3.00021392043948082321E-08  10   2   7   5
 -3.20823089852892009296E-06  10   2   7   6
  5.94048894081862597499E-03  10   2   7   7
  3.00822106302706070892E-06  10   2   8   1
  1.44870204789235991320E-05  10   2   8   2
 -7.73090692111085117568E-06  10   2   8   3
 -6.31242029697622411295E-05  10   2   8   4
 -2.31963460549803636435E-03  10   2   8   5
  1.56818022261890981615E-05  10   2   8   6
  1.91174594172890071230E-08  10   2   8   7
  2.93930569786293510379E-03  10   2   8   8
 -3.36627339487312506598E-07  10   2   9   1
  9.11534273935830756126E-06  10   2   9   2
 -6.20463325266023484983E-06  10   2   9   3
  1.35328364528112406569E-05  10   2   9   4
 -1.24443250322871438116E-08  10   2   9   5
  2.31350646706987324709E-06  10   2   9   6
 -9.20206634961213834970E-04  10   2   9   7
 -7.38734125605784960121E-09  10   2   9   8
  5.69361100537805510380E-03  10   2   9   9
 -9.41675390836006434179E-05  10   2  10   1
  3.81075353376523415228E-02  10   2  10   2
 -3.05461190874820346861E-03  10   2  10   3
  4.39250930869505059467E-03  10   2  10   4
  9.70719644383499990169E-06  10   2  10   5
  1.50522071069300925582E-03  10   2  10   6
 -8.29665847212492617172E-06  10   2  10   7
  2.10012420826858008224E-05  10   2  10   8
  9.59141648660289270617E-06  10   2  10   9
  3.55042779485599275385E-03  10   2  10  10
 -1.07960623053168528078E-06  10   2  11   1
 -7.42827675962795525152E-05  10   2  11   2
  4.93133733204402218016E-05  10   2  11   3
 -4.79600829290840726055E-05  10   2  11   4
  5.65824546103753812237E-03  10   2  11   5
 -9.82098494622232062669E-06  10   2  11   6
  4.07599107593314273395E-08  10   2  11   7
  2.69163353084592811212E-03  10   2  11   8
 -6.30229430052320956784E-08  10   2  11   9
 -3.17833082300121149560E-05  10   2  11  10
  8.00463239041927093753E-03  10   2  11  11
 -2.48704405241797566264E-04  10   2  12   1
  6.28317231843410033132E-03  10   2  12   2
 -4.55913449601030428687E-03  10   2  12   3
  5.57390462141467684515E-03  10   2  12   4
 -1.24909295374983403317E-04  10   2  12   5
  3.73349352799772892658E-03  10   2  12   6
 -6.70447713210829949977E-06  10   2  12   7
 -5.43909008333292361831E-05  10   2  12   8
  9.63269539501010810256E-06  10   2  12   9
  6.18830639117656962356E-03  10   2  12  10
 -7.49840073958912172510E-05  10   2  12  11
  1.32977226939797552735E-02  10   2  12  12
  8.00045796534729070082E-02  10   3   1   1
  1.07088713808636763189E-05  10   3   2   1
 -7.83176715941071022176E-02  10   3   2   2
  1.02315428482723284019E-03  10   3   3   1
  2.69177722537694346858E-03  10   3   3   2
  3.07305978335021684478E-02  10   3   3   3
  2.01255472634776335153E-03  10   3   4   1
 -2.94937561718229762989E-03  10   3   4   2
  1.41465527814858254424E-02  10   3   4   3
 -1.57477514386345288089E-02  10   3   4   4
  1.36796762945569761025E-05  10   3   5   1
  4.18802141635398741601E-05  10   3   5   2
  3.43128615929024714240E-05  10   3   5   3
 -2.22954942166870407174E-04  10   3   5   4
 -3.43847645231988010769E-03  10   3   5   5
  5.25082589989555714033E-03  10   3   6   1
 -1.35783237675252176427E-03  10   3   6   2
 -5.00422957140943258647E-03  10   3   6   3
  7.68280483691123616818E-03  10   3   6   4
 -8.28968427174460242369E-05  10   3   6   5
  9.69407120109290997012E-03  10   3   6   6
  6.22317556942624029747E-06  10   3   7   1
  5.68669173662210567703E-06  10   3   7   2
 -1.21438494064430062351E-05  10   3   7   3
 -1.41392941179984968700E-05  10   3   7   4
  9.13699209991523399364E-08  10   3   7   5
 -9.49731435424957474295E-06  10   3   7   6
  5.04400844157691999325E-03  10   3   7   7
 -4.12498010269758059771E-05  10   3   8   1
  1.34955803651503456375E-05  10   3   8   2
  1.07659853745345639501E-04  10   3   8   3
  3.54271848162208920002E-05  10   3   8   4
 -2.12519928336062993712E-02  10   3   8   5
  4.80874191151824963608E-05  10   3   8   6
 -2.15857707695119774148E-08  10   3   8   7
  2.66787663489674552186E-02  10   3   8   8
  4.55748738499461823623E-06  10   3   9   1
 -7.59836031085333506391E-06  10   3   9   2
 -1.78547159357713795802E-05  10   3   9   3
  5.54004958498646704455E-07  10   3   9   4
 -2.93322666250317821792E-08  10   3   9   5
 -1.52128845287057862408E-05  10   3   9   6
  3.75460156271299749786E-02  10   3   9   7
  5.78456305156859552983E-08  10   3   9   8
 -4.02074726693646238018E-03  10   3   9   9
 -1.21154476384811014313E-03  10   3  10   1
 -3.05461190874820650437E-03  10   3  10   2
  1.50722640858257962704E-02  10   3  10   3
 -1.69363408184812457014E-02  10   3  10   4
 -2.25406512910551097909E-04  10   3  10   5
 -1.07804377846178580172E-03  10   3  10   6
 -3.04595499852635126644E-05  10   3  10   7
  3.76328077763695174472E-05  10   3  10   8
  1.34519829933683887635E-05  10   3  10   9
 -1.29741597187905469135E-02  10   3  10  10
 -4.81233246221729804907E-05  10   3  11   1
  6.81163440907421152129E-05  10   3  11   2
  4.09023799281326241352E-04  10   3  11   3
  1.33205330197455894562E-04  10   3  11   4
 -1.99072011814046996581E-02  10   3  11   5
 -3.65094738193591863713E-04  10   3  11   6
  2.48598490932429324421E-08  10   3  11   7
  8.30571417892278724207E-04  10   3  11   8
 -9.39974210952074923364E-08  10   3  11   9
 -1.87853945642912911751E-05  10   3  11  10
 -1.68699724517207862162E-02  10   3  11  11
 -3.49310467767570409503E-03  10   3  12   1
 -2.27645289253466638971E-03  10   3  12   2
  3.23512708962307507510E-02  10   3  12   3
  6.26246958547128224071E-03  10   3  12   4
  1.24316081966243058374E-04  10   3  12   5
 -2.29914220747406590484E-02  10   3  12   6
 -2.05637006432468500143E-05  10   3  12   7
 -1.86108392229995445633E-05  10   3  12   8
  1.11696091058444309241E-05  10   3  12   9
  1.03677909819274282482E-02  10   3  12  10
  1.05130223937203570034E-04  10   3  12  11
  7.88965381572104100527E-03  10   3  12  12
  3.46019167112946238185E-02  10   4   1   1
 -4.30005646949802784761E-05  10   4   2   1
  2.48069689038871998843E-01  10   4   2   2
 -4.15222572456701104725E-04  10   4   3   1
 -6.54499570398760308759E-03  10   4   3   2
  5.78632254864791251148E-02  10   4   3   3
  8.05915442748310708633E-04  10   4   4   1
  4.80649921965179468403E-03  10   4   4   2
 -1.54949747792917577605E-02  10   4   4   3
  6.30675088193409644211E-02  10   4   4   4
  1.25519611914504281854E-05  10   4   5   1
 -5.12999875690773013046E-05  10   4   5   2
 -9.94686319331888728085E-05  10   4   5   3
 -9.31263622103421665008E-05  10   4   5   4
  4.23914448735529872381E-02  10   4   5   5
  2.83262432599279152107E-03  10   4   6   1
  5.28734862362973106337E-03  10   4   6   2
 -2.61918880134699369466E-02  10   4   6   3
 -1.26934284716256097492E-02  10   4   6   4
  1.55821258157123415872E-04  10   4   6   5
  4.03701918683164601154E-02  10   4   6   6
  3.77133898182441087071E-06  10   4   7   1
 -9.67096652426104574625E-06  10   4   7   2
 -3.04945215280064731980E-05  10   4   7   3
  5.13983002651131967318E-06  10   4   7   4
  3.06704994885797124013E-10  10   4   7   5
 -8.23714358905441161888E-06  10   4   7   6
  7.42994547926702220142E-02  10   4   7   7
 -3.02861570195110283918E-05  10   4   8   1
 -1.37086232551904990841E-05  10   4   8   2
  1.27816663209576365659E-04  10   4   8   3
 -1.32032694173270622384E-04  10   4   8   4
 -7.89442948064740350478E-03  10   4   8   5
  1.81448993137932719976E-04  10   4   8   6
  8.54125218522204365166E-08  10   4   8   7
  1.90427276073557166791E-02  10   4   8   8
  2.86175366995360560797E-06  10   4   9   1
  1.29431109031576659308E-05  10   4   9   2
 -4.80267284718346909220E-06  10   4   9   3
  6.89531228317893110863E-06  10   4   9   4
  3.26125843755423453159E-07  10   4   9   5
 -1.31471583689000333394E-05  10   4   9   6
 -4.73038998075467551074E-02  10   4   9   7
  1.00831837546290223540E-07  10   4   9   8
  8.75527815498526179594E-02  10   4   9   9
 -9.18857952050531755391E-04  10   4  10   1
  4.39250930869500722659E-03  10   4  10   2
 -1.69363408184812040680E-02  10   4  10   3
  8.59683498466325135556E-02  10   4  10   4
  9.93532391718155404037E-04  10   4  10   5
 -3.03705407171356751850E-02  10   4  10   6
  3.88482181310124098585E-05  10   4  10   7
  5.29762509797099528236E-04  10   4  10   8
 -6.08165728576918335202E-05  10   4  10   9
  3.76627829635009445108E-02  10   4  10  10
 -3.88249688437830589517E-05  10   4  11   1
  3.38376329064371172411E-06  10   4  11   2
  1.45190024370955619160E-05  10   4  11   3
 -5.30466688326736916619E-04  10   4  11   4
  6.93920826419203579105E-02  10   4  11   5
  7.51915085047536314693E-04  10   4  11   6
 -1.98378566604099153026E-07  10   4  11   7
  3.83341216432217524179E-02  10   4  11   8
  8.87280848164799518241E-08  10   4  11   9
 -3.39668229692433043532E-04  10   4  11  10
  4.58835547780105379445E-02  10   4  11  11
 -2.92802415509185471471E-03  10   4  12   1
  1.02857720964485508525E-02  10   4  12   2
 -7.52020754787920218259E-03  10   4  12   3
 -1.81749138696369431922E-02  10   4  12   4
 -9.30064962537610682818E-04  10   4  12   5
  4.09503364453626395036E-02  10   4  12   6
  1.56153401709538734948E-05  10   4  12   7
 -4.21073155102645623523E-04  10   4  12   8
 -2.16987354401398935266E-05  10   4  12   9
 -5.73735048621038662420E-03  10   4  12  10
  8.00037014823808817487E-04  10   4  12  11
  9.56562626311820707325E-02  10   4  12  12
 -7.12099322338962024602E-08  10   5   1   1
 -7.42394456549524043100E-08  10   5   2   1
  2.16094445111361188952E-03  10   5   2   2
 -1.62617592822958154466E-05  10   5   3   1
 -2.55167379554774713412E-05  10   5   3   2
  6.05414922884286218346E-04  10   5   3   3
 -2.50194367026121971408E-07  10   5   4   1
  4.67227288750768620382E-05  10   5   4   2
 -2.13827212471741356925E-04  10   5   4   3
  3.55076848898284145890E-04  10   5   4   4
 -9.24168805658853709760E-04  10   5   5   1
 -3.26615921126350910661E-03  10   5   5   2
  9.19279961753240691669E-03  10   5   5   3
 -2.99123983792558729988E-02  10   5   5   4
  5.00628730973024221179E-04  10   5   5   5
  9.67292593322462478458E-06  10   5   6   1
 -9.75478193008824099642E-06  10   5   6   2
 -3.23619369176200222856E-04  10   5   6   3
  4.84079938063974654226E-05  10   5   6   4
  1.63500380586249251247E-02  10   5   6   5
  3.85804108792398329445E-04  10   5   6   6
 -1.12897484988227414122E-08  10   5   7   1
 -2.76576202645362144280E-09  10   5   7   2
  1.06814229313232694214E-07  10   5   7   3
 -4.83983101796167648539E-08  10   5   7   4
  1.82027529698767845447E-06  10   5   7   5
 -8.13744232563370485776E-08  10   5   7   6
  6.31210389152248941072E-04  10   5   7   7
  1.75965114088307591871E-03  10   5   8   1
 -1.19120528789723543334E-03  10   5   8   2
 -3.67186839664061966115E-03  10   5   8   3
 -2.93756721595759759391E-02  10   5   8   4
  4.31876200698082078492E-05  10   5   8   5
  1.37784016107399473472E-02  10   5   8   6
  5.85990671677695771242E-06  10   5   8   7
  1.69630553691629370854E-04  10   5   8   8
 -1.63082383839203626945E-08  10   5   9   1
  1.04497442452934048211E-08  10   5   9   2
 -4.97254258639185458073E-08  10   5   9   3
  4.59106184457191500138E-07  10   5   9   4
  1.85557026688835459991E-05  10   5   9   5
  1.18789593103636638790E-09  10   5   9   6
 -4.28642164742033837145E-04  10   5   9   7
  2.14593790079572366736E-05  10   5   9   8
  6.82604186921532572405E-04  10   5   9   9
 -2.80476869941752697817E-06  10   5  10   1
  9.70719644380046128623E-06  10   5  10   2
 -2.25406512910573676419E-04  10   5  10   3
  9.93532391718155187196E-04  10   5  10   4
  4.89872865506764260113E-02  10   5  10   5
 -3.06070476787097082993E-04  10   5  10   6
  1.40248281562448815935E-07  10   5  10   7
  3.88338421555891599724E-02  10   5  10   8
 -6.06313713357633089600E-07  10   5  10   9
 -7.42605445858093848877E-04  10   5  10  10
  5.13947073784766766263E-04  10   5  11   1
 -5.34059695992902903200E-03  10   5  11   2
 -9.26302818851872621086E-03  10   5  11   3
  3.97096746952558393717E-02  10   5  11   4
  3.59150266146708975826E-04  10   5  11   5
 -1.83692374380406871215E-02  10   5  11   6
  3.51378627086906267509E-06  10   5  11   7
 -1.80127172883528814239E-04  10   5  11   8
 -2.97945398729468233180E-05  10   5  11   9
 -5.24941811581461220682E-02  10   5  11  10
  1.78992195536670228861E-03  10   5  11  11
 -2.93645082798458334310E-05  10   5  12   1
  5.97026524886461266431E-05  10   5  12   2
 -1.41621536890358890254E-04  10   5  12   3
 -4.41124862830421138500E-04  10   5  12   4
 -4.61288674541718030780E-03  10   5  12   5
  5.92264767257785632384E-04  10   5  12   6
 -4.15579352406580775992E-08  10   5  12   7
 -1.14307156381954194008E-02  10   5  12   8
  4.63583185022109663109E-07  10   5  12   9
  8.64338967618342307597E-04  10   5  12  10
  1.05704009636387926546E-02  10   5  12  11
  5.91843769952402716170E-04  10   5  12  12
 -1.10101362094417648541E-01  10   6   1   1
  1.78531538836520774238E-05  10   6   2   1
 -4.25004106332028466775E-02  10   6   2   2
 -1.47183477391817454406E-03  10   6   3   1
  1.23859380767765573164E-03  10   6   3   2
 -5.34157894398288313198E-02  10   6   3   3
 -4.19803236565857620499E-04  10   6   4   1
  1.01866530470974027411E-03  10   6   4   2
 -1.63011565907082607574E-02  10   6   4   3
 -1.75771248601667810785E-02  10   6   4   4
  1.75227151863492187575E-05  10   6   5   1
 -3.55434798881655095648E-05  10   6   5   2
 -1.75512172975606883622E-04  10   6   5   3
  3.07782311806243736099E-04  10   6   5   4
 -9.31464334184064872424E-03  10   6   5   5
  1.72968566824682529106E-04  10   6   6   1
 -2.42797593902586376219E-03  10   6   6   2
 -7.93817998731577260940E-03  10   6   6   3
 -2.12554652836213948952E-02  10   6   6   4
 -2.34342271618707479451E-05  10   6   6   5
 -6.17976079803432901127E-02  10   6   6   6
  3.95474827601904110126E-06  10   6   7   1
 -5.47393952424256802793E-07  10   6   7   2
 -1.87775412316458282754E-05  10   6   7   3
 -1.15155313305626798016E-05  10   6   7   4
 -6.40188700465241753081E-08  10   6   7   5
 -1.31112329786024783568E-05  10   6   7   6
 -4.29635359644414821512E-02  10   6   7   7
 -3.28430417629447230876E-05  10   6   8   1
 -1.50474158594349481958E-05  10   6   8   2
  1.39000236044880572236E-04  10   6   8   3
  2.23622756833075032792E-04  10   6   8   4
  3.47421243986927794078E-02  10   6   8   5
  6.29829098398632547962E-05  10   6   8   6
  8.75812354994270641061E-09  10   6   8   7
 -3.96378009685951909757E-02  10   6   8   8
  3.83731083257458648907E-06  10   6   9   1
  7.39636336093992672981E-07  10   6   9   2
 -1.22540522662675416851E-05  10   6   9   3
 -2.32459571804262032284E-05  10   6   9   4
 -7.42435690989058646265E-08  10   6   9   5
  3.99825391781802453028E-06  10   6   9   6
 -2.30949806020556147601E-02  10   6   9   7
 -1.39758328423688525708E-07  10   6   9   8
 -4.34492739867879743110E-02  10   6   9   9
 -4.37099424803693995326E-04  10   6  10   1
  1.50522071069300513585E-03  10   6  10   2
 -1.07804377846173896419E-03  10   6  10   3
 -3.03705407171357133489E-02  10   6  10   4
 -3.06070476787108575537E-04  10   6  10   5
  2.62439869102561278147E-02  10   6  10   6
  1.33002829116528310615E-05  10   6  10   7
 -3.60017394637007065710E-04  10   6  10   8
  2.34087127545779503934E-05  10   6  10   9
  5.52468212408798245439E-03  10   6  10  10
 -2.39195572034367271634E-05  10   6  11   1
 -1.33217384689057066500E-04  10   6  11   2
 -2.73233274053365400580E-04  10   6  11   3
  4.14551951884348181179E-04  10   6  11   4
 -1.57053616952846850086E-02  10   6  11   5
  2.16748381282176572852E-04  10   6  11   6
 -2.79906120039598337377E-08  10   6  11   7
 -2.86744410101447549932E-02  10   6  11   8
 -5.28675936588675690619E-08  10   6  11   9
  3.05977770032356266583E-04  10   6  11  10
  6.80691693539109236866E-03  10   6  11  11
 -1.38729442220505115591E-03  10   6  12   1
 -5.01248062737714647485E-03  10   6  12   2
 -1.75372818337399295763E-02  10   6  12   3
  1.60826906625397315909E-02  10   6  12   4
  3.21820978366589842846E-04  10   6  12   5
  1.71276108453925629549E-02  10   6  12   6
  3.85288589759431725109E-06  10   6  12   7
  4.31769492493234540841E-04  10   6  12   8
 -1.24889699700536649374E-05  10   6  12   9
 -6.38252137032173025299E-03  10   6  12  10
 -5.62570050703849623003E-04  10   6  12  11
 -5.13909222471912452423E-02  10   6  12  12
 -1.60576767119353257989E-04  10   7   1   1
  1.57239312880307712985E-08  10   7   2   1
  1.05519824027815346942E-04  10   7   2   2
 -3.45134929977987900700E-06  10   7   3   1
  3.30595844294468642712E-07  10   7   3   2
 -3.69183632348252081540E-05  10   7   3   3
 -9.77679322260258634638E-07  10   7   4   1
 -3.43433966273930970402E-07  10   7   4   2
 -4.45302619526777860161E-05  10   7   4   3
  3.80308532523113623303E-05  10   7   4   4
 -2.16543166654997631571E-09  10   7   5   1
  2.46210809452872851070E-08  10   7   5   2
  1.41004383228255840821E-07  10   7   5   3
  1.19960739835908391231E-07  10   7   5   4
  2.01212192778079772000E-05  10   7   5   5
  9.36516345024987102007E-07  10   7   6   1
  1.04085912033084069477E-06  10   7   6   2
 -3.16139776932568901825E-05  10   7   6   3
 -4.52489276247151168617E-05  10   7   6   4
  5.42704261809220675975E-08  10   7   6   5
 -4.81895868109218035230E-05  10   7   6   6
 -1.26161423738244127257E-03  10   7   7   1
 -8.55264397990970759444E-03  10   7   7   2
 -1.22856740144244424434E-02  10   7   7   3
  2.46294343484640826381E-02  10   7   7   4
  6.26228416980398908077E-05  10   7   7   5
  2.44303840040350670696E-04  10   7   7   6
 -3.29178622182048705039E-05  10   7   7   7
  6.82110835226291482064E-09  10   7   8   1
 -6.68478088690542363244E-09  10   7   8   2
 -1.42848857343151924778E-08  10   7   8   3
 -4.26269026273677144601E-08  10   7   8   4
  5.37913980837605631893E-05  10   7   8   5
  1.01322252293994521506E-07  10   7   8   6
  3.84707370197492968915E-05  10   7   8   7
 -4.80421475354717529820E-05  10   7   8   8
 -1.19573988301972843409E-03  10   7   9   1
  1.06127089857692563646E-02  10   7   9   2
  1.66264583308916337467E-02  10   7   9   3
 -2.92318717707197098243E-02  10   7   9   4
 -1.18239830737156329226E-04  10   7   9   5
 -9.27172517141317160949E-04  10   7   9   6
 -6.38138694522561838443E-05  10   7   9   7
  2.92571246289449725939E-05  10   7   9   8
 -4.20310726138052592749E-05  10   7   9   9
 -6.09496658062084337095E-07  10   7  10   1
 -8.29665847214224291329E-06  10   7  10   2
 -3.04595499852478188380E-05  10   7  10   3
  3.88482181310317899723E-05  10   7  10   4
  1.40248281576207886781E-07  10   7  10   5
  1.33002829116553958772E-05  10   7  10   6
  2.54350517151246888203E-02  10   7  10   7
 -2.41415042809871509144E-07  10   7  10   8
 -2.82875715691956949871E-02  10   7  10   9
  8.88119425511745344548E-05  10   7  10  10
 -3.32251240062944022974E-08  10   7  11   1
  6.25897468303355704579E-08  10   7  11   2
 -1.78389358931167140160E-07  10   7  11   3
 -2.35714463326038811269E-07  10   7  11   4
  1.87866309878737395883E-05  10   7  11   5
  5.16730017287485209983E-07  10   7  11   6
  2.65050009830645593584E-05  10   7  11   7
 -2.25286951736263683043E-05  10   7  11   8
  1.03716647693959454490E-04  10   7  11   9
 -3.77891086868545333921E-07  10   7  11  10
  3.96352117074046816523E-05  10   7  11  11
 -3.50625405040192620677E-06  10   7  12   1
 -3.17628077579395554967E-06  10   7  12   2
 -4.11475864376899713899E-05  10   7  12   3
  1.37962033032139105019E-05  10   7  12   4
 -2.77252629046347504159E-07  10   7  12   5
  4.44524796894327681282E-05  10   7  12   6
  1.29490292768621086811E-02  10   7  12   7
  3.18657577970479179449E-07  10   7  12   8
 -4.70714099670274839504E-03  10   7  12   9
 -3.15913934027974019347E-06  10   7  12  10
 -5.87707160394057548901E-07  10   7  12  11
 -4.59514262832975278750E-06  10   7  12  12
  1.70296258615778238997E-03  10   8   1   1
  1.68642797134134140597E-07  10   8   2   1
  3.85067971530964514755E-04  10   8   2   2
  2.50538231295331065393E-05  10   8   3   1
  7.61877410484720477598E-06  10   8   3   2
  9.34258887375542714654E-04  10   8   3   3
  5.73894705348113559715E-06  10   8   4   1
  1.98607204176372983896E-05  10   8   4   2
  2.53811234287146594846E-04  10   8   4   3
 -7.19582295071232580638E-05  10   8   4   4
  1.24663239591781297919E-03  10   8   5   1
 -2.56567952445145672658E-04  10   8   5   2
  2.70829577225217268607E-03  10   8   5   3
 -3.70184119047428233928E-02  10   8   5   4
  1.90211785210266787465E-04  10   8   5   5
  4.13279042222602972263E-06  10   8   6   1
 -2.52449858344610863895E-05  10   8   6   2
  7.61925649060780159523E-05  10   8   6   3
  4.85161601436316126945E-04  10   8   6   4
  1.75026068988937272275E-02  10   8   6   5
  7.88121097782991907044E-04  10   8   6   6
 -6.37709805311555016644E-10  10   8   7   1
 -9.63568581708800809267E-09  10   8   7   2
 -1.68126115210858628011E-08  10   8   7   3
  1.51012398119953725939E-07  10   8   7   4
  7.57380374382469408369E-06  10   8   7   5
  3.27310419481014282979E-08  10   8   7   6
  6.68080124758297592275E-04  10   8   7   7
 -2.35511198914774375762E-03  10   8   8   1
 -7.96106981622290299375E-05  10   8   8   2
  1.23295253432643883013E-02  10   8   8   3
 -2.73499542682201640664E-02  10   8   8   4
 -6.16375608236354680797E-04  10   8   8   5
  1.14755876755951828627E-02  10   8   8   6
 -6.15367362599924941287E-06  10   8   8   7
  8.51103085998631365625E-04  10   8   8   8
 -2.74027607600366327931E-09  10   8   9   1
  1.60975356819093040886E-08  10   8   9   2
  1.50608597805864779721E-08  10   8   9   3
  2.19145429742686629953E-07  10   8   9   4
  2.16476452113261744420E-05  10   8   9   5
 -2.21490143552270851007E-07  10   8   9   6
  4.60931205591626658342E-04  10   8   9   7
  1.20749022121176505262E-05  10   8   9   8
  5.89290823507078518999E-04  10   8   9   9
 -9.50162510239289221843E-07  10   8  10   1
  2.10012420826610606841E-05  10   8  10   2
  3.76328077763710014490E-05  10   8  10   3
  5.29762509797093456704E-04  10   8  10   4
  3.88338421555891460946E-02  10   8  10   5
 -3.60017394637004246784E-04  10   8  10   6
 -2.41415042820590658151E-07  10   8  10   7
  3.81523266066018384990E-02  10   8  10   8
 -7.75892272295632687631E-07  10   8  10   9
 -1.28116061619001214700E-03  10   8  10  10
 -7.04264402849257551732E-04  10   8  11   1
 -4.81490915332098039833E-04  10   8  11   2
 -2.06525313472821639774E-03  10   8  11   3
  3.14505851239332487324E-02  10   8  11   4
 -2.56326610652927772051E-04  10   8  11   5
 -1.78729556112351244124E-02  10   8  11   6
  6.33101119191269311129E-07  10   8  11   7
  9.16831723617946464959E-05  10   8  11   8
 -3.26584118060630298379E-05  10   8  11   9
 -5.51287367833431241060E-02  10   8  11  10
  1.11842977339208365928E-03  10   8  11  11
  2.78480253430745678517E-05  10   8  12   1
 -3.62763387601787386282E-05  10   8  12   2
  2.24489302993180944766E-04  10   8  12   3
 -3.00592180769312358659E-04  10   8  12   4
 -1.27757871363178756446E-02  10   8  12   5
 -5.78341310621732218058E-05  10   8  12   6
 -1.10554408136152244232E-07  10   8  12   7
  3.09925885345610908732E-04  10   8  12   8
  6.68486277034265573282E-07  10   8  12   9
  1.09971836798533617596E-03  10   8  12  10
  9.05690985362096918909E-03  10   8  12  11
  3.96816236599464118237E-04  10   8  12  12
 -1.89812333390302077950E-04  10   9   1   1
 -5.31675091611763763010E-08  10   9   2   1
 -5.97232676340686042833E-05  10   9   2   2
 -2.33196421383033492464E-06  10   9   3   1
 -3.63057072003481824440E-06  10   9   3   2
 -1.20195314830357947587E-04  10   9   3   3
 -9.62572908130779647019E-07  10   9   4   1
  2.15715589799483021109E-07  10   9   4   2
 -1.85370273802894984343E-05  10   9   4   3
 -1.43249303904117285003E-05  10   9   4   4
  5.92846511946801375771E-09  10   9   5   1
 -7.67844445470089047852E-08  10   9   5   2
 -1.54945671025873932545E-07  10   9   5   3
  7.34931488705152203910E-07  10   9   5   4
 -2.18304938592507144393E-05  10   9   5   5
 -1.84312547219467813529E-07  10   9   6   1
  3.00536283555445466476E-06  10   9   6   2
 -5.01904711272989966582E-06  10   9   6   3
 -5.01710329525847302350E-05  10   9   6   4
 -1.04646830451324845899E-07  10   9   6   5
 -9.05005066414864452196E-05  10   9   6   6
 -2.33236630889732373187E-03  10   9   7   1
  1.08475095287191986015E-02  10   9   7   2
  3.20073362131748639925E-02  10   9   7   3
 -2.78027888654863997164E-02  10   9   7   4
 -1.24797663784133051326E-04  10   9   7   5
 -3.94957432410202036177E-03  10   9   7   6
 -8.68651343724426865979E-05  10   9   7   7
 -9.96926528515687917933E-09  10   9   8   1
 -3.27571477114570543276E-10  10   9   8   2
  8.19319046135839878900E-08  10   9   8   3
  2.80200192809568775320E-07  10   9   8   4
  6.59540701973697530850E-05  10   9   8   5
 -8.26727592057339410986E-08  10   9   8   6
  3.73480778541536410247E-05  10   9   8   7
 -7.56161400540640788251E-05  10   9   8   8
 -2.53965939945631361332E-03  10   9   9   1
 -1.33856924725082974958E-02  10   9   9   2
 -7.83398291988357184379E-03  10   9   9   3
  4.01014883006084663086E-02  10   9   9   4
  8.55198548804978316224E-05  10   9   9   5
 -8.12767331822474708991E-04  10   9   9   6
 -7.72286280079138062315E-05  10   9   9   7
  4.72805667728895678294E-05  10   9   9   8
 -4.76021847596813998948E-05  10   9   9   9
  7.29100652465745691628E-07  10   9  10   1
  9.59141648661334509274E-06  10   9  10   2
  1.34519829933777908292E-05  10   9  10   3
 -6.08165728577060433449E-05  10   9  10   4
 -6.06313713364387436200E-07  10   9  10   5
  2.34087127545975710646E-05  10   9  10   6
 -2.82875715691957019260E-02  10   9  10   7
 -7.75892272304947826590E-07  10   9  10   8
  3.90511596107628172758E-02  10   9  10   9
 -2.75376691989785704617E-05  10   9  10  10
 -2.57105213963766584531E-08  10   9  11   1
 -5.60072794041248051815E-08  10   9  11   2
 -4.13446465611038637315E-07  10   9  11   3
  4.35694808798502382920E-08  10   9  11   4
 -2.25473565106253689798E-05  10   9  11   5
  4.67233079946491695929E-07  10   9  11   6
  1.15071358762844868002E-04  10   9  11   7
 -4.54356189760367275591E-05  10   9  11   8
 -1.01199306081559137205E-05  10   9  11   9
  2.82377878757251316033E-07  10   9  11  10
  1.26438883950446163138E-05  10   9  11  11
 -1.76876831129051921472E-06  10   9  12   1
  1.09591977661964614369E-05  10   9  12   2
 -1.64602836118431286843E-05  10   9  12   3
 -2.21849131839217836532E-05  10   9  12   4
  3.74180428972964244177E-07  10   9  12   5
  2.86117015066770556350E-05  10   9  12   6
 -4.51614138977846166917E-03  10   9  12   7
  7.02631398875641618823E-07  10   9  12   8
  1.68055242802967810811E-02  10   9  12   9
 -6.10218383258129271063E-05  10   9  12  10
 -5.73987859738029159817E-07  10   9  12  11
 -7.60851106932063786514E-05  10   9  12  12
  3.32592385956280656156E-01  10  10   1   1
 -6.52244703714702597124E-05  10  10   2   1
  6.69553739203202824548E-01  10  10   2   2
 -4.96204889026702903243E-05  10  10   3   1
 -9.23547665113828158967E-03  10  10   3   2
  3.59232370007764423292E-01  10  10   3   3
  1.45461874265105780765E-03  10  10   4   1
  4.57379458952845898562E-03  10  10   4   2
 -5.11228352896665669269E-02  10  10   4   3
  4.90851699482080128245E-01  10  10   4   4
  5.29673163104068268474E-06  10  10   5   1
 -1.78467832688005703049E-04  10  10   5   2
 -4.31705245928169323126E-04  10  10   5   3
  1.81575974091095228811E-03  10  10   5   4
  4.55636777504352441515E-01  10  10   5   5
  4.47123833505013931755E-03  10  10   6   1
  8.87652158391155285400E-03  10  10   6   2
 -4.32673519577439838479E-02  10  10   6   3
 -8.38389559052827720853E-02  10  10   6   4
 -3.99272388013650935193E-04  10  10   6   5
  3.57402699994596118049E-01  10  10   6   6
  3.81571101237429737907E-06  10  10   7   1
 -2.06042254175138662997E-05  10  10   7   2
 -5.82050584075340202584E-05  10  10   7   3
  2.35079860982594820149E-05  10  10   7   4
 -1.34356268134200970192E-07  10  10   7   5
  1.09963663157376765121E-06  10  10   7   6
  3.87229199717399774627E-01  10  10   7   7
 -2.10520224602710233765E-05  10  10   8   1
 -5.30253824907337214817E-05  10  10   8   2
 -2.50534500834193247284E-05  10  10   8   3
  9.66638277885915582835E-04  10  10   8   4
  8.81618448142958838210E-02  10  10   8   5
 -2.99809016570437461384E-04  10  10   8   6
 -3.66030743538262794090E-08  10  10   8   7
  3.64083454336682876828E-01  10  10   8   8
  2.40463699467395740060E-06  10  10   9   1
  2.63108434228933892702E-05  10  10   9   2
  1.87862625544671974669E-05  10  10   9   3
 -6.40776824859195072784E-05  10  10   9   4
 -5.63766537743037692687E-07  10  10   9   5
  2.16454929265985698817E-05  10  10   9   6
 -9.90102145708918468525E-02  10  10   9   7
 -7.58525977127892467226E-07  10  10   9   8
  4.17994943447182021323E-01  10  10   9   9
 -1.30280922851644604191E-03  10  10  10   1
  3.55042779485594244687E-03  10  10  10   2
 -1.29741597187904462996E-02  10  10  10   3
  3.76627829635008265496E-02  10  10  10   4
 -7.42605445858021966272E-04  10  10  10   5
  5.52468212408793908630E-03  10  10  10   6
  8.88119425512072909129E-05  10  10  10   7
 -1.28116061618993278340E-03  10  10  10   8
 -2.75376691990167343782E-05  10  10  10   9
  5.28933189628617461686E-01  10  10  10  10
 -4.95790676887682198073E-05  10  10  11   1
 -1.11282109485427203681E-04  10  10  11   2
 -2.12164900336887925995E-04  10  10  11   3
 -1.09141228209893898123E-03  10  10  11   4
  2.63799142297971023208E-02  10  10  11   5
  1.57226133733427372342E-03  10  10  11   6
 -2.70498251183006711114E-07  10  10  11   7
 -2.92730637920777317373E-02  10  10  11   8
  6.23272528334911646297E-07  10  10  11   9
  1.38298383464091623196E-03  10  10  11  10
  5.09779397242934084744E-01  10  10  11  11
 -4.19481148903228830138E-03  10  10  12   1
  1.65902544441288747612E-02  10  10  12   2
 -1.83208182012169068509E-02  10  10  12   3
 -2.01959311183387210664E-02  10  10  12   4
 -9.11071805152259024804E-05  10  10  12   5
  7.02342750633239421010E-02  10  10  12   6
  3.69307288121331283941E-05  10  10  12   7
  6.98773634250833899917E-04  10  10  12   8
 -6.87256045188711084393E-05  10  10  12   9
 -4.78346824859434138766E-02  10  10  12  10
 -4.13582682058440120887E-04  10  10  12  11
  4.48083456091947773814E-01  10  10  12  12
  1.82515515430563832547E-03  11   1   1   1
 -2.89796426519324337084E-07  11   1   2   1
 -8.42926718382601669046E-05  11   1   2   2
  2.77442340111941191955E-04  11   1   3   1
 -1.24124666401741959925E-06  11   1   3   2
 -5.55919847407299755077E-05  11   1   3   3
  7.82109820352928724295E-05  11   1   4   1
 -1.96144919249962419537E-06  11   1   4   2
  5.55203666271369988307E-05  11   1   4   3
  1.26041921554886676878E-05  11   1   4   4
 -3.24697176183499089733E-03  11   1   5   1
  9.67155540042319327495E-05  11   1   5   2
  4.32130353732778152431E-03  11   1   5   3
  1.12070267620637898168E-03  11   1   5   4
 -3.84940510722867409868E-05  11   1   5   5
 -4.78150017594667267455E-05  11   1   6   1
  2.73237332152766508199E-06  11   1   6   2
  1.99000633083248488955E-04  11   1   6   3
  1.10411614625846390167E-04  11   1   6   4
  1.41809159283449027870E-03  11   1   6   5
  1.47677777986435828511E-04  11   1   6   6
 -2.07560488826819876242E-09  11   1   7   1
  6.28263849332174436575E-10  11   1   7   2
 -1.28655527338142870295E-09  11   1   7   3
  7.78591918365861199116E-09  11   1   7   4
  1.04047131046936825918E-07  11   1   7   5
  1.47112493525056783915E-08  11   1   7   6
 -1.34664554419294613059E-05  11   1   7   7
  6.42596241179388405484E-03  11   1   8   1
  3.00541318307854142739E-05  11   1   8   2
 -6.96803258582599609194E-03  11   1   8   3
 -3.35382009693356054891E-03  11   1   8   4
 -1.83881591648602408053E-05  11   1   8   5
 -3.08953826196297666462E-03  11   1   8   6
 -1.28808094905038340432E-07  11   1   8   7
  3.37463207709642459007E-05  11   1   8   8
  8.71532342814280083968E-08  11   1   9   1
 -9.75752265178302632095E-10  11   1   9   2
 -7.82413270507196055897E-08  11   1   9   3
 -4.00100355370345059012E-08  11   1   9   4
  1.17471619860360986495E-07  11   1   9   5
 -4.71595052510134537941E-08  11   1   9   6
  5.42857914450395095994E-05  11   1   9   7
 -1.05731694076262331965E-07  11   1   9   8
  5.46426783473231200000E-06  11   1   9   9
  1.04152741079945675260E-04  11   1  10   1
 -1.07960623053225448692E-06  11   1  10   2
 -4.81233246221764228326E-05  11   1  10   3
 -3.88249688437794743083E-05  11   1  10   4
  5.13947073784764164178E-04  11   1  10   5
 -2.39195572034339624479E-05  11   1  10   6
 -3.32251240064420639629E-08  11   1  10   7
 -7.04264402849258419094E-04  11   1  10   8
 -2.57105213982384368712E-08  11   1  10   9
 -4.95790676887567882507E-05  11   1  10  10
  2.08631084602925150409E-03  11   1  11   1
  1.52738164327759760354E-04  11   1  11   2
 -1.46954088066871988924E-03  11   1  11   3
 -1.11119041584854891941E-03  11   1  11   4
 -1.91032172612568772977E-05  11   1  11   5
 -1.47051581825883453426E-03  11   1  11   6
  7.14775255566964803628E-08  11   1  11   7
 -1.06740779743045879045E-05  11   1  11   8
 -3.23574022467999424549E-07  11   1  11   9
 -6.63387077319924100584E-04  11   1  11  10
 -5.32614646388326212507E-05  11   1  11  11
  2.59852729156854122747E-04  11   1  12   1
  2.02464777989034243463E-06  11   1  12   2
 -7.04716412493237924193E-05  11   1  12   3
 -3.48203500626706797020E-05  11   1  12   4
  1.30482702682782223877E-03  11   1  12   5
 -3.02943509075920717013E-05  11   1  12   6
 -1.08173828491262877950E-08  11   1  12   7
 -3.12494760083297700229E-03  11   1  12   8
 -2.20304354246636564361E-08  11   1  12   9
 -1.96384413350321698918E-05  11   1  12  10
 -1.12916886793508518608E-03  11   1  12  11
 -6.89006902606514740409E-05  11   1  12  12
 -1.66618707366688738629E-04  11   2   1   1
 -6.17084568755413222573E-07  11   2   2   1
 -9.64259318020598108108E-04  11   2   2   2
  1.35321948768480039145E-06  11   2   3   1
  1.50037091806982175941E-05  11   2   3   2
 -2.26406784095278492590E-04  11   2   3   3
 -1.08904906816374267379E-06  11   2   4   1
 -1.92881755188109934749E-04  11   2   4   2
 -2.72035132313107830759E-05  11   2   4   3
  1.61755444626000404471E-04  11   2   4   4
 -1.57489512467349910196E-04  11   2   5   1
  1.30929406532967924914E-02  11   2   5   2
  1.04557866735501409083E-02  11   2   5   3
 -1.61966590845618492456E-02  11   2   5   4
 -2.72022946594933058497E-05  11   2   5   5
 -6.99884564931593366744E-06  11   2   6   1
  1.57185155668575747296E-04  11   2   6   2
  1.58165739653417603081E-04  11   2   6   3
 -1.88696187822980933867E-04  11   2   6   4
  5.04289063864166243524E-05  11   2   6   5
 -1.31993414456237106351E-04  11   2   6   6
 -5.52577384197712666594E-10  11   2   7   1
  7.15567199494533851732E-09  11   2   7   2
 -3.44390549807562676098E-08  11   2   7   3
 -6.85918918140787115928E-09  11   2   7   4
  4.12839840190572614892E-06  11   2   7   5
  5.24946921682370377733E-08  11   2   7   6
 -1.03294813619483503639E-04  11   2   7   7
  3.72667913529347520196E-04  11   2   8   1
  4.47286724596104249413E-03  11   2   8   2
 -3.29218707528009804034E-04  11   2   8   3
 -8.96023538830889934581E-03  11   2   8   4
  1.12931338345536382310E-04  11   2   8   5
  2.20003394770500442651E-03  11   2   8   6
  1.74419745629861198697E-06  11   2   8   7
 -3.98083262303944871233E-05  11   2   8   8
  4.11235017002151114526E-09  11   2   9   1
 -3.99370089317980073350E-08  11   2   9   2
  2.89579837135961163296E-08  11   2   9   3
 -2.97848654709364137725E-08  11   2   9   4
 -4.02105931519430198525E-06  11   2   9   5
 -5.79391391683779223759E-08  11   2   9   6
 -5.72362461440943093012E-05  11   2   9   7
 -5.80948968116865227758E-07  11   2   9   8
 -5.36480754964723332797E-05  11   2   9   9
  3.74733995664322346904E-06  11   2  10   1
 -7.42827675962533012701E-05  11   2  10   2
  6.81163440907386999760E-05  11   2  10   3
  3.38376329064957149804E-06  11   2  10   4
 -5.34059695992903163408E-03  11   2  10   5
 -1.33217384689058123597E-04  11   2  10   6
  6.25897468309402858078E-08  11   2  10   7
 -4.81490915332094733016E-04  11   2  10   8
 -5.60072794035576372140E-08  11   2  10   9
 -1.11282109485377669195E-04  11   2  10  10
  1.52738164327759787459E-04  11   2  11   1
  2.24610366266197250540E-02  11   2  11   2
  9.12560131408699480582E-03  11   2  11   3
 -1.10029956637613373499E-02  11   2  11   4
 -1.36648913996631753576E-04  11   2  11   5
 -5.46496038463526422058E-03  11   2  11   6
  6.96302960744074047683E-06  11   2  11   7
 -8.62035683705898383858E-05  11   2  11   8
 -1.33962670621544091478E-05  11   2  11   9
 -1.82347058316515465981E-02  11   2  11  10
  2.67210777942818167308E-06  11   2  11  11
  4.15111423812831038371E-06  11   2  12   1
 -3.54147787726051701098E-05  11   2  12   2
 -4.09994521133472941471E-05  11   2  12   3
 -4.73322173207418465989E-05  11   2  12   4
 -7.22590339089105616888E-03  11   2  12   5
  4.11532285096037533240E-05  11   2  12   6
  2.78808842532506943847E-08  11   2  12   7
 -2.79920114758230951374E-03  11   2  12   8
 -2.91282044610066746630E-08  11   2  12   9
 -6.98743829549203134682E-05  11   2  12  10
 -9.90698692113905869661E-03  11   2  12  11
  6.36836276674632856265E-05  11   2  12  12
  2.58969944664429749595E-03  11   3   1   1
 -3.42818710848501398974E-08  11   3   2   1
 -2.23810232409965282870E-04  11   3   2   2
  3.92200456767228009891E-05  11   3   3   1
  1.18638527500055039650E-06  11   3   3   2
  1.16633439459047400129E-03  11   3   3   3
  5.76981049595361411390E-05  11   3   4   1
 -1.70536422966260223428E-05  11   3   4   2
  2.83003802824282734568E-04  11   3   4   3
  7.92115965141586091374E-05  11   3   4   4
  2.42957918291231709032E-03  11   3   5   1
  5.69475318469692647072E-03  11   3   5   2
  7.15703713343749346742E-03  11   3   5   3
 -1.92523336232949156266E-02  11   3   5   4
  2.18533981920244471317E-04  11   3   5   5
  1.58507271269664316198E-04  11   3   6   1
  2.94874287300892050378E-05  11   3   6   2
 -1.68373190585950621842E-04  11   3   6   3
  1.19974566406490042625E-04  11   3   6   4
 -1.01050335660496769935E-02  11   3   6   5
  4.88005175123006171463E-04  11   3   6   6
  3.98371180360239746181E-09  11   3   7   1
 -2.76475413862149456295E-08  11   3   7   2
 -1.07636591882121126543E-07  11   3   7   3
  2.00225906888808650793E-07  11   3   7   4
  4.97627377990166230501E-06  11   3   7   5
  1.36053806991677553785E-07  11   3   7   6
  7.13090380206419182339E-04  11   3   7   7
 -4.69281838305259275945E-03  11   3   8   1
  1.79568533628925641396E-03  11   3   8   2
  1.34607081055356358340E-02  11   3   8   3
  6.36829705730400548458E-04  11   3   8   4
 -6.37249552497211498026E-04  11   3   8   5
  1.05217812612030947594E-02  11   3   8   6
  2.47893615409748858169E-06  11   3   8   7
  9.12571618167413349879E-04  11   3   8   8
 -6.33440515202907697114E-08  11   3   9   1
  3.68325697830339580430E-08  11   3   9   2
  3.19718349546167850254E-07  11   3   9   3
  7.46227040476269594808E-08  11   3   9   4
 -6.49391476171572702377E-06  11   3   9   5
 -2.01759165150243861931E-07  11   3   9   6
  6.81025206500983446706E-04  11   3   9   7
 -2.99296920106774141286E-06  11   3   9   8
  5.92228764145713484218E-04  11   3   9   9
 -4.66666538907401079179E-05  11   3  10   1
  4.93133733204506843526E-05  11   3  10   2
  4.09023799281320007189E-04  11   3  10   3
  1.45190024370597866324E-05  11   3  10   4
 -9.26302818851871233308E-03  11   3  10   5
 -2.73233274053392505634E-04  11   3  10   6
 -1.78389358933312780494E-07  11   3  10   7
 -2.06525313472821119357E-03  11   3  10   8
 -4.13446465609854855831E-07  11   3  10   9
 -2.12164900336922132573E-04  11   3  10  10
 -1.46954088066872119028E-03  11   3  11   1
  9.12560131408699307110E-03  11   3  11   2
  1.84854089840222717001E-02  11   3  11   3
 -1.29924506579703231968E-02  11   3  11   4
 -2.56333694979837649341E-04  11   3  11   5
 -5.13534710048588541320E-03  11   3  11   6
  8.62602782369318031889E-06  11   3  11   7
  2.95720256928622279250E-04  11   3  11   8
 -1.21869962141213056901E-05  11   3  11   9
 -1.23812877216233872824E-02  11   3  11  10
 -3.28584523026999135442E-04  11   3  11  11
 -7.78645769530281574907E-05  11   3  12   1
 -7.32804051390221735046E-05  11   3  12   2
  6.07498236101228672630E-04  11   3  12   3
  2.12092233517767204129E-04  11   3  12   4
 -1.57038801673389516456E-02  11   3  12   5
 -4.08486216217467112966E-04  11   3  12   6
 -9.66509638236570161883E-08  11   3  12   7
  1.22813907226410664458E-03  11   3  12   8
  2.96473408702157843059E-07  11   3  12   9
  2.87447736204277581526E-04  11   3  12  10
 -1.61372152042277214323E-02  11   3  12  11
  1.15432409826685318001E-03  11   3  12  12
  4.10141653847408455707E-05  11   4   1   1
  7.87336066863766114178E-07  11   4   2   1
 -2.16816903295001051424E-03  11   4   2   2
  1.49913210235974141036E-06  11   4   3   1
  8.42801779361134341222E-05  11   4   3   2
 -3.13074800783469256796E-05  11   4   3   3
  1.27869948330143605203E-05  11   4   4   1
  1.53650822119937632143E-05  11   4   4   2
  1.25270790173924825199E-04  11   4   4   3
 -9.90360404349037133989E-04  11   4   4   4
  1.71258712584035637135E-03  11   4   5   1
 -6.91702961536901431150E-03  11   4   5   2
 -1.52497547997938655978E-02  11   4   5   3
 -9.34764231724921450251E-03  11   4   5   4
 -2.06192360931784656906E-04  11   4   5   5
  5.46225194248271109557E-05  11   4   6   1
 -1.41733725379154128958E-04  11   4   6   2
 -1.81522807495658353117E-04  11   4   6   3
  3.49755153838996976114E-04  11   4   6   4
  1.07570058716216863243E-02  11   4   6   5
 -5.05978983692449355014E-04  11   4   6   6
 -8.03822793321520797076E-09  11   4   7   1
  2.18777830936979270791E-08  11   4   7   2
  4.13401786574089076590E-08  11   4   7   3
  2.21265538155449136696E-07  11   4   7   4
 -7.73136277355732624578E-06  11   4   7   5
 -1.06594711071380147855E-07  11   4   7   6
 -4.06620839137367237788E-04  11   4   7   7
 -3.41845706104614921808E-03  11   4   8   1
 -2.38789698487800600146E-03  11   4   8   2
  1.42213096087583472371E-02  11   4   8   3
 -6.66251218178334422837E-03  11   4   8   4
 -9.88816207023339227219E-05  11   4   8   5
  1.49051746983678151670E-02  11   4   8   6
 -1.70481163348517552067E-06  11   4   8   7
  3.43810255809638218717E-05  11   4   8   8
 -3.91484985858406971646E-08  11   4   9   1
 -3.22917176450930346405E-08  11   4   9   2
  1.55442827376078637043E-07  11   4   9   3
 -2.64948746091797305596E-07  11   4   9   4
  2.54572699752410869776E-05  11   4   9   5
  2.13115981406161189971E-07  11   4   9   6
  5.02050906746089324779E-04  11   4   9   7
  1.84970497178712512396E-05  11   4   9   8
 -6.55512218889269145106E-04  11   4   9   9
 -2.40915180794408015645E-05  11   4  10   1
 -4.79600829290848383233E-05  11   4  10   2
  1.33205330197493191117E-04  11   4  10   3
 -5.30466688326796114057E-04  11   4  10   4
  3.97096746952558740662E-02  11   4  10   5
  4.14551951884326605555E-04  11   4  10   6
 -2.35714463334514752335E-07  11   4  10   7
  3.14505851239332834268E-02  11   4  10   8
  4.35694808796345360580E-08  11   4  10   9
 -1.09141228209898299983E-03  11   4  10  10
 -1.11119041584854978677E-03  11   4  11   1
 -1.10029956637613460235E-02  11   4  11   2
 -1.29924506579703231968E-02  11   4  11   3
  4.36538765938195433280E-02  11   4  11   4
 -6.93554171044186498762E-04  11   4  11   5
 -6.29233030425415014453E-03  11   4  11   6
 -9.96460128395908180745E-06  11   4  11   7
 -5.24048550968825516475E-04  11   4  11   8
 -5.71741973379571375964E-06  11   4  11   9
 -2.52208077020230417298E-02  11   4  11  10
  6.72545853509197433251E-04  11   4  11  11
 -2.43088935037780337850E-05  11   4  12   1
 -1.01938134977614723131E-04  11   4  12   2
  2.93763302679031956983E-04  11   4  12   3
  1.32054536215157203175E-04  11   4  12   4
  2.81017188454686216853E-03  11   4  12   5
 -2.82597821566374113756E-04  11   4  12   6
 -1.10362231333277259452E-07  11   4  12   7
  1.86906762077849292712E-03  11   4  12   8
  5.00085177037364742025E-07  11   4  12   9
  9.31721865015385647402E-04  11   4  12  10
  1.95344200101768179778E-02  11   4  12  11
 -1.15277017687075112803E-03  11   4  12  12
 -1.59661592228720755626E-02  11   5   1   1
  1.29726649149302648400E-06  11   5   2   1
  2.48722954509982718818E-01  11   5   2   2
 -2.02181712010866820872E-03  11   5   3   1
 -2.46248487955885589709E-03  11   5   3   2
  5.95858896714075297885E-02  11   5   3   3
  5.03597777315349114688E-07  11   5   4   1
  5.30189229045681213737E-03  11   5   4   2
 -2.58224831388005060528E-02  11   5   4   3
  4.67852476765821534421E-02  11   5   4   4
 -2.51320264834867014580E-05  11   5   5   1
 -3.77546614291056098923E-05  11   5   5   2
 -1.41329006038948192404E-04  11   5   5   3
  6.90137217549600359874E-04  11   5   5   4
  5.80682393986658718088E-02  11   5   5   5
  2.08521104602871557021E-03  11   5   6   1
 -7.27630753974760715631E-04  11   5   6   2
 -4.37906092316596093350E-02  11   5   6   3
 -3.13877254182654474510E-03  11   5   6   4
 -3.17820102199666660540E-05  11   5   6   5
  3.23975412053349384744E-02  11   5   6   6
  1.85787152809721691946E-07  11   5   7   1
  7.36716337820222285527E-07  11   5   7   2
  9.97886609787233850265E-06  11   5   7   3
 -1.86023585843687605382E-05  11   5   7   4
 -5.00903744661350230300E-08  11   5   7   5
 -1.01269571166593732854E-05  11   5   7   6
  6.50312897333880091111E-02  11   5   7   7
  4.61633554892044778092E-05  11   5   8   1
 -1.56868580051859784943E-05  11   5   8   2
 -1.93784309256921300282E-04  11   5   8   3
  3.76375730883010770761E-04  11   5   8   4
  7.90780859452238846230E-03  11   5   8   5
 -1.05795937177064643922E-04  11   5   8   6
  7.86384707876405620878E-08  11   5   8   7
  2.23638230752033892110E-03  11   5   8   8
 -1.12566057945074277800E-06  11   5   9   1
  3.37344884826743500833E-07  11   5   9   2
 -9.96597401573523924512E-06  11   5   9   3
  4.62340768481467407551E-05  11   5   9   4
 -6.06752998161235818134E-08  11   5   9   5
  3.33433587838992009060E-06  11   5   9   6
 -5.47488191700637796822E-02  11   5   9   7
 -3.68754608071038326937E-07  11   5   9   8
  7.19224064452716610463E-02  11   5   9   9
 -1.10392903268231737726E-03  11   5  10   1
  5.65824546103754419391E-03  11   5  10   2
 -1.99072011814046927192E-02  11   5  10   3
  6.93920826419204550550E-02  11   5  10   4
  3.59150266146667776143E-04  11   5  10   5
 -1.57053616952846607224E-02  11   5  10   6
  1.87866309878909241928E-05  11   5  10   7
 -2.56326610652990384727E-04  11   5  10   8
 -2.25473565106069917530E-05  11   5  10   9
  2.63799142297972029347E-02  11   5  10  10
 -1.91032172612572296634E-05  11   5  11   1
 -1.36648913996635195918E-04  11   5  11   2
 -2.56333694979833366743E-04  11   5  11   3
 -6.93554171044240058350E-04  11   5  11   4
  9.30787169469334679794E-02  11   5  11   5
  1.13714174003545168828E-03  11   5  11   6
 -2.67417547472626693479E-07  11   5  11   7
  3.56067593361827847143E-02  11   5  11   8
  7.70572958980805106100E-07  11   5  11   9
  1.31255151787634111171E-03  11   5  11  10
  7.43071411601846643080E-02  11   5  11  11
 -3.39690903309110931937E-03  11   5  12   1
 -1.71417420847249724405E-03  11   5  12   2
 -2.96208025029718567678E-02  11   5  12   3
  7.35891753688175994513E-03  11   5  12   4
 -8.22125150701899683192E-04  11   5  12   5
  4.60295088791609144363E-02  11   5  12   6
 -2.59405548052765720678E-06  11   5  12   7
 -3.59941007398252815590E-04  11   5  12   8
  7.16690875451203579516E-06  11   5  12   9
  1.03797424770885292344E-02  11   5  12  10
  2.28750371035860676494E-04  11   5  12  11
  9.36335373737187115495E-02  11   5  12  12
 -2.50306870283462361976E-03  11   6   1   1
 -4.43375614641837378020E-07  11   6   2   1
  3.10090491936678000137E-03  11   6   2   2
 -4.89870901397348592157E-05  11   6   3   1
 -6.01713120333484567724E-05  11   6   3   2
 -5.21049380329877392243E-04  11   6   3   3
 -8.10495804846698766357E-06  11   6   4   1
  3.88615989368237948814E-05  11   6   4   2
 -6.63105945398711885998E-04  11   6   4   3
  8.83076528113752165158E-04  11   6   4   4
  2.31666056484046813460E-03  11   6   5   1
 -3.38706831619232972067E-03  11   6   5   2
 -2.61519773033759631020E-02  11   6   5   3
  2.43166712087940981024E-02  11   6   5   4
  5.25593336921541102492E-04  11   6   5   5
  3.49559276989117018695E-05  11   6   6   1
  4.08479555241869317903E-05  11   6   6   2
 -7.00456944942171077020E-04  11   6   6   3
 -9.18768020124064777911E-04  11   6   6   4
 -8.76313040246388431920E-03  11   6   6   5
 -7.71767979734028848789E-04  11   6   6   6
 -3.68922520235732723529E-09  11   6   7   1
  1.55350961160175905675E-08  11   6   7   2
  1.93526011037191888737E-07  11   6   7   3
 -4.26365695601123215311E-07  11   6   7   4
 -4.29033857305520990584E-06  11   6   7   5
 -1.94530663567360063799E-07  11   6   7   6
  1.74230868494102376855E-05  11   6   7   7
 -4.57537130207247635938E-03  11   6   8   1
 -9.36423828654030189142E-04  11   6   8   2
  1.66245224577569877811E-02  11   6   8   3
  2.85053856516205086913E-02  11   6   8   4
  7.97443413666165559599E-04  11   6   8   5
  3.21987703610486985725E-03  11   6   8   6
 -4.35522860033006726587E-07  11   6   8   7
 -8.30884231379754923698E-04  11   6   8   8
 -3.67433682492749920308E-08  11   6   9   1
 -1.35493154136809079511E-08  11   6   9   2
 -7.34701599829495644217E-08  11   6   9   3
  4.56785024002760114497E-07  11   6   9   4
 -7.47874365043209418153E-06  11   6   9   5
  4.64951773636131924726E-07  11   6   9   6
 -1.40915984113068582483E-03  11   6   9   7
 -9.94789278777185566403E-06  11   6   9   8
  2.65961145543501564000E-04  11   6   9   9
 -3.33527222555268315846E-05  11   6  10   1
 -9.82098494619887644878E-06  11   6  10   2
 -3.65094738193604765718E-04  11   6  10   3
  7.51915085047617521435E-04  11   6  10   4
 -1.83692374380406767131E-02  11   6  10   5
  2.16748381282170013429E-04  11   6  10   6
  5.16730017293651715718E-07  11   6  10   7
 -1.78729556112351070651E-02  11   6  10   8
  4.67233079953918110233E-07  11   6  10   9
  1.57226133733438799833E-03  11   6  10  10
 -1.47051581825883648583E-03  11   6  11   1
 -5.46496038463525988377E-03  11   6  11   2
 -5.13534710048588367848E-03  11   6  11   3
 -6.29233030425413192993E-03  11   6  11   4
  1.13714174003540159814E-03  11   6  11   5
  2.24135782148360759858E-02  11   6  11   6
 -6.48936816204777646013E-06  11   6  11   7
  2.00887707807509587185E-04  11   6  11   8
  2.44261204084511908700E-05  11   6  11   9
  3.88376062979628733363E-02  11   6  11  10
  5.89031672502439429540E-04  11   6  11  11
 -5.04275095454516055675E-05  11   6  12   1
  1.52603245483250063008E-04  11   6  12   2
 -5.77141319493241740715E-04  11   6  12   3
 -1.02069232375183414365E-04  11   6  12   4
  1.38885252731757967426E-02  11   6  12   5
  1.05803840539710398462E-03  11   6  12   6
  2.53902747845632460296E-07  11   6  12   7
  9.49121492123487439652E-03  11   6  12   8
 -6.24412497692429339924E-07  11   6  12   9
 -9.05739259682608773006E-04  11   6  12  10
  1.15027050259049502812E-02  11   6  12  11
  2.00740930849707677197E-04  11   6  12  12
 -2.73908306101003853137E-07  11   7   1   1
 -3.54447314124277465153E-10  11   7   2   1
 -3.34198034384761622779E-07  11   7   2   2
  4.81428367107226518788E-09  11   7   3   1
 -2.18504136913573406491E-08  11   7   3   2
 -3.78155341729738292902E-07  11   7   3   3
 -9.29742211479746146334E-09  11   7   4   1
 -2.69355971059317314329E-08  11   7   4   2
  3.25657096804923253404E-08  11   7   4   3
  8.99602947067357970854E-08  11   7   4   4
 -5.59558628176136837197E-08  11   7   5   1
  4.18784781789480060719E-06  11   7   5   2
  9.55806543348394580266E-06  11   7   5   3
 -1.64711426879674819777E-05  11   7   5   4
 -1.14426266693366248750E-07  11   7   5   5
 -1.29962378470441063992E-08  11   7   6   1
  5.67610773463350987255E-08  11   7   6   2
  1.93678236438783903067E-07  11   7   6   3
 -2.00488600132665232756E-07  11   7   6   4
 -8.66457575404823233005E-07  11   7   6   5
 -2.34316927212122215754E-07  11   7   6   6
 -5.92753150484015827338E-05  11   7   7   1
  2.63226298425852589188E-05  11   7   7   2
  2.38650384028336393690E-04  11   7   7   3
 -5.29984632133801588619E-05  11   7   7   4
  6.20605735654777834753E-03  11   7   7   5
  5.02609423317754939260E-05  11   7   7   6
 -2.18812492993595851075E-07  11   7   7   7
  1.50322930447950409205E-07  11   7   8   1
  1.42894951490189064360E-06  11   7   8   2
 -9.20129991280029583715E-08  11   7   8   3
 -8.44088997382047326562E-06  11   7   8   4
  1.59561324443221867232E-07  11   7   8   5
  2.91833849358720840106E-06  11   7   8   6
  6.04937904469243434291E-03  11   7   8   7
 -9.37121663048641701349E-08  11   7   8   8
 -6.16517891149676207363E-05  11   7   9   1
 -3.42636674316249692572E-05  11   7   9   2
  1.75741533299928723473E-04  11   7   9   3
  2.00942337344696923948E-04  11   7   9   4
 -1.08011497523125849646E-02  11   7   9   5
 -1.07277714358414757436E-04  11   7   9   6
  6.76545457588976535665E-09  11   7   9   7
  6.93506131992929373761E-04  11   7   9   8
  7.43504558641710014411E-09  11   7   9   9
  3.38629324673817970335E-08  11   7  10   1
  4.07599107640019802456E-08  11   7  10   2
  2.48598490856802153161E-08  11   7  10   3
 -1.98378566592467987762E-07  11   7  10   4
  3.51378627087720223819E-06  11   7  10   5
 -2.79906120027531856735E-08  11   7  10   6
  2.65050009830738055700E-05  11   7  10   7
  6.33101119203766858749E-07  11   7  10   8
  1.15071358762832386124E-04  11   7  10   9
 -2.70498251160398290021E-07  11   7  10  10
  7.14775255555858216456E-08  11   7  11   1
  6.96302960744219144427E-06  11   7  11   2
  8.62602782370492527774E-06  11   7  11   3
 -9.96460128394865483187E-06  11   7  11   4
 -2.67417547492169808215E-07  11   7  11   5
 -6.48936816204740800080E-06  11   7  11   6
  1.06138314985719257183E-02  11   7  11   7
 -1.33564005743664364057E-07  11   7  11   8
 -9.28282742005223648896E-03  11   7  11   9
 -1.10471194219406382509E-05  11   7  11  10
 -1.19245380105804932303E-07  11   7  11  11
  1.19092915944625862408E-08  11   7  12   1
  1.84665514774451902956E-08  11   7  12   2
 -4.00229469483044940641E-08  11   7  12   3
 -9.39662025845828464808E-08  11   7  12   4
 -5.78211335305659083269E-06  11   7  12   5
  7.71495936623933357472E-08  11   7  12   6
  1.10398586012489479226E-04  11   7  12   7
 -2.44110911625666521935E-06  11   7  12   8
  1.68861994395203056330E-04  11   7  12   9
 -2.17616801439142221620E-07  11   7  12  10
 -8.39668230624007749796E-06  11   7  12  11
 -4.74096620403690249476E-08  11   7  12  12
  1.95577355260001445325E-01  11   8   1   1
  1.02274048788409527549E-05  11   8   2   1
  7.64608766241416937248E-02  11   8   2   2
  2.96465196771021968769E-03  11   8   3   1
 -2.27935739828785303247E-04  11   8   3   2
  1.05024964691754846280E-01  11   8   3   3
  9.54321558103596269060E-04  11   8   4   1
  2.35149820828202404943E-03  11   8   4   2
  2.77092254219583090935E-02  11   8   4   3
  7.24885388924963614682E-03  11   8   4   4
  4.88601915509333619477E-05  11   8   5   1
 -2.09553343991063922977E-05  11   8   5   2
 -4.97643733242822991318E-04  11   8   5   3
  3.40563270793450866610E-04  11   8   5   4
  2.68053342248284094673E-02  11   8   5   5
  2.62589619984803976892E-04  11   8   6   1
 -1.42854128704332527557E-03  11   8   6   2
  7.19552886106635241487E-03  11   8   6   3
  5.09357035553526169003E-02  11   8   6   4
 -1.66541305360916677561E-04  11   8   6   5
  9.06900146918606653301E-02  11   8   6   6
 -3.56447965534179126600E-07  11   8   7   1
  3.56252918090256417104E-07  11   8   7   2
  3.40285970810513078302E-06  11   8   7   3
  6.04578129979723908043E-06  11   8   7   4
  8.75254344346378150003E-08  11   8   7   5
  4.20907368647976254513E-06  11   8   7   6
  8.08828325809670400925E-02  11   8   7   7
 -1.00722836584131398901E-04  11   8   8   1
 -9.13698859652250038976E-06  11   8   8   2
  2.61164079958777428040E-04  11   8   8   3
  5.94664860089034346714E-04  11   8   8   4
 -7.17479856524152609376E-02  11   8   8   5
 -2.92697400478647768492E-04  11   8   8   6
 -1.38977381578138986423E-08  11   8   8   7
  8.56472327811566708222E-02  11   8   8   8
  1.74865660983325249922E-08  11   8   9   1
  1.05676062841251668817E-07  11   8   9   2
 -3.16367143298935948203E-06  11   8   9   3
  3.00807462930338609332E-05  11   8   9   4
 -2.47841262782205968585E-07  11   8   9   5
 -2.35095192654124286779E-05  11   8   9   6
  4.35450476167165492769E-02  11   8   9   7
 -2.77183753859373283948E-08  11   8   9   8
  7.59910132394106957454E-02  11   8   9   9
  6.10171985770669475339E-04  11   8  10   1
  2.69163353084594545936E-03  11   8  10   2
  8.30571417892215623641E-04  11   8  10   3
  3.83341216432217246624E-02  11   8  10   4
 -1.80127172883527133726E-04  11   8  10   5
 -2.86744410101447341765E-02  11   8  10   6
 -2.25286951736384876517E-05  11   8  10   7
  9.16831723617749546739E-05  11   8  10   8
 -4.54356189760396142474E-05  11   8  10   9
 -2.92730637920777699013E-02  11   8  10  10
 -1.06740779743025075916E-05  11   8  11   1
 -8.62035683705886728685E-05  11   8  11   2
  2.95720256928606124638E-04  11   8  11   3
 -5.24048550968857283598E-04  11   8  11   4
  3.56067593361827569587E-02  11   8  11   5
  2.00887707807510129286E-04  11   8  11   6
 -1.33564005751692145285E-07  11   8  11   7
  5.76029500660059784467E-02  11   8  11   8
  1.00404816312066021491E-06  11   8  11   9
  1.40583576428707224260E-03  11   8  11  10
 -5.42285969108678711503E-05  11   8  11  11
  2.09526153487503245809E-03  11   8  12   1
 -2.25861182558238695467E-03  11   8  12   2
  2.22340862402539418685E-02  11   8  12   3
  3.04969308713229879382E-03  11   8  12   4
 -3.23941748420225486636E-04  11   8  12   5
 -2.35330986321420493335E-02  11   8  12   6
 -1.08401239711756369510E-05  11   8  12   7
 -3.80376473432331618958E-04  11   8  12   8
  2.46295891615788686835E-05  11   8  12   9
  3.22385639472454951782E-02  11   8  12  10
  8.21266244295769561046E-04  11   8  12  11
  8.10270521904535578894E-02  11   8  12  12
  2.51867609750239104525E-06  11   9   1   1
  6.44364578933267228566E-10  11   9   2   1
  1.35062250766817447115E-07  11   9   2   2
  3.35751318139838855096E-08  11   9   3   1
  4.74262722290629789589E-08  11   9   3   2
  1.40872490737054958770E-06  11   9   3   3
  1.12393648947032344178E-08  11   9   4   1
  4.80133586730283944609E-08  11   9   4   2
  4.60284424362558526946E-07  11   9   4   3
 -2.68024758381524115629E-07  11   9   4   4
  4.04276741282660983645E-07  11   9   5   1
 -8.24135320500016598053E-06  11   9   5   2
 -2.48578199051733426852E-05  11   9   5   3
  5.80889689497950163929E-05  11   9   5   4
  1.54744092257258267958E-07  11   9   5   5
  3.36439024750685947488E-08  11   9   6   1
 -1.16756093948231569976E-07  11   9   6   2
 -1.67793160913405572643E-07  11   9   6   3
  8.40430043582922845917E-07  11   9   6   4
 -1.26443587100556008833E-05  11   9   6   5
  1.15975681671963511012E-06  11   9   6   6
 -6.06339121779630402871E-05  11   9   7   1
 -2.89596738738411938071E-05  11   9   7   2
  2.70228154307600566906E-04  11   9   7   3
  1.86104718971161312317E-04  11   9   7   4
 -1.20997382526638105199E-02  11   9   7   5
 -1.58579325231011610594E-04  11   9   7   6
  9.01376990160010799173E-07  11   9   7   7
 -8.88510166354733560153E-07  11   9   8   1
 -2.83076344468841038145E-06  11   9   8   2
 -1.20869612802199776359E-06  11   9   8   3
  4.08976429806174370798E-05  11   9   8   4
 -9.95653099720612714472E-07  11   9   8   5
 -1.60098908933678855916E-05  11   9   8   6
  2.55543598958441180863E-03  11   9   8   7
  7.91063787435015545142E-07  11   9   8   8
 -6.28794848039067826419E-05  11   9   9   1
  4.05533741784363258248E-05  11   9   9   2
  2.10577417467499493570E-04  11   9   9   3
 -1.04421321420021344633E-04  11   9   9   4
  7.19718307173706790120E-03  11   9   9   5
  1.11568598995441002684E-04  11   9   9   6
  8.70862020568589473574E-07  11   9   9   7
  8.81366448910891192581E-03  11   9   9   8
  7.54176796928388362695E-07  11   9   9   9
  2.40619428028210190399E-08  11   9  10   1
 -6.30229430088164214739E-08  11   9  10   2
 -9.39974210799584111266E-08  11   9  10   3
  8.87280848000237560201E-08  11   9  10   4
 -2.97945398729503334225E-05  11   9  10   5
 -5.28675936450440112151E-08  11   9  10   6
  1.03716647693956716880E-04  11   9  10   7
 -3.26584118060691081463E-05  11   9  10   8
 -1.01199306081524442735E-05  11   9  10   9
  6.23272528374288513949E-07  11   9  10  10
 -3.23574022467881739909E-07  11   9  11   1
 -1.33962670621546090476E-05  11   9  11   2
 -1.21869962141137738731E-05  11   9  11   3
 -5.71741973381239014431E-06  11   9  11   4
  7.70572958964633658950E-07  11   9  11   5
  2.44261204084610604979E-05  11   9  11   6
 -9.28282742005223128479E-03  11   9  11   7
  1.00404816311766320059E-06  11   9  11   8
  1.34185590236042852352E-02  11   9  11   9
  6.78610897195435955852E-05  11   9  11  10
 -1.10854495786978169206E-06  11   9  11  11
  5.86067679228221864946E-09  11   9  12   1
 -3.14779301912587456659E-08  11   9  12   2
  4.53139936333438039431E-07  11   9  12   3
  4.55374409476019850414E-07  11   9  12   4
  1.62064289339645733676E-05  11   9  12   5
 -7.44265435252907405866E-07  11   9  12   6
  1.53252551782634546459E-04  11   9  12   7
  1.03426725073035024894E-05  11   9  12   8
  1.31979188107877369682E-04  11   9  12   9
 -1.79980782416361088770E-07  11   9  12  10
  8.76832750375776404095E-06  11   9  12  11
  6.81973928184196492332E-07  11   9  12  12
  2.43514834901537285256E-03  11  10   1   1
  8.89289455620023537455E-07  11  10   2   1
  1.78074523831216565599E-04  11  10   2   2
  2.77497939329496986984E-05  11  10   3   1
  6.76218746345007249657E-05  11  10   3   2
  1.49840881516446469343E-03  11  10   3   3
  2.28427294195026216715E-05  11  10   4   1
  7.77501624051371960844E-05  11  10   4   2
  3.99169636818823313825E-04  11  10   4   3
 -4.29077396820358350060E-04  11  10   4   4
  9.38734134686597583054E-04  11  10   5   1
 -1.15704079348812102074E-02  11  10   5   2
 -3.90884170936654368189E-02  11  10   5   3
  9.50817275776525971942E-02  11  10   5   4
  3.57855949057835271733E-04  11  10   5   5
  5.53402867893887750301E-05  11  10   6   1
 -1.79402969146635557236E-04  11  10   6   2
 -3.68814550572958341473E-04  11  10   6   3
  9.53694716999346553052E-04  11  10   6   4
 -2.77891823534966615761E-02  11  10   6   5
  1.01782289385820732749E-03  11  10   6   6
  2.55258439545649902250E-08  11  10   7   1
  5.41550459447562520830E-08  11  10   7   2
  8.02415461060081675199E-09  11  10   7   3
 -5.59942757644152428336E-08  11  10   7   4
 -3.29064439690479847224E-06  11  10   7   5
  4.61477167018674277888E-08  11  10   7   6
  9.09902643923845644638E-04  11  10   7   7
 -1.96070643982772761793E-03  11  10   8   1
 -4.01624919605306478915E-03  11  10   8   2
 -6.22500861669399141972E-04  11  10   8   3
  6.91497137672117956342E-02  11  10   8   4
 -9.71436822311565737788E-04  11  10   8   5
 -2.71050789856535287448E-02  11  10   8   6
 -6.83971795877614057954E-06  11  10   8   7
  7.13132320411237041052E-04  11  10   8   8
  2.90396305723999106909E-09  11  10   9   1
 -6.51821584572454298305E-08  11  10   9   2
 -1.16444891877585170680E-07  11  10   9   3
  2.55546892683881468372E-07  11  10   9   4
 -2.98086211141832281286E-05  11  10   9   5
 -1.28740345741469938401E-07  11  10   9   6
  7.03872450473085943014E-04  11  10   9   7
 -3.31028745606755294556E-05  11  10   9   8
  6.81357993335686873589E-04  11  10   9   9
 -1.45935634243149537536E-05  11  10  10   1
 -3.17833082299923689240E-05  11  10  10   2
 -1.87853945642558648691E-05  11  10  10   3
 -3.39668229692509588205E-04  11  10  10   4
 -5.24941811581460526792E-02  11  10  10   5
  3.05977770032305092240E-04  11  10  10   6
 -3.77891086870975947903E-07  11  10  10   7
 -5.51287367833431379838E-02  11  10  10   8
  2.82377878781822047767E-07  11  10  10   9
  1.38298383464074969851E-03  11  10  10  10
 -6.63387077319929196334E-04  11  10  11   1
 -1.82347058316515396592E-02  11  10  11   2
 -1.23812877216233820782E-02  11  10  11   3
 -2.52208077020229480547E-02  11  10  11   4
  1.31255151787620970641E-03  11  10  11   5
  3.88376062979628178251E-02  11  10  11   6
 -1.10471194219628084912E-05  11  10  11   7
  1.40583576428704990803E-03  11  10  11   8
  6.78610897195501279033E-05  11  10  11   9
  1.28537192873514560798E-01  11  10  11  10
 -1.86051013164091616492E-03  11  10  11  11
 -1.07496266739571133975E-05  11  10  12   1
 -6.05105923333740291017E-05  11  10  12   2
  4.00020717543294105061E-04  11  10  12   3
  8.69286995525367150658E-04  11  10  12   4
  2.57240700179246842283E-02  11  10  12   5
 -8.91943070214425278927E-04  11  10  12   6
 -2.79033833465597823601E-07  11  10  12   7
  1.83125745020441821342E-02  11  10  12   8
 -2.52986902568792023510E-07  11  10  12   9
 -6.75626205415249397879E-04  11  10  12  10
  6.42637600324814841496E-03  11  10  12  11
  8.22415069226722396378E-04  11  10  12  12
  3.86163745346489839516E-01  11  11   1   1
 -8.71280961158703117007E-06  11  11   2   1
  7.48663094631417558311E-01  11  11   2   2
 -1.26727010887504502141E-04  11  11   3   1
 -5.45781096469158052975E-03  11  11   3   2
  4.23649514976017826928E-01  11  11   3   3
  1.38851403631145339096E-03  11  11   4   1
  7.85527754733623961858E-03  11  11   4   2
 -4.93810791559794320937E-02  11  11   4   3
  4.85287703802293857169E-01  11  11   4   4
  1.37043290564766819445E-05  11  11   5   1
  4.53101472928932124491E-05  11  11   5   2
  2.48944209893655374159E-04  11  11   5   3
 -1.17811358496767016983E-03  11  11   5   4
  4.92827066628121424063E-01  11  11   5   5
  4.59692754072336517285E-03  11  11   6   1
  1.17564955401179972554E-03  11  11   6   2
 -6.31315857656413181864E-02  11  11   6   3
 -5.22707715609856127248E-02  11  11   6   4
  8.93553404758869380432E-04  11  11   6   5
  3.97433610370048373550E-01  11  11   6   6
  1.09916560029479133014E-06  11  11   7   1
 -1.75037344493822030127E-06  11  11   7   2
 -3.59949857777037163253E-06  11  11   7   3
 -1.91973552545011935156E-05  11  11   7   4
 -1.07020557315418880288E-07  11  11   7   5
 -1.22326068050301827551E-05  11  11   7   6
  4.26788393082641603904E-01  11  11   7   7
 -3.48625645552792472995E-05  11  11   8   1
  1.91537840010624629491E-05  11  11   8   2
  2.85694182081443475308E-04  11  11   8   3
 -1.14913915448447141558E-03  11  11   8   4
  6.52444372500850661156E-02  11  11   8   5
  6.00369164373164179542E-04  11  11   8   6
  1.44456001914464482756E-07  11  11   8   7
  3.98808474041517757591E-01  11  11   8   8
 -8.13401321003830751477E-07  11  11   9   1
  3.93128580100629642735E-06  11  11   9   2
 -2.85221549324040294759E-06  11  11   9   3
  1.12089248528399063271E-05  11  11   9   4
  7.70387688819078619263E-07  11  11   9   5
  2.32976117679720799432E-05  11  11   9   6
 -8.81790670202406007272E-02  11  11   9   7
  5.25732690201338249775E-07  11  11   9   8
  4.49241096421411745254E-01  11  11   9   9
 -1.40378147823196379115E-03  11  11  10   1
  8.00463239041928308060E-03  11  11  10   2
 -1.68699724517207896857E-02  11  11  10   3
  4.58835547780108363169E-02  11  11  10   4
  1.78992195536686426842E-03  11  11  10   5
  6.80691693539100996929E-03  11  11  10   6
  3.96352117074509296512E-05  11  11  10   7
  1.11842977339208062351E-03  11  11  10   8
  1.26438883949892000302E-05  11  11  10   9
  5.09779397242934084744E-01  11  11  10  10
 -5.32614646388215894936E-05  11  11  11   1
  2.67210777943442472941E-06  11  11  11   2
 -3.28584523026928445461E-04  11  11  11   3
  6.72545853509067979512E-04  11  11  11   4
  7.43071411601846781858E-02  11  11  11   5
  5.89031672502519443660E-04  11  11  11   6
 -1.19245380044782614139E-07  11  11  11   7
 -5.42285969108592788481E-05  11  11  11   8
 -1.10854495788403895062E-06  11  11  11   9
 -1.86051013164090228713E-03  11  11  11  10
  5.53904159036240129055E-01  11  11  11  11
 -4.30004204304655027885E-03  11  11  12   1
  1.53660558037835206363E-03  11  11  12   2
 -3.06871415428783302082E-02  11  11  12   3
  7.52304834581037779051E-03  11  11  12   4
 -1.15702962605513152115E-03  11  11  12   5
  7.38247376247306158481E-02  11  11  12   6
  6.89414124562076100709E-06  11  11  12   7
  8.03620102060749215824E-06  11  11  12   8
 -1.42470305654895934566E-05  11  11  12   9
 -1.41148602237752274213E-02  11  11  12  10
 -6.67302508228842516935E-05  11  11  12  11
  5.00029871639506851011E-01  11  11  12  12
  2.02176074622459706065E-01  12   1   1   1
 -3.18257742832350019467E-05  12   1   2   1
 -9.15492856092355034026E-03  12   1   2   2
  3.06924412848811646592E-02  12   1   3   1
 -1.37865508948224150133E-04  12   1   3   2
 -6.00279732594064495410E-03  12   1   3   3
  8.47274727453397810684E-03  12   1   4   1
 -2.16060804751785814340E-04  12   1   4   2
  6.46472802326733368694E-03  12   1   4   3
  1.61118064172121526305E-03  12   1   4   4
  2.50615587554598553456E-05  12   1   5   1
 -2.13255762097522558860E-06  12   1   5   2
 -8.67489052015718245135E-05  12   1   5   3
 -3.74818780310276681677E-05  12   1   5   4
 -3.24730860789610798270E-03  12   1   5   5
 -3.35803516802313890485E-03  12   1   6   1
  2.73806393840168079551E-04  12   1   6   2
  1.95160823521897917876E-02  12   1   6   3
  1.13711985808269775561E-02  12   1   6   4
 -5.86970794784531807063E-05  12   1   6   5
  1.46671217037664981808E-02  12   1   6   6
 -2.26133341332119302056E-06  12   1   7   1
  1.38581902284859408540E-07  12   1   7   2
  2.59135298766673066465E-06  12   1   7   3
  1.61904563798751646954E-06  12   1   7   4
 -2.74193301349006466609E-09  12   1   7   5
  2.41139661611983389358E-06  12   1   7   6
 -1.44900157668561777036E-03  12   1   7   7
 -1.00629729110391949822E-04  12   1   8   1
 -4.80716561275701149266E-08  12   1   8   2
  9.91145893080809851049E-05  12   1   8   3
  5.17136137906596261675E-05  12   1   8   4
 -3.06139628132177758768E-03  12   1   8   5
  3.43085485242298530669E-05  12   1   8   6
 -6.92702657339190087562E-09  12   1   8   7
  3.37073595750839172247E-03  12   1   8   8
  5.19987581556500486893E-06  12   1   9   1
 -2.05779558064537417292E-07  12   1   9   2
 -4.26164402404169648941E-06  12   1   9   3
 -1.97994885285508066944E-06  12   1   9   4
  5.35854110961813637977E-10  12   1   9   5
 -2.89281066521041622345E-06  12   1   9   6
  5.88172579746294547920E-03  12   1   9   7
  1.45419280277795860175E-08  12   1   9   8
  6.01769203971157500693E-04  12   1   9   9
  9.16567260009354053962E-03  12   1  10   1
 -2.48704405241793283666E-04  12   1  10   2
 -3.49310467767574789680E-03  12   1  10   3
 -2.92802415509182348968E-03  12   1  10   4
 -2.93645082798419845133E-05  12   1  10   5
 -1.38729442220503857916E-03  12   1  10   6
 -3.50625405039920723100E-06  12   1  10   7
  2.78480253430560008895E-05  12   1  10   8
 -1.76876831128641893998E-06  12   1  10   9
 -4.19481148903225013747E-03  12   1  10  10
  2.59852729156841058111E-04  12   1  11   1
  4.15111423812815876481E-06  12   1  11   2
 -7.78645769530376442597E-05  12   1  11   3
 -2.43088935037833124943E-05  12   1  11   4
 -3.39690903309113013606E-03  12   1  11   5
 -5.04275095454420239308E-05  12   1  11   6
  1.19092915839360611277E-08  12   1  11   7
  2.09526153487503332545E-03  12   1  11   8
  5.86067677846085696713E-09  12   1  11   9
 -1.07496266739401727386E-05  12   1  11  10
 -4.30004204304655288094E-03  12   1  11  11
  3.07123686583877578138E-02  12   1  12   1
  4.28952410947253191375E-04  12   1  12   2
 -8.98493784247247559427E-03  12   1  12   3
 -4.88128730526767896925E-03  12   1  12   4
  4.24265117399874250445E-05  12   1  12   5
 -5.58168485457196435900E-03  12   1  12   6
 -1.64009801121985096170E-07  12   1  12   7
  1.23505771996169634960E-05  12   1  12   8
 -6.62876306354813059785E-07  12   1  12   9
 -1.73815222962661868750E-03  12   1  12  10
 -3.41271627852847775288E-05  12   1  12  11
 -9.80119725146888325085E-03  12   1  12  12
 -1.30912702583812247392E-02  12   2   1   1
 -1.18718479276802202815E-04  12   2   2   1
  1.11440298861707864919E-01  12   2   2   2
  1.11342063091054860606E-04  12   2   3   1
 -1.30402014150965191858E-02  12   2   3   2
 -1.64319356000058175438E-02  12   2   3   3
 -9.88211652949440950630E-05  12   2   4   1
  6.95625541607960452828E-03  12   2   4   2
 -2.96077586285243242459E-03  12   2   4   3
  1.46937438675834638330E-02  12   2   4   4
  2.86494536556358227501E-06  12   2   5   1
 -1.80875800202459651898E-04  12   2   5   2
 -1.40219056095331633983E-04  12   2   5   3
  2.54362006224278201783E-04  12   2   5   4
  2.57963103098741942595E-04  12   2   5   5
 -5.02669564926722231210E-04  12   2   6   1
  1.32365197572396047637E-02  12   2   6   2
  8.74367047458908530633E-03  12   2   6   3
 -1.17988589003915778780E-02  12   2   6   4
 -1.24629554431290075488E-05  12   2   6   5
 -8.13242793248674170070E-03  12   2   6   6
 -1.00078002500731201537E-07  12   2   7   1
 -9.01494991927363653328E-07  12   2   7   2
  1.68795536365374674813E-06  12   2   7   3
 -6.65508467571178510347E-06  12   2   7   4
 -7.57970455956089696356E-08  12   2   7   5
  2.25675012473748242556E-06  12   2   7   6
 -6.43805406816439201173E-03  12   2   7   7
 -5.09183828334528976270E-06  12   2   8   1
 -4.90313893349061033218E-05  12   2   8   2
  1.81217918795058105421E-05  12   2   8   3
  9.88358860190563525989E-05  12   2   8   4
  8.22562719407220373224E-03  12   2   8   5
 -1.76405534288064992123E-05  12   2   8   6
 -1.55384289184370346032E-08  12   2   8   7
 -5.06953569570796520882E-03  12   2   8   8
  1.58526709399768426513E-07  12   2   9   1
  2.59117578789513447555E-06  12   2   9   2
 -2.02258484490860545845E-06  12   2   9   3
  6.53554802034600158871E-06  12   2   9   4
  5.66905558402708135480E-08  12   2   9   5
 -1.79008620438530041647E-06  12   2   9   6
 -6.66982995292527552911E-03  12   2   9   7
 -1.98752156217505026463E-08  12   2   9   8
 -1.44793767729169565311E-03  12   2   9   9
  1.81555206455072376927E-04  12   2  10   1
  6.28317231843408038200E-03  12   2  10   2
 -2.27645289253466075186E-03  12   2  10   3
  1.02857720964485647303E-02  12   2  10   4
  5.97026524886543394745E-05  12   2  10   5
 -5.01248062737714213805E-03  12   2  10   6
 -3.17628077578531073141E-06  12   2  10   7
 -3.62763387601621571112E-05  12   2  10   8
  1.09591977661856448262E-05  12   2  10   9
  1.65902544441288851695E-02  12   2  10  10
  2.02464777989029669485E-06  12   2  11   1
 -3.54147787726129289316E-05  12   2  11   2
 -7.32804051390291259511E-05  12   2  11   3
 -1.01938134977607133716E-04  12   2  11   4
 -1.71417420847248184838E-03  12   2  11   5
  1.52603245483237215212E-04  12   2  11   6
  1.84665514747269821585E-08  12   2  11   7
 -2.25861182558238738835E-03  12   2  11   8
 -3.14779301866104869317E-08  12   2  11   9
 -6.05105923333744627826E-05  12   2  11  10
  1.53660558037833037959E-03  12   2  11  11
  4.28952410947249125617E-04  12   2  12   1
  2.74893493716286720085E-02  12   2  12   2
  3.00594303750528540550E-03  12   2  12   3
 -1.27410936212112285010E-02  12   2  12   4
  9.32186460085823899576E-05  12   2  12   5
  2.26037935013986964958E-03  12   2  12   6
  6.13363582532093386181E-06  12   2  12   7
  7.10099250385247670334E-05  12   2  12   8
 -1.06210113685475341511E-05  12   2  12   9
 -1.50073017251552195267E-02  12   2  12  10
  1.34819307163394299818E-04  12   2  12  11
 -7.60147938407697808250E-03  12   2  12  12
  2.68170467544215307409E-01  12   3   1   1
 -4.44690010209286984568E-06  12   3   2   1
 -1.00927987304577998495E-01  12   3   2   2
  4.60985539358376231189E-03  12   3   3   1
  1.52757276462235636050E-03  12   3   3   2
  1.02269349749887925038E-01  12   3   3   3
  6.31390885056968588496E-03  12   3   4   1
 -4.15341335471597003504E-03  12   3   4   2
  3.68126873300944415512E-02  12   3   4   3
 -1.20361974995375296121E-02  12   3   4   4
 -5.75971968514824321159E-05  12   3   5   1
 -7.50231694509519169865E-05  12   3   5   2
 -1.37082340960924546538E-04  12   3   5   3
  1.25571714775022259120E-04  12   3   5   4
  5.78932771320871727289E-03  12   3   5   5
  1.51805545709815976896E-02  12   3   6   1
  1.24101597053917662994E-03  12   3   6   2
 -7.93463942233737888621E-03  12   3   6   3
  1.96210054816402940103E-02  12   3   6   4
  9.81458858341395648040E-05  12   3   6   5
  4.53713736660326938388E-02  12   3   6   6
  2.08343191435064344666E-06  12   3   7   1
  1.29735142345624363681E-06  12   3   7   2
 -1.09765998344156391739E-05  12   3   7   3
  1.25714200799375732775E-05  12   3   7   4
  3.30722397015630986425E-08  12   3   7   5
  9.75371366182256788223E-06  12   3   7   6
  5.22354851715029350201E-02  12   3   7   7
  6.59349831598172395888E-05  12   3   8   1
 -1.88507416145400768538E-05  12   3   8   2
 -2.37471690663810353723E-04  12   3   8   3
  8.01570910575401143587E-05  12   3   8   4
 -6.55706347906369058087E-02  12   3   8   5
 -2.64301514734863879363E-04  12   3   8   6
 -1.17328149688238702583E-07  12   3   8   7
  8.83261754574473784141E-02  12   3   8   8
 -3.22018802043119551788E-06  12   3   9   1
 -2.59951261745737765345E-06  12   3   9   2
  1.85023080817892736209E-05  12   3   9   3
  5.07461138062800787545E-06  12   3   9   4
  3.61299800456685028268E-08  12   3   9   5
 -2.39037884554708087521E-05  12   3   9   6
  8.65864134590509787470E-02  12   3   9   7
  2.12758870524076050855E-07  12   3   9   8
  3.74535301176178864191E-02  12   3   9   9
 -3.15022341193540913323E-03  12   3  10   1
 -4.55913449601023663266E-03  12   3  10   2
  3.23512708962307091176E-02  12   3  10   3
 -7.52020754787914493672E-03  12   3  10   4
 -1.41621536890329698111E-04  12   3  10   5
 -1.75372818337399677402E-02  12   3  10   6
 -4.11475864377433276893E-05  12   3  10   7
  2.24489302993166497772E-04  12   3  10   8
 -1.64602836118278583744E-05  12   3  10   9
 -1.83208182012168201147E-02  12   3  10  10
 -7.04716412493183036458E-05  12   3  11   1
 -4.09994521133430386535E-05  12   3  11   2
  6.07498236101224118981E-04  12   3  11   3
  2.93763302679110073750E-04  12   3  11   4
 -2.96208025029718186039E-02  12   3  11   5
 -5.77141319493256919546E-04  12   3  11   6
 -4.00229469733586301481E-08  12   3  11   7
  2.22340862402539765630E-02  12   3  11   8
  4.53139936297227222117E-07  12   3  11   9
  4.00020717543246996477E-04  12   3  11  10
 -3.06871415428783163304E-02  12   3  11  11
 -8.98493784247253284014E-03  12   3  12   1
  3.00594303750531576316E-03  12   3  12   2
  9.15679950738449294212E-02  12   3  12   3
  6.33816782126179773665E-03  12   3  12   4
  5.80243946044656710645E-04  12   3  12   5
 -5.59047452623532212246E-02  12   3  12   6
 -8.12686279904757816813E-06  12   3  12   7
 -3.49457069060784284234E-04  12   3  12   8
  2.06551578414183867327E-05  12   3  12   9
  2.72759161083555162763E-02  12   3  12  10
  1.01670585115918145694E-03  12   3  12  11
  5.35137694226960475286E-02  12   3  12  12
  2.62728942546163225791E-02  12   4   1   1
  4.36815333614546901625E-05  12   4   2   1
 -1.19957158118848081912E-02  12   4   2   2
 -6.77500700222990147586E-05  12   4   3   1
  2.89812968410477211911E-03  12   4   3   2
  3.55955198191524394002E-02  12   4   3   3
  1.77567256025622688571E-03  12   4   4   1
  4.30419541234066012347E-03  12   4   4   2
 -1.18412841371538096746E-03  12   4   4   3
 -3.30978980707498371405E-02  12   4   4   4
 -2.79091694161907657719E-05  12   4   5   1
  1.02892320761833303585E-04  12   4   5   2
  2.19839474150664010562E-04  12   4   5   3
  2.23173990261418573136E-05  12   4   5   4
  8.24527377563679005068E-03  12   4   5   5
  5.86633770317065723204E-03  12   4   6   1
 -6.89379872610987234210E-03  12   4   6   2
 -2.84397103887970709168E-02  12   4   6   3
  1.51598998071964512907E-02  12   4   6   4
 -3.32011018552047474663E-05  12   4   6   5
 -1.37736168189438283604E-02  12   4   6   6
  3.86127636878262659733E-07  12   4   7   1
 -3.91021353712732825400E-06  12   4   7   2
 -7.55063588251722426239E-06  12   4   7   3
  1.86473811963641466051E-05  12   4   7   4
  1.56006607422771937367E-07  12   4   7   5
 -9.24770194334693320553E-06  12   4   7   6
  1.54729774675813145507E-02  12   4   7   7
  4.06979613906542403478E-05  12   4   8   1
  2.17189936224748507670E-05  12   4   8   2
 -1.83737101096743179335E-04  12   4   8   3
  1.03927911387904364109E-04  12   4   8   4
 -1.21033945211354299065E-02  12   4   8   5
 -2.17843489230240311590E-04  12   4   8   6
  6.73269657208310749326E-09  12   4   8   7
  1.10428494357665135661E-02  12   4   8   8
 -2.09242692285970001545E-06  12   4   9   1
  5.78251305306075844714E-06  12   4   9   2
  1.12054653120449953092E-05  12   4   9   3
 -1.79577892629687944069E-05  12   4   9   4
 -3.42487038714974469453E-07  12   4   9   5
  9.95723830828383034495E-06  12   4   9   6
  9.22780841840518603614E-03  12   4   9   7
 -1.71976943791749658189E-07  12   4   9   8
  4.00180252890475294386E-03  12   4   9   9
 -1.71302903417006827796E-03  12   4  10   1
  5.57390462141467511042E-03  12   4  10   2
  6.26246958547131173101E-03  12   4  10   3
 -1.81749138696368980894E-02  12   4  10   4
 -4.41124862830410947000E-04  12   4  10   5
  1.60826906625397662853E-02  12   4  10   6
  1.37962033032019741136E-05  12   4  10   7
 -3.00592180769332904290E-04  12   4  10   8
 -2.21849131839301286218E-05  12   4  10   9
 -2.01959311183386135136E-02  12   4  10  10
 -3.48203500626684028774E-05  12   4  11   1
 -4.73322173207477826058E-05  12   4  11   2
  2.12092233517757175259E-04  12   4  11   3
  1.32054536215187262680E-04  12   4  11   4
  7.35891753688181632365E-03  12   4  11   5
 -1.02069232375203363685E-04  12   4  11   6
 -9.39662025829272411761E-08  12   4  11   7
  3.04969308713228925284E-03  12   4  11   8
  4.55374409467820253847E-07  12   4  11   9
  8.69286995525356959158E-04  12   4  11  10
  7.52304834581027891127E-03  12   4  11  11
 -4.88128730526772493942E-03  12   4  12   1
 -1.27410936212112285010E-02  12   4  12   2
  6.33816782126188794227E-03  12   4  12   3
  3.98463212485452092371E-02  12   4  12   4
 -1.12317058200150145806E-04  12   4  12   5
 -2.96148485016378346102E-03  12   4  12   6
 -8.47750935587480534820E-06  12   4  12   7
 -7.09366322117353553843E-05  12   4  12   8
  1.93751778512019426359E-05  12   4  12   9
  2.96627601325393508436E-02  12   4  12  10
 -4.71278535480542824440E-04  12   4  12  11
  8.42989244198569590005E-03  12   4  12  12
  3.33087830158538948135E-04  12   5   1   1
  4.14888457843128710249E-09  12   5   2   1
 -3.48773734758160789543E-03  12   5   2   2
  2.82771555863631430432E-05  12   5   3   1
  3.56829115245411448314E-05  12   5   3   2
 -7.91720174812275104444E-04  12   5   3   3
 -9.30035988084138416599E-07  12   5   4   1
 -6.64637172794150935581E-05  12   5   4   2
  4.04371187727448327259E-04  12   5   4   3
 -7.48152234049556945535E-04  12   5   4   4
 -2.33202479463575805194E-03  12   5   5   1
 -4.42763098949823779432E-03  12   5   5   2
 -8.32897153610438756299E-03  12   5   5   3
  2.48360889284282536360E-02  12   5   5   4
 -8.60239612045171544302E-04  12   5   5   5
 -4.73007402184053875522E-05  12   5   6   1
 -1.00848724735157924413E-05  12   5   6   2
  6.15547463085444157387E-04  12   5   6   3
  2.03862422326548184274E-04  12   5   6   4
  1.23780903555967942108E-03  12   5   6   5
 -3.28119748342310571087E-04  12   5   6   6
 -1.18813405778770826684E-08  12   5   7   1
 -1.41025033768918670006E-08  12   5   7   2
 -1.20429943437106487388E-07  12   5   7   3
  2.85008025456388146285E-07  12   5   7   4
 -2.18503039653650895404E-06  12   5   7   5
  1.44158067306847178904E-07  12   5   7   6
 -8.73399244752482892783E-04  12   5   7   7
  4.37912334625027016566E-03  12   5   8   1
 -1.31762301047831024807E-03  12   5   8   2
 -1.48123490976421554738E-02  12   5   8   3
  9.65043858785201262573E-03  12   5   8   4
 -1.97064157168678132873E-04  12   5   8   5
 -2.35002309967446759362E-03  12   5   8   6
 -2.96499165610314922507E-08  12   5   8   7
 -6.75605794440973828367E-05  12   5   8   8
  2.20124659117588787666E-08  12   5   9   1
 -4.99230727221458846302E-09  12   5   9   2
  1.03005755348372555190E-07  12   5   9   3
 -6.44170383811731833504E-07  12   5   9   4
 -2.84816738042378407467E-06  12   5   9   5
 -4.62423747436052661349E-08  12   5   9   6
  7.96625896579966868809E-04  12   5   9   7
 -7.82220247465731420913E-06  12   5   9   8
 -9.72415593252121384510E-04  12   5   9   9
  3.07608363717976757146E-05  12   5  10   1
 -1.24909295374977223365E-04  12   5  10   2
  1.24316081966236255006E-04  12   5  10   3
 -9.30064962537578373593E-04  12   5  10   4
 -4.61288674541719071615E-03  12   5  10   5
  3.21820978366544631615E-04  12   5  10   6
 -2.77252629045777662744E-07  12   5  10   7
 -1.27757871363178981960E-02  12   5  10   8
  3.74180428981251561593E-07  12   5  10   9
 -9.11071805153075564565E-05  12   5  10  10
  1.30482702682782484085E-03  12   5  11   1
 -7.22590339089105530151E-03  12   5  11   2
 -1.57038801673389620539E-02  12   5  11   3
  2.81017188454685436227E-03  12   5  11   4
 -8.22125150701872144457E-04  12   5  11   5
  1.38885252731758210287E-02  12   5  11   6
 -5.78211335305509497250E-06  12   5  11   7
 -3.23941748420194586874E-04  12   5  11   8
  1.62064289339583832508E-05  12   5  11   9
  2.57240700179247050450E-02  12   5  11  10
 -1.15702962605506885427E-03  12   5  11  11
  4.24265117399884076027E-05  12   5  12   1
  9.32186460085904808164E-05  12   5  12   2
  5.80243946044624076160E-04  12   5  12   3
 -1.12317058200142637706E-04  12   5  12   4
  2.57086960175706598364E-02  12   5  12   5
 -8.16410496847839832479E-04  12   5  12   6
  9.24020166967481804907E-08  12   5  12   7
 -3.84860273843853255629E-03  12   5  12   8
 -2.35542535378832455784E-07  12   5  12   9
 -2.72121120993119337828E-04  12   5  12  10
  1.38883079053179585294E-02  12   5  12  11
 -1.60994945803872766509E-03  12   5  12  12
 -2.35995668906815170285E-01  12   6   1   1
 -1.70000394870402514913E-05  12   6   2   1
  2.04234499202173819254E-01  12   6   2   2
 -4.33687900887168298336E-03  12   6   3   1
 -3.22675226093824783768E-03  12   6   3   2
 -5.79272206044678036885E-02  12   6   3   3
 -6.17848937338081661587E-04  12   6   4   1
  3.84772151935159094013E-03  12   6   4   2
 -5.79874640387823686583E-02  12   6   4   3
  5.22833026081793092454E-02  12   6   4   4
 -3.69541379332896533167E-05  12   6   5   1
  2.86847489449443532989E-05  12   6   5   2
  4.41544097086037871241E-04  12   6   5   3
  2.19479451239892013473E-05  12   6   5   4
  3.23001166208807324876E-02  12   6   5   5
  2.04807880139974999786E-03  12   6   6   1
  1.43339080855976546379E-03  12   6   6   2
 -5.10785316422780952261E-02  12   6   6   3
 -7.73324827430044020593E-02  12   6   6   4
  2.84283050782509682727E-04  12   6   6   5
 -8.53830985414882059903E-02  12   6   6   6
  7.16392079908236049643E-07  12   6   7   1
  9.11438137336249030722E-07  12   6   7   2
  9.59661693348987055938E-06  12   6   7   3
 -3.21556433156161772659E-05  12   6   7   4
 -6.04828377748498887297E-08  12   6   7   5
 -1.93911122618873416003E-05  12   6   7   6
 -1.77850234496352878344E-02  12   6   7   7
  7.60664650673326125669E-05  12   6   8   1
  6.61924373704353053338E-06  12   6   8   2
 -2.14811413148649135848E-04  12   6   8   3
 -4.67469308585216657744E-04  12   6   8   4
  7.70920234051983843671E-02  12   6   8   5
  9.39650252607695629344E-05  12   6   8   6
  1.30117100427610758100E-07  12   6   8   7
 -7.14330664670803916483E-02  12   6   8   8
 -9.28316493046029438811E-07  12   6   9   1
 -1.74075897990867929740E-07  12   6   9   2
 -9.89377786109649832080E-06  12   6   9   3
  2.24266467794967154709E-05  12   6   9   4
  1.41795305030549409328E-07  12   6   9   5
  3.57777288135256634621E-05  12   6   9   6
 -1.11168539980625633024E-01  12   6   9   7
 -1.33970026658246154208E-07  12   6   9   8
 -2.15699237209939637117E-03  12   6   9   9
 -1.65461249181619212203E-03  12   6  10   1
  3.73349352799777576412E-03  12   6  10   2
 -2.29914220747406902734E-02  12   6  10   3
  4.09503364453626117481E-02  12   6  10   4
  5.92264767257833445700E-04  12   6  10   5
  1.71276108453925247910E-02  12   6  10   6
  4.44524796894164847668E-05  12   6  10   7
 -5.78341310621643584530E-05  12   6  10   8
  2.86117015066665592027E-05  12   6  10   9
  7.02342750633238865898E-02  12   6  10  10
 -3.02943509075866303617E-05  12   6  11   1
  4.11532285096114240543E-05  12   6  11   2
 -4.08486216217448139428E-04  12   6  11   3
 -2.82597821566418240784E-04  12   6  11   4
  4.60295088791610115808E-02  12   6  11   5
  1.05803840539713000547E-03  12   6  11   6
  7.71495936651696318156E-08  12   6  11   7
 -2.35330986321421152530E-02  12   6  11   8
 -7.44265435253209373112E-07  12   6  11   9
 -8.91943070214480790078E-04  12   6  11  10
  7.38247376247305742147E-02  12   6  11  11
 -5.58168485457204849309E-03  12   6  12   1
  2.26037935013987832319E-03  12   6  12   2
 -5.59047452623532004079E-02  12   6  12   3
 -2.96148485016382032389E-03  12   6  12   4
 -8.16410496847788983397E-04  12   6  12   5
  1.04650107983211865248E-01  12   6  12   6
  1.38872158892480706817E-05  12   6  12   7
  2.48999983811590643902E-04  12   6  12   8
 -2.90077650906672007691E-05  12   6  12   9
 -3.98261171865817303894E-02  12   6  12  10
 -6.24707645490498353520E-04  12   6  12  11
  8.35715489266344174757E-03  12   6  12  12
 -6.00043973415683088552E-05  12   7   1   1
 -2.13241015561854693577E-08  12   7   2   1
  2.59690015148793151476E-05  12   7   2   2
 -6.43230891093521939465E-07  12   7   3   1
 -1.42978928767848509166E-06  12   7   3   2
 -2.98347604332148398870E-05  12   7   3   3
 -1.11715439475000111346E-06  12   7   4   1
 -2.47445947884893490944E-06  12   7   4   2
 -1.18549378761136637293E-05  12   7   4   3
  2.64987701786423409875E-05  12   7   4   4
 -6.40193575851159855841E-09  12   7   5   1
 -6.16563147664055292541E-08  12   7   5   2
 -6.66248943030121025148E-08  12   7   5   3
  3.07982821269565004418E-07  12   7   5   4
  4.12330000661114125802E-06  12   7   5   5
 -5.67687865729722173794E-07  12   7   6   1
  4.34844176620944397745E-06  12   7   6   2
  2.39826131186395785725E-06  12   7   6   3
 -2.65483101188682045989E-05  12   7   6   4
  1.57932886070029579355E-08  12   7   6   5
 -2.48153528353830441194E-05  12   7   6   6
 -6.07810395222606672516E-03  12   7   7   1
 -3.94996689431925240149E-03  12   7   7   2
  1.00044525377832975443E-02  12   7   7   3
  1.33336893045614916092E-02  12   7   7   4
 -9.06575465942342393830E-05  12   7   7   5
  5.48512798455440785117E-03  12   7   7   6
 -2.12012085501757884237E-05  12   7   7   7
  7.34781279184684522637E-09  12   7   8   1
 -2.05080336463588591825E-08  12   7   8   2
 -2.64671038571013444452E-08  12   7   8   3
  6.88428040444451093039E-08  12   7   8   4
  2.36585008916139892966E-05  12   7   8   5
  1.24663691493542713543E-08  12   7   8   6
 -8.30668474691470439929E-05  12   7   8   7
 -1.76471706783770905318E-05  12   7   8   8
 -6.25341000123100666103E-03  12   7   9   1
  4.69195012784350516666E-03  12   7   9   2
  2.73520279580553200838E-02  12   7   9   3
 -3.33573138858982371283E-03  12   7   9   4
  1.19379766366029416852E-04  12   7   9   5
 -6.79194265224518194113E-03  12   7   9   6
 -1.30223753648975796692E-05  12   7   9   7
 -1.32993014923081842490E-05  12   7   9   8
 -1.29533332388619701683E-05  12   7   9   9
  2.85979874671878117650E-06  12   7  10   1
 -6.70447713209894147977E-06  12   7  10   2
 -2.05637006432812463282E-05  12   7  10   3
  1.56153401709124535837E-05  12   7  10   4
 -4.15579352416113337720E-08  12   7  10   5
  3.85288589759062757558E-06  12   7  10   6
  1.29490292768621086811E-02  12   7  10   7
 -1.10554408159145562390E-07  12   7  10   8
 -4.51614138977846947542E-03  12   7  10   9
  3.69307288120178031643E-05  12   7  10  10
 -1.08173828509988493395E-08  12   7  11   1
  2.78808842509898211734E-08  12   7  11   2
 -9.66509638012368481678E-08  12   7  11   3
 -1.10362231347542458954E-07  12   7  11   4
 -2.59405548054425905255E-06  12   7  11   5
  2.53902747869074838265E-07  12   7  11   6
  1.10398586012517410985E-04  12   7  11   7
 -1.08401239711562805541E-05  12   7  11   8
  1.53252551782634763300E-04  12   7  11   9
 -2.79033833479585408055E-07  12   7  11  10
  6.89414124556928088565E-06  12   7  11  11
 -1.64009801126938200738E-07  12   7  12   1
  6.13363582532359523933E-06  12   7  12   2
 -8.12686279905381233062E-06  12   7  12   3
 -8.47750935592044856559E-06  12   7  12   4
  9.24020167117697804147E-08  12   7  12   5
  1.38872158892346604561E-05  12   7  12   6
  2.92729021177806011944E-02  12   7  12   7
  1.85731350555137912305E-07  12   7  12   8
  3.93319789837700932444E-04  12   7  12   9
 -1.52608980242682421014E-05  12   7  12  10
 -1.09287963424435944845E-08  12   7  12  11
 -1.15349843047255103123E-05  12   7  12  12
 -2.77064029829887214368E-03  12   8   1   1
 -1.73422592511370101766E-07  12   8   2   1
 -8.43986627826387577830E-04  12   8   2   2
 -4.08493866964717132636E-05  12   8   3   1
 -2.75084912607008149265E-06  12   8   3   2
 -1.47366374069967569563E-03  12   8   3   3
 -2.19014174997026588455E-05  12   8   4   1
 -2.76988338180057110072E-05  12   8   4   2
 -3.53138677233845519991E-04  12   8   4   3
 -6.25678660834695079748E-05  12   8   4   4
  5.29225793857876925658E-03  12   8   5   1
 -1.78776014520880461613E-03  12   8   5   2
 -3.08444528026678363442E-02  12   8   5   3
  8.00960938801022898081E-03  12   8   5   4
 -3.59285067195334027225E-04  12   8   5   5
  5.93423086154283621190E-06  12   8   6   1
  1.85911987919996076564E-05  12   8   6   2
 -1.90235602441380443218E-04  12   8   6   3
 -7.13491366893383421183E-04  12   8   6   4
  2.00337063700586773610E-03  12   8   6   5
 -1.21924499724690481653E-03  12   8   6   6
  1.29158614349896838009E-08  12   8   7   1
 -9.00354503776697364423E-09  12   8   7   2
 -8.59552881270666055622E-08  12   8   7   3
 -1.18121517611252126890E-07  12   8   7   4
  9.95663845476376922652E-07  12   8   7   5
 -4.14309490369566918697E-08  12   8   7   6
 -1.08971377305816887783E-03  12   8   7   7
 -1.02147942327343935198E-02  12   8   8   1
 -4.45036987609775589163E-04  12   8   8   2
  3.54142776207774234720E-02  12   8   8   3
  1.81471526014422429585E-02  12   8   8   4
  9.45622053957853830712E-04  12   8   8   5
 -3.73194326301963487033E-03  12   8   8   6
 -1.55445699538560038299E-06  12   8   8   7
 -1.23708179760147868841E-03  12   8   8   8
 -1.56071870105118828042E-08  12   8   9   1
  1.58121528745042561031E-09  12   8   9   2
  8.03050478940165034958E-08  12   8   9   3
 -3.54923544689261727682E-07  12   8   9   4
 -7.39692759770784120151E-06  12   8   9   5
  3.10148955885541423124E-07  12   8   9   6
 -6.47657234297764616837E-04  12   8   9   7
  4.53159655007009973730E-07  12   8   9   8
 -1.00028334593223969945E-03  12   8   9   9
 -3.56293465293511130176E-05  12   8  10   1
 -5.43909008333250620047E-05  12   8  10   2
 -1.86108392229570235093E-05  12   8  10   3
 -4.21073155102613531139E-04  12   8  10   4
 -1.14307156381953847063E-02  12   8  10   5
  4.31769492493222289357E-04  12   8  10   6
  3.18657577974052070300E-07  12   8  10   7
  3.09925885345600554601E-04  12   8  10   8
  7.02631398883556612320E-07  12   8  10   9
  6.98773634250868594386E-04  12   8  10  10
 -3.12494760083298047174E-03  12   8  11   1
 -2.79920114758231428423E-03  12   8  11   2
  1.22813907226414068853E-03  12   8  11   3
  1.86906762077848338614E-03  12   8  11   4
 -3.59941007398258724492E-04  12   8  11   5
  9.49121492123487786596E-03  12   8  11   6
 -2.44110911625339101349E-06  12   8  11   7
 -3.80376473432305543896E-04  12   8  11   8
  1.03426725072984999128E-05  12   8  11   9
  1.83125745020441509092E-02  12   8  11  10
  8.03620102061888136324E-06  12   8  11  11
  1.23505771996479073036E-05  12   8  12   1
  7.10099250385277756944E-05  12   8  12   2
 -3.49457069060787157370E-04  12   8  12   3
 -7.09366322117451809665E-05  12   8  12   4
 -3.84860273843851781114E-03  12   8  12   5
  2.48999983811634066199E-04  12   8  12   6
  1.85731350577435234078E-07  12   8  12   7
  2.87921653091264863333E-02  12   8  12   8
 -4.54968261530462689951E-07  12   8  12   9
 -5.69487527227794873563E-04  12   8  12  10
  1.27524177344425226899E-02  12   8  12  11
 -1.36998840675405246688E-03  12   8  12  12
  1.26705365325408990038E-04  12   9   1   1
  3.37868602703470807055E-08  12   9   2   1
 -3.38761093605893359032E-05  12   9   2   2
  1.82469896388529006157E-06  12   9   3   1
  2.49727933577292381316E-06  12   9   3   2
  6.30129502707447145980E-05  12   9   3   3
  4.71547525977294523539E-07  12   9   4   1
  4.08376216454639485130E-06  12   9   4   2
  3.02844961536180412164E-05  12   9   4   3
 -3.62096725220821706657E-05  12   9   4   4
 -5.13524627066824835738E-09  12   9   5   1
  1.11871838094225750405E-07  12   9   5   2
  2.44595819877104026920E-07  12   9   5   3
 -8.99399648394360025143E-07  12   9   5   4
 -4.51736356318302455687E-06  12   9   5   5
  2.74267360527580481553E-06  12   9   6   1
 -7.09900350363253268175E-06  12   9   6   2
 -1.00367628443569630671E-05  12   9   6   3
  4.51975414354622751661E-05  12   9   6   4
  1.53282435533251311221E-07  12   9   6   5
  5.34408785260824989428E-05  12   9   6   6
 -7.15535842016824449874E-03  12   9   7   1
  5.04561807274966217518E-03  12   9   7   2
  4.69165169060519193778E-02  12   9   7   3
 -2.85706299925591895167E-03  12   9   7   4
  1.42516998411366198254E-04  12   9   7   5
 -1.26654834104606272421E-02  12   9   7   6
  3.92390273844416329323E-05  12   9   7   7
 -7.57463816422507425695E-09  12   9   8   1
  3.46933765569879342605E-08  12   9   8   2
  7.16695961083669429782E-08  12   9   8   3
 -4.43986729605484389776E-07  12   9   8   4
 -4.88611535672802693047E-05  12   9   8   5
  1.12689884824438609407E-07  12   9   8   6
 -4.53761780082532662655E-05  12   9   8   7
  4.09069716439157887245E-05  12   9   8   8
 -7.52319349642114557769E-03  12   9   9   1
 -5.77105198790619968591E-03  12   9   9   2
  1.35166850671836064057E-02  12   9   9   3
  1.89533662256388575618E-02  12   9   9   4
 -1.07849281791322444061E-04  12   9   9   5
  9.16030312941676708172E-03  12   9   9   6
  3.83363238503309179325E-05  12   9   9   7
 -1.18109106425882812901E-04  12   9   9   8
  4.49601648344556854842E-05  12   9   9   9
  3.08258197782368923250E-06  12   9  10   1
  9.63269539495371264893E-06  12   9  10   2
  1.11696091059147973391E-05  12   9  10   3
 -2.16987354401295698891E-05  12   9  10   4
  4.63583185069460816564E-07  12   9  10   5
 -1.24889699700493145762E-05  12   9  10   6
 -4.70714099670274666032E-03  12   9  10   7
  6.68486277072590320135E-07  12   9  10   8
  1.68055242802967880200E-02  12   9  10   9
 -6.87256045189084049940E-05  12   9  10  10
 -2.20304354227505067933E-08  12   9  11   1
 -2.91282044603018836939E-08  12   9  11   2
  2.96473408737887969175E-07  12   9  11   3
  5.00085177045854765014E-07  12   9  11   4
  7.16690875449214661452E-06  12   9  11   5
 -6.24412497728750959735E-07  12   9  11   6
  1.68861994395204682634E-04  12   9  11   7
  2.46295891615556836976E-05  12   9  11   8
  1.31979188107868641855E-04  12   9  11   9
 -2.52986902614111674320E-07  12   9  11  10
 -1.42470305655696448464E-05  12   9  11  11
 -6.62876306344532938542E-07  12   9  12   1
 -1.06210113685656877612E-05  12   9  12   2
  2.06551578414540671486E-05  12   9  12   3
  1.93751778512017156311E-05  12   9  12   4
 -2.35542535396351505883E-07  12   9  12   5
 -2.90077650906919781769E-05  12   9  12   6
  3.93319789837725869094E-04  12   9  12   7
 -4.54968261502698696946E-07  12   9  12   8
  3.63999071260914033865E-02  12   9  12   9
  1.67750396224287251501E-05  12   9  12  10
  3.38295812006504637535E-07  12   9  12  11
  3.47898452867194396543E-05  12   9  12  12
  1.75772310331534897809E-01  12  10   1   1
  5.34712932064801153213E-05  12  10   2   1
 -2.09856316092510361559E-02  12  10   2   2
  2.23872807813740122215E-03  12  10   3   1
  3.79036496100722741440E-03  12  10   3   2
  9.79150716115801678097E-02  12  10   3   3
  2.05138558044786790957E-03  12  10   4   1
  4.64638741472178477820E-03  12  10   4   2
  2.59606869520831694265E-02  12  10   4   3
 -3.25876302319966087984E-02  12  10   4   4
 -2.98654590073110184589E-06  12  10   5   1
  1.11960536605558780353E-04  12  10   5   2
  2.26330095036475172944E-04  12  10   5   3
 -1.31522810690503700638E-03  12  10   5   4
  5.99878467293652167108E-03  12  10   5   5
  4.51824537360945126252E-03  12  10   6   1
 -8.32909223153018886399E-03  12  10   6   2
 -1.22413726249404695295E-02  12  10   6   3
  5.56673875488494368513E-02  12  10   6   4
  4.36966611535328619109E-04  12  10   6   5
  6.56155921015578180722E-02  12  10   6   6
  3.81478652075923428108E-06  12  10   7   1
 -7.56161044781132377735E-06  12  10   7   2
 -3.38089805966574209316E-05  12  10   7   3
  2.97031729751656038013E-05  12  10   7   4
  1.28514113292336978874E-07  12  10   7   5
  7.62883842870950420540E-06  12  10   7   6
  5.91708008180888631045E-02  12  10   7   7
 -8.60117741190670835182E-06  12  10   8   1
  2.53769627808624696611E-05  12  10   8   2
  8.76132636263746394749E-05  12  10   8   3
 -7.19093050824063241382E-04  12  10   8   4
 -6.10480772075869884685E-02  12  10   8   5
  2.56662532236802268856E-04  12  10   8   6
  3.93597659852636529023E-08  12  10   8   7
  5.98524353094662953101E-02  12  10   8   8
  2.50875178211463089500E-06  12  10   9   1
  1.01162700082913052928E-05  12  10   9   2
  4.50361606580652921127E-06  12  10   9   3
 -1.85231011669181709492E-05  12  10   9   4
  4.49467572931569106137E-07  12  10   9   5
 -1.81160475965936762120E-05  12  10   9   6
  5.26992319808654158253E-02  12  10   9   7
  6.27776492080859678266E-07  12  10   9   8
  4.30854283620372494057E-02  12  10   9   9
 -7.62867376774910505369E-04  12  10  10   1
  6.18830639117658436871E-03  12  10  10   2
  1.03677909819275323317E-02  12  10  10   3
 -5.73735048621030162275E-03  12  10  10   4
  8.64338967618313359399E-04  12  10  10   5
 -6.38252137032167647657E-03  12  10  10   6
 -3.15913934028214534353E-06  12  10  10   7
  1.09971836798534680114E-03  12  10  10   8
 -6.10218383258354785115E-05  12  10  10   9
 -4.78346824859434277544E-02  12  10  10  10
 -1.96384413350367472578E-05  12  10  11   1
 -6.98743829549331070539E-05  12  10  11   2
  2.87447736204252428036E-04  12  10  11   3
  9.31721865015440399611E-04  12  10  11   4
  1.03797424770885327039E-02  12  10  11   5
 -9.05739259682637829624E-04  12  10  11   6
 -2.17616801462213599158E-07  12  10  11   7
  3.22385639472455506893E-02  12  10  11   8
 -1.79980782430205418776E-07  12  10  11   9
 -6.75626205415127967235E-04  12  10  11  10
 -1.41148602237754841604E-02  12  10  11  11
 -1.73815222962662931268E-03  12  10  12   1
 -1.50073017251552247309E-02  12  10  12   2
  2.72759161083557279126E-02  12  10  12   3
  2.96627601325393994158E-02  12  10  12   4
 -2.72121120993094997489E-04  12  10  12   5
 -3.98261171865816263060E-02  12  10  12   6
 -1.52608980242268357428E-05  12  10  12   7
 -5.69487527227781754717E-04  12  10  12   8
  1.67750396224373987675E-05  12  10  12   9
  5.32425294758661071803E-02  12  10  12  10
  5.65337826037189995765E-04  12  10  12  11
  5.35174200864121582533E-02  12  10  12  12
  3.99731344402056137238E-03  12  11   1   1
 -1.94994540710495953409E-07  12  11   2   1
  2.97462266078478497055E-04  12  11   2   2
  6.17844309814632623246E-05  12  11   3   1
  6.95806249246563288157E-06  12  11   3   2
  1.89930118905414792828E-03  12  11   3   3
  5.56104798366916996889E-05  12  11   4   1
  2.63077013080639372271E-06  12  11   4   2
  5.84020416112974788056E-04  12  11   4   3
  5.46711092230328792887E-05  12  11   4   4
  1.80241521686172077518E-03  12  11   5   1
 -6.04666930410605128060E-03  12  11   5   2
 -2.52977351439136466382E-02  12  11   5   3
  9.24182505827278281962E-03  12  11   5   4
 -7.01778647165846362709E-06  12  11   5   5
  1.23945284575012866718E-04  12  11   6   1
 -2.27219612614921865658E-05  12  11   6   2
 -1.99966132580249177260E-04  12  11   6   3
  6.55373876691265808657E-04  12  11   6   4
  1.14001619763425491444E-02  12  11   6   5
  1.66750402909341885471E-03  12  11   6   6
  5.71886821233311690103E-10  12  11   7   1
  2.04767607071161952460E-08  12  11   7   2
  1.35668254531581455688E-08  12  11   7   3
  1.37694645075541838466E-07  12  11   7   4
 -4.30001620030112510285E-06  12  11   7   5
  1.16121811202907551613E-07  12  11   7   6
  1.30356661915552343549E-03  12  11   7   7
 -3.55742283819945317655E-03  12  11   8   1
 -1.72528066230507237319E-03  12  11   8   2
  1.42870815904603178786E-02  12  11   8   3
  6.39608243455706045738E-03  12  11   8   4
 -1.25975104703315377366E-03  12  11   8   5
  9.25551512584498001918E-04  12  11   8   6
 -1.60603460911188821392E-06  12  11   8   7
  1.19244916074686996450E-03  12  11   8   8
 -4.52355120700500007676E-08  12  11   9   1
 -3.36596817557717638435E-08  12  11   9   2
  1.44116716818000834905E-07  12  11   9   3
  5.24597255030557051977E-07  12  11   9   4
  7.04509573360314440230E-06  12  11   9   5
 -5.05886981190057774965E-07  12  11   9   6
  9.83945183678993848253E-04  12  11   9   7
  5.72736796381710593871E-06  12  11   9   8
  1.13811700814105847858E-03  12  11   9   9
 -2.76884877746131807168E-05  12  11  10   1
 -7.49840073958773665683E-05  12  11  10   2
  1.05130223937259406446E-04  12  11  10   3
  8.00037014823950631132E-04  12  11  10   4
  1.05704009636387753074E-02  12  11  10   5
 -5.62570050703899604723E-04  12  11  10   6
 -5.87707160407752483471E-07  12  11  10   7
  9.05690985362099000577E-03  12  11  10   8
 -5.73987859741974639285E-07  12  11  10   9
 -4.13582682058689921067E-04  12  11  10  10
 -1.12916886793508583660E-03  12  11  11   1
 -9.90698692113906390078E-03  12  11  11   2
 -1.61372152042277075545E-02  12  11  11   3
  1.95344200101768596112E-02  12  11  11   4
  2.28750371035867534073E-04  12  11  11   5
  1.15027050259049485464E-02  12  11  11   6
 -8.39668230623079909906E-06  12  11  11   7
  8.21266244295828541644E-04  12  11  11   8
  8.76832750377087102877E-06  12  11  11   9
  6.42637600324820219139E-03  12  11  11  10
 -6.67302508229588448030E-05  12  11  11  11
 -3.41271627852704321788E-05  12  11  12   1
  1.34819307163402241599E-04  12  11  12   2
  1.01670585115912052478E-03  12  11  12   3
 -4.71278535480601100307E-04  12  11  12   4
  1.38883079053179550599E-02  12  11  12   5
 -6.24707645490529036442E-04  12  11  12   6
 -1.09287963920568040189E-08  12  11  12   7
  1.27524177344425122815E-02  12  11  12   8
  3.38295812014649706356E-07  12  11  12   9
  5.65337826037139255103E-04  12  11  12  10
  2.86303978177654024073E-02  12  11  12  11
  9.88635364782820998120E-04  12  11  12  12
  8.38889998673065795387E-01  12  12   1   1
  1.55842132084826159356E-05  12  12   2   1
  7.93091720103867081626E-01  12  12   2   2
  6.53042974501100419865E-03  12  12   3   1
 -2.56240596337770206933E-03  12  12   3   2
  6.54117885116497155273E-01  12  12   3   3
  7.73729622634294292999E-03  12  12   4   1
  1.22050327242178326126E-02  12  12   4   2
  1.16530425891942599620E-02  12  12   4   3
  4.76752117432651389972E-01  12  12   4   4
 -7.76000729223416294781E-05  12  12   5   1
  1.72189585204052155853E-04  12  12   5   2
  6.99968300091809397627E-04  12  12   5   3
 -3.83275839213434508894E-04  12  12   5   4
  5.04353011037167009434E-01  12  12   5   5
  1.79439326556982796379E-02  12  12   6   1
 -5.29177782833047550409E-03  12  12   6   2
 -8.65200339139924889942E-02  12  12   6   3
  3.44188155577190985079E-02  12  12   6   4
 -2.62386621059919778343E-04  12  12   6   5
  5.78523386027482988681E-01  12  12   6   6
  2.31330123966893271904E-06  12  12   7   1
 -4.47214251258666431238E-06  12  12   7   2
 -1.46607077278147887920E-05  12  12   7   3
  1.00377546392702578736E-05  12  12   7   4
  2.43915954246058852966E-07  12  12   7   5
  5.38203230826614535571E-07  12  12   7   6
  5.80367543869774182852E-01  12  12   7   7
  9.80213393180917743567E-05  12  12   8   1
  3.13509336497988608684E-05  12  12   8   2
 -5.07801368472890436376E-04  12  12   8   3
 -1.21384833223273284441E-04  12  12   8   4
 -7.61818220266600731883E-02  12  12   8   5
 -7.82961395743425050357E-05  12  12   8   6
  9.07455331738517364208E-08  12  12   8   7
  5.42549957076435496184E-01  12  12   8   8
 -3.78070882849810949148E-06  12  12   9   1
  8.18573463982103603494E-06  12  12   9   2
  1.40720701070968874424E-05  12  12   9   3
  4.44546171287752721660E-05  12  12   9   4
 -3.40512247770252674350E-08  12  12   9   5
 -2.97142775270113855535E-05  12  12   9   6
  2.42082733686535093998E-02  12  12   9   7
 -2.91494288667547786011E-08  12  12   9   8
  5.78658912677935566293E-01  12  12   9   9
 -3.48560980431709315289E-03  12  12  10   1
  1.32977226939797396610E-02  12  12  10   2
  7.88965381572108437336E-03  12  12  10   3
  9.56562626311820984881E-02  12  12  10   4
  5.91843769952432314889E-04  12  12  10   5
 -5.13909222471912174868E-02  12  12  10   6
 -4.59514262829543270654E-06  12  12  10   7
  3.96816236599452625694E-04  12  12  10   8
 -7.60851106931768883523E-05  12  12  10   9
  4.48083456091947718303E-01  12  12  10  10
 -6.89006902606301559156E-05  12  12  11   1
  6.36836276674610359070E-05  12  12  11   2
  1.15432409826693688042E-03  12  12  11   3
 -1.15277017687081921593E-03  12  12  11   4
  9.36335373737187670606E-02  12  12  11   5
  2.00740930849784465816E-04  12  12  11   6
 -4.74096620048897727850E-08  12  12  11   7
  8.10270521904535995228E-02  12  12  11   8
  6.81973928225165781924E-07  12  12  11   9
  8.22415069226575812245E-04  12  12  11  10
  5.00029871639506739989E-01  12  12  11  11
 -9.80119725146885896472E-03  12  12  12   1
 -7.60147938407700583807E-03  12  12  12   2
  5.35137694226966650901E-02  12  12  12   3
  8.42989244198584682100E-03  12  12  12   4
 -1.60994945803882914641E-03  12  12  12   5
  8.35715489266396216461E-03  12  12  12   6
 -1.15349843045295610985E-05  12  12  12   7
 -1.36998840675409865389E-03  12  12  12   8
  3.47898452867090313134E-05  12  12  12   9
  5.35174200864122207033E-02  12  12  12  10
  9.88635364782761150160E-04  12  12  12  11
  6.83435486266568137381E-01  12  12  12  12
 -3.46901148864003445738E+01   1   1   0   0
  1.66243491254816015256E-04   2   1   0   0
 -2.21459424782851037605E+01   2   2   0   0
 -5.15569096689032613234E-01   3   1   0   0
  1.82313145605956627993E-01   3   2   0   0
 -1.00956622942458533743E+01   3   3   0   0
 -2.36459281566938767094E-01   4   1   0   0
 -3.33054355713019334395E-01   4   2   0   0
 -4.55853296546185893234E-01   4   3   0   0
 -7.32411211834380893038E+00   4   4   0   0
  7.92203324645922453938E-04   5   1   0   0
 -4.79075643192758253170E-04   5   2   0   0
 -7.45536346611282412650E-04   5   3   0   0
  3.91048982229028497387E-03   5   4   0   0
 -7.55504223436434596550E+00   5   5   0   0
 -2.49711489855502372093E-01   6   1   0   0
 -2.52350411015142246998E-03   6   2   0   0
  4.90741624012394406229E-01   6   3   0   0
 -8.32985509284125291707E-01   6   4   0   0
  5.87598278826039670600E-04   6   5   0   0
 -8.84211125499301964226E+00   6   6   0   0
 -1.67380674791291684698E-05   7   1   0   0
  1.35136593708508952628E-04   7   2   0   0
  2.68470930021062097800E-04   7   3   0   0
 -3.23869529974469378634E-04   7   4   0   0
 -2.31591929055744553153E-06   7   5   0   0
 -7.41071658028892815522E-05   7   6   0   0
 -8.64197147793272435479E+00   7   7   0   0
 -4.21041828832584490801E-06   8   1   0   0
  1.38824213071088372077E-04   8   2   0   0
  2.22944941877779466075E-03   8   3   0   0
 -4.38684802759566614457E-04   8   4   0   0
  1.31460762702022293524E+00   8   5   0   0
  1.51127445181616841367E-03   8   6   0   0
 -8.57775841174856157701E-08   8   7   0   0
 -8.36455374785169780694E+00   8   8   0   0
 -1.11388111670276678417E-05   9   1   0   0
 -2.42062329721645414123E-04   9   2   0   0
 -1.33809071479734978654E-04   9   3   0   0
 -3.90096406842969510749E-04   9   4   0   0
 -1.67643764542649043510E-06   9   5   0   0
  5.16271520155275518392E-04   9   6   0   0
 -8.83741320076264047501E-01   9   7   0   0
 -2.93573959937431050671E-06   9   8   0   0
 -8.36764408683701077507E+00   9   9   0   0
 -5.53384604783980008080E-02  10   1   0   0
 -3.54921249284160744697E-01  10   2   0   0
 -1.02704004907852780581E-01  10   3   0   0
 -1.10092957957429038451E+00  10   4   0   0
 -9.66096405844098747584E-03  10   5   0   0
  7.03237820155753312612E-01  10   6   0   0
  2.60708808513088034515E-04  10   7   0   0
 -9.85863986651461590704E-03  10   8   0   0
  1.28164348937018224284E-03  10   9   0   0
 -5.91388313543583610254E+00  10  10   0   0
 -1.92820243055892744100E-03  11   1   0   0
  2.06786254580617646914E-03  11   2   0   0
 -1.06452501137809865672E-02  11   3   0   0
  7.95768519221543534081E-03  11   4   0   0
 -1.00232723524850309005E+00  11   5   0   0
 -5.55738820884757369484E-04  11   6   0   0
  2.75655680089519227022E-06  11   7   0   0
 -1.21616053696833792408E+00  11   8   0   0
 -1.31176846520780765459E-05  11   9   0   0
 -1.27604103944152225125E-02  11  10   0   0
 -6.50714998689680079735E+00  11  11   0   0
 -2.12064844241430822125E-01  12   1   0   0
 -4.45963881361201019971E-02  12   2   0   0
 -7.93653253959830218278E-01  12   3   0   0
 -7.73871891623077179378E-02  12   4   0   0
  1.36564035821910133989E-02  12   5   0   0
  2.94134196418183835320E-01  12   6   0   0
  1.53997624242143365094E-04  12   7   0   0
  1.64060056317671676407E-02  12   8   0   0
 -4.68707011571201093147E-04  12   9   0   0
 -7.66111947147987359941E-01  12  10   0   0
 -1.98809716435650596367E-02  12  11   0   0
 -8.67064605189272796792E+00  12  12   0   0
 -2.03099398696657722496E+01   1   0   0   0
 -1.11213536972399129610E+01   2   0   0   0
 -1.32577353765418903819E+00   3   0   0   0
 -8.12757658916149816619E-01   4   0   0   0
 -6.30746209651181888312E-01   5   0   0   0
 -5.41676041082689074813E-01   6   0   0   0
 -4.33754003879537441968E-01   7   0   0   0
 -3.56562650932346014709E-01   8   0   0   0
  2.75429998891179583786E-01   9   0   0   0
  6.38557612551896691677E-01  10   0   0   0
  7.41719925734430685083E-01  11   0   0   0
  8.88670998553441893186E-01  12   0   0   0
  3.08382636849267832702E+01   0   0   0   0
