filename,molecule,ansatz,layers,basis,init,n_qubits,norb,n_alpha_target,n_beta_target,n_unique_strings,n_correct_strings,frac_correct_strings,prob_mass_correct,prob_mass_1e_neighbor
(Z)-1-fluoroprop-1-ene_LUCJ_L1_STO-3G_CCSD.npz,(Z)-1-fluoroprop-1-ene,LUCJ,1,STO-3G,CCSD,50,25,16,16,10000,133,0.0133,0.013300000000000003,0.052400000000000016
(Z)-1-fluoroprop-1-ene_LUCJ_L1_STO-3G_ML.npz,(Z)-1-fluoroprop-1-ene,LUCJ,1,STO-3G,ML,50,25,16,16,10000,86,0.0086,0.008599999999999998,0.03610000000000001
(Z)-1-fluoroprop-1-ene_LUCJ_L1_STO-3G_ML_exact.npz,(Z)-1-fluoroprop-1-ene,LUCJ,1,STO-3G,ML_exact,50,25,16,16,10000,99,0.0099,0.0099,0.04160000000000001
(Z)-1-fluoroprop-1-ene_LUCJ_L1_STO-3G_MP2.npz,(Z)-1-fluoroprop-1-ene,LUCJ,1,STO-3G,MP2,50,25,16,16,10000,38,0.0038,0.003799999999999999,0.019200000000000005
(Z)-1-fluoroprop-1-ene_LUCJ_L1_STO-3G_random.npz,(Z)-1-fluoroprop-1-ene,LUCJ,1,STO-3G,random,50,25,16,16,10000,80,0.008,0.008000000000000002,0.040600000000000004
(Z)-1-fluoroprop-1-ene_LUCJ_L1_STO-3G_zeroes.npz,(Z)-1-fluoroprop-1-ene,LUCJ,1,STO-3G,zeroes,50,25,16,16,9998,114,0.011402280456091218,0.011400000000000002,0.056200000000000014
(Z)-1-fluoroprop-1-ene_LUCJ_L1_aug-cc-pVDZ_CCSD.npz,(Z)-1-fluoroprop-1-ene,LUCJ,1,aug-cc-pVDZ,CCSD,50,25,16,16,10000,71,0.0071,0.007100000000000003,0.031900000000000005
(Z)-1-fluoroprop-1-ene_LUCJ_L1_aug-cc-pVDZ_ML.npz,(Z)-1-fluoroprop-1-ene,LUCJ,1,aug-cc-pVDZ,ML,50,25,16,16,10000,100,0.01,0.01,0.03530000000000001
(Z)-1-fluoroprop-1-ene_LUCJ_L1_aug-cc-pVDZ_ML_exact.npz,(Z)-1-fluoroprop-1-ene,LUCJ,1,aug-cc-pVDZ,ML_exact,50,25,16,16,10000,85,0.0085,0.008499999999999999,0.03520000000000001
(Z)-1-fluoroprop-1-ene_LUCJ_L1_aug-cc-pVDZ_MP2.npz,(Z)-1-fluoroprop-1-ene,LUCJ,1,aug-cc-pVDZ,MP2,50,25,16,16,10000,77,0.0077,0.007700000000000003,0.030200000000000005
(Z)-1-fluoroprop-1-ene_LUCJ_L1_aug-cc-pVDZ_random.npz,(Z)-1-fluoroprop-1-ene,LUCJ,1,aug-cc-pVDZ,random,50,25,16,16,10000,95,0.0095,0.009499999999999998,0.03830000000000001
(Z)-1-fluoroprop-1-ene_LUCJ_L1_aug-cc-pVDZ_zeroes.npz,(Z)-1-fluoroprop-1-ene,LUCJ,1,aug-cc-pVDZ,zeroes,50,25,16,16,9998,153,0.015303060612122424,0.015300000000000003,0.05440000000000001
(Z)-1-fluoroprop-1-ene_LUCJ_L1_cc-pVDZ_CCSD.npz,(Z)-1-fluoroprop-1-ene,LUCJ,1,cc-pVDZ,CCSD,50,25,16,16,10000,43,0.0043,0.004300000000000001,0.021700000000000004
(Z)-1-fluoroprop-1-ene_LUCJ_L1_cc-pVDZ_ML.npz,(Z)-1-fluoroprop-1-ene,LUCJ,1,cc-pVDZ,ML,50,25,16,16,10000,62,0.0062,0.006200000000000002,0.023500000000000007
(Z)-1-fluoroprop-1-ene_LUCJ_L1_cc-pVDZ_ML_exact.npz,(Z)-1-fluoroprop-1-ene,LUCJ,1,cc-pVDZ,ML_exact,50,25,16,16,10000,53,0.0053,0.005300000000000002,0.026800000000000008
(Z)-1-fluoroprop-1-ene_LUCJ_L1_cc-pVDZ_MP2.npz,(Z)-1-fluoroprop-1-ene,LUCJ,1,cc-pVDZ,MP2,50,25,16,16,10000,56,0.0056,0.005600000000000001,0.02480000000000001
(Z)-1-fluoroprop-1-ene_LUCJ_L1_cc-pVDZ_random.npz,(Z)-1-fluoroprop-1-ene,LUCJ,1,cc-pVDZ,random,50,25,16,16,10000,74,0.0074,0.007400000000000002,0.038900000000000004
(Z)-1-fluoroprop-1-ene_LUCJ_L1_cc-pVDZ_zeroes.npz,(Z)-1-fluoroprop-1-ene,LUCJ,1,cc-pVDZ,zeroes,50,25,16,16,10000,155,0.0155,0.015500000000000002,0.059200000000000016
(Z)-1-fluoroprop-1-ene_LUCJ_L2_STO-3G_CCSD.npz,(Z)-1-fluoroprop-1-ene,LUCJ,2,STO-3G,CCSD,50,25,16,16,10000,62,0.0062,0.006200000000000002,0.024700000000000003
(Z)-1-fluoroprop-1-ene_LUCJ_L2_STO-3G_ML.npz,(Z)-1-fluoroprop-1-ene,LUCJ,2,STO-3G,ML,50,25,16,16,10000,63,0.0063,0.006300000000000003,0.026400000000000007
(Z)-1-fluoroprop-1-ene_LUCJ_L2_STO-3G_ML_exact.npz,(Z)-1-fluoroprop-1-ene,LUCJ,2,STO-3G,ML_exact,50,25,16,16,10000,72,0.0072,0.0072000000000000015,0.028500000000000004
(Z)-1-fluoroprop-1-ene_LUCJ_L2_STO-3G_MP2.npz,(Z)-1-fluoroprop-1-ene,LUCJ,2,STO-3G,MP2,50,25,16,16,10000,74,0.0074,0.007400000000000002,0.030400000000000007
(Z)-1-fluoroprop-1-ene_LUCJ_L2_STO-3G_random.npz,(Z)-1-fluoroprop-1-ene,LUCJ,2,STO-3G,random,50,25,16,16,10000,59,0.0059,0.005900000000000002,0.024900000000000005
(Z)-1-fluoroprop-1-ene_LUCJ_L2_STO-3G_zeroes.npz,(Z)-1-fluoroprop-1-ene,LUCJ,2,STO-3G,zeroes,50,25,16,16,10000,121,0.0121,0.012100000000000003,0.05460000000000001
(Z)-1-fluoroprop-1-ene_LUCJ_L2_aug-cc-pVDZ_CCSD.npz,(Z)-1-fluoroprop-1-ene,LUCJ,2,aug-cc-pVDZ,CCSD,50,25,16,16,10000,80,0.008,0.008000000000000002,0.027400000000000008
(Z)-1-fluoroprop-1-ene_LUCJ_L2_aug-cc-pVDZ_ML.npz,(Z)-1-fluoroprop-1-ene,LUCJ,2,aug-cc-pVDZ,ML,50,25,16,16,10000,56,0.0056,0.005600000000000001,0.025100000000000008
(Z)-1-fluoroprop-1-ene_LUCJ_L2_aug-cc-pVDZ_ML_exact.npz,(Z)-1-fluoroprop-1-ene,LUCJ,2,aug-cc-pVDZ,ML_exact,50,25,16,16,10000,66,0.0066,0.006600000000000002,0.024300000000000006
(Z)-1-fluoroprop-1-ene_LUCJ_L2_aug-cc-pVDZ_MP2.npz,(Z)-1-fluoroprop-1-ene,LUCJ,2,aug-cc-pVDZ,MP2,50,25,16,16,10000,58,0.0058,0.005800000000000001,0.02650000000000001
(Z)-1-fluoroprop-1-ene_LUCJ_L2_aug-cc-pVDZ_random.npz,(Z)-1-fluoroprop-1-ene,LUCJ,2,aug-cc-pVDZ,random,50,25,16,16,10000,65,0.0065,0.0065000000000000014,0.024900000000000005
(Z)-1-fluoroprop-1-ene_LUCJ_L2_aug-cc-pVDZ_zeroes.npz,(Z)-1-fluoroprop-1-ene,LUCJ,2,aug-cc-pVDZ,zeroes,50,25,16,16,9999,129,0.012901290129012902,0.012900000000000002,0.053600000000000016
(Z)-1-fluoroprop-1-ene_LUCJ_L2_cc-pVDZ_CCSD.npz,(Z)-1-fluoroprop-1-ene,LUCJ,2,cc-pVDZ,CCSD,50,25,16,16,10000,74,0.0074,0.007400000000000002,0.024200000000000006
(Z)-1-fluoroprop-1-ene_LUCJ_L2_cc-pVDZ_ML.npz,(Z)-1-fluoroprop-1-ene,LUCJ,2,cc-pVDZ,ML,50,25,16,16,10000,54,0.0054,0.005400000000000002,0.025800000000000007
(Z)-1-fluoroprop-1-ene_LUCJ_L2_cc-pVDZ_ML_exact.npz,(Z)-1-fluoroprop-1-ene,LUCJ,2,cc-pVDZ,ML_exact,50,25,16,16,10000,52,0.0052,0.0052000000000000015,0.025800000000000007
(Z)-1-fluoroprop-1-ene_LUCJ_L2_cc-pVDZ_MP2.npz,(Z)-1-fluoroprop-1-ene,LUCJ,2,cc-pVDZ,MP2,50,25,16,16,10000,44,0.0044,0.004400000000000001,0.024300000000000006
(Z)-1-fluoroprop-1-ene_LUCJ_L2_cc-pVDZ_random.npz,(Z)-1-fluoroprop-1-ene,LUCJ,2,cc-pVDZ,random,50,25,16,16,10000,60,0.006,0.006000000000000002,0.025900000000000006
(Z)-1-fluoroprop-1-ene_LUCJ_L2_cc-pVDZ_zeroes.npz,(Z)-1-fluoroprop-1-ene,LUCJ,2,cc-pVDZ,zeroes,50,25,16,16,10000,128,0.0128,0.012800000000000004,0.06240000000000001
(Z)-1-fluoroprop-1-ene_LUCJ_L3_STO-3G_CCSD.npz,(Z)-1-fluoroprop-1-ene,LUCJ,3,STO-3G,CCSD,50,25,16,16,10000,46,0.0046,0.004600000000000002,0.024500000000000004
(Z)-1-fluoroprop-1-ene_LUCJ_L3_STO-3G_ML.npz,(Z)-1-fluoroprop-1-ene,LUCJ,3,STO-3G,ML,50,25,16,16,10000,49,0.0049,0.004900000000000001,0.02600000000000001
(Z)-1-fluoroprop-1-ene_LUCJ_L3_STO-3G_ML_exact.npz,(Z)-1-fluoroprop-1-ene,LUCJ,3,STO-3G,ML_exact,50,25,16,16,10000,62,0.0062,0.006200000000000002,0.02600000000000001
(Z)-1-fluoroprop-1-ene_LUCJ_L3_STO-3G_MP2.npz,(Z)-1-fluoroprop-1-ene,LUCJ,3,STO-3G,MP2,50,25,16,16,10000,58,0.0058,0.005800000000000001,0.024700000000000003
(Z)-1-fluoroprop-1-ene_LUCJ_L3_STO-3G_random.npz,(Z)-1-fluoroprop-1-ene,LUCJ,3,STO-3G,random,50,25,16,16,10000,48,0.0048,0.0048000000000000004,0.0238
(Z)-1-fluoroprop-1-ene_LUCJ_L3_STO-3G_zeroes.npz,(Z)-1-fluoroprop-1-ene,LUCJ,3,STO-3G,zeroes,50,25,16,16,9998,142,0.014202840568113623,0.014200000000000004,0.049000000000000016
(Z)-1-fluoroprop-1-ene_LUCJ_L3_aug-cc-pVDZ_CCSD.npz,(Z)-1-fluoroprop-1-ene,LUCJ,3,aug-cc-pVDZ,CCSD,50,25,16,16,10000,63,0.0063,0.006300000000000003,0.02700000000000001
(Z)-1-fluoroprop-1-ene_LUCJ_L3_aug-cc-pVDZ_ML.npz,(Z)-1-fluoroprop-1-ene,LUCJ,3,aug-cc-pVDZ,ML,50,25,16,16,10000,73,0.0073,0.007300000000000002,0.027200000000000005
(Z)-1-fluoroprop-1-ene_LUCJ_L3_aug-cc-pVDZ_ML_exact.npz,(Z)-1-fluoroprop-1-ene,LUCJ,3,aug-cc-pVDZ,ML_exact,50,25,16,16,10000,60,0.006,0.006000000000000002,0.025400000000000006
(Z)-1-fluoroprop-1-ene_LUCJ_L3_aug-cc-pVDZ_MP2.npz,(Z)-1-fluoroprop-1-ene,LUCJ,3,aug-cc-pVDZ,MP2,50,25,16,16,10000,63,0.0063,0.006300000000000003,0.02700000000000001
(Z)-1-fluoroprop-1-ene_LUCJ_L3_aug-cc-pVDZ_random.npz,(Z)-1-fluoroprop-1-ene,LUCJ,3,aug-cc-pVDZ,random,50,25,16,16,10000,64,0.0064,0.006400000000000001,0.02480000000000001
(Z)-1-fluoroprop-1-ene_LUCJ_L3_aug-cc-pVDZ_zeroes.npz,(Z)-1-fluoroprop-1-ene,LUCJ,3,aug-cc-pVDZ,zeroes,50,25,16,16,9994,159,0.015909545727436462,0.0161,0.059800000000000006
(Z)-1-fluoroprop-1-ene_LUCJ_L3_cc-pVDZ_CCSD.npz,(Z)-1-fluoroprop-1-ene,LUCJ,3,cc-pVDZ,CCSD,50,25,16,16,10000,65,0.0065,0.0065000000000000014,0.024100000000000007
(Z)-1-fluoroprop-1-ene_LUCJ_L3_cc-pVDZ_ML.npz,(Z)-1-fluoroprop-1-ene,LUCJ,3,cc-pVDZ,ML,50,25,16,16,10000,54,0.0054,0.005400000000000002,0.024700000000000003
(Z)-1-fluoroprop-1-ene_LUCJ_L3_cc-pVDZ_ML_exact.npz,(Z)-1-fluoroprop-1-ene,LUCJ,3,cc-pVDZ,ML_exact,50,25,16,16,10000,56,0.0056,0.005600000000000001,0.026600000000000006
(Z)-1-fluoroprop-1-ene_LUCJ_L3_cc-pVDZ_MP2.npz,(Z)-1-fluoroprop-1-ene,LUCJ,3,cc-pVDZ,MP2,50,25,16,16,10000,75,0.0075,0.007500000000000002,0.027600000000000006
(Z)-1-fluoroprop-1-ene_LUCJ_L3_cc-pVDZ_random.npz,(Z)-1-fluoroprop-1-ene,LUCJ,3,cc-pVDZ,random,50,25,16,16,10000,61,0.0061,0.006100000000000002,0.023200000000000005
(Z)-1-fluoroprop-1-ene_LUCJ_L3_cc-pVDZ_zeroes.npz,(Z)-1-fluoroprop-1-ene,LUCJ,3,cc-pVDZ,zeroes,50,25,16,16,9999,147,0.014701470147014702,0.014700000000000005,0.06140000000000001
(Z)-1-fluoroprop-1-ene_LUCJ_L4_STO-3G_CCSD.npz,(Z)-1-fluoroprop-1-ene,LUCJ,4,STO-3G,CCSD,50,25,16,16,10000,65,0.0065,0.0065000000000000014,0.031100000000000003
(Z)-1-fluoroprop-1-ene_LUCJ_L4_STO-3G_ML.npz,(Z)-1-fluoroprop-1-ene,LUCJ,4,STO-3G,ML,50,25,16,16,10000,54,0.0054,0.005400000000000002,0.027900000000000008
(Z)-1-fluoroprop-1-ene_LUCJ_L4_STO-3G_ML_exact.npz,(Z)-1-fluoroprop-1-ene,LUCJ,4,STO-3G,ML_exact,50,25,16,16,10000,59,0.0059,0.005900000000000002,0.025200000000000007
(Z)-1-fluoroprop-1-ene_LUCJ_L4_STO-3G_MP2.npz,(Z)-1-fluoroprop-1-ene,LUCJ,4,STO-3G,MP2,50,25,16,16,10000,60,0.006,0.006000000000000002,0.028100000000000007
(Z)-1-fluoroprop-1-ene_LUCJ_L4_STO-3G_random.npz,(Z)-1-fluoroprop-1-ene,LUCJ,4,STO-3G,random,50,25,16,16,10000,70,0.007,0.007000000000000003,0.026800000000000008
(Z)-1-fluoroprop-1-ene_LUCJ_L4_STO-3G_zeroes.npz,(Z)-1-fluoroprop-1-ene,LUCJ,4,STO-3G,zeroes,50,25,16,16,10000,136,0.0136,0.013600000000000003,0.05370000000000001
(Z)-1-fluoroprop-1-ene_LUCJ_L4_aug-cc-pVDZ_CCSD.npz,(Z)-1-fluoroprop-1-ene,LUCJ,4,aug-cc-pVDZ,CCSD,50,25,16,16,10000,61,0.0061,0.006100000000000002,0.026100000000000005
(Z)-1-fluoroprop-1-ene_LUCJ_L4_aug-cc-pVDZ_ML.npz,(Z)-1-fluoroprop-1-ene,LUCJ,4,aug-cc-pVDZ,ML,50,25,16,16,10000,80,0.008,0.008000000000000002,0.022700000000000005
(Z)-1-fluoroprop-1-ene_LUCJ_L4_aug-cc-pVDZ_ML_exact.npz,(Z)-1-fluoroprop-1-ene,LUCJ,4,aug-cc-pVDZ,ML_exact,50,25,16,16,10000,61,0.0061,0.006100000000000002,0.02840000000000001
(Z)-1-fluoroprop-1-ene_LUCJ_L4_aug-cc-pVDZ_MP2.npz,(Z)-1-fluoroprop-1-ene,LUCJ,4,aug-cc-pVDZ,MP2,50,25,16,16,10000,60,0.006,0.006000000000000002,0.02700000000000001
(Z)-1-fluoroprop-1-ene_LUCJ_L4_aug-cc-pVDZ_random.npz,(Z)-1-fluoroprop-1-ene,LUCJ,4,aug-cc-pVDZ,random,50,25,16,16,10000,67,0.0067,0.006700000000000002,0.023300000000000008
(Z)-1-fluoroprop-1-ene_LUCJ_L4_aug-cc-pVDZ_zeroes.npz,(Z)-1-fluoroprop-1-ene,LUCJ,4,aug-cc-pVDZ,zeroes,50,25,16,16,9998,122,0.01220244048809762,0.012200000000000003,0.052800000000000014
(Z)-1-fluoroprop-1-ene_LUCJ_L4_cc-pVDZ_CCSD.npz,(Z)-1-fluoroprop-1-ene,LUCJ,4,cc-pVDZ,CCSD,50,25,16,16,10000,53,0.0053,0.005300000000000002,0.02650000000000001
(Z)-1-fluoroprop-1-ene_LUCJ_L4_cc-pVDZ_ML.npz,(Z)-1-fluoroprop-1-ene,LUCJ,4,cc-pVDZ,ML,50,25,16,16,10000,76,0.0076,0.007600000000000003,0.026400000000000007
(Z)-1-fluoroprop-1-ene_LUCJ_L4_cc-pVDZ_ML_exact.npz,(Z)-1-fluoroprop-1-ene,LUCJ,4,cc-pVDZ,ML_exact,50,25,16,16,10000,51,0.0051,0.005100000000000001,0.02650000000000001
(Z)-1-fluoroprop-1-ene_LUCJ_L4_cc-pVDZ_MP2.npz,(Z)-1-fluoroprop-1-ene,LUCJ,4,cc-pVDZ,MP2,50,25,16,16,10000,79,0.0079,0.007900000000000003,0.029300000000000007
(Z)-1-fluoroprop-1-ene_LUCJ_L4_cc-pVDZ_random.npz,(Z)-1-fluoroprop-1-ene,LUCJ,4,cc-pVDZ,random,50,25,16,16,10000,58,0.0058,0.005800000000000001,0.02700000000000001
(Z)-1-fluoroprop-1-ene_LUCJ_L4_cc-pVDZ_zeroes.npz,(Z)-1-fluoroprop-1-ene,LUCJ,4,cc-pVDZ,zeroes,50,25,16,16,10000,131,0.0131,0.013100000000000004,0.058200000000000016
(Z)-1-fluoroprop-1-ene_LUCJ_L5_STO-3G_CCSD.npz,(Z)-1-fluoroprop-1-ene,LUCJ,5,STO-3G,CCSD,50,25,16,16,10000,78,0.0078,0.007800000000000003,0.0316
(Z)-1-fluoroprop-1-ene_LUCJ_L5_STO-3G_ML.npz,(Z)-1-fluoroprop-1-ene,LUCJ,5,STO-3G,ML,50,25,16,16,10000,74,0.0074,0.007400000000000002,0.032100000000000004
(Z)-1-fluoroprop-1-ene_LUCJ_L5_STO-3G_ML_exact.npz,(Z)-1-fluoroprop-1-ene,LUCJ,5,STO-3G,ML_exact,50,25,16,16,10000,65,0.0065,0.0065000000000000014,0.029700000000000004
(Z)-1-fluoroprop-1-ene_LUCJ_L5_STO-3G_MP2.npz,(Z)-1-fluoroprop-1-ene,LUCJ,5,STO-3G,MP2,50,25,16,16,10000,65,0.0065,0.0065000000000000014,0.026900000000000007
(Z)-1-fluoroprop-1-ene_LUCJ_L5_STO-3G_random.npz,(Z)-1-fluoroprop-1-ene,LUCJ,5,STO-3G,random,50,25,16,16,10000,58,0.0058,0.005800000000000001,0.027600000000000006
(Z)-1-fluoroprop-1-ene_LUCJ_L5_STO-3G_zeroes.npz,(Z)-1-fluoroprop-1-ene,LUCJ,5,STO-3G,zeroes,50,25,16,16,9999,129,0.012901290129012902,0.012900000000000002,0.05470000000000001
(Z)-1-fluoroprop-1-ene_LUCJ_L5_aug-cc-pVDZ_CCSD.npz,(Z)-1-fluoroprop-1-ene,LUCJ,5,aug-cc-pVDZ,CCSD,50,25,16,16,10000,86,0.0086,0.008599999999999998,0.029300000000000007
(Z)-1-fluoroprop-1-ene_LUCJ_L5_aug-cc-pVDZ_ML.npz,(Z)-1-fluoroprop-1-ene,LUCJ,5,aug-cc-pVDZ,ML,50,25,16,16,10000,68,0.0068,0.006800000000000002,0.029100000000000008
(Z)-1-fluoroprop-1-ene_LUCJ_L5_aug-cc-pVDZ_ML_exact.npz,(Z)-1-fluoroprop-1-ene,LUCJ,5,aug-cc-pVDZ,ML_exact,50,25,16,16,10000,73,0.0073,0.007300000000000002,0.029700000000000004
(Z)-1-fluoroprop-1-ene_LUCJ_L5_aug-cc-pVDZ_MP2.npz,(Z)-1-fluoroprop-1-ene,LUCJ,5,aug-cc-pVDZ,MP2,50,25,16,16,10000,76,0.0076,0.007600000000000003,0.027600000000000006
(Z)-1-fluoroprop-1-ene_LUCJ_L5_aug-cc-pVDZ_random.npz,(Z)-1-fluoroprop-1-ene,LUCJ,5,aug-cc-pVDZ,random,50,25,16,16,10000,82,0.0082,0.0082,0.029500000000000005
(Z)-1-fluoroprop-1-ene_LUCJ_L5_aug-cc-pVDZ_zeroes.npz,(Z)-1-fluoroprop-1-ene,LUCJ,5,aug-cc-pVDZ,zeroes,50,25,16,16,9997,110,0.01100330099029709,0.011,0.049500000000000016
(Z)-1-fluoroprop-1-ene_LUCJ_L5_cc-pVDZ_CCSD.npz,(Z)-1-fluoroprop-1-ene,LUCJ,5,cc-pVDZ,CCSD,50,25,16,16,10000,82,0.0082,0.0082,0.027300000000000005
(Z)-1-fluoroprop-1-ene_LUCJ_L5_cc-pVDZ_ML.npz,(Z)-1-fluoroprop-1-ene,LUCJ,5,cc-pVDZ,ML,50,25,16,16,10000,70,0.007,0.007000000000000003,0.031100000000000003
(Z)-1-fluoroprop-1-ene_LUCJ_L5_cc-pVDZ_ML_exact.npz,(Z)-1-fluoroprop-1-ene,LUCJ,5,cc-pVDZ,ML_exact,50,25,16,16,10000,61,0.0061,0.006100000000000002,0.030000000000000006
(Z)-1-fluoroprop-1-ene_LUCJ_L5_cc-pVDZ_MP2.npz,(Z)-1-fluoroprop-1-ene,LUCJ,5,cc-pVDZ,MP2,50,25,16,16,10000,75,0.0075,0.007500000000000002,0.028200000000000006
(Z)-1-fluoroprop-1-ene_LUCJ_L5_cc-pVDZ_random.npz,(Z)-1-fluoroprop-1-ene,LUCJ,5,cc-pVDZ,random,50,25,16,16,10000,80,0.008,0.008000000000000002,0.030000000000000006
(Z)-1-fluoroprop-1-ene_LUCJ_L5_cc-pVDZ_zeroes.npz,(Z)-1-fluoroprop-1-ene,LUCJ,5,cc-pVDZ,zeroes,50,25,16,16,10000,134,0.0134,0.013400000000000004,0.05710000000000001
ammonia_LUCJ_L1_STO-3G_CCSD.npz,ammonia,LUCJ,1,STO-3G,CCSD,16,8,5,5,3881,456,0.11749549085287297,0.2761,0.3899
ammonia_LUCJ_L1_STO-3G_ML.npz,ammonia,LUCJ,1,STO-3G,ML,16,8,5,5,2190,190,0.0867579908675799,0.3099,0.3805
ammonia_LUCJ_L1_STO-3G_ML_exact.npz,ammonia,LUCJ,1,STO-3G,ML_exact,16,8,5,5,2477,251,0.10133225676221236,0.23049999999999998,0.36430000000000007
ammonia_LUCJ_L1_STO-3G_MP2.npz,ammonia,LUCJ,1,STO-3G,MP2,16,8,5,5,2348,214,0.09114139693356048,0.27659999999999996,0.3888
ammonia_LUCJ_L1_STO-3G_random.npz,ammonia,LUCJ,1,STO-3G,random,16,8,5,5,6759,1189,0.1759135966859003,0.2652,0.4074000000000001
ammonia_LUCJ_L1_STO-3G_zeroes.npz,ammonia,LUCJ,1,STO-3G,zeroes,16,8,5,5,594,59,0.09932659932659933,0.45149999999999996,0.37629999999999997
ammonia_LUCJ_L1_aug-cc-pVDZ_CCSD.npz,ammonia,LUCJ,1,aug-cc-pVDZ,CCSD,16,8,5,5,2170,174,0.08018433179723503,0.35119999999999996,0.378
ammonia_LUCJ_L1_aug-cc-pVDZ_ML.npz,ammonia,LUCJ,1,aug-cc-pVDZ,ML,16,8,5,5,2269,173,0.07624504186866461,0.26869999999999994,0.41269999999999996
ammonia_LUCJ_L1_aug-cc-pVDZ_ML_exact.npz,ammonia,LUCJ,1,aug-cc-pVDZ,ML_exact,16,8,5,5,2255,179,0.07937915742793791,0.3581,0.3719
ammonia_LUCJ_L1_aug-cc-pVDZ_MP2.npz,ammonia,LUCJ,1,aug-cc-pVDZ,MP2,16,8,5,5,1955,167,0.08542199488491048,0.4060999999999999,0.3548
ammonia_LUCJ_L1_aug-cc-pVDZ_random.npz,ammonia,LUCJ,1,aug-cc-pVDZ,random,16,8,5,5,6483,1089,0.16797778806108282,0.25570000000000004,0.3904
ammonia_LUCJ_L1_aug-cc-pVDZ_zeroes.npz,ammonia,LUCJ,1,aug-cc-pVDZ,zeroes,16,8,5,5,689,66,0.09579100145137881,0.39069999999999994,0.4237999999999999
ammonia_LUCJ_L1_cc-pVDZ_CCSD.npz,ammonia,LUCJ,1,cc-pVDZ,CCSD,16,8,5,5,2227,205,0.09205208801077683,0.2715999999999999,0.39339999999999997
ammonia_LUCJ_L1_cc-pVDZ_ML.npz,ammonia,LUCJ,1,cc-pVDZ,ML,16,8,5,5,3720,351,0.09435483870967742,0.2102,0.3835
ammonia_LUCJ_L1_cc-pVDZ_ML_exact.npz,ammonia,LUCJ,1,cc-pVDZ,ML_exact,16,8,5,5,2242,193,0.08608385370205174,0.2773999999999999,0.3775
ammonia_LUCJ_L1_cc-pVDZ_MP2.npz,ammonia,LUCJ,1,cc-pVDZ,MP2,16,8,5,5,2616,257,0.09824159021406728,0.2594999999999999,0.4028
ammonia_LUCJ_L1_cc-pVDZ_random.npz,ammonia,LUCJ,1,cc-pVDZ,random,16,8,5,5,6858,1538,0.22426363371245261,0.3355,0.38860000000000006
ammonia_LUCJ_L1_cc-pVDZ_zeroes.npz,ammonia,LUCJ,1,cc-pVDZ,zeroes,16,8,5,5,616,57,0.09253246753246754,0.5252,0.30920000000000003
ammonia_LUCJ_L2_STO-3G_CCSD.npz,ammonia,LUCJ,2,STO-3G,CCSD,16,8,5,5,5650,506,0.0895575221238938,0.1396,0.3059
ammonia_LUCJ_L2_STO-3G_ML.npz,ammonia,LUCJ,2,STO-3G,ML,16,8,5,5,6535,752,0.11507268553940321,0.1358,0.3427
ammonia_LUCJ_L2_STO-3G_ML_exact.npz,ammonia,LUCJ,2,STO-3G,ML_exact,16,8,5,5,6934,685,0.0987885780213441,0.13130000000000003,0.31
ammonia_LUCJ_L2_STO-3G_MP2.npz,ammonia,LUCJ,2,STO-3G,MP2,16,8,5,5,5377,650,0.1208852519992561,0.222,0.36389999999999995
ammonia_LUCJ_L2_STO-3G_random.npz,ammonia,LUCJ,2,STO-3G,random,16,8,5,5,8394,1032,0.12294496068620443,0.14150000000000001,0.3320000000000001
ammonia_LUCJ_L2_STO-3G_zeroes.npz,ammonia,LUCJ,2,STO-3G,zeroes,16,8,5,5,555,57,0.10270270270270271,0.4759,0.361
ammonia_LUCJ_L2_aug-cc-pVDZ_CCSD.npz,ammonia,LUCJ,2,aug-cc-pVDZ,CCSD,16,8,5,5,4796,333,0.06943286071726439,0.15949999999999998,0.3496
ammonia_LUCJ_L2_aug-cc-pVDZ_ML.npz,ammonia,LUCJ,2,aug-cc-pVDZ,ML,16,8,5,5,4168,333,0.07989443378119002,0.1891,0.3753
ammonia_LUCJ_L2_aug-cc-pVDZ_ML_exact.npz,ammonia,LUCJ,2,aug-cc-pVDZ,ML_exact,16,8,5,5,4752,373,0.07849326599326599,0.17720000000000005,0.3406
ammonia_LUCJ_L2_aug-cc-pVDZ_MP2.npz,ammonia,LUCJ,2,aug-cc-pVDZ,MP2,16,8,5,5,3940,289,0.0733502538071066,0.20240000000000002,0.3809
ammonia_LUCJ_L2_aug-cc-pVDZ_random.npz,ammonia,LUCJ,2,aug-cc-pVDZ,random,16,8,5,5,8476,1202,0.14181217555450684,0.1664,0.3526
ammonia_LUCJ_L2_aug-cc-pVDZ_zeroes.npz,ammonia,LUCJ,2,aug-cc-pVDZ,zeroes,16,8,5,5,661,54,0.08169440242057488,0.3910999999999999,0.42069999999999996
ammonia_LUCJ_L2_cc-pVDZ_CCSD.npz,ammonia,LUCJ,2,cc-pVDZ,CCSD,16,8,5,5,5037,439,0.08715505261068096,0.1227,0.3548
ammonia_LUCJ_L2_cc-pVDZ_ML.npz,ammonia,LUCJ,2,cc-pVDZ,ML,16,8,5,5,6387,581,0.09096602473774855,0.1402,0.3338
ammonia_LUCJ_L2_cc-pVDZ_ML_exact.npz,ammonia,LUCJ,2,cc-pVDZ,ML_exact,16,8,5,5,5221,284,0.054395709634169696,0.0708,0.2622
ammonia_LUCJ_L2_cc-pVDZ_MP2.npz,ammonia,LUCJ,2,cc-pVDZ,MP2,16,8,5,5,5464,396,0.07247437774524158,0.09259999999999999,0.3022
ammonia_LUCJ_L2_cc-pVDZ_random.npz,ammonia,LUCJ,2,cc-pVDZ,random,16,8,5,5,8629,1048,0.12145092131185538,0.14190000000000003,0.32400000000000007
ammonia_LUCJ_L2_cc-pVDZ_zeroes.npz,ammonia,LUCJ,2,cc-pVDZ,zeroes,16,8,5,5,660,62,0.09393939393939393,0.5260999999999999,0.3153
ammonia_LUCJ_L3_STO-3G_CCSD.npz,ammonia,LUCJ,3,STO-3G,CCSD,16,8,5,5,7585,645,0.08503625576796309,0.10930000000000001,0.273
ammonia_LUCJ_L3_STO-3G_ML.npz,ammonia,LUCJ,3,STO-3G,ML,16,8,5,5,6898,680,0.09857929834734706,0.1251,0.31970000000000004
ammonia_LUCJ_L3_STO-3G_ML_exact.npz,ammonia,LUCJ,3,STO-3G,ML_exact,16,8,5,5,6602,605,0.09163889730384732,0.17259999999999998,0.3302
ammonia_LUCJ_L3_STO-3G_MP2.npz,ammonia,LUCJ,3,STO-3G,MP2,16,8,5,5,7134,624,0.08746846089150546,0.1469,0.3033
ammonia_LUCJ_L3_STO-3G_random.npz,ammonia,LUCJ,3,STO-3G,random,16,8,5,5,8762,986,0.11253138552841817,0.12890000000000001,0.31070000000000003
ammonia_LUCJ_L3_STO-3G_zeroes.npz,ammonia,LUCJ,3,STO-3G,zeroes,16,8,5,5,581,56,0.0963855421686747,0.45730000000000004,0.3783
ammonia_LUCJ_L3_aug-cc-pVDZ_CCSD.npz,ammonia,LUCJ,3,aug-cc-pVDZ,CCSD,16,8,5,5,5314,403,0.07583741061347385,0.1678,0.3417
ammonia_LUCJ_L3_aug-cc-pVDZ_ML.npz,ammonia,LUCJ,3,aug-cc-pVDZ,ML,16,8,5,5,5700,451,0.07912280701754386,0.1622,0.31870000000000004
ammonia_LUCJ_L3_aug-cc-pVDZ_ML_exact.npz,ammonia,LUCJ,3,aug-cc-pVDZ,ML_exact,16,8,5,5,5346,397,0.07426112981668537,0.18260000000000004,0.32330000000000003
ammonia_LUCJ_L3_aug-cc-pVDZ_MP2.npz,ammonia,LUCJ,3,aug-cc-pVDZ,MP2,16,8,5,5,6083,448,0.07364787111622555,0.11910000000000001,0.3296
ammonia_LUCJ_L3_aug-cc-pVDZ_random.npz,ammonia,LUCJ,3,aug-cc-pVDZ,random,16,8,5,5,8735,1066,0.12203777904979966,0.136,0.32320000000000004
ammonia_LUCJ_L3_aug-cc-pVDZ_zeroes.npz,ammonia,LUCJ,3,aug-cc-pVDZ,zeroes,16,8,5,5,675,64,0.09481481481481481,0.39979999999999993,0.41750000000000004
ammonia_LUCJ_L3_cc-pVDZ_CCSD.npz,ammonia,LUCJ,3,cc-pVDZ,CCSD,16,8,5,5,6995,597,0.08534667619728377,0.1245,0.3194
ammonia_LUCJ_L3_cc-pVDZ_ML.npz,ammonia,LUCJ,3,cc-pVDZ,ML,16,8,5,5,7751,679,0.08760159979357503,0.10650000000000001,0.28680000000000005
ammonia_LUCJ_L3_cc-pVDZ_ML_exact.npz,ammonia,LUCJ,3,cc-pVDZ,ML_exact,16,8,5,5,6755,587,0.08689859363434493,0.1348,0.3147
ammonia_LUCJ_L3_cc-pVDZ_MP2.npz,ammonia,LUCJ,3,cc-pVDZ,MP2,16,8,5,5,7031,620,0.08818091309913241,0.1305,0.3084
ammonia_LUCJ_L3_cc-pVDZ_random.npz,ammonia,LUCJ,3,cc-pVDZ,random,16,8,5,5,8880,978,0.11013513513513513,0.12510000000000002,0.3027000000000001
ammonia_LUCJ_L3_cc-pVDZ_zeroes.npz,ammonia,LUCJ,3,cc-pVDZ,zeroes,16,8,5,5,642,58,0.09034267912772585,0.5001,0.3228
ammonia_LUCJ_L4_STO-3G_CCSD.npz,ammonia,LUCJ,4,STO-3G,CCSD,16,8,5,5,8384,714,0.08516221374045801,0.10440000000000002,0.26110000000000005
ammonia_LUCJ_L4_STO-3G_ML.npz,ammonia,LUCJ,4,STO-3G,ML,16,8,5,5,8373,655,0.07822763645049564,0.0893,0.267
ammonia_LUCJ_L4_STO-3G_ML_exact.npz,ammonia,LUCJ,4,STO-3G,ML_exact,16,8,5,5,8199,582,0.07098426637394804,0.08220000000000001,0.2671
ammonia_LUCJ_L4_STO-3G_MP2.npz,ammonia,LUCJ,4,STO-3G,MP2,16,8,5,5,8040,603,0.075,0.09920000000000001,0.2508
ammonia_LUCJ_L4_STO-3G_random.npz,ammonia,LUCJ,4,STO-3G,random,16,8,5,5,9072,858,0.09457671957671958,0.10020000000000001,0.269
ammonia_LUCJ_L4_STO-3G_zeroes.npz,ammonia,LUCJ,4,STO-3G,zeroes,16,8,5,5,580,61,0.10517241379310345,0.4598999999999999,0.37160000000000004
ammonia_LUCJ_L4_aug-cc-pVDZ_CCSD.npz,ammonia,LUCJ,4,aug-cc-pVDZ,CCSD,16,8,5,5,6988,522,0.0746994848311391,0.11149999999999999,0.28470000000000006
ammonia_LUCJ_L4_aug-cc-pVDZ_ML.npz,ammonia,LUCJ,4,aug-cc-pVDZ,ML,16,8,5,5,7253,551,0.07596856473183511,0.101,0.2942
ammonia_LUCJ_L4_aug-cc-pVDZ_ML_exact.npz,ammonia,LUCJ,4,aug-cc-pVDZ,ML_exact,16,8,5,5,7278,525,0.07213520197856554,0.09809999999999999,0.29400000000000004
ammonia_LUCJ_L4_aug-cc-pVDZ_MP2.npz,ammonia,LUCJ,4,aug-cc-pVDZ,MP2,16,8,5,5,7116,550,0.07729061270376616,0.11430000000000001,0.2891
ammonia_LUCJ_L4_aug-cc-pVDZ_random.npz,ammonia,LUCJ,4,aug-cc-pVDZ,random,16,8,5,5,9072,730,0.0804673721340388,0.08430000000000001,0.2523000000000001
ammonia_LUCJ_L4_aug-cc-pVDZ_zeroes.npz,ammonia,LUCJ,4,aug-cc-pVDZ,zeroes,16,8,5,5,693,70,0.10101010101010101,0.3989999999999999,0.4181
ammonia_LUCJ_L4_cc-pVDZ_CCSD.npz,ammonia,LUCJ,4,cc-pVDZ,CCSD,16,8,5,5,8373,586,0.06998686253433656,0.07550000000000001,0.25350000000000006
ammonia_LUCJ_L4_cc-pVDZ_ML.npz,ammonia,LUCJ,4,cc-pVDZ,ML,16,8,5,5,8086,666,0.08236458075686372,0.09330000000000002,0.28070000000000006
ammonia_LUCJ_L4_cc-pVDZ_ML_exact.npz,ammonia,LUCJ,4,cc-pVDZ,ML_exact,16,8,5,5,8472,625,0.07377242681775259,0.08390000000000002,0.2548
ammonia_LUCJ_L4_cc-pVDZ_MP2.npz,ammonia,LUCJ,4,cc-pVDZ,MP2,16,8,5,5,8344,628,0.07526366251198466,0.09290000000000001,0.26360000000000006
ammonia_LUCJ_L4_cc-pVDZ_random.npz,ammonia,LUCJ,4,cc-pVDZ,random,16,8,5,5,9076,738,0.08131335390039665,0.08430000000000001,0.25060000000000004
ammonia_LUCJ_L4_cc-pVDZ_zeroes.npz,ammonia,LUCJ,4,cc-pVDZ,zeroes,16,8,5,5,647,55,0.08500772797527048,0.5126999999999999,0.31920000000000004
ammonia_LUCJ_L5_STO-3G_CCSD.npz,ammonia,LUCJ,5,STO-3G,CCSD,16,8,5,5,8381,613,0.07314162987710297,0.08800000000000001,0.24900000000000005
ammonia_LUCJ_L5_STO-3G_ML.npz,ammonia,LUCJ,5,STO-3G,ML,16,8,5,5,8241,572,0.06940905229947822,0.08950000000000001,0.24410000000000004
ammonia_LUCJ_L5_STO-3G_ML_exact.npz,ammonia,LUCJ,5,STO-3G,ML_exact,16,8,5,5,8640,578,0.06689814814814815,0.07050000000000001,0.24470000000000006
ammonia_LUCJ_L5_STO-3G_MP2.npz,ammonia,LUCJ,5,STO-3G,MP2,16,8,5,5,8616,602,0.06987000928505106,0.0771,0.23930000000000004
ammonia_LUCJ_L5_STO-3G_random.npz,ammonia,LUCJ,5,STO-3G,random,16,8,5,5,9093,766,0.08424062465632905,0.08960000000000003,0.25520000000000004
ammonia_LUCJ_L5_STO-3G_zeroes.npz,ammonia,LUCJ,5,STO-3G,zeroes,16,8,5,5,565,47,0.0831858407079646,0.4616999999999999,0.3743
ammonia_LUCJ_L5_aug-cc-pVDZ_CCSD.npz,ammonia,LUCJ,5,aug-cc-pVDZ,CCSD,16,8,5,5,7704,561,0.07281931464174454,0.09260000000000002,0.26530000000000004
ammonia_LUCJ_L5_aug-cc-pVDZ_ML.npz,ammonia,LUCJ,5,aug-cc-pVDZ,ML,16,8,5,5,7182,525,0.07309941520467836,0.10579999999999998,0.29190000000000005
ammonia_LUCJ_L5_aug-cc-pVDZ_ML_exact.npz,ammonia,LUCJ,5,aug-cc-pVDZ,ML_exact,16,8,5,5,7282,596,0.08184564680032957,0.1126,0.2902
ammonia_LUCJ_L5_aug-cc-pVDZ_MP2.npz,ammonia,LUCJ,5,aug-cc-pVDZ,MP2,16,8,5,5,7271,540,0.074267638564159,0.1056,0.2764
ammonia_LUCJ_L5_aug-cc-pVDZ_random.npz,ammonia,LUCJ,5,aug-cc-pVDZ,random,16,8,5,5,9148,655,0.07160034980323568,0.07510000000000001,0.23370000000000007
ammonia_LUCJ_L5_aug-cc-pVDZ_zeroes.npz,ammonia,LUCJ,5,aug-cc-pVDZ,zeroes,16,8,5,5,643,65,0.10108864696734059,0.4047999999999998,0.4202000000000001
ammonia_LUCJ_L5_cc-pVDZ_CCSD.npz,ammonia,LUCJ,5,cc-pVDZ,CCSD,16,8,5,5,8809,611,0.06936088091724373,0.075,0.23740000000000006
ammonia_LUCJ_L5_cc-pVDZ_ML.npz,ammonia,LUCJ,5,cc-pVDZ,ML,16,8,5,5,8374,662,0.0790542154287079,0.08800000000000001,0.24740000000000006
ammonia_LUCJ_L5_cc-pVDZ_ML_exact.npz,ammonia,LUCJ,5,cc-pVDZ,ML_exact,16,8,5,5,8757,620,0.07080050245517872,0.07440000000000001,0.24070000000000005
ammonia_LUCJ_L5_cc-pVDZ_MP2.npz,ammonia,LUCJ,5,cc-pVDZ,MP2,16,8,5,5,8738,579,0.06626230258640421,0.06920000000000001,0.23730000000000004
ammonia_LUCJ_L5_cc-pVDZ_random.npz,ammonia,LUCJ,5,cc-pVDZ,random,16,8,5,5,9237,591,0.06398181227671322,0.0651,0.21730000000000005
ammonia_LUCJ_L5_cc-pVDZ_zeroes.npz,ammonia,LUCJ,5,cc-pVDZ,zeroes,16,8,5,5,638,57,0.08934169278996865,0.5379999999999999,0.3082
but-1-yne_LUCJ_L1_STO-3G_CCSD.npz,but-1-yne,LUCJ,1,STO-3G,CCSD,52,26,15,15,10000,121,0.0121,0.012100000000000003,0.05250000000000002
but-1-yne_LUCJ_L1_STO-3G_ML.npz,but-1-yne,LUCJ,1,STO-3G,ML,52,26,15,15,10000,115,0.0115,0.011500000000000002,0.04430000000000001
but-1-yne_LUCJ_L1_STO-3G_ML_exact.npz,but-1-yne,LUCJ,1,STO-3G,ML_exact,52,26,15,15,10000,154,0.0154,0.015400000000000002,0.05160000000000002
but-1-yne_LUCJ_L1_STO-3G_MP2.npz,but-1-yne,LUCJ,1,STO-3G,MP2,52,26,15,15,10000,124,0.0124,0.012400000000000001,0.04780000000000001
but-1-yne_LUCJ_L1_STO-3G_random.npz,but-1-yne,LUCJ,1,STO-3G,random,52,26,15,15,10000,191,0.0191,0.0191,0.07120000000000001
but-1-yne_LUCJ_L1_STO-3G_zeroes.npz,but-1-yne,LUCJ,1,STO-3G,zeroes,52,26,15,15,10000,156,0.0156,0.015600000000000001,0.05570000000000001
but-1-yne_LUCJ_L1_aug-cc-pVDZ_CCSD.npz,but-1-yne,LUCJ,1,aug-cc-pVDZ,CCSD,52,26,15,15,10000,136,0.0136,0.013600000000000003,0.0637
but-1-yne_LUCJ_L1_aug-cc-pVDZ_ML.npz,but-1-yne,LUCJ,1,aug-cc-pVDZ,ML,52,26,15,15,10000,154,0.0154,0.015400000000000002,0.06400000000000002
but-1-yne_LUCJ_L1_aug-cc-pVDZ_ML_exact.npz,but-1-yne,LUCJ,1,aug-cc-pVDZ,ML_exact,52,26,15,15,10000,168,0.0168,0.016800000000000002,0.05680000000000001
but-1-yne_LUCJ_L1_aug-cc-pVDZ_MP2.npz,but-1-yne,LUCJ,1,aug-cc-pVDZ,MP2,52,26,15,15,10000,159,0.0159,0.015899999999999997,0.06090000000000001
but-1-yne_LUCJ_L1_aug-cc-pVDZ_random.npz,but-1-yne,LUCJ,1,aug-cc-pVDZ,random,52,26,15,15,10000,188,0.0188,0.018800000000000004,0.06910000000000002
but-1-yne_LUCJ_L1_aug-cc-pVDZ_zeroes.npz,but-1-yne,LUCJ,1,aug-cc-pVDZ,zeroes,52,26,15,15,9999,135,0.013501350135013501,0.013500000000000005,0.05030000000000001
but-1-yne_LUCJ_L1_cc-pVDZ_CCSD.npz,but-1-yne,LUCJ,1,cc-pVDZ,CCSD,52,26,15,15,10000,158,0.0158,0.0158,0.0637
but-1-yne_LUCJ_L1_cc-pVDZ_ML.npz,but-1-yne,LUCJ,1,cc-pVDZ,ML,52,26,15,15,10000,172,0.0172,0.0172,0.05910000000000001
but-1-yne_LUCJ_L1_cc-pVDZ_ML_exact.npz,but-1-yne,LUCJ,1,cc-pVDZ,ML_exact,52,26,15,15,10000,191,0.0191,0.0191,0.06430000000000002
but-1-yne_LUCJ_L1_cc-pVDZ_MP2.npz,but-1-yne,LUCJ,1,cc-pVDZ,MP2,52,26,15,15,10000,144,0.0144,0.014400000000000003,0.05660000000000001
but-1-yne_LUCJ_L1_cc-pVDZ_random.npz,but-1-yne,LUCJ,1,cc-pVDZ,random,52,26,15,15,10000,195,0.0195,0.019500000000000003,0.06910000000000002
but-1-yne_LUCJ_L1_cc-pVDZ_zeroes.npz,but-1-yne,LUCJ,1,cc-pVDZ,zeroes,52,26,15,15,10000,170,0.017,0.017,0.06190000000000001
but-1-yne_LUCJ_L2_STO-3G_CCSD.npz,but-1-yne,LUCJ,2,STO-3G,CCSD,52,26,15,15,10000,133,0.0133,0.013300000000000003,0.05170000000000001
but-1-yne_LUCJ_L2_STO-3G_ML.npz,but-1-yne,LUCJ,2,STO-3G,ML,52,26,15,15,10000,148,0.0148,0.014800000000000004,0.0637
but-1-yne_LUCJ_L2_STO-3G_ML_exact.npz,but-1-yne,LUCJ,2,STO-3G,ML_exact,52,26,15,15,10000,136,0.0136,0.013600000000000003,0.06030000000000001
but-1-yne_LUCJ_L2_STO-3G_MP2.npz,but-1-yne,LUCJ,2,STO-3G,MP2,52,26,15,15,10000,181,0.0181,0.0181,0.05810000000000001
but-1-yne_LUCJ_L2_STO-3G_random.npz,but-1-yne,LUCJ,2,STO-3G,random,52,26,15,15,10000,165,0.0165,0.0165,0.06410000000000002
but-1-yne_LUCJ_L2_STO-3G_zeroes.npz,but-1-yne,LUCJ,2,STO-3G,zeroes,52,26,15,15,9998,167,0.016703340668133625,0.0167,0.06180000000000001
but-1-yne_LUCJ_L2_aug-cc-pVDZ_CCSD.npz,but-1-yne,LUCJ,2,aug-cc-pVDZ,CCSD,52,26,15,15,10000,159,0.0159,0.015899999999999997,0.06310000000000002
but-1-yne_LUCJ_L2_aug-cc-pVDZ_ML.npz,but-1-yne,LUCJ,2,aug-cc-pVDZ,ML,52,26,15,15,10000,162,0.0162,0.016200000000000003,0.062100000000000016
but-1-yne_LUCJ_L2_aug-cc-pVDZ_ML_exact.npz,but-1-yne,LUCJ,2,aug-cc-pVDZ,ML_exact,52,26,15,15,10000,197,0.0197,0.019700000000000002,0.06120000000000001
but-1-yne_LUCJ_L2_aug-cc-pVDZ_MP2.npz,but-1-yne,LUCJ,2,aug-cc-pVDZ,MP2,52,26,15,15,10000,184,0.0184,0.018400000000000007,0.06870000000000001
but-1-yne_LUCJ_L2_aug-cc-pVDZ_random.npz,but-1-yne,LUCJ,2,aug-cc-pVDZ,random,52,26,15,15,10000,168,0.0168,0.016800000000000002,0.06200000000000001
but-1-yne_LUCJ_L2_aug-cc-pVDZ_zeroes.npz,but-1-yne,LUCJ,2,aug-cc-pVDZ,zeroes,52,26,15,15,10000,159,0.0159,0.015899999999999997,0.05460000000000001
but-1-yne_LUCJ_L2_cc-pVDZ_CCSD.npz,but-1-yne,LUCJ,2,cc-pVDZ,CCSD,52,26,15,15,10000,147,0.0147,0.014700000000000005,0.05900000000000001
but-1-yne_LUCJ_L2_cc-pVDZ_ML.npz,but-1-yne,LUCJ,2,cc-pVDZ,ML,52,26,15,15,10000,138,0.0138,0.013800000000000003,0.05860000000000001
but-1-yne_LUCJ_L2_cc-pVDZ_ML_exact.npz,but-1-yne,LUCJ,2,cc-pVDZ,ML_exact,52,26,15,15,10000,144,0.0144,0.014400000000000003,0.062100000000000016
but-1-yne_LUCJ_L2_cc-pVDZ_MP2.npz,but-1-yne,LUCJ,2,cc-pVDZ,MP2,52,26,15,15,10000,156,0.0156,0.015600000000000001,0.06380000000000001
but-1-yne_LUCJ_L2_cc-pVDZ_random.npz,but-1-yne,LUCJ,2,cc-pVDZ,random,52,26,15,15,10000,180,0.018,0.018000000000000002,0.06480000000000002
but-1-yne_LUCJ_L2_cc-pVDZ_zeroes.npz,but-1-yne,LUCJ,2,cc-pVDZ,zeroes,52,26,15,15,10000,150,0.015,0.015000000000000005,0.06810000000000001
but-1-yne_LUCJ_L3_STO-3G_CCSD.npz,but-1-yne,LUCJ,3,STO-3G,CCSD,52,26,15,15,10000,174,0.0174,0.0174,0.06740000000000002
but-1-yne_LUCJ_L3_STO-3G_ML.npz,but-1-yne,LUCJ,3,STO-3G,ML,52,26,15,15,10000,147,0.0147,0.014700000000000005,0.06620000000000001
but-1-yne_LUCJ_L3_STO-3G_ML_exact.npz,but-1-yne,LUCJ,3,STO-3G,ML_exact,52,26,15,15,10000,150,0.015,0.015000000000000005,0.06480000000000002
but-1-yne_LUCJ_L3_STO-3G_MP2.npz,but-1-yne,LUCJ,3,STO-3G,MP2,52,26,15,15,10000,174,0.0174,0.0174,0.06670000000000001
but-1-yne_LUCJ_L3_STO-3G_random.npz,but-1-yne,LUCJ,3,STO-3G,random,52,26,15,15,10000,192,0.0192,0.019200000000000005,0.06380000000000001
but-1-yne_LUCJ_L3_STO-3G_zeroes.npz,but-1-yne,LUCJ,3,STO-3G,zeroes,52,26,15,15,9999,148,0.014801480148014802,0.014800000000000004,0.05640000000000001
but-1-yne_LUCJ_L3_aug-cc-pVDZ_CCSD.npz,but-1-yne,LUCJ,3,aug-cc-pVDZ,CCSD,52,26,15,15,10000,175,0.0175,0.0175,0.0693
but-1-yne_LUCJ_L3_aug-cc-pVDZ_ML.npz,but-1-yne,LUCJ,3,aug-cc-pVDZ,ML,52,26,15,15,10000,174,0.0174,0.0174,0.0675
but-1-yne_LUCJ_L3_aug-cc-pVDZ_ML_exact.npz,but-1-yne,LUCJ,3,aug-cc-pVDZ,ML_exact,52,26,15,15,10000,173,0.0173,0.017300000000000003,0.06510000000000002
but-1-yne_LUCJ_L3_aug-cc-pVDZ_MP2.npz,but-1-yne,LUCJ,3,aug-cc-pVDZ,MP2,52,26,15,15,10000,169,0.0169,0.016900000000000005,0.06360000000000002
but-1-yne_LUCJ_L3_aug-cc-pVDZ_random.npz,but-1-yne,LUCJ,3,aug-cc-pVDZ,random,52,26,15,15,10000,157,0.0157,0.0157,0.0632
but-1-yne_LUCJ_L3_aug-cc-pVDZ_zeroes.npz,but-1-yne,LUCJ,3,aug-cc-pVDZ,zeroes,52,26,15,15,10000,154,0.0154,0.015400000000000002,0.057700000000000015
but-1-yne_LUCJ_L3_cc-pVDZ_CCSD.npz,but-1-yne,LUCJ,3,cc-pVDZ,CCSD,52,26,15,15,10000,159,0.0159,0.015899999999999997,0.06970000000000001
but-1-yne_LUCJ_L3_cc-pVDZ_ML.npz,but-1-yne,LUCJ,3,cc-pVDZ,ML,52,26,15,15,10000,178,0.0178,0.017800000000000003,0.067
but-1-yne_LUCJ_L3_cc-pVDZ_ML_exact.npz,but-1-yne,LUCJ,3,cc-pVDZ,ML_exact,52,26,15,15,10000,179,0.0179,0.017900000000000003,0.06440000000000001
but-1-yne_LUCJ_L3_cc-pVDZ_MP2.npz,but-1-yne,LUCJ,3,cc-pVDZ,MP2,52,26,15,15,10000,171,0.0171,0.017100000000000004,0.06460000000000002
but-1-yne_LUCJ_L3_cc-pVDZ_random.npz,but-1-yne,LUCJ,3,cc-pVDZ,random,52,26,15,15,10000,171,0.0171,0.017100000000000004,0.0645
but-1-yne_LUCJ_L3_cc-pVDZ_zeroes.npz,but-1-yne,LUCJ,3,cc-pVDZ,zeroes,52,26,15,15,10000,165,0.0165,0.0165,0.06820000000000001
but-1-yne_LUCJ_L4_STO-3G_CCSD.npz,but-1-yne,LUCJ,4,STO-3G,CCSD,52,26,15,15,10000,175,0.0175,0.0175,0.06520000000000001
but-1-yne_LUCJ_L4_STO-3G_ML.npz,but-1-yne,LUCJ,4,STO-3G,ML,52,26,15,15,10000,171,0.0171,0.017100000000000004,0.06170000000000002
but-1-yne_LUCJ_L4_STO-3G_ML_exact.npz,but-1-yne,LUCJ,4,STO-3G,ML_exact,52,26,15,15,10000,183,0.0183,0.0183,0.06840000000000002
but-1-yne_LUCJ_L4_STO-3G_MP2.npz,but-1-yne,LUCJ,4,STO-3G,MP2,52,26,15,15,10000,168,0.0168,0.016800000000000002,0.06720000000000001
but-1-yne_LUCJ_L4_STO-3G_random.npz,but-1-yne,LUCJ,4,STO-3G,random,52,26,15,15,10000,167,0.0167,0.0167,0.065
but-1-yne_LUCJ_L4_STO-3G_zeroes.npz,but-1-yne,LUCJ,4,STO-3G,zeroes,52,26,15,15,9999,161,0.016101610161016102,0.016100000000000003,0.05600000000000001
but-1-yne_LUCJ_L4_aug-cc-pVDZ_CCSD.npz,but-1-yne,LUCJ,4,aug-cc-pVDZ,CCSD,52,26,15,15,10000,178,0.0178,0.017800000000000003,0.06870000000000001
but-1-yne_LUCJ_L4_aug-cc-pVDZ_ML.npz,but-1-yne,LUCJ,4,aug-cc-pVDZ,ML,52,26,15,15,10000,191,0.0191,0.0191,0.07240000000000002
but-1-yne_LUCJ_L4_aug-cc-pVDZ_ML_exact.npz,but-1-yne,LUCJ,4,aug-cc-pVDZ,ML_exact,52,26,15,15,10000,166,0.0166,0.0166,0.07140000000000002
but-1-yne_LUCJ_L4_aug-cc-pVDZ_MP2.npz,but-1-yne,LUCJ,4,aug-cc-pVDZ,MP2,52,26,15,15,10000,167,0.0167,0.0167,0.06710000000000002
but-1-yne_LUCJ_L4_aug-cc-pVDZ_random.npz,but-1-yne,LUCJ,4,aug-cc-pVDZ,random,52,26,15,15,10000,172,0.0172,0.0172,0.06250000000000001
but-1-yne_LUCJ_L4_aug-cc-pVDZ_zeroes.npz,but-1-yne,LUCJ,4,aug-cc-pVDZ,zeroes,52,26,15,15,10000,128,0.0128,0.012800000000000004,0.05560000000000001
but-1-yne_LUCJ_L4_cc-pVDZ_CCSD.npz,but-1-yne,LUCJ,4,cc-pVDZ,CCSD,52,26,15,15,10000,186,0.0186,0.018600000000000005,0.06840000000000002
but-1-yne_LUCJ_L4_cc-pVDZ_ML.npz,but-1-yne,LUCJ,4,cc-pVDZ,ML,52,26,15,15,10000,182,0.0182,0.0182,0.06330000000000001
but-1-yne_LUCJ_L4_cc-pVDZ_ML_exact.npz,but-1-yne,LUCJ,4,cc-pVDZ,ML_exact,52,26,15,15,10000,206,0.0206,0.0206,0.06620000000000001
but-1-yne_LUCJ_L4_cc-pVDZ_MP2.npz,but-1-yne,LUCJ,4,cc-pVDZ,MP2,52,26,15,15,10000,154,0.0154,0.015400000000000002,0.06640000000000001
but-1-yne_LUCJ_L4_cc-pVDZ_random.npz,but-1-yne,LUCJ,4,cc-pVDZ,random,52,26,15,15,10000,187,0.0187,0.0187,0.06740000000000002
but-1-yne_LUCJ_L4_cc-pVDZ_zeroes.npz,but-1-yne,LUCJ,4,cc-pVDZ,zeroes,52,26,15,15,10000,175,0.0175,0.0175,0.0693
but-1-yne_LUCJ_L5_STO-3G_CCSD.npz,but-1-yne,LUCJ,5,STO-3G,CCSD,52,26,15,15,10000,174,0.0174,0.0174,0.07080000000000002
but-1-yne_LUCJ_L5_STO-3G_ML.npz,but-1-yne,LUCJ,5,STO-3G,ML,52,26,15,15,10000,181,0.0181,0.0181,0.07230000000000002
but-1-yne_LUCJ_L5_STO-3G_ML_exact.npz,but-1-yne,LUCJ,5,STO-3G,ML_exact,52,26,15,15,10000,185,0.0185,0.018500000000000003,0.07040000000000002
but-1-yne_LUCJ_L5_STO-3G_MP2.npz,but-1-yne,LUCJ,5,STO-3G,MP2,52,26,15,15,10000,184,0.0184,0.018400000000000007,0.0703
but-1-yne_LUCJ_L5_STO-3G_random.npz,but-1-yne,LUCJ,5,STO-3G,random,52,26,15,15,10000,214,0.0214,0.021400000000000002,0.07360000000000003
but-1-yne_LUCJ_L5_STO-3G_zeroes.npz,but-1-yne,LUCJ,5,STO-3G,zeroes,52,26,15,15,10000,136,0.0136,0.013600000000000003,0.05780000000000001
but-1-yne_LUCJ_L5_aug-cc-pVDZ_CCSD.npz,but-1-yne,LUCJ,5,aug-cc-pVDZ,CCSD,52,26,15,15,10000,179,0.0179,0.017900000000000003,0.07300000000000002
but-1-yne_LUCJ_L5_aug-cc-pVDZ_ML.npz,but-1-yne,LUCJ,5,aug-cc-pVDZ,ML,52,26,15,15,10000,179,0.0179,0.017900000000000003,0.068
but-1-yne_LUCJ_L5_aug-cc-pVDZ_ML_exact.npz,but-1-yne,LUCJ,5,aug-cc-pVDZ,ML_exact,52,26,15,15,10000,186,0.0186,0.018600000000000005,0.07220000000000001
but-1-yne_LUCJ_L5_aug-cc-pVDZ_MP2.npz,but-1-yne,LUCJ,5,aug-cc-pVDZ,MP2,52,26,15,15,10000,161,0.0161,0.016100000000000003,0.0695
but-1-yne_LUCJ_L5_aug-cc-pVDZ_random.npz,but-1-yne,LUCJ,5,aug-cc-pVDZ,random,52,26,15,15,10000,200,0.02,0.020000000000000004,0.07340000000000002
but-1-yne_LUCJ_L5_aug-cc-pVDZ_zeroes.npz,but-1-yne,LUCJ,5,aug-cc-pVDZ,zeroes,52,26,15,15,10000,145,0.0145,0.014500000000000002,0.057200000000000015
but-1-yne_LUCJ_L5_cc-pVDZ_CCSD.npz,but-1-yne,LUCJ,5,cc-pVDZ,CCSD,52,26,15,15,10000,193,0.0193,0.019300000000000005,0.06650000000000002
but-1-yne_LUCJ_L5_cc-pVDZ_ML.npz,but-1-yne,LUCJ,5,cc-pVDZ,ML,52,26,15,15,10000,173,0.0173,0.017300000000000003,0.069
but-1-yne_LUCJ_L5_cc-pVDZ_ML_exact.npz,but-1-yne,LUCJ,5,cc-pVDZ,ML_exact,52,26,15,15,10000,197,0.0197,0.019700000000000002,0.06970000000000001
but-1-yne_LUCJ_L5_cc-pVDZ_MP2.npz,but-1-yne,LUCJ,5,cc-pVDZ,MP2,52,26,15,15,10000,199,0.0199,0.0199,0.0678
but-1-yne_LUCJ_L5_cc-pVDZ_random.npz,but-1-yne,LUCJ,5,cc-pVDZ,random,52,26,15,15,10000,190,0.019,0.019000000000000003,0.06870000000000001
but-1-yne_LUCJ_L5_cc-pVDZ_zeroes.npz,but-1-yne,LUCJ,5,cc-pVDZ,zeroes,52,26,15,15,10000,192,0.0192,0.019200000000000005,0.06250000000000001
"buta-1,3-diene_LUCJ_L1_STO-3G_CCSD.npz","buta-1,3-diene",LUCJ,1,STO-3G,CCSD,52,26,15,15,10000,166,0.0166,0.0166,0.07200000000000002
"buta-1,3-diene_LUCJ_L1_STO-3G_ML.npz","buta-1,3-diene",LUCJ,1,STO-3G,ML,52,26,15,15,10000,162,0.0162,0.016200000000000003,0.05860000000000001
"buta-1,3-diene_LUCJ_L1_STO-3G_ML_exact.npz","buta-1,3-diene",LUCJ,1,STO-3G,ML_exact,52,26,15,15,10000,158,0.0158,0.0158,0.06880000000000001
"buta-1,3-diene_LUCJ_L1_STO-3G_MP2.npz","buta-1,3-diene",LUCJ,1,STO-3G,MP2,52,26,15,15,10000,142,0.0142,0.014200000000000004,0.06050000000000001
"buta-1,3-diene_LUCJ_L1_STO-3G_random.npz","buta-1,3-diene",LUCJ,1,STO-3G,random,52,26,15,15,10000,185,0.0185,0.018500000000000003,0.06940000000000002
"buta-1,3-diene_LUCJ_L1_STO-3G_zeroes.npz","buta-1,3-diene",LUCJ,1,STO-3G,zeroes,52,26,15,15,10000,112,0.0112,0.011200000000000003,0.045100000000000015
"buta-1,3-diene_LUCJ_L1_aug-cc-pVDZ_CCSD.npz","buta-1,3-diene",LUCJ,1,aug-cc-pVDZ,CCSD,52,26,15,15,10000,149,0.0149,0.014900000000000004,0.0695
"buta-1,3-diene_LUCJ_L1_aug-cc-pVDZ_ML.npz","buta-1,3-diene",LUCJ,1,aug-cc-pVDZ,ML,52,26,15,15,10000,184,0.0184,0.018400000000000007,0.06570000000000002
"buta-1,3-diene_LUCJ_L1_aug-cc-pVDZ_ML_exact.npz","buta-1,3-diene",LUCJ,1,aug-cc-pVDZ,ML_exact,52,26,15,15,10000,181,0.0181,0.0181,0.06540000000000001
"buta-1,3-diene_LUCJ_L1_aug-cc-pVDZ_MP2.npz","buta-1,3-diene",LUCJ,1,aug-cc-pVDZ,MP2,52,26,15,15,10000,173,0.0173,0.017300000000000003,0.06600000000000002
"buta-1,3-diene_LUCJ_L1_aug-cc-pVDZ_random.npz","buta-1,3-diene",LUCJ,1,aug-cc-pVDZ,random,52,26,15,15,10000,201,0.0201,0.020100000000000007,0.07440000000000002
"buta-1,3-diene_LUCJ_L1_aug-cc-pVDZ_zeroes.npz","buta-1,3-diene",LUCJ,1,aug-cc-pVDZ,zeroes,52,26,15,15,9992,166,0.016613290632506005,0.0166,0.05410000000000001
"buta-1,3-diene_LUCJ_L1_cc-pVDZ_CCSD.npz","buta-1,3-diene",LUCJ,1,cc-pVDZ,CCSD,52,26,15,15,10000,151,0.0151,0.015100000000000004,0.05980000000000001
"buta-1,3-diene_LUCJ_L1_cc-pVDZ_ML.npz","buta-1,3-diene",LUCJ,1,cc-pVDZ,ML,52,26,15,15,10000,146,0.0146,0.014600000000000004,0.05990000000000001
"buta-1,3-diene_LUCJ_L1_cc-pVDZ_ML_exact.npz","buta-1,3-diene",LUCJ,1,cc-pVDZ,ML_exact,52,26,15,15,10000,161,0.0161,0.016100000000000003,0.0685
"buta-1,3-diene_LUCJ_L1_cc-pVDZ_MP2.npz","buta-1,3-diene",LUCJ,1,cc-pVDZ,MP2,52,26,15,15,10000,144,0.0144,0.014400000000000003,0.05000000000000002
"buta-1,3-diene_LUCJ_L1_cc-pVDZ_random.npz","buta-1,3-diene",LUCJ,1,cc-pVDZ,random,52,26,15,15,10000,226,0.0226,0.022600000000000006,0.07510000000000003
"buta-1,3-diene_LUCJ_L1_cc-pVDZ_zeroes.npz","buta-1,3-diene",LUCJ,1,cc-pVDZ,zeroes,52,26,15,15,9999,113,0.011301130113011301,0.011300000000000003,0.04670000000000001
"buta-1,3-diene_LUCJ_L2_STO-3G_CCSD.npz","buta-1,3-diene",LUCJ,2,STO-3G,CCSD,52,26,15,15,10000,155,0.0155,0.015500000000000002,0.06530000000000002
"buta-1,3-diene_LUCJ_L2_STO-3G_ML.npz","buta-1,3-diene",LUCJ,2,STO-3G,ML,52,26,15,15,10000,149,0.0149,0.014900000000000004,0.05870000000000001
"buta-1,3-diene_LUCJ_L2_STO-3G_ML_exact.npz","buta-1,3-diene",LUCJ,2,STO-3G,ML_exact,52,26,15,15,10000,149,0.0149,0.014900000000000004,0.060100000000000015
"buta-1,3-diene_LUCJ_L2_STO-3G_MP2.npz","buta-1,3-diene",LUCJ,2,STO-3G,MP2,52,26,15,15,10000,167,0.0167,0.0167,0.05800000000000001
"buta-1,3-diene_LUCJ_L2_STO-3G_random.npz","buta-1,3-diene",LUCJ,2,STO-3G,random,52,26,15,15,10000,192,0.0192,0.019200000000000005,0.06350000000000001
"buta-1,3-diene_LUCJ_L2_STO-3G_zeroes.npz","buta-1,3-diene",LUCJ,2,STO-3G,zeroes,52,26,15,15,9999,112,0.0112011201120112,0.011200000000000003,0.04680000000000001
"buta-1,3-diene_LUCJ_L2_aug-cc-pVDZ_CCSD.npz","buta-1,3-diene",LUCJ,2,aug-cc-pVDZ,CCSD,52,26,15,15,10000,141,0.0141,0.014100000000000005,0.06540000000000001
"buta-1,3-diene_LUCJ_L2_aug-cc-pVDZ_ML.npz","buta-1,3-diene",LUCJ,2,aug-cc-pVDZ,ML,52,26,15,15,10000,154,0.0154,0.015400000000000002,0.06240000000000001
"buta-1,3-diene_LUCJ_L2_aug-cc-pVDZ_ML_exact.npz","buta-1,3-diene",LUCJ,2,aug-cc-pVDZ,ML_exact,52,26,15,15,10000,155,0.0155,0.015500000000000002,0.0655
"buta-1,3-diene_LUCJ_L2_aug-cc-pVDZ_MP2.npz","buta-1,3-diene",LUCJ,2,aug-cc-pVDZ,MP2,52,26,15,15,10000,155,0.0155,0.015500000000000002,0.06670000000000001
"buta-1,3-diene_LUCJ_L2_aug-cc-pVDZ_random.npz","buta-1,3-diene",LUCJ,2,aug-cc-pVDZ,random,52,26,15,15,10000,164,0.0164,0.0164,0.06680000000000001
"buta-1,3-diene_LUCJ_L2_aug-cc-pVDZ_zeroes.npz","buta-1,3-diene",LUCJ,2,aug-cc-pVDZ,zeroes,52,26,15,15,9995,155,0.015507753876938469,0.015500000000000002,0.058400000000000014
"buta-1,3-diene_LUCJ_L2_cc-pVDZ_CCSD.npz","buta-1,3-diene",LUCJ,2,cc-pVDZ,CCSD,52,26,15,15,10000,160,0.016,0.016000000000000004,0.06520000000000001
"buta-1,3-diene_LUCJ_L2_cc-pVDZ_ML.npz","buta-1,3-diene",LUCJ,2,cc-pVDZ,ML,52,26,15,15,10000,155,0.0155,0.015500000000000002,0.06260000000000002
"buta-1,3-diene_LUCJ_L2_cc-pVDZ_ML_exact.npz","buta-1,3-diene",LUCJ,2,cc-pVDZ,ML_exact,52,26,15,15,10000,171,0.0171,0.017100000000000004,0.06280000000000001
"buta-1,3-diene_LUCJ_L2_cc-pVDZ_MP2.npz","buta-1,3-diene",LUCJ,2,cc-pVDZ,MP2,52,26,15,15,10000,189,0.0189,0.0189,0.06380000000000001
"buta-1,3-diene_LUCJ_L2_cc-pVDZ_random.npz","buta-1,3-diene",LUCJ,2,cc-pVDZ,random,52,26,15,15,10000,172,0.0172,0.0172,0.06580000000000001
"buta-1,3-diene_LUCJ_L2_cc-pVDZ_zeroes.npz","buta-1,3-diene",LUCJ,2,cc-pVDZ,zeroes,52,26,15,15,10000,129,0.0129,0.012900000000000002,0.04780000000000001
"buta-1,3-diene_LUCJ_L3_STO-3G_CCSD.npz","buta-1,3-diene",LUCJ,3,STO-3G,CCSD,52,26,15,15,10000,170,0.017,0.017,0.06540000000000001
"buta-1,3-diene_LUCJ_L3_STO-3G_ML.npz","buta-1,3-diene",LUCJ,3,STO-3G,ML,52,26,15,15,10000,144,0.0144,0.014400000000000003,0.06880000000000001
"buta-1,3-diene_LUCJ_L3_STO-3G_ML_exact.npz","buta-1,3-diene",LUCJ,3,STO-3G,ML_exact,52,26,15,15,10000,167,0.0167,0.0167,0.06490000000000001
"buta-1,3-diene_LUCJ_L3_STO-3G_MP2.npz","buta-1,3-diene",LUCJ,3,STO-3G,MP2,52,26,15,15,10000,170,0.017,0.017,0.07080000000000002
"buta-1,3-diene_LUCJ_L3_STO-3G_random.npz","buta-1,3-diene",LUCJ,3,STO-3G,random,52,26,15,15,10000,178,0.0178,0.017800000000000003,0.06730000000000001
"buta-1,3-diene_LUCJ_L3_STO-3G_zeroes.npz","buta-1,3-diene",LUCJ,3,STO-3G,zeroes,52,26,15,15,10000,109,0.0109,0.0109,0.043200000000000016
"buta-1,3-diene_LUCJ_L3_aug-cc-pVDZ_CCSD.npz","buta-1,3-diene",LUCJ,3,aug-cc-pVDZ,CCSD,52,26,15,15,10000,170,0.017,0.017,0.06140000000000001
"buta-1,3-diene_LUCJ_L3_aug-cc-pVDZ_ML.npz","buta-1,3-diene",LUCJ,3,aug-cc-pVDZ,ML,52,26,15,15,10000,166,0.0166,0.0166,0.06840000000000002
"buta-1,3-diene_LUCJ_L3_aug-cc-pVDZ_ML_exact.npz","buta-1,3-diene",LUCJ,3,aug-cc-pVDZ,ML_exact,52,26,15,15,10000,172,0.0172,0.0172,0.062100000000000016
"buta-1,3-diene_LUCJ_L3_aug-cc-pVDZ_MP2.npz","buta-1,3-diene",LUCJ,3,aug-cc-pVDZ,MP2,52,26,15,15,10000,163,0.0163,0.016300000000000002,0.06620000000000001
"buta-1,3-diene_LUCJ_L3_aug-cc-pVDZ_random.npz","buta-1,3-diene",LUCJ,3,aug-cc-pVDZ,random,52,26,15,15,10000,163,0.0163,0.016300000000000002,0.06400000000000002
"buta-1,3-diene_LUCJ_L3_aug-cc-pVDZ_zeroes.npz","buta-1,3-diene",LUCJ,3,aug-cc-pVDZ,zeroes,52,26,15,15,9994,152,0.015209125475285171,0.015200000000000003,0.05840000000000001
"buta-1,3-diene_LUCJ_L3_cc-pVDZ_CCSD.npz","buta-1,3-diene",LUCJ,3,cc-pVDZ,CCSD,52,26,15,15,10000,180,0.018,0.018000000000000002,0.06280000000000001
"buta-1,3-diene_LUCJ_L3_cc-pVDZ_ML.npz","buta-1,3-diene",LUCJ,3,cc-pVDZ,ML,52,26,15,15,10000,152,0.0152,0.015200000000000003,0.06590000000000001
"buta-1,3-diene_LUCJ_L3_cc-pVDZ_ML_exact.npz","buta-1,3-diene",LUCJ,3,cc-pVDZ,ML_exact,52,26,15,15,10000,178,0.0178,0.017800000000000003,0.06380000000000001
"buta-1,3-diene_LUCJ_L3_cc-pVDZ_MP2.npz","buta-1,3-diene",LUCJ,3,cc-pVDZ,MP2,52,26,15,15,10000,170,0.017,0.017,0.063
"buta-1,3-diene_LUCJ_L3_cc-pVDZ_random.npz","buta-1,3-diene",LUCJ,3,cc-pVDZ,random,52,26,15,15,10000,153,0.0153,0.015300000000000003,0.06410000000000002
"buta-1,3-diene_LUCJ_L3_cc-pVDZ_zeroes.npz","buta-1,3-diene",LUCJ,3,cc-pVDZ,zeroes,52,26,15,15,9999,124,0.012401240124012402,0.012400000000000001,0.050200000000000015
"buta-1,3-diene_LUCJ_L4_STO-3G_CCSD.npz","buta-1,3-diene",LUCJ,4,STO-3G,CCSD,52,26,15,15,10000,196,0.0196,0.019600000000000003,0.0695
"buta-1,3-diene_LUCJ_L4_STO-3G_ML.npz","buta-1,3-diene",LUCJ,4,STO-3G,ML,52,26,15,15,10000,183,0.0183,0.0183,0.0655
"buta-1,3-diene_LUCJ_L4_STO-3G_ML_exact.npz","buta-1,3-diene",LUCJ,4,STO-3G,ML_exact,52,26,15,15,10000,171,0.0171,0.017100000000000004,0.06600000000000002
"buta-1,3-diene_LUCJ_L4_STO-3G_MP2.npz","buta-1,3-diene",LUCJ,4,STO-3G,MP2,52,26,15,15,10000,171,0.0171,0.017100000000000004,0.06830000000000001
"buta-1,3-diene_LUCJ_L4_STO-3G_random.npz","buta-1,3-diene",LUCJ,4,STO-3G,random,52,26,15,15,10000,156,0.0156,0.015600000000000001,0.06380000000000001
"buta-1,3-diene_LUCJ_L4_STO-3G_zeroes.npz","buta-1,3-diene",LUCJ,4,STO-3G,zeroes,52,26,15,15,10000,108,0.0108,0.0108,0.04420000000000002
"buta-1,3-diene_LUCJ_L4_aug-cc-pVDZ_CCSD.npz","buta-1,3-diene",LUCJ,4,aug-cc-pVDZ,CCSD,52,26,15,15,10000,160,0.016,0.016000000000000004,0.06650000000000002
"buta-1,3-diene_LUCJ_L4_aug-cc-pVDZ_ML.npz","buta-1,3-diene",LUCJ,4,aug-cc-pVDZ,ML,52,26,15,15,10000,215,0.0215,0.021500000000000002,0.06890000000000002
"buta-1,3-diene_LUCJ_L4_aug-cc-pVDZ_ML_exact.npz","buta-1,3-diene",LUCJ,4,aug-cc-pVDZ,ML_exact,52,26,15,15,10000,179,0.0179,0.017900000000000003,0.0675
"buta-1,3-diene_LUCJ_L4_aug-cc-pVDZ_MP2.npz","buta-1,3-diene",LUCJ,4,aug-cc-pVDZ,MP2,52,26,15,15,10000,192,0.0192,0.019200000000000005,0.06820000000000001
"buta-1,3-diene_LUCJ_L4_aug-cc-pVDZ_random.npz","buta-1,3-diene",LUCJ,4,aug-cc-pVDZ,random,52,26,15,15,10000,169,0.0169,0.016900000000000005,0.06760000000000001
"buta-1,3-diene_LUCJ_L4_aug-cc-pVDZ_zeroes.npz","buta-1,3-diene",LUCJ,4,aug-cc-pVDZ,zeroes,52,26,15,15,9988,147,0.01471766119343212,0.014700000000000005,0.05870000000000001
"buta-1,3-diene_LUCJ_L4_cc-pVDZ_CCSD.npz","buta-1,3-diene",LUCJ,4,cc-pVDZ,CCSD,52,26,15,15,10000,191,0.0191,0.0191,0.065
"buta-1,3-diene_LUCJ_L4_cc-pVDZ_ML.npz","buta-1,3-diene",LUCJ,4,cc-pVDZ,ML,52,26,15,15,10000,169,0.0169,0.016900000000000005,0.06590000000000001
"buta-1,3-diene_LUCJ_L4_cc-pVDZ_ML_exact.npz","buta-1,3-diene",LUCJ,4,cc-pVDZ,ML_exact,52,26,15,15,10000,154,0.0154,0.015400000000000002,0.06420000000000001
"buta-1,3-diene_LUCJ_L4_cc-pVDZ_MP2.npz","buta-1,3-diene",LUCJ,4,cc-pVDZ,MP2,52,26,15,15,10000,171,0.0171,0.017100000000000004,0.06380000000000001
"buta-1,3-diene_LUCJ_L4_cc-pVDZ_random.npz","buta-1,3-diene",LUCJ,4,cc-pVDZ,random,52,26,15,15,10000,168,0.0168,0.016800000000000002,0.06380000000000001
"buta-1,3-diene_LUCJ_L4_cc-pVDZ_zeroes.npz","buta-1,3-diene",LUCJ,4,cc-pVDZ,zeroes,52,26,15,15,9996,106,0.010604241696678672,0.010600000000000002,0.054100000000000016
"buta-1,3-diene_LUCJ_L5_STO-3G_CCSD.npz","buta-1,3-diene",LUCJ,5,STO-3G,CCSD,52,26,15,15,10000,189,0.0189,0.0189,0.06940000000000002
"buta-1,3-diene_LUCJ_L5_STO-3G_ML.npz","buta-1,3-diene",LUCJ,5,STO-3G,ML,52,26,15,15,10000,168,0.0168,0.016800000000000002,0.069
"buta-1,3-diene_LUCJ_L5_STO-3G_ML_exact.npz","buta-1,3-diene",LUCJ,5,STO-3G,ML_exact,52,26,15,15,10000,185,0.0185,0.018500000000000003,0.06980000000000001
"buta-1,3-diene_LUCJ_L5_STO-3G_MP2.npz","buta-1,3-diene",LUCJ,5,STO-3G,MP2,52,26,15,15,10000,206,0.0206,0.0206,0.07170000000000001
"buta-1,3-diene_LUCJ_L5_STO-3G_random.npz","buta-1,3-diene",LUCJ,5,STO-3G,random,52,26,15,15,10000,181,0.0181,0.0181,0.069
"buta-1,3-diene_LUCJ_L5_STO-3G_zeroes.npz","buta-1,3-diene",LUCJ,5,STO-3G,zeroes,52,26,15,15,10000,129,0.0129,0.012900000000000002,0.047500000000000014
"buta-1,3-diene_LUCJ_L5_aug-cc-pVDZ_CCSD.npz","buta-1,3-diene",LUCJ,5,aug-cc-pVDZ,CCSD,52,26,15,15,10000,222,0.0222,0.022200000000000004,0.0678
"buta-1,3-diene_LUCJ_L5_aug-cc-pVDZ_ML.npz","buta-1,3-diene",LUCJ,5,aug-cc-pVDZ,ML,52,26,15,15,10000,183,0.0183,0.0183,0.07090000000000002
"buta-1,3-diene_LUCJ_L5_aug-cc-pVDZ_ML_exact.npz","buta-1,3-diene",LUCJ,5,aug-cc-pVDZ,ML_exact,52,26,15,15,10000,215,0.0215,0.021500000000000002,0.07260000000000003
"buta-1,3-diene_LUCJ_L5_aug-cc-pVDZ_MP2.npz","buta-1,3-diene",LUCJ,5,aug-cc-pVDZ,MP2,52,26,15,15,10000,188,0.0188,0.018800000000000004,0.0685
"buta-1,3-diene_LUCJ_L5_aug-cc-pVDZ_random.npz","buta-1,3-diene",LUCJ,5,aug-cc-pVDZ,random,52,26,15,15,10000,197,0.0197,0.019700000000000002,0.06820000000000001
"buta-1,3-diene_LUCJ_L5_aug-cc-pVDZ_zeroes.npz","buta-1,3-diene",LUCJ,5,aug-cc-pVDZ,zeroes,52,26,15,15,9992,139,0.013911128903122499,0.013900000000000003,0.062200000000000005
"buta-1,3-diene_LUCJ_L5_cc-pVDZ_CCSD.npz","buta-1,3-diene",LUCJ,5,cc-pVDZ,CCSD,52,26,15,15,10000,188,0.0188,0.018800000000000004,0.07130000000000002
"buta-1,3-diene_LUCJ_L5_cc-pVDZ_ML.npz","buta-1,3-diene",LUCJ,5,cc-pVDZ,ML,52,26,15,15,10000,163,0.0163,0.016300000000000002,0.0695
"buta-1,3-diene_LUCJ_L5_cc-pVDZ_ML_exact.npz","buta-1,3-diene",LUCJ,5,cc-pVDZ,ML_exact,52,26,15,15,10000,178,0.0178,0.017800000000000003,0.07460000000000003
"buta-1,3-diene_LUCJ_L5_cc-pVDZ_MP2.npz","buta-1,3-diene",LUCJ,5,cc-pVDZ,MP2,52,26,15,15,10000,172,0.0172,0.0172,0.07280000000000003
"buta-1,3-diene_LUCJ_L5_cc-pVDZ_random.npz","buta-1,3-diene",LUCJ,5,cc-pVDZ,random,52,26,15,15,10000,186,0.0186,0.018600000000000005,0.07580000000000002
"buta-1,3-diene_LUCJ_L5_cc-pVDZ_zeroes.npz","buta-1,3-diene",LUCJ,5,cc-pVDZ,zeroes,52,26,15,15,10000,135,0.0135,0.013500000000000005,0.05320000000000001
ethane_LUCJ_L1_STO-3G_CCSD.npz,ethane,LUCJ,1,STO-3G,CCSD,32,16,9,9,9970,553,0.055466399197592775,0.05590000000000001,0.18270000000000006
ethane_LUCJ_L1_STO-3G_ML.npz,ethane,LUCJ,1,STO-3G,ML,32,16,9,9,9989,457,0.04575032535789368,0.045800000000000014,0.16510000000000005
ethane_LUCJ_L1_STO-3G_ML_exact.npz,ethane,LUCJ,1,STO-3G,ML_exact,32,16,9,9,9969,537,0.05386698766175143,0.05470000000000001,0.17060000000000006
ethane_LUCJ_L1_STO-3G_MP2.npz,ethane,LUCJ,1,STO-3G,MP2,32,16,9,9,9989,452,0.045249774752227453,0.04540000000000001,0.16410000000000005
ethane_LUCJ_L1_STO-3G_random.npz,ethane,LUCJ,1,STO-3G,random,32,16,9,9,10000,469,0.0469,0.04690000000000001,0.17280000000000006
ethane_LUCJ_L1_STO-3G_zeroes.npz,ethane,LUCJ,1,STO-3G,zeroes,32,16,9,9,7480,541,0.07232620320855615,0.0976,0.23270000000000002
ethane_LUCJ_L1_aug-cc-pVDZ_CCSD.npz,ethane,LUCJ,1,aug-cc-pVDZ,CCSD,32,16,9,9,10000,401,0.0401,0.04010000000000001,0.14070000000000005
ethane_LUCJ_L1_aug-cc-pVDZ_ML.npz,ethane,LUCJ,1,aug-cc-pVDZ,ML,32,16,9,9,10000,389,0.0389,0.038900000000000004,0.14840000000000003
ethane_LUCJ_L1_aug-cc-pVDZ_ML_exact.npz,ethane,LUCJ,1,aug-cc-pVDZ,ML_exact,32,16,9,9,9999,403,0.04030403040304031,0.04030000000000001,0.14550000000000002
ethane_LUCJ_L1_aug-cc-pVDZ_MP2.npz,ethane,LUCJ,1,aug-cc-pVDZ,MP2,32,16,9,9,10000,475,0.0475,0.047500000000000014,0.15320000000000003
ethane_LUCJ_L1_aug-cc-pVDZ_random.npz,ethane,LUCJ,1,aug-cc-pVDZ,random,32,16,9,9,10000,452,0.0452,0.04520000000000001,0.16250000000000003
ethane_LUCJ_L1_aug-cc-pVDZ_zeroes.npz,ethane,LUCJ,1,aug-cc-pVDZ,zeroes,32,16,9,9,8806,508,0.057687940040881215,0.06970000000000001,0.1945
ethane_LUCJ_L1_cc-pVDZ_CCSD.npz,ethane,LUCJ,1,cc-pVDZ,CCSD,32,16,9,9,9984,509,0.05098157051282051,0.05130000000000001,0.16700000000000004
ethane_LUCJ_L1_cc-pVDZ_ML.npz,ethane,LUCJ,1,cc-pVDZ,ML,32,16,9,9,9978,591,0.059230306674684305,0.06000000000000001,0.18540000000000006
ethane_LUCJ_L1_cc-pVDZ_ML_exact.npz,ethane,LUCJ,1,cc-pVDZ,ML_exact,32,16,9,9,9981,514,0.05149784590722373,0.05180000000000001,0.17170000000000005
ethane_LUCJ_L1_cc-pVDZ_MP2.npz,ethane,LUCJ,1,cc-pVDZ,MP2,32,16,9,9,9980,487,0.04879759519038076,0.04920000000000001,0.17090000000000005
ethane_LUCJ_L1_cc-pVDZ_random.npz,ethane,LUCJ,1,cc-pVDZ,random,32,16,9,9,10000,532,0.0532,0.05320000000000001,0.16430000000000006
ethane_LUCJ_L1_cc-pVDZ_zeroes.npz,ethane,LUCJ,1,cc-pVDZ,zeroes,32,16,9,9,8110,531,0.0654747225647349,0.09129999999999999,0.21780000000000002
ethane_LUCJ_L2_STO-3G_CCSD.npz,ethane,LUCJ,2,STO-3G,CCSD,32,16,9,9,10000,445,0.0445,0.04450000000000001,0.13950000000000004
ethane_LUCJ_L2_STO-3G_ML.npz,ethane,LUCJ,2,STO-3G,ML,32,16,9,9,10000,434,0.0434,0.043400000000000015,0.13840000000000002
ethane_LUCJ_L2_STO-3G_ML_exact.npz,ethane,LUCJ,2,STO-3G,ML_exact,32,16,9,9,10000,387,0.0387,0.03870000000000001,0.14030000000000004
ethane_LUCJ_L2_STO-3G_MP2.npz,ethane,LUCJ,2,STO-3G,MP2,32,16,9,9,10000,385,0.0385,0.038500000000000006,0.14440000000000003
ethane_LUCJ_L2_STO-3G_random.npz,ethane,LUCJ,2,STO-3G,random,32,16,9,9,10000,427,0.0427,0.04270000000000001,0.14450000000000002
ethane_LUCJ_L2_STO-3G_zeroes.npz,ethane,LUCJ,2,STO-3G,zeroes,32,16,9,9,7416,524,0.07065803667745416,0.10329999999999999,0.22790000000000005
ethane_LUCJ_L2_aug-cc-pVDZ_CCSD.npz,ethane,LUCJ,2,aug-cc-pVDZ,CCSD,32,16,9,9,10000,369,0.0369,0.03690000000000001,0.11830000000000002
ethane_LUCJ_L2_aug-cc-pVDZ_ML.npz,ethane,LUCJ,2,aug-cc-pVDZ,ML,32,16,9,9,10000,326,0.0326,0.032600000000000004,0.12630000000000002
ethane_LUCJ_L2_aug-cc-pVDZ_ML_exact.npz,ethane,LUCJ,2,aug-cc-pVDZ,ML_exact,32,16,9,9,10000,346,0.0346,0.034600000000000006,0.13200000000000003
ethane_LUCJ_L2_aug-cc-pVDZ_MP2.npz,ethane,LUCJ,2,aug-cc-pVDZ,MP2,32,16,9,9,10000,416,0.0416,0.04160000000000001,0.12940000000000002
ethane_LUCJ_L2_aug-cc-pVDZ_random.npz,ethane,LUCJ,2,aug-cc-pVDZ,random,32,16,9,9,10000,367,0.0367,0.0367,0.14070000000000005
ethane_LUCJ_L2_aug-cc-pVDZ_zeroes.npz,ethane,LUCJ,2,aug-cc-pVDZ,zeroes,32,16,9,9,8881,505,0.05686296588222047,0.0699,0.19890000000000002
ethane_LUCJ_L2_cc-pVDZ_CCSD.npz,ethane,LUCJ,2,cc-pVDZ,CCSD,32,16,9,9,10000,352,0.0352,0.03520000000000001,0.12880000000000003
ethane_LUCJ_L2_cc-pVDZ_ML.npz,ethane,LUCJ,2,cc-pVDZ,ML,32,16,9,9,10000,386,0.0386,0.03860000000000001,0.14010000000000006
ethane_LUCJ_L2_cc-pVDZ_ML_exact.npz,ethane,LUCJ,2,cc-pVDZ,ML_exact,32,16,9,9,10000,385,0.0385,0.038500000000000006,0.14010000000000006
ethane_LUCJ_L2_cc-pVDZ_MP2.npz,ethane,LUCJ,2,cc-pVDZ,MP2,32,16,9,9,10000,409,0.0409,0.040900000000000006,0.14430000000000004
ethane_LUCJ_L2_cc-pVDZ_random.npz,ethane,LUCJ,2,cc-pVDZ,random,32,16,9,9,10000,426,0.0426,0.04260000000000001,0.13790000000000002
ethane_LUCJ_L2_cc-pVDZ_zeroes.npz,ethane,LUCJ,2,cc-pVDZ,zeroes,32,16,9,9,8005,509,0.06358525921299188,0.0882,0.2151
ethane_LUCJ_L3_STO-3G_CCSD.npz,ethane,LUCJ,3,STO-3G,CCSD,32,16,9,9,10000,321,0.0321,0.032100000000000004,0.13150000000000003
ethane_LUCJ_L3_STO-3G_ML.npz,ethane,LUCJ,3,STO-3G,ML,32,16,9,9,10000,388,0.0388,0.03880000000000001,0.12660000000000002
ethane_LUCJ_L3_STO-3G_ML_exact.npz,ethane,LUCJ,3,STO-3G,ML_exact,32,16,9,9,9999,335,0.0335033503350335,0.0335,0.12830000000000003
ethane_LUCJ_L3_STO-3G_MP2.npz,ethane,LUCJ,3,STO-3G,MP2,32,16,9,9,10000,344,0.0344,0.03440000000000001,0.12260000000000001
ethane_LUCJ_L3_STO-3G_random.npz,ethane,LUCJ,3,STO-3G,random,32,16,9,9,10000,381,0.0381,0.03810000000000001,0.13310000000000002
ethane_LUCJ_L3_STO-3G_zeroes.npz,ethane,LUCJ,3,STO-3G,zeroes,32,16,9,9,7614,517,0.06790123456790123,0.09820000000000001,0.23990000000000006
ethane_LUCJ_L3_aug-cc-pVDZ_CCSD.npz,ethane,LUCJ,3,aug-cc-pVDZ,CCSD,32,16,9,9,10000,336,0.0336,0.033600000000000005,0.12070000000000003
ethane_LUCJ_L3_aug-cc-pVDZ_ML.npz,ethane,LUCJ,3,aug-cc-pVDZ,ML,32,16,9,9,10000,337,0.0337,0.03370000000000001,0.12050000000000002
ethane_LUCJ_L3_aug-cc-pVDZ_ML_exact.npz,ethane,LUCJ,3,aug-cc-pVDZ,ML_exact,32,16,9,9,10000,346,0.0346,0.034600000000000006,0.12380000000000002
ethane_LUCJ_L3_aug-cc-pVDZ_MP2.npz,ethane,LUCJ,3,aug-cc-pVDZ,MP2,32,16,9,9,10000,342,0.0342,0.0342,0.12300000000000003
ethane_LUCJ_L3_aug-cc-pVDZ_random.npz,ethane,LUCJ,3,aug-cc-pVDZ,random,32,16,9,9,10000,356,0.0356,0.03560000000000001,0.12520000000000003
ethane_LUCJ_L3_aug-cc-pVDZ_zeroes.npz,ethane,LUCJ,3,aug-cc-pVDZ,zeroes,32,16,9,9,8958,526,0.058718463942844384,0.0695,0.19910000000000003
ethane_LUCJ_L3_cc-pVDZ_CCSD.npz,ethane,LUCJ,3,cc-pVDZ,CCSD,32,16,9,9,10000,385,0.0385,0.038500000000000006,0.1254
ethane_LUCJ_L3_cc-pVDZ_ML.npz,ethane,LUCJ,3,cc-pVDZ,ML,32,16,9,9,10000,338,0.0338,0.033800000000000004,0.12990000000000004
ethane_LUCJ_L3_cc-pVDZ_ML_exact.npz,ethane,LUCJ,3,cc-pVDZ,ML_exact,32,16,9,9,9999,382,0.038203820382038206,0.03820000000000001,0.12990000000000004
ethane_LUCJ_L3_cc-pVDZ_MP2.npz,ethane,LUCJ,3,cc-pVDZ,MP2,32,16,9,9,10000,383,0.0383,0.03830000000000001,0.1342
ethane_LUCJ_L3_cc-pVDZ_random.npz,ethane,LUCJ,3,cc-pVDZ,random,32,16,9,9,10000,382,0.0382,0.03820000000000001,0.13200000000000003
ethane_LUCJ_L3_cc-pVDZ_zeroes.npz,ethane,LUCJ,3,cc-pVDZ,zeroes,32,16,9,9,8049,514,0.06385886445521183,0.0872,0.21750000000000003
ethane_LUCJ_L4_STO-3G_CCSD.npz,ethane,LUCJ,4,STO-3G,CCSD,32,16,9,9,10000,362,0.0362,0.03620000000000001,0.1254
ethane_LUCJ_L4_STO-3G_ML.npz,ethane,LUCJ,4,STO-3G,ML,32,16,9,9,10000,356,0.0356,0.03560000000000001,0.12010000000000003
ethane_LUCJ_L4_STO-3G_ML_exact.npz,ethane,LUCJ,4,STO-3G,ML_exact,32,16,9,9,10000,335,0.0335,0.0335,0.1254
ethane_LUCJ_L4_STO-3G_MP2.npz,ethane,LUCJ,4,STO-3G,MP2,32,16,9,9,10000,384,0.0384,0.03840000000000001,0.12580000000000002
ethane_LUCJ_L4_STO-3G_random.npz,ethane,LUCJ,4,STO-3G,random,32,16,9,9,10000,346,0.0346,0.034600000000000006,0.12550000000000003
ethane_LUCJ_L4_STO-3G_zeroes.npz,ethane,LUCJ,4,STO-3G,zeroes,32,16,9,9,7584,512,0.06751054852320675,0.09799999999999999,0.23629999999999998
ethane_LUCJ_L4_aug-cc-pVDZ_CCSD.npz,ethane,LUCJ,4,aug-cc-pVDZ,CCSD,32,16,9,9,10000,346,0.0346,0.034600000000000006,0.12050000000000002
ethane_LUCJ_L4_aug-cc-pVDZ_ML.npz,ethane,LUCJ,4,aug-cc-pVDZ,ML,32,16,9,9,10000,339,0.0339,0.033900000000000007,0.11840000000000003
ethane_LUCJ_L4_aug-cc-pVDZ_ML_exact.npz,ethane,LUCJ,4,aug-cc-pVDZ,ML_exact,32,16,9,9,10000,380,0.038,0.038000000000000006,0.12150000000000002
ethane_LUCJ_L4_aug-cc-pVDZ_MP2.npz,ethane,LUCJ,4,aug-cc-pVDZ,MP2,32,16,9,9,10000,331,0.0331,0.033100000000000004,0.12380000000000002
ethane_LUCJ_L4_aug-cc-pVDZ_random.npz,ethane,LUCJ,4,aug-cc-pVDZ,random,32,16,9,9,10000,346,0.0346,0.034600000000000006,0.12870000000000004
ethane_LUCJ_L4_aug-cc-pVDZ_zeroes.npz,ethane,LUCJ,4,aug-cc-pVDZ,zeroes,32,16,9,9,8883,541,0.06090284813689069,0.07450000000000001,0.1975
ethane_LUCJ_L4_cc-pVDZ_CCSD.npz,ethane,LUCJ,4,cc-pVDZ,CCSD,32,16,9,9,10000,325,0.0325,0.0325,0.12570000000000003
ethane_LUCJ_L4_cc-pVDZ_ML.npz,ethane,LUCJ,4,cc-pVDZ,ML,32,16,9,9,10000,337,0.0337,0.03370000000000001,0.12080000000000002
ethane_LUCJ_L4_cc-pVDZ_ML_exact.npz,ethane,LUCJ,4,cc-pVDZ,ML_exact,32,16,9,9,10000,353,0.0353,0.03530000000000001,0.12570000000000003
ethane_LUCJ_L4_cc-pVDZ_MP2.npz,ethane,LUCJ,4,cc-pVDZ,MP2,32,16,9,9,10000,349,0.0349,0.0349,0.11750000000000002
ethane_LUCJ_L4_cc-pVDZ_random.npz,ethane,LUCJ,4,cc-pVDZ,random,32,16,9,9,10000,355,0.0355,0.035500000000000004,0.11940000000000003
ethane_LUCJ_L4_cc-pVDZ_zeroes.npz,ethane,LUCJ,4,cc-pVDZ,zeroes,32,16,9,9,8017,506,0.06311587875764002,0.08679999999999999,0.20860000000000006
ethane_LUCJ_L5_STO-3G_CCSD.npz,ethane,LUCJ,5,STO-3G,CCSD,32,16,9,9,10000,353,0.0353,0.03530000000000001,0.12660000000000002
ethane_LUCJ_L5_STO-3G_ML.npz,ethane,LUCJ,5,STO-3G,ML,32,16,9,9,10000,362,0.0362,0.03620000000000001,0.12320000000000003
ethane_LUCJ_L5_STO-3G_ML_exact.npz,ethane,LUCJ,5,STO-3G,ML_exact,32,16,9,9,10000,372,0.0372,0.03720000000000001,0.12610000000000002
ethane_LUCJ_L5_STO-3G_MP2.npz,ethane,LUCJ,5,STO-3G,MP2,32,16,9,9,10000,355,0.0355,0.035500000000000004,0.12200000000000003
ethane_LUCJ_L5_STO-3G_random.npz,ethane,LUCJ,5,STO-3G,random,32,16,9,9,10000,357,0.0357,0.03570000000000001,0.12600000000000003
ethane_LUCJ_L5_STO-3G_zeroes.npz,ethane,LUCJ,5,STO-3G,zeroes,32,16,9,9,7491,532,0.07101855560005339,0.10109999999999998,0.2373
ethane_LUCJ_L5_aug-cc-pVDZ_CCSD.npz,ethane,LUCJ,5,aug-cc-pVDZ,CCSD,32,16,9,9,10000,353,0.0353,0.03530000000000001,0.11670000000000003
ethane_LUCJ_L5_aug-cc-pVDZ_ML.npz,ethane,LUCJ,5,aug-cc-pVDZ,ML,32,16,9,9,10000,360,0.036,0.03600000000000001,0.12800000000000003
ethane_LUCJ_L5_aug-cc-pVDZ_ML_exact.npz,ethane,LUCJ,5,aug-cc-pVDZ,ML_exact,32,16,9,9,10000,345,0.0345,0.0345,0.12380000000000002
ethane_LUCJ_L5_aug-cc-pVDZ_MP2.npz,ethane,LUCJ,5,aug-cc-pVDZ,MP2,32,16,9,9,10000,374,0.0374,0.03740000000000001,0.13210000000000005
ethane_LUCJ_L5_aug-cc-pVDZ_random.npz,ethane,LUCJ,5,aug-cc-pVDZ,random,32,16,9,9,10000,384,0.0384,0.03840000000000001,0.11930000000000003
ethane_LUCJ_L5_aug-cc-pVDZ_zeroes.npz,ethane,LUCJ,5,aug-cc-pVDZ,zeroes,32,16,9,9,8800,492,0.05590909090909091,0.0712,0.21130000000000004
ethane_LUCJ_L5_cc-pVDZ_CCSD.npz,ethane,LUCJ,5,cc-pVDZ,CCSD,32,16,9,9,10000,370,0.037,0.03700000000000001,0.11950000000000002
ethane_LUCJ_L5_cc-pVDZ_ML.npz,ethane,LUCJ,5,cc-pVDZ,ML,32,16,9,9,10000,357,0.0357,0.03570000000000001,0.12300000000000003
ethane_LUCJ_L5_cc-pVDZ_ML_exact.npz,ethane,LUCJ,5,cc-pVDZ,ML_exact,32,16,9,9,10000,326,0.0326,0.032600000000000004,0.12820000000000004
ethane_LUCJ_L5_cc-pVDZ_MP2.npz,ethane,LUCJ,5,cc-pVDZ,MP2,32,16,9,9,10000,345,0.0345,0.0345,0.12910000000000005
ethane_LUCJ_L5_cc-pVDZ_random.npz,ethane,LUCJ,5,cc-pVDZ,random,32,16,9,9,10000,311,0.0311,0.031100000000000003,0.12750000000000003
ethane_LUCJ_L5_cc-pVDZ_zeroes.npz,ethane,LUCJ,5,cc-pVDZ,zeroes,32,16,9,9,8167,525,0.0642830904861026,0.0881,0.212
ethylene_LUCJ_L1_STO-3G_CCSD.npz,ethylene,LUCJ,1,STO-3G,CCSD,28,14,8,8,9955,639,0.06418884982420894,0.06530000000000001,0.18980000000000005
ethylene_LUCJ_L1_STO-3G_ML.npz,ethylene,LUCJ,1,STO-3G,ML,28,14,8,8,9864,657,0.0666058394160584,0.06720000000000001,0.20160000000000006
ethylene_LUCJ_L1_STO-3G_ML_exact.npz,ethylene,LUCJ,1,STO-3G,ML_exact,28,14,8,8,9986,608,0.0608852393350691,0.06120000000000001,0.20100000000000007
ethylene_LUCJ_L1_STO-3G_MP2.npz,ethylene,LUCJ,1,STO-3G,MP2,28,14,8,8,9938,734,0.07385791909841015,0.07490000000000002,0.21310000000000007
ethylene_LUCJ_L1_STO-3G_random.npz,ethylene,LUCJ,1,STO-3G,random,28,14,8,8,10000,607,0.0607,0.06070000000000001,0.19480000000000006
ethylene_LUCJ_L1_STO-3G_zeroes.npz,ethylene,LUCJ,1,STO-3G,zeroes,28,14,8,8,5742,414,0.07210031347962383,0.1349,0.2793
ethylene_LUCJ_L1_aug-cc-pVDZ_CCSD.npz,ethylene,LUCJ,1,aug-cc-pVDZ,CCSD,28,14,8,8,9850,669,0.06791878172588832,0.0699,0.21180000000000007
ethylene_LUCJ_L1_aug-cc-pVDZ_ML.npz,ethylene,LUCJ,1,aug-cc-pVDZ,ML,28,14,8,8,9785,760,0.07766990291262135,0.08160000000000002,0.22950000000000004
ethylene_LUCJ_L1_aug-cc-pVDZ_ML_exact.npz,ethylene,LUCJ,1,aug-cc-pVDZ,ML_exact,28,14,8,8,9784,664,0.0678659035159444,0.07100000000000001,0.21280000000000004
ethylene_LUCJ_L1_aug-cc-pVDZ_MP2.npz,ethylene,LUCJ,1,aug-cc-pVDZ,MP2,28,14,8,8,9775,695,0.0710997442455243,0.07670000000000002,0.22080000000000005
ethylene_LUCJ_L1_aug-cc-pVDZ_random.npz,ethylene,LUCJ,1,aug-cc-pVDZ,random,28,14,8,8,10000,608,0.0608,0.060800000000000014,0.19440000000000007
ethylene_LUCJ_L1_aug-cc-pVDZ_zeroes.npz,ethylene,LUCJ,1,aug-cc-pVDZ,zeroes,28,14,8,8,5667,433,0.07640727016057879,0.1528,0.30820000000000003
ethylene_LUCJ_L1_cc-pVDZ_CCSD.npz,ethylene,LUCJ,1,cc-pVDZ,CCSD,28,14,8,8,9992,587,0.058746997598078464,0.058800000000000005,0.20350000000000007
ethylene_LUCJ_L1_cc-pVDZ_ML.npz,ethylene,LUCJ,1,cc-pVDZ,ML,28,14,8,8,9965,489,0.04907175112895133,0.049500000000000016,0.16480000000000003
ethylene_LUCJ_L1_cc-pVDZ_ML_exact.npz,ethylene,LUCJ,1,cc-pVDZ,ML_exact,28,14,8,8,9983,562,0.056295702694580785,0.05660000000000001,0.17970000000000005
ethylene_LUCJ_L1_cc-pVDZ_MP2.npz,ethylene,LUCJ,1,cc-pVDZ,MP2,28,14,8,8,9972,502,0.05034095467308464,0.05060000000000001,0.16770000000000004
ethylene_LUCJ_L1_cc-pVDZ_random.npz,ethylene,LUCJ,1,cc-pVDZ,random,28,14,8,8,10000,718,0.0718,0.07180000000000002,0.21310000000000004
ethylene_LUCJ_L1_cc-pVDZ_zeroes.npz,ethylene,LUCJ,1,cc-pVDZ,zeroes,28,14,8,8,6342,473,0.07458215074109113,0.135,0.27890000000000004
ethylene_LUCJ_L2_STO-3G_CCSD.npz,ethylene,LUCJ,2,STO-3G,CCSD,28,14,8,8,10000,439,0.0439,0.04390000000000001,0.15160000000000004
ethylene_LUCJ_L2_STO-3G_ML.npz,ethylene,LUCJ,2,STO-3G,ML,28,14,8,8,9996,445,0.04451780712284914,0.04450000000000001,0.15110000000000004
ethylene_LUCJ_L2_STO-3G_ML_exact.npz,ethylene,LUCJ,2,STO-3G,ML_exact,28,14,8,8,10000,464,0.0464,0.04640000000000001,0.16800000000000004
ethylene_LUCJ_L2_STO-3G_MP2.npz,ethylene,LUCJ,2,STO-3G,MP2,28,14,8,8,10000,439,0.0439,0.04390000000000001,0.14320000000000005
ethylene_LUCJ_L2_STO-3G_random.npz,ethylene,LUCJ,2,STO-3G,random,28,14,8,8,10000,447,0.0447,0.04470000000000001,0.15230000000000005
ethylene_LUCJ_L2_STO-3G_zeroes.npz,ethylene,LUCJ,2,STO-3G,zeroes,28,14,8,8,5688,417,0.07331223628691984,0.13210000000000002,0.2858
ethylene_LUCJ_L2_aug-cc-pVDZ_CCSD.npz,ethylene,LUCJ,2,aug-cc-pVDZ,CCSD,28,14,8,8,9991,489,0.048944049644680215,0.049000000000000016,0.16390000000000005
ethylene_LUCJ_L2_aug-cc-pVDZ_ML.npz,ethylene,LUCJ,2,aug-cc-pVDZ,ML,28,14,8,8,9987,533,0.05336938019425253,0.05370000000000001,0.17180000000000006
ethylene_LUCJ_L2_aug-cc-pVDZ_ML_exact.npz,ethylene,LUCJ,2,aug-cc-pVDZ,ML_exact,28,14,8,8,9991,591,0.05915323791412271,0.05960000000000001,0.17210000000000003
ethylene_LUCJ_L2_aug-cc-pVDZ_MP2.npz,ethylene,LUCJ,2,aug-cc-pVDZ,MP2,28,14,8,8,9979,556,0.05571700571199519,0.05630000000000002,0.18720000000000003
ethylene_LUCJ_L2_aug-cc-pVDZ_random.npz,ethylene,LUCJ,2,aug-cc-pVDZ,random,28,14,8,8,10000,460,0.046,0.04600000000000001,0.16100000000000003
ethylene_LUCJ_L2_aug-cc-pVDZ_zeroes.npz,ethylene,LUCJ,2,aug-cc-pVDZ,zeroes,28,14,8,8,5569,390,0.07003052612677321,0.14850000000000002,0.303
ethylene_LUCJ_L2_cc-pVDZ_CCSD.npz,ethylene,LUCJ,2,cc-pVDZ,CCSD,28,14,8,8,10000,451,0.0451,0.045100000000000015,0.14900000000000005
ethylene_LUCJ_L2_cc-pVDZ_ML.npz,ethylene,LUCJ,2,cc-pVDZ,ML,28,14,8,8,10000,453,0.0453,0.04530000000000001,0.15110000000000004
ethylene_LUCJ_L2_cc-pVDZ_ML_exact.npz,ethylene,LUCJ,2,cc-pVDZ,ML_exact,28,14,8,8,9998,458,0.045809161832366475,0.04580000000000001,0.15770000000000006
ethylene_LUCJ_L2_cc-pVDZ_MP2.npz,ethylene,LUCJ,2,cc-pVDZ,MP2,28,14,8,8,10000,442,0.0442,0.04420000000000002,0.14610000000000006
ethylene_LUCJ_L2_cc-pVDZ_random.npz,ethylene,LUCJ,2,cc-pVDZ,random,28,14,8,8,10000,505,0.0505,0.05050000000000002,0.17280000000000006
ethylene_LUCJ_L2_cc-pVDZ_zeroes.npz,ethylene,LUCJ,2,cc-pVDZ,zeroes,28,14,8,8,6107,490,0.08023579498935647,0.14070000000000002,0.2831
ethylene_LUCJ_L3_STO-3G_CCSD.npz,ethylene,LUCJ,3,STO-3G,CCSD,28,14,8,8,10000,420,0.042,0.04200000000000001,0.13930000000000003
ethylene_LUCJ_L3_STO-3G_ML.npz,ethylene,LUCJ,3,STO-3G,ML,28,14,8,8,10000,337,0.0337,0.03370000000000001,0.12670000000000003
ethylene_LUCJ_L3_STO-3G_ML_exact.npz,ethylene,LUCJ,3,STO-3G,ML_exact,28,14,8,8,9999,379,0.037903790379037905,0.03790000000000001,0.14
ethylene_LUCJ_L3_STO-3G_MP2.npz,ethylene,LUCJ,3,STO-3G,MP2,28,14,8,8,10000,340,0.034,0.034,0.12060000000000003
ethylene_LUCJ_L3_STO-3G_random.npz,ethylene,LUCJ,3,STO-3G,random,28,14,8,8,10000,386,0.0386,0.03860000000000001,0.13760000000000003
ethylene_LUCJ_L3_STO-3G_zeroes.npz,ethylene,LUCJ,3,STO-3G,zeroes,28,14,8,8,5777,387,0.06698978708672321,0.13210000000000002,0.278
ethylene_LUCJ_L3_aug-cc-pVDZ_CCSD.npz,ethylene,LUCJ,3,aug-cc-pVDZ,CCSD,28,14,8,8,9999,448,0.0448044804480448,0.04480000000000001,0.15630000000000005
ethylene_LUCJ_L3_aug-cc-pVDZ_ML.npz,ethylene,LUCJ,3,aug-cc-pVDZ,ML,28,14,8,8,10000,454,0.0454,0.04540000000000001,0.14430000000000004
ethylene_LUCJ_L3_aug-cc-pVDZ_ML_exact.npz,ethylene,LUCJ,3,aug-cc-pVDZ,ML_exact,28,14,8,8,10000,387,0.0387,0.03870000000000001,0.14190000000000003
ethylene_LUCJ_L3_aug-cc-pVDZ_MP2.npz,ethylene,LUCJ,3,aug-cc-pVDZ,MP2,28,14,8,8,9998,470,0.04700940188037608,0.04700000000000001,0.15100000000000002
ethylene_LUCJ_L3_aug-cc-pVDZ_random.npz,ethylene,LUCJ,3,aug-cc-pVDZ,random,28,14,8,8,10000,357,0.0357,0.03570000000000001,0.14450000000000002
ethylene_LUCJ_L3_aug-cc-pVDZ_zeroes.npz,ethylene,LUCJ,3,aug-cc-pVDZ,zeroes,28,14,8,8,5705,445,0.07800175284837861,0.1561,0.3027
ethylene_LUCJ_L3_cc-pVDZ_CCSD.npz,ethylene,LUCJ,3,cc-pVDZ,CCSD,28,14,8,8,10000,389,0.0389,0.038900000000000004,0.1375
ethylene_LUCJ_L3_cc-pVDZ_ML.npz,ethylene,LUCJ,3,cc-pVDZ,ML,28,14,8,8,10000,359,0.0359,0.0359,0.13790000000000002
ethylene_LUCJ_L3_cc-pVDZ_ML_exact.npz,ethylene,LUCJ,3,cc-pVDZ,ML_exact,28,14,8,8,10000,357,0.0357,0.03570000000000001,0.13100000000000003
ethylene_LUCJ_L3_cc-pVDZ_MP2.npz,ethylene,LUCJ,3,cc-pVDZ,MP2,28,14,8,8,10000,358,0.0358,0.035800000000000005,0.13570000000000002
ethylene_LUCJ_L3_cc-pVDZ_random.npz,ethylene,LUCJ,3,cc-pVDZ,random,28,14,8,8,10000,395,0.0395,0.03950000000000001,0.14110000000000003
ethylene_LUCJ_L3_cc-pVDZ_zeroes.npz,ethylene,LUCJ,3,cc-pVDZ,zeroes,28,14,8,8,6426,458,0.07127295362589481,0.12320000000000003,0.27390000000000003
ethylene_LUCJ_L4_STO-3G_CCSD.npz,ethylene,LUCJ,4,STO-3G,CCSD,28,14,8,8,10000,337,0.0337,0.03370000000000001,0.13320000000000004
ethylene_LUCJ_L4_STO-3G_ML.npz,ethylene,LUCJ,4,STO-3G,ML,28,14,8,8,10000,376,0.0376,0.03760000000000001,0.1373
ethylene_LUCJ_L4_STO-3G_ML_exact.npz,ethylene,LUCJ,4,STO-3G,ML_exact,28,14,8,8,10000,365,0.0365,0.036500000000000005,0.13030000000000003
ethylene_LUCJ_L4_STO-3G_MP2.npz,ethylene,LUCJ,4,STO-3G,MP2,28,14,8,8,9999,360,0.036003600360036005,0.03600000000000001,0.14110000000000003
ethylene_LUCJ_L4_STO-3G_random.npz,ethylene,LUCJ,4,STO-3G,random,28,14,8,8,9999,388,0.0388038803880388,0.03880000000000001,0.13390000000000002
ethylene_LUCJ_L4_STO-3G_zeroes.npz,ethylene,LUCJ,4,STO-3G,zeroes,28,14,8,8,5661,412,0.07277866101395514,0.13290000000000002,0.2878
ethylene_LUCJ_L4_aug-cc-pVDZ_CCSD.npz,ethylene,LUCJ,4,aug-cc-pVDZ,CCSD,28,14,8,8,10000,423,0.0423,0.042300000000000004,0.14310000000000003
ethylene_LUCJ_L4_aug-cc-pVDZ_ML.npz,ethylene,LUCJ,4,aug-cc-pVDZ,ML,28,14,8,8,10000,418,0.0418,0.04180000000000001,0.1391
ethylene_LUCJ_L4_aug-cc-pVDZ_ML_exact.npz,ethylene,LUCJ,4,aug-cc-pVDZ,ML_exact,28,14,8,8,10000,403,0.0403,0.04030000000000001,0.15070000000000003
ethylene_LUCJ_L4_aug-cc-pVDZ_MP2.npz,ethylene,LUCJ,4,aug-cc-pVDZ,MP2,28,14,8,8,10000,414,0.0414,0.041400000000000006,0.14340000000000003
ethylene_LUCJ_L4_aug-cc-pVDZ_random.npz,ethylene,LUCJ,4,aug-cc-pVDZ,random,28,14,8,8,10000,376,0.0376,0.03760000000000001,0.13790000000000002
ethylene_LUCJ_L4_aug-cc-pVDZ_zeroes.npz,ethylene,LUCJ,4,aug-cc-pVDZ,zeroes,28,14,8,8,5741,474,0.08256401323811183,0.15600000000000003,0.3033
ethylene_LUCJ_L4_cc-pVDZ_CCSD.npz,ethylene,LUCJ,4,cc-pVDZ,CCSD,28,14,8,8,10000,341,0.0341,0.034100000000000005,0.13010000000000005
ethylene_LUCJ_L4_cc-pVDZ_ML.npz,ethylene,LUCJ,4,cc-pVDZ,ML,28,14,8,8,10000,400,0.04,0.04000000000000001,0.13190000000000002
ethylene_LUCJ_L4_cc-pVDZ_ML_exact.npz,ethylene,LUCJ,4,cc-pVDZ,ML_exact,28,14,8,8,10000,403,0.0403,0.04030000000000001,0.12990000000000004
ethylene_LUCJ_L4_cc-pVDZ_MP2.npz,ethylene,LUCJ,4,cc-pVDZ,MP2,28,14,8,8,9999,348,0.0348034803480348,0.0349,0.12940000000000002
ethylene_LUCJ_L4_cc-pVDZ_random.npz,ethylene,LUCJ,4,cc-pVDZ,random,28,14,8,8,10000,378,0.0378,0.037800000000000014,0.14030000000000004
ethylene_LUCJ_L4_cc-pVDZ_zeroes.npz,ethylene,LUCJ,4,cc-pVDZ,zeroes,28,14,8,8,6014,435,0.07233122713668108,0.13620000000000002,0.28900000000000003
ethylene_LUCJ_L5_STO-3G_CCSD.npz,ethylene,LUCJ,5,STO-3G,CCSD,28,14,8,8,9999,363,0.036303630363036306,0.03640000000000001,0.12630000000000002
ethylene_LUCJ_L5_STO-3G_ML.npz,ethylene,LUCJ,5,STO-3G,ML,28,14,8,8,10000,398,0.0398,0.0398,0.13240000000000002
ethylene_LUCJ_L5_STO-3G_ML_exact.npz,ethylene,LUCJ,5,STO-3G,ML_exact,28,14,8,8,10000,340,0.034,0.034,0.12450000000000003
ethylene_LUCJ_L5_STO-3G_MP2.npz,ethylene,LUCJ,5,STO-3G,MP2,28,14,8,8,10000,376,0.0376,0.03760000000000001,0.12910000000000005
ethylene_LUCJ_L5_STO-3G_random.npz,ethylene,LUCJ,5,STO-3G,random,28,14,8,8,9999,331,0.0331033103310331,0.033100000000000004,0.13260000000000002
ethylene_LUCJ_L5_STO-3G_zeroes.npz,ethylene,LUCJ,5,STO-3G,zeroes,28,14,8,8,5665,399,0.070432480141218,0.12860000000000002,0.2988
ethylene_LUCJ_L5_aug-cc-pVDZ_CCSD.npz,ethylene,LUCJ,5,aug-cc-pVDZ,CCSD,28,14,8,8,9999,399,0.039903990399039906,0.039900000000000005,0.1345
ethylene_LUCJ_L5_aug-cc-pVDZ_ML.npz,ethylene,LUCJ,5,aug-cc-pVDZ,ML,28,14,8,8,10000,384,0.0384,0.03840000000000001,0.13480000000000003
ethylene_LUCJ_L5_aug-cc-pVDZ_ML_exact.npz,ethylene,LUCJ,5,aug-cc-pVDZ,ML_exact,28,14,8,8,10000,432,0.0432,0.043200000000000016,0.13820000000000005
ethylene_LUCJ_L5_aug-cc-pVDZ_MP2.npz,ethylene,LUCJ,5,aug-cc-pVDZ,MP2,28,14,8,8,9998,417,0.04170834166833367,0.041700000000000015,0.13230000000000003
ethylene_LUCJ_L5_aug-cc-pVDZ_random.npz,ethylene,LUCJ,5,aug-cc-pVDZ,random,28,14,8,8,10000,379,0.0379,0.03790000000000001,0.13640000000000002
ethylene_LUCJ_L5_aug-cc-pVDZ_zeroes.npz,ethylene,LUCJ,5,aug-cc-pVDZ,zeroes,28,14,8,8,5759,440,0.07640215315158881,0.15440000000000004,0.30050000000000004
ethylene_LUCJ_L5_cc-pVDZ_CCSD.npz,ethylene,LUCJ,5,cc-pVDZ,CCSD,28,14,8,8,10000,384,0.0384,0.03840000000000001,0.134
ethylene_LUCJ_L5_cc-pVDZ_ML.npz,ethylene,LUCJ,5,cc-pVDZ,ML,28,14,8,8,9998,359,0.03590718143628726,0.0359,0.12710000000000002
ethylene_LUCJ_L5_cc-pVDZ_ML_exact.npz,ethylene,LUCJ,5,cc-pVDZ,ML_exact,28,14,8,8,9999,353,0.0353035303530353,0.03530000000000001,0.13370000000000004
ethylene_LUCJ_L5_cc-pVDZ_MP2.npz,ethylene,LUCJ,5,cc-pVDZ,MP2,28,14,8,8,10000,376,0.0376,0.03760000000000001,0.13060000000000005
ethylene_LUCJ_L5_cc-pVDZ_random.npz,ethylene,LUCJ,5,cc-pVDZ,random,28,14,8,8,10000,390,0.039,0.03900000000000001,0.13620000000000002
ethylene_LUCJ_L5_cc-pVDZ_zeroes.npz,ethylene,LUCJ,5,cc-pVDZ,zeroes,28,14,8,8,6638,471,0.07095510695992768,0.12140000000000002,0.2821
fluoroform_LUCJ_L1_STO-3G_CCSD.npz,fluoroform,LUCJ,1,STO-3G,CCSD,42,21,17,17,10000,2,0.0002,0.0002,0.0015000000000000002
fluoroform_LUCJ_L1_STO-3G_ML.npz,fluoroform,LUCJ,1,STO-3G,ML,42,21,17,17,10000,3,0.0003,0.00030000000000000003,0.0017000000000000001
fluoroform_LUCJ_L1_STO-3G_ML_exact.npz,fluoroform,LUCJ,1,STO-3G,ML_exact,42,21,17,17,10000,3,0.0003,0.00030000000000000003,0.0009000000000000001
fluoroform_LUCJ_L1_STO-3G_MP2.npz,fluoroform,LUCJ,1,STO-3G,MP2,42,21,17,17,10000,5,0.0005,0.0005,0.0007000000000000001
fluoroform_LUCJ_L1_STO-3G_random.npz,fluoroform,LUCJ,1,STO-3G,random,42,21,17,17,10000,3,0.0003,0.00030000000000000003,0.0016
fluoroform_LUCJ_L1_STO-3G_zeroes.npz,fluoroform,LUCJ,1,STO-3G,zeroes,42,21,17,17,9931,39,0.003927096969086699,0.003999999999999999,0.019799999999999998
fluoroform_LUCJ_L1_aug-cc-pVDZ_CCSD.npz,fluoroform,LUCJ,1,aug-cc-pVDZ,CCSD,42,21,17,17,10000,8,0.0008,0.0008,0.0034
fluoroform_LUCJ_L1_aug-cc-pVDZ_ML.npz,fluoroform,LUCJ,1,aug-cc-pVDZ,ML,42,21,17,17,10000,6,0.0006,0.0006000000000000001,0.004300000000000001
fluoroform_LUCJ_L1_aug-cc-pVDZ_ML_exact.npz,fluoroform,LUCJ,1,aug-cc-pVDZ,ML_exact,42,21,17,17,10000,18,0.0018,0.0018000000000000002,0.006400000000000001
fluoroform_LUCJ_L1_aug-cc-pVDZ_MP2.npz,fluoroform,LUCJ,1,aug-cc-pVDZ,MP2,42,21,17,17,10000,11,0.0011,0.0011,0.005300000000000002
fluoroform_LUCJ_L1_aug-cc-pVDZ_random.npz,fluoroform,LUCJ,1,aug-cc-pVDZ,random,42,21,17,17,10000,1,0.0001,0.0001,0.0011
fluoroform_LUCJ_L1_aug-cc-pVDZ_zeroes.npz,fluoroform,LUCJ,1,aug-cc-pVDZ,zeroes,42,21,17,17,9962,53,0.005320216823930937,0.005600000000000002,0.024600000000000004
fluoroform_LUCJ_L1_cc-pVDZ_CCSD.npz,fluoroform,LUCJ,1,cc-pVDZ,CCSD,42,21,17,17,10000,8,0.0008,0.0008,0.0016
fluoroform_LUCJ_L1_cc-pVDZ_ML.npz,fluoroform,LUCJ,1,cc-pVDZ,ML,42,21,17,17,10000,1,0.0001,0.0001,0.0012000000000000001
fluoroform_LUCJ_L1_cc-pVDZ_ML_exact.npz,fluoroform,LUCJ,1,cc-pVDZ,ML_exact,42,21,17,17,10000,2,0.0002,0.0002,0.0016
fluoroform_LUCJ_L1_cc-pVDZ_MP2.npz,fluoroform,LUCJ,1,cc-pVDZ,MP2,42,21,17,17,10000,4,0.0004,0.0004,0.0016
fluoroform_LUCJ_L1_cc-pVDZ_random.npz,fluoroform,LUCJ,1,cc-pVDZ,random,42,21,17,17,10000,3,0.0003,0.00030000000000000003,0.0011
fluoroform_LUCJ_L1_cc-pVDZ_zeroes.npz,fluoroform,LUCJ,1,cc-pVDZ,zeroes,42,21,17,17,9950,57,0.005728643216080402,0.006000000000000001,0.024500000000000004
fluoroform_LUCJ_L2_STO-3G_CCSD.npz,fluoroform,LUCJ,2,STO-3G,CCSD,42,21,17,17,10000,0,0.0,0.0,0.0002
fluoroform_LUCJ_L2_STO-3G_ML.npz,fluoroform,LUCJ,2,STO-3G,ML,42,21,17,17,10000,0,0.0,0.0,0.0004
fluoroform_LUCJ_L2_STO-3G_ML_exact.npz,fluoroform,LUCJ,2,STO-3G,ML_exact,42,21,17,17,10000,0,0.0,0.0,0.00030000000000000003
fluoroform_LUCJ_L2_STO-3G_MP2.npz,fluoroform,LUCJ,2,STO-3G,MP2,42,21,17,17,10000,0,0.0,0.0,0.0001
fluoroform_LUCJ_L2_STO-3G_random.npz,fluoroform,LUCJ,2,STO-3G,random,42,21,17,17,10000,0,0.0,0.0,0.0004
fluoroform_LUCJ_L2_STO-3G_zeroes.npz,fluoroform,LUCJ,2,STO-3G,zeroes,42,21,17,17,9934,58,0.005838534326555265,0.006300000000000002,0.022200000000000008
fluoroform_LUCJ_L2_aug-cc-pVDZ_CCSD.npz,fluoroform,LUCJ,2,aug-cc-pVDZ,CCSD,42,21,17,17,10000,0,0.0,0.0,0.0009000000000000001
fluoroform_LUCJ_L2_aug-cc-pVDZ_ML.npz,fluoroform,LUCJ,2,aug-cc-pVDZ,ML,42,21,17,17,10000,0,0.0,0.0,0.0009000000000000001
fluoroform_LUCJ_L2_aug-cc-pVDZ_ML_exact.npz,fluoroform,LUCJ,2,aug-cc-pVDZ,ML_exact,42,21,17,17,10000,5,0.0005,0.0005,0.0008
fluoroform_LUCJ_L2_aug-cc-pVDZ_MP2.npz,fluoroform,LUCJ,2,aug-cc-pVDZ,MP2,42,21,17,17,10000,5,0.0005,0.0005,0.0005
fluoroform_LUCJ_L2_aug-cc-pVDZ_random.npz,fluoroform,LUCJ,2,aug-cc-pVDZ,random,42,21,17,17,10000,0,0.0,0.0,0.00030000000000000003
fluoroform_LUCJ_L2_aug-cc-pVDZ_zeroes.npz,fluoroform,LUCJ,2,aug-cc-pVDZ,zeroes,42,21,17,17,9965,59,0.005920722528850978,0.006000000000000002,0.025100000000000004
fluoroform_LUCJ_L2_cc-pVDZ_CCSD.npz,fluoroform,LUCJ,2,cc-pVDZ,CCSD,42,21,17,17,10000,1,0.0001,0.0001,0.0004
fluoroform_LUCJ_L2_cc-pVDZ_ML.npz,fluoroform,LUCJ,2,cc-pVDZ,ML,42,21,17,17,10000,0,0.0,0.0,0.0
fluoroform_LUCJ_L2_cc-pVDZ_ML_exact.npz,fluoroform,LUCJ,2,cc-pVDZ,ML_exact,42,21,17,17,10000,0,0.0,0.0,0.0001
fluoroform_LUCJ_L2_cc-pVDZ_MP2.npz,fluoroform,LUCJ,2,cc-pVDZ,MP2,42,21,17,17,10000,1,0.0001,0.0001,0.0004
fluoroform_LUCJ_L2_cc-pVDZ_random.npz,fluoroform,LUCJ,2,cc-pVDZ,random,42,21,17,17,10000,2,0.0002,0.0002,0.0001
fluoroform_LUCJ_L2_cc-pVDZ_zeroes.npz,fluoroform,LUCJ,2,cc-pVDZ,zeroes,42,21,17,17,9928,51,0.005136986301369863,0.005900000000000002,0.026200000000000005
fluoroform_LUCJ_L3_STO-3G_CCSD.npz,fluoroform,LUCJ,3,STO-3G,CCSD,42,21,17,17,10000,0,0.0,0.0,0.0
fluoroform_LUCJ_L3_STO-3G_ML.npz,fluoroform,LUCJ,3,STO-3G,ML,42,21,17,17,10000,1,0.0001,0.0001,0.0001
fluoroform_LUCJ_L3_STO-3G_ML_exact.npz,fluoroform,LUCJ,3,STO-3G,ML_exact,42,21,17,17,10000,0,0.0,0.0,0.0002
fluoroform_LUCJ_L3_STO-3G_MP2.npz,fluoroform,LUCJ,3,STO-3G,MP2,42,21,17,17,10000,0,0.0,0.0,0.00030000000000000003
fluoroform_LUCJ_L3_STO-3G_random.npz,fluoroform,LUCJ,3,STO-3G,random,42,21,17,17,10000,0,0.0,0.0,0.0001
fluoroform_LUCJ_L3_STO-3G_zeroes.npz,fluoroform,LUCJ,3,STO-3G,zeroes,42,21,17,17,9928,64,0.0064464141821112,0.006900000000000002,0.022100000000000005
fluoroform_LUCJ_L3_aug-cc-pVDZ_CCSD.npz,fluoroform,LUCJ,3,aug-cc-pVDZ,CCSD,42,21,17,17,10000,0,0.0,0.0,0.0001
fluoroform_LUCJ_L3_aug-cc-pVDZ_ML.npz,fluoroform,LUCJ,3,aug-cc-pVDZ,ML,42,21,17,17,10000,0,0.0,0.0,0.0001
fluoroform_LUCJ_L3_aug-cc-pVDZ_ML_exact.npz,fluoroform,LUCJ,3,aug-cc-pVDZ,ML_exact,42,21,17,17,10000,1,0.0001,0.0001,0.0004
fluoroform_LUCJ_L3_aug-cc-pVDZ_MP2.npz,fluoroform,LUCJ,3,aug-cc-pVDZ,MP2,42,21,17,17,10000,0,0.0,0.0,0.00030000000000000003
fluoroform_LUCJ_L3_aug-cc-pVDZ_random.npz,fluoroform,LUCJ,3,aug-cc-pVDZ,random,42,21,17,17,10000,0,0.0,0.0,0.00030000000000000003
fluoroform_LUCJ_L3_aug-cc-pVDZ_zeroes.npz,fluoroform,LUCJ,3,aug-cc-pVDZ,zeroes,42,21,17,17,9960,49,0.0049196787148594375,0.005000000000000001,0.023100000000000002
fluoroform_LUCJ_L3_cc-pVDZ_CCSD.npz,fluoroform,LUCJ,3,cc-pVDZ,CCSD,42,21,17,17,10000,1,0.0001,0.0001,0.00030000000000000003
fluoroform_LUCJ_L3_cc-pVDZ_ML.npz,fluoroform,LUCJ,3,cc-pVDZ,ML,42,21,17,17,10000,0,0.0,0.0,0.00030000000000000003
fluoroform_LUCJ_L3_cc-pVDZ_ML_exact.npz,fluoroform,LUCJ,3,cc-pVDZ,ML_exact,42,21,17,17,10000,0,0.0,0.0,0.0002
fluoroform_LUCJ_L3_cc-pVDZ_MP2.npz,fluoroform,LUCJ,3,cc-pVDZ,MP2,42,21,17,17,10000,0,0.0,0.0,0.0001
fluoroform_LUCJ_L3_cc-pVDZ_random.npz,fluoroform,LUCJ,3,cc-pVDZ,random,42,21,17,17,10000,0,0.0,0.0,0.0002
fluoroform_LUCJ_L3_cc-pVDZ_zeroes.npz,fluoroform,LUCJ,3,cc-pVDZ,zeroes,42,21,17,17,9953,58,0.00582738872701698,0.006400000000000001,0.025100000000000004
fluoroform_LUCJ_L4_STO-3G_CCSD.npz,fluoroform,LUCJ,4,STO-3G,CCSD,42,21,17,17,10000,0,0.0,0.0,0.0002
fluoroform_LUCJ_L4_STO-3G_ML.npz,fluoroform,LUCJ,4,STO-3G,ML,42,21,17,17,10000,0,0.0,0.0,0.0
fluoroform_LUCJ_L4_STO-3G_ML_exact.npz,fluoroform,LUCJ,4,STO-3G,ML_exact,42,21,17,17,10000,0,0.0,0.0,0.0001
fluoroform_LUCJ_L4_STO-3G_MP2.npz,fluoroform,LUCJ,4,STO-3G,MP2,42,21,17,17,10000,0,0.0,0.0,0.00030000000000000003
fluoroform_LUCJ_L4_STO-3G_random.npz,fluoroform,LUCJ,4,STO-3G,random,42,21,17,17,10000,0,0.0,0.0,0.0002
fluoroform_LUCJ_L4_STO-3G_zeroes.npz,fluoroform,LUCJ,4,STO-3G,zeroes,42,21,17,17,9935,59,0.005938600905888274,0.006700000000000002,0.024100000000000003
fluoroform_LUCJ_L4_aug-cc-pVDZ_CCSD.npz,fluoroform,LUCJ,4,aug-cc-pVDZ,CCSD,42,21,17,17,10000,0,0.0,0.0,0.0001
fluoroform_LUCJ_L4_aug-cc-pVDZ_ML.npz,fluoroform,LUCJ,4,aug-cc-pVDZ,ML,42,21,17,17,10000,1,0.0001,0.0001,0.0002
fluoroform_LUCJ_L4_aug-cc-pVDZ_ML_exact.npz,fluoroform,LUCJ,4,aug-cc-pVDZ,ML_exact,42,21,17,17,10000,1,0.0001,0.0001,0.0
fluoroform_LUCJ_L4_aug-cc-pVDZ_MP2.npz,fluoroform,LUCJ,4,aug-cc-pVDZ,MP2,42,21,17,17,10000,0,0.0,0.0,0.00030000000000000003
fluoroform_LUCJ_L4_aug-cc-pVDZ_random.npz,fluoroform,LUCJ,4,aug-cc-pVDZ,random,42,21,17,17,10000,1,0.0001,0.0001,0.00030000000000000003
fluoroform_LUCJ_L4_aug-cc-pVDZ_zeroes.npz,fluoroform,LUCJ,4,aug-cc-pVDZ,zeroes,42,21,17,17,9965,61,0.006121424987456096,0.006800000000000002,0.02650000000000001
fluoroform_LUCJ_L4_cc-pVDZ_CCSD.npz,fluoroform,LUCJ,4,cc-pVDZ,CCSD,42,21,17,17,10000,0,0.0,0.0,0.0
fluoroform_LUCJ_L4_cc-pVDZ_ML.npz,fluoroform,LUCJ,4,cc-pVDZ,ML,42,21,17,17,10000,0,0.0,0.0,0.0
fluoroform_LUCJ_L4_cc-pVDZ_ML_exact.npz,fluoroform,LUCJ,4,cc-pVDZ,ML_exact,42,21,17,17,10000,1,0.0001,0.0001,0.00030000000000000003
fluoroform_LUCJ_L4_cc-pVDZ_MP2.npz,fluoroform,LUCJ,4,cc-pVDZ,MP2,42,21,17,17,10000,0,0.0,0.0,0.0001
fluoroform_LUCJ_L4_cc-pVDZ_random.npz,fluoroform,LUCJ,4,cc-pVDZ,random,42,21,17,17,10000,0,0.0,0.0,0.0004
fluoroform_LUCJ_L4_cc-pVDZ_zeroes.npz,fluoroform,LUCJ,4,cc-pVDZ,zeroes,42,21,17,17,9937,60,0.0060380396497937,0.006700000000000002,0.025600000000000005
fluoroform_LUCJ_L5_STO-3G_CCSD.npz,fluoroform,LUCJ,5,STO-3G,CCSD,42,21,17,17,10000,0,0.0,0.0,0.0002
fluoroform_LUCJ_L5_STO-3G_ML.npz,fluoroform,LUCJ,5,STO-3G,ML,42,21,17,17,10000,0,0.0,0.0,0.0005
fluoroform_LUCJ_L5_STO-3G_ML_exact.npz,fluoroform,LUCJ,5,STO-3G,ML_exact,42,21,17,17,10000,0,0.0,0.0,0.00030000000000000003
fluoroform_LUCJ_L5_STO-3G_MP2.npz,fluoroform,LUCJ,5,STO-3G,MP2,42,21,17,17,10000,0,0.0,0.0,0.0
fluoroform_LUCJ_L5_STO-3G_random.npz,fluoroform,LUCJ,5,STO-3G,random,42,21,17,17,10000,0,0.0,0.0,0.0
fluoroform_LUCJ_L5_STO-3G_zeroes.npz,fluoroform,LUCJ,5,STO-3G,zeroes,42,21,17,17,9927,55,0.00554044525032739,0.006100000000000002,0.024000000000000004
fluoroform_LUCJ_L5_aug-cc-pVDZ_CCSD.npz,fluoroform,LUCJ,5,aug-cc-pVDZ,CCSD,42,21,17,17,10000,0,0.0,0.0,0.0006000000000000001
fluoroform_LUCJ_L5_aug-cc-pVDZ_ML.npz,fluoroform,LUCJ,5,aug-cc-pVDZ,ML,42,21,17,17,10000,0,0.0,0.0,0.0002
fluoroform_LUCJ_L5_aug-cc-pVDZ_ML_exact.npz,fluoroform,LUCJ,5,aug-cc-pVDZ,ML_exact,42,21,17,17,10000,0,0.0,0.0,0.0004
fluoroform_LUCJ_L5_aug-cc-pVDZ_MP2.npz,fluoroform,LUCJ,5,aug-cc-pVDZ,MP2,42,21,17,17,10000,1,0.0001,0.0001,0.0001
fluoroform_LUCJ_L5_aug-cc-pVDZ_random.npz,fluoroform,LUCJ,5,aug-cc-pVDZ,random,42,21,17,17,10000,1,0.0001,0.0001,0.0001
fluoroform_LUCJ_L5_aug-cc-pVDZ_zeroes.npz,fluoroform,LUCJ,5,aug-cc-pVDZ,zeroes,42,21,17,17,9964,57,0.00572059413890004,0.006300000000000001,0.023700000000000006
fluoroform_LUCJ_L5_cc-pVDZ_CCSD.npz,fluoroform,LUCJ,5,cc-pVDZ,CCSD,42,21,17,17,10000,0,0.0,0.0,0.0
fluoroform_LUCJ_L5_cc-pVDZ_ML.npz,fluoroform,LUCJ,5,cc-pVDZ,ML,42,21,17,17,10000,2,0.0002,0.0002,0.0004
fluoroform_LUCJ_L5_cc-pVDZ_ML_exact.npz,fluoroform,LUCJ,5,cc-pVDZ,ML_exact,42,21,17,17,10000,0,0.0,0.0,0.0006000000000000001
fluoroform_LUCJ_L5_cc-pVDZ_MP2.npz,fluoroform,LUCJ,5,cc-pVDZ,MP2,42,21,17,17,10000,0,0.0,0.0,0.0002
fluoroform_LUCJ_L5_cc-pVDZ_random.npz,fluoroform,LUCJ,5,cc-pVDZ,random,42,21,17,17,10000,0,0.0,0.0,0.0001
fluoroform_LUCJ_L5_cc-pVDZ_zeroes.npz,fluoroform,LUCJ,5,cc-pVDZ,zeroes,42,21,17,17,9937,60,0.0060380396497937,0.006700000000000002,0.026900000000000004
formaldehyde_LUCJ_L1_STO-3G_CCSD.npz,formaldehyde,LUCJ,1,STO-3G,CCSD,24,12,8,8,9621,597,0.06205176177112566,0.06130000000000001,0.22510000000000005
formaldehyde_LUCJ_L1_STO-3G_ML.npz,formaldehyde,LUCJ,1,STO-3G,ML,24,12,8,8,9143,935,0.10226402712457618,0.12350000000000003,0.29630000000000006
formaldehyde_LUCJ_L1_STO-3G_ML_exact.npz,formaldehyde,LUCJ,1,STO-3G,ML_exact,24,12,8,8,9335,665,0.0712372790573112,0.08540000000000002,0.23640000000000003
formaldehyde_LUCJ_L1_STO-3G_MP2.npz,formaldehyde,LUCJ,1,STO-3G,MP2,24,12,8,8,9649,799,0.08280650844647114,0.09030000000000002,0.23370000000000005
formaldehyde_LUCJ_L1_STO-3G_random.npz,formaldehyde,LUCJ,1,STO-3G,random,24,12,8,8,9986,1076,0.10775085119166834,0.10830000000000004,0.2533000000000001
formaldehyde_LUCJ_L1_STO-3G_zeroes.npz,formaldehyde,LUCJ,1,STO-3G,zeroes,24,12,8,8,2985,234,0.07839195979899498,0.26969999999999994,0.34249999999999997
formaldehyde_LUCJ_L1_aug-cc-pVDZ_CCSD.npz,formaldehyde,LUCJ,1,aug-cc-pVDZ,CCSD,24,12,8,8,7878,634,0.08047727849708047,0.1345,0.29280000000000006
formaldehyde_LUCJ_L1_aug-cc-pVDZ_ML.npz,formaldehyde,LUCJ,1,aug-cc-pVDZ,ML,24,12,8,8,7528,605,0.08036663124335813,0.1285,0.2936
formaldehyde_LUCJ_L1_aug-cc-pVDZ_ML_exact.npz,formaldehyde,LUCJ,1,aug-cc-pVDZ,ML_exact,24,12,8,8,6797,603,0.08871560982786524,0.18530000000000002,0.3097
formaldehyde_LUCJ_L1_aug-cc-pVDZ_MP2.npz,formaldehyde,LUCJ,1,aug-cc-pVDZ,MP2,24,12,8,8,7274,606,0.08331042067638163,0.1567,0.3127
formaldehyde_LUCJ_L1_aug-cc-pVDZ_random.npz,formaldehyde,LUCJ,1,aug-cc-pVDZ,random,24,12,8,8,9985,1047,0.10485728592889335,0.10500000000000004,0.2705
formaldehyde_LUCJ_L1_aug-cc-pVDZ_zeroes.npz,formaldehyde,LUCJ,1,aug-cc-pVDZ,zeroes,24,12,8,8,3540,242,0.06836158192090395,0.2280999999999999,0.346
formaldehyde_LUCJ_L1_cc-pVDZ_CCSD.npz,formaldehyde,LUCJ,1,cc-pVDZ,CCSD,24,12,8,8,9543,818,0.0857172796814419,0.09900000000000002,0.25770000000000004
formaldehyde_LUCJ_L1_cc-pVDZ_ML.npz,formaldehyde,LUCJ,1,cc-pVDZ,ML,24,12,8,8,8840,668,0.0755656108597285,0.09640000000000001,0.25110000000000005
formaldehyde_LUCJ_L1_cc-pVDZ_ML_exact.npz,formaldehyde,LUCJ,1,cc-pVDZ,ML_exact,24,12,8,8,9319,758,0.08133919948492327,0.10060000000000002,0.25540000000000007
formaldehyde_LUCJ_L1_cc-pVDZ_MP2.npz,formaldehyde,LUCJ,1,cc-pVDZ,MP2,24,12,8,8,9555,770,0.08058608058608059,0.0941,0.24490000000000003
formaldehyde_LUCJ_L1_cc-pVDZ_random.npz,formaldehyde,LUCJ,1,cc-pVDZ,random,24,12,8,8,9980,891,0.08927855711422845,0.08950000000000002,0.24740000000000006
formaldehyde_LUCJ_L1_cc-pVDZ_zeroes.npz,formaldehyde,LUCJ,1,cc-pVDZ,zeroes,24,12,8,8,3283,258,0.07858665854401461,0.24789999999999998,0.34900000000000003
formaldehyde_LUCJ_L2_STO-3G_CCSD.npz,formaldehyde,LUCJ,2,STO-3G,CCSD,24,12,8,8,9986,428,0.04286000400560785,0.04280000000000001,0.13960000000000003
formaldehyde_LUCJ_L2_STO-3G_ML.npz,formaldehyde,LUCJ,2,STO-3G,ML,24,12,8,8,9970,504,0.050551654964894686,0.05100000000000002,0.17360000000000003
formaldehyde_LUCJ_L2_STO-3G_ML_exact.npz,formaldehyde,LUCJ,2,STO-3G,ML_exact,24,12,8,8,9966,522,0.052378085490668275,0.053300000000000014,0.16580000000000006
formaldehyde_LUCJ_L2_STO-3G_MP2.npz,formaldehyde,LUCJ,2,STO-3G,MP2,24,12,8,8,9955,463,0.046509291813159215,0.04740000000000001,0.15310000000000004
formaldehyde_LUCJ_L2_STO-3G_random.npz,formaldehyde,LUCJ,2,STO-3G,random,24,12,8,8,9995,569,0.05692846423211606,0.056900000000000006,0.17060000000000006
formaldehyde_LUCJ_L2_STO-3G_zeroes.npz,formaldehyde,LUCJ,2,STO-3G,zeroes,24,12,8,8,2977,227,0.0762512596573732,0.26769999999999994,0.35029999999999994
formaldehyde_LUCJ_L2_aug-cc-pVDZ_CCSD.npz,formaldehyde,LUCJ,2,aug-cc-pVDZ,CCSD,24,12,8,8,9770,534,0.054657113613101334,0.05920000000000001,0.18080000000000007
formaldehyde_LUCJ_L2_aug-cc-pVDZ_ML.npz,formaldehyde,LUCJ,2,aug-cc-pVDZ,ML,24,12,8,8,9738,565,0.05802012733620867,0.0627,0.20210000000000006
formaldehyde_LUCJ_L2_aug-cc-pVDZ_ML_exact.npz,formaldehyde,LUCJ,2,aug-cc-pVDZ,ML_exact,24,12,8,8,9648,590,0.06115257048092869,0.06860000000000001,0.19700000000000006
formaldehyde_LUCJ_L2_aug-cc-pVDZ_MP2.npz,formaldehyde,LUCJ,2,aug-cc-pVDZ,MP2,24,12,8,8,9631,559,0.05804174021389264,0.06610000000000002,0.20250000000000007
formaldehyde_LUCJ_L2_aug-cc-pVDZ_random.npz,formaldehyde,LUCJ,2,aug-cc-pVDZ,random,24,12,8,8,9992,471,0.047137710168134506,0.04710000000000001,0.16170000000000004
formaldehyde_LUCJ_L2_aug-cc-pVDZ_zeroes.npz,formaldehyde,LUCJ,2,aug-cc-pVDZ,zeroes,24,12,8,8,3741,258,0.06896551724137931,0.21729999999999994,0.32289999999999996
formaldehyde_LUCJ_L2_cc-pVDZ_CCSD.npz,formaldehyde,LUCJ,2,cc-pVDZ,CCSD,24,12,8,8,9952,571,0.05737540192926045,0.05810000000000001,0.18090000000000006
formaldehyde_LUCJ_L2_cc-pVDZ_ML.npz,formaldehyde,LUCJ,2,cc-pVDZ,ML,24,12,8,8,9921,518,0.05221247858078823,0.05350000000000002,0.17970000000000005
formaldehyde_LUCJ_L2_cc-pVDZ_ML_exact.npz,formaldehyde,LUCJ,2,cc-pVDZ,ML_exact,24,12,8,8,9952,484,0.04863344051446945,0.04920000000000001,0.17080000000000006
formaldehyde_LUCJ_L2_cc-pVDZ_MP2.npz,formaldehyde,LUCJ,2,cc-pVDZ,MP2,24,12,8,8,9966,502,0.05037126229179209,0.05120000000000001,0.16190000000000004
formaldehyde_LUCJ_L2_cc-pVDZ_random.npz,formaldehyde,LUCJ,2,cc-pVDZ,random,24,12,8,8,9989,500,0.05005506056662329,0.05010000000000002,0.17090000000000005
formaldehyde_LUCJ_L2_cc-pVDZ_zeroes.npz,formaldehyde,LUCJ,2,cc-pVDZ,zeroes,24,12,8,8,3129,228,0.0728667305848514,0.25329999999999997,0.3472
formaldehyde_LUCJ_L3_STO-3G_CCSD.npz,formaldehyde,LUCJ,3,STO-3G,CCSD,24,12,8,8,9992,369,0.03692954363490793,0.03710000000000001,0.1259
formaldehyde_LUCJ_L3_STO-3G_ML.npz,formaldehyde,LUCJ,3,STO-3G,ML,24,12,8,8,9991,314,0.03142828545691122,0.03150000000000001,0.11220000000000002
formaldehyde_LUCJ_L3_STO-3G_ML_exact.npz,formaldehyde,LUCJ,3,STO-3G,ML_exact,24,12,8,8,9997,331,0.033109932979893966,0.03320000000000001,0.11350000000000002
formaldehyde_LUCJ_L3_STO-3G_MP2.npz,formaldehyde,LUCJ,3,STO-3G,MP2,24,12,8,8,9995,373,0.037318659329664834,0.03730000000000001,0.13300000000000003
formaldehyde_LUCJ_L3_STO-3G_random.npz,formaldehyde,LUCJ,3,STO-3G,random,24,12,8,8,9994,377,0.03772263358014809,0.03770000000000001,0.13080000000000003
formaldehyde_LUCJ_L3_STO-3G_zeroes.npz,formaldehyde,LUCJ,3,STO-3G,zeroes,24,12,8,8,3038,236,0.07768268597761685,0.2711,0.34909999999999997
formaldehyde_LUCJ_L3_aug-cc-pVDZ_CCSD.npz,formaldehyde,LUCJ,3,aug-cc-pVDZ,CCSD,24,12,8,8,9984,408,0.040865384615384616,0.04100000000000001,0.13570000000000004
formaldehyde_LUCJ_L3_aug-cc-pVDZ_ML.npz,formaldehyde,LUCJ,3,aug-cc-pVDZ,ML,24,12,8,8,9983,384,0.03846539116498047,0.038500000000000006,0.13540000000000002
formaldehyde_LUCJ_L3_aug-cc-pVDZ_ML_exact.npz,formaldehyde,LUCJ,3,aug-cc-pVDZ,ML_exact,24,12,8,8,9983,384,0.03846539116498047,0.03860000000000001,0.131
formaldehyde_LUCJ_L3_aug-cc-pVDZ_MP2.npz,formaldehyde,LUCJ,3,aug-cc-pVDZ,MP2,24,12,8,8,9981,405,0.0405770964833183,0.040900000000000006,0.14170000000000005
formaldehyde_LUCJ_L3_aug-cc-pVDZ_random.npz,formaldehyde,LUCJ,3,aug-cc-pVDZ,random,24,12,8,8,9998,305,0.03050610122024405,0.030500000000000006,0.11810000000000002
formaldehyde_LUCJ_L3_aug-cc-pVDZ_zeroes.npz,formaldehyde,LUCJ,3,aug-cc-pVDZ,zeroes,24,12,8,8,3390,229,0.06755162241887906,0.23369999999999994,0.33490000000000003
formaldehyde_LUCJ_L3_cc-pVDZ_CCSD.npz,formaldehyde,LUCJ,3,cc-pVDZ,CCSD,24,12,8,8,9990,377,0.03773773773773774,0.037800000000000014,0.13140000000000002
formaldehyde_LUCJ_L3_cc-pVDZ_ML.npz,formaldehyde,LUCJ,3,cc-pVDZ,ML,24,12,8,8,9996,344,0.03441376550620248,0.03440000000000001,0.11170000000000002
formaldehyde_LUCJ_L3_cc-pVDZ_ML_exact.npz,formaldehyde,LUCJ,3,cc-pVDZ,ML_exact,24,12,8,8,9990,404,0.04044044044044044,0.040400000000000005,0.1365
formaldehyde_LUCJ_L3_cc-pVDZ_MP2.npz,formaldehyde,LUCJ,3,cc-pVDZ,MP2,24,12,8,8,9993,342,0.034223956769738814,0.034300000000000004,0.12650000000000003
formaldehyde_LUCJ_L3_cc-pVDZ_random.npz,formaldehyde,LUCJ,3,cc-pVDZ,random,24,12,8,8,9996,343,0.03431372549019608,0.034300000000000004,0.12160000000000003
formaldehyde_LUCJ_L3_cc-pVDZ_zeroes.npz,formaldehyde,LUCJ,3,cc-pVDZ,zeroes,24,12,8,8,3029,241,0.07956421261142291,0.2568999999999999,0.3513
formaldehyde_LUCJ_L4_STO-3G_CCSD.npz,formaldehyde,LUCJ,4,STO-3G,CCSD,24,12,8,8,9994,316,0.0316189713828297,0.0316,0.11410000000000002
formaldehyde_LUCJ_L4_STO-3G_ML.npz,formaldehyde,LUCJ,4,STO-3G,ML,24,12,8,8,9997,234,0.02340702210663199,0.023400000000000004,0.10250000000000004
formaldehyde_LUCJ_L4_STO-3G_ML_exact.npz,formaldehyde,LUCJ,4,STO-3G,ML_exact,24,12,8,8,9999,305,0.030503050305030505,0.030500000000000006,0.11070000000000002
formaldehyde_LUCJ_L4_STO-3G_MP2.npz,formaldehyde,LUCJ,4,STO-3G,MP2,24,12,8,8,9996,248,0.024809923969587835,0.02480000000000001,0.10530000000000003
formaldehyde_LUCJ_L4_STO-3G_random.npz,formaldehyde,LUCJ,4,STO-3G,random,24,12,8,8,9998,275,0.027505501100220046,0.027500000000000004,0.10660000000000003
formaldehyde_LUCJ_L4_STO-3G_zeroes.npz,formaldehyde,LUCJ,4,STO-3G,zeroes,24,12,8,8,3051,233,0.07636840380203212,0.25809999999999994,0.34490000000000004
formaldehyde_LUCJ_L4_aug-cc-pVDZ_CCSD.npz,formaldehyde,LUCJ,4,aug-cc-pVDZ,CCSD,24,12,8,8,9996,331,0.03311324529811925,0.03320000000000001,0.11370000000000002
formaldehyde_LUCJ_L4_aug-cc-pVDZ_ML.npz,formaldehyde,LUCJ,4,aug-cc-pVDZ,ML,24,12,8,8,9995,302,0.030215107553776887,0.030200000000000005,0.11260000000000002
formaldehyde_LUCJ_L4_aug-cc-pVDZ_ML_exact.npz,formaldehyde,LUCJ,4,aug-cc-pVDZ,ML_exact,24,12,8,8,9998,340,0.03400680136027205,0.034,0.11940000000000003
formaldehyde_LUCJ_L4_aug-cc-pVDZ_MP2.npz,formaldehyde,LUCJ,4,aug-cc-pVDZ,MP2,24,12,8,8,9995,321,0.03211605802901451,0.032100000000000004,0.12060000000000003
formaldehyde_LUCJ_L4_aug-cc-pVDZ_random.npz,formaldehyde,LUCJ,4,aug-cc-pVDZ,random,24,12,8,8,9999,246,0.024602460246024603,0.024600000000000004,0.09230000000000002
formaldehyde_LUCJ_L4_aug-cc-pVDZ_zeroes.npz,formaldehyde,LUCJ,4,aug-cc-pVDZ,zeroes,24,12,8,8,4309,291,0.0675330703179392,0.17330000000000004,0.3032
formaldehyde_LUCJ_L4_cc-pVDZ_CCSD.npz,formaldehyde,LUCJ,4,cc-pVDZ,CCSD,24,12,8,8,9995,267,0.02671335667833917,0.02670000000000001,0.09880000000000003
formaldehyde_LUCJ_L4_cc-pVDZ_ML.npz,formaldehyde,LUCJ,4,cc-pVDZ,ML,24,12,8,8,9996,225,0.022509003601440578,0.022500000000000006,0.10280000000000003
formaldehyde_LUCJ_L4_cc-pVDZ_ML_exact.npz,formaldehyde,LUCJ,4,cc-pVDZ,ML_exact,24,12,8,8,9997,271,0.02710813243973192,0.02720000000000001,0.10620000000000003
formaldehyde_LUCJ_L4_cc-pVDZ_MP2.npz,formaldehyde,LUCJ,4,cc-pVDZ,MP2,24,12,8,8,9993,272,0.027219053337336135,0.027200000000000005,0.09630000000000002
formaldehyde_LUCJ_L4_cc-pVDZ_random.npz,formaldehyde,LUCJ,4,cc-pVDZ,random,24,12,8,8,9994,262,0.026215729437662597,0.026200000000000008,0.09670000000000002
formaldehyde_LUCJ_L4_cc-pVDZ_zeroes.npz,formaldehyde,LUCJ,4,cc-pVDZ,zeroes,24,12,8,8,4032,303,0.07514880952380952,0.19480000000000003,0.33940000000000003
formaldehyde_LUCJ_L5_STO-3G_CCSD.npz,formaldehyde,LUCJ,5,STO-3G,CCSD,24,12,8,8,9994,240,0.024014408645187113,0.024000000000000007,0.08550000000000002
formaldehyde_LUCJ_L5_STO-3G_ML.npz,formaldehyde,LUCJ,5,STO-3G,ML,24,12,8,8,9994,229,0.02291374824894937,0.022900000000000004,0.08710000000000002
formaldehyde_LUCJ_L5_STO-3G_ML_exact.npz,formaldehyde,LUCJ,5,STO-3G,ML_exact,24,12,8,8,9993,249,0.024917442209546684,0.024900000000000005,0.09930000000000003
formaldehyde_LUCJ_L5_STO-3G_MP2.npz,formaldehyde,LUCJ,5,STO-3G,MP2,24,12,8,8,9995,237,0.02371185592796398,0.023700000000000006,0.08560000000000001
formaldehyde_LUCJ_L5_STO-3G_random.npz,formaldehyde,LUCJ,5,STO-3G,random,24,12,8,8,9996,262,0.026210484193677473,0.026200000000000008,0.08570000000000003
formaldehyde_LUCJ_L5_STO-3G_zeroes.npz,formaldehyde,LUCJ,5,STO-3G,zeroes,24,12,8,8,2928,235,0.08025956284153006,0.2766,0.34430000000000005
formaldehyde_LUCJ_L5_aug-cc-pVDZ_CCSD.npz,formaldehyde,LUCJ,5,aug-cc-pVDZ,CCSD,24,12,8,8,9994,237,0.023714228537122274,0.023700000000000006,0.09380000000000002
formaldehyde_LUCJ_L5_aug-cc-pVDZ_ML.npz,formaldehyde,LUCJ,5,aug-cc-pVDZ,ML,24,12,8,8,9994,252,0.02521512907744647,0.025400000000000006,0.09700000000000003
formaldehyde_LUCJ_L5_aug-cc-pVDZ_ML_exact.npz,formaldehyde,LUCJ,5,aug-cc-pVDZ,ML_exact,24,12,8,8,9996,249,0.02490996398559424,0.024900000000000005,0.09690000000000003
formaldehyde_LUCJ_L5_aug-cc-pVDZ_MP2.npz,formaldehyde,LUCJ,5,aug-cc-pVDZ,MP2,24,12,8,8,9995,275,0.02751375687843922,0.027500000000000004,0.10380000000000003
formaldehyde_LUCJ_L5_aug-cc-pVDZ_random.npz,formaldehyde,LUCJ,5,aug-cc-pVDZ,random,24,12,8,8,9994,239,0.023914348609165498,0.023900000000000005,0.08380000000000001
formaldehyde_LUCJ_L5_aug-cc-pVDZ_zeroes.npz,formaldehyde,LUCJ,5,aug-cc-pVDZ,zeroes,24,12,8,8,3716,256,0.0688912809472551,0.2210999999999999,0.3237
formaldehyde_LUCJ_L5_cc-pVDZ_CCSD.npz,formaldehyde,LUCJ,5,cc-pVDZ,CCSD,24,12,8,8,9995,225,0.022511255627813906,0.022500000000000006,0.08920000000000003
formaldehyde_LUCJ_L5_cc-pVDZ_ML.npz,formaldehyde,LUCJ,5,cc-pVDZ,ML,24,12,8,8,9997,235,0.02350705211563469,0.023500000000000007,0.08670000000000003
formaldehyde_LUCJ_L5_cc-pVDZ_ML_exact.npz,formaldehyde,LUCJ,5,cc-pVDZ,ML_exact,24,12,8,8,9991,231,0.02312080872785507,0.023100000000000002,0.08660000000000002
formaldehyde_LUCJ_L5_cc-pVDZ_MP2.npz,formaldehyde,LUCJ,5,cc-pVDZ,MP2,24,12,8,8,9997,245,0.0245073522056617,0.024500000000000004,0.09510000000000002
formaldehyde_LUCJ_L5_cc-pVDZ_random.npz,formaldehyde,LUCJ,5,cc-pVDZ,random,24,12,8,8,9993,239,0.02391674171920344,0.023900000000000005,0.08750000000000004
formaldehyde_LUCJ_L5_cc-pVDZ_zeroes.npz,formaldehyde,LUCJ,5,cc-pVDZ,zeroes,24,12,8,8,3088,235,0.07610103626943006,0.2545,0.34629999999999994
methane_LUCJ_L1_STO-3G_CCSD.npz,methane,LUCJ,1,STO-3G,CCSD,18,9,5,5,3356,340,0.10131108462455304,0.26449999999999996,0.4057
methane_LUCJ_L1_STO-3G_ML.npz,methane,LUCJ,1,STO-3G,ML,18,9,5,5,3004,303,0.10086551264980026,0.3108,0.37520000000000003
methane_LUCJ_L1_STO-3G_ML_exact.npz,methane,LUCJ,1,STO-3G,ML_exact,18,9,5,5,3694,385,0.10422306442880347,0.2617,0.378
methane_LUCJ_L1_STO-3G_MP2.npz,methane,LUCJ,1,STO-3G,MP2,18,9,5,5,2910,310,0.10652920962199312,0.3143,0.37070000000000003
methane_LUCJ_L1_STO-3G_random.npz,methane,LUCJ,1,STO-3G,random,18,9,5,5,8868,2511,0.2831529093369418,0.32130000000000003,0.3803000000000001
methane_LUCJ_L1_STO-3G_zeroes.npz,methane,LUCJ,1,STO-3G,zeroes,18,9,5,5,1239,152,0.12267958030669895,0.4907999999999999,0.3521
methane_LUCJ_L1_aug-cc-pVDZ_CCSD.npz,methane,LUCJ,1,aug-cc-pVDZ,CCSD,18,9,5,5,3729,396,0.10619469026548672,0.2465,0.4004
methane_LUCJ_L1_aug-cc-pVDZ_ML.npz,methane,LUCJ,1,aug-cc-pVDZ,ML,18,9,5,5,3250,359,0.11046153846153846,0.33619999999999994,0.38910000000000006
methane_LUCJ_L1_aug-cc-pVDZ_ML_exact.npz,methane,LUCJ,1,aug-cc-pVDZ,ML_exact,18,9,5,5,3281,356,0.10850350502895459,0.30389999999999995,0.39610000000000006
methane_LUCJ_L1_aug-cc-pVDZ_MP2.npz,methane,LUCJ,1,aug-cc-pVDZ,MP2,18,9,5,5,3356,366,0.10905840286054827,0.3294000000000001,0.38339999999999996
methane_LUCJ_L1_aug-cc-pVDZ_random.npz,methane,LUCJ,1,aug-cc-pVDZ,random,18,9,5,5,8626,2170,0.2515650359378623,0.29990000000000006,0.3904000000000001
methane_LUCJ_L1_aug-cc-pVDZ_zeroes.npz,methane,LUCJ,1,aug-cc-pVDZ,zeroes,18,9,5,5,1176,138,0.11734693877551021,0.5045999999999999,0.33509999999999995
methane_LUCJ_L1_cc-pVDZ_CCSD.npz,methane,LUCJ,1,cc-pVDZ,CCSD,18,9,5,5,3066,344,0.11219830397912589,0.3069,0.3891
methane_LUCJ_L1_cc-pVDZ_ML.npz,methane,LUCJ,1,cc-pVDZ,ML,18,9,5,5,3132,410,0.13090676883780333,0.3797999999999999,0.3545
methane_LUCJ_L1_cc-pVDZ_ML_exact.npz,methane,LUCJ,1,cc-pVDZ,ML_exact,18,9,5,5,3703,404,0.10910072913853633,0.24389999999999995,0.4185
methane_LUCJ_L1_cc-pVDZ_MP2.npz,methane,LUCJ,1,cc-pVDZ,MP2,18,9,5,5,3687,369,0.1000813669650122,0.2962,0.37060000000000004
methane_LUCJ_L1_cc-pVDZ_random.npz,methane,LUCJ,1,cc-pVDZ,random,18,9,5,5,9286,2333,0.25123842343312514,0.27180000000000004,0.3882000000000001
methane_LUCJ_L1_cc-pVDZ_zeroes.npz,methane,LUCJ,1,cc-pVDZ,zeroes,18,9,5,5,1252,142,0.1134185303514377,0.4739000000000001,0.3568
methane_LUCJ_L2_STO-3G_CCSD.npz,methane,LUCJ,2,STO-3G,CCSD,18,9,5,5,6690,730,0.10911808669656203,0.14940000000000003,0.3618
methane_LUCJ_L2_STO-3G_ML.npz,methane,LUCJ,2,STO-3G,ML,18,9,5,5,8059,913,0.11328949001116764,0.15660000000000002,0.3388
methane_LUCJ_L2_STO-3G_ML_exact.npz,methane,LUCJ,2,STO-3G,ML_exact,18,9,5,5,6756,642,0.09502664298401421,0.14170000000000002,0.343
methane_LUCJ_L2_STO-3G_MP2.npz,methane,LUCJ,2,STO-3G,MP2,18,9,5,5,5884,556,0.09449354180829368,0.1809,0.3425
methane_LUCJ_L2_STO-3G_random.npz,methane,LUCJ,2,STO-3G,random,18,9,5,5,9541,1550,0.16245676553820354,0.17030000000000003,0.3439000000000001
methane_LUCJ_L2_STO-3G_zeroes.npz,methane,LUCJ,2,STO-3G,zeroes,18,9,5,5,1239,143,0.11541565778853914,0.49190000000000006,0.3486
methane_LUCJ_L2_aug-cc-pVDZ_CCSD.npz,methane,LUCJ,2,aug-cc-pVDZ,CCSD,18,9,5,5,5502,535,0.09723736822973464,0.197,0.35630000000000006
methane_LUCJ_L2_aug-cc-pVDZ_ML.npz,methane,LUCJ,2,aug-cc-pVDZ,ML,18,9,5,5,5807,560,0.09643533666264853,0.19269999999999998,0.363
methane_LUCJ_L2_aug-cc-pVDZ_ML_exact.npz,methane,LUCJ,2,aug-cc-pVDZ,ML_exact,18,9,5,5,5717,558,0.09760363827182089,0.1966,0.34800000000000003
methane_LUCJ_L2_aug-cc-pVDZ_MP2.npz,methane,LUCJ,2,aug-cc-pVDZ,MP2,18,9,5,5,5090,511,0.10039292730844794,0.2394,0.3579
methane_LUCJ_L2_aug-cc-pVDZ_random.npz,methane,LUCJ,2,aug-cc-pVDZ,random,18,9,5,5,9549,1707,0.1787621740496387,0.18780000000000005,0.3469000000000001
methane_LUCJ_L2_aug-cc-pVDZ_zeroes.npz,methane,LUCJ,2,aug-cc-pVDZ,zeroes,18,9,5,5,1191,154,0.12930310663308145,0.49489999999999995,0.3417
methane_LUCJ_L2_cc-pVDZ_CCSD.npz,methane,LUCJ,2,cc-pVDZ,CCSD,18,9,5,5,8433,1089,0.12913553895410887,0.167,0.3456000000000001
methane_LUCJ_L2_cc-pVDZ_ML.npz,methane,LUCJ,2,cc-pVDZ,ML,18,9,5,5,7970,965,0.12107904642409034,0.14600000000000002,0.3244
methane_LUCJ_L2_cc-pVDZ_ML_exact.npz,methane,LUCJ,2,cc-pVDZ,ML_exact,18,9,5,5,6817,708,0.10385800205368931,0.1759,0.3309000000000001
methane_LUCJ_L2_cc-pVDZ_MP2.npz,methane,LUCJ,2,cc-pVDZ,MP2,18,9,5,5,8052,1165,0.14468455042225534,0.209,0.34070000000000006
methane_LUCJ_L2_cc-pVDZ_random.npz,methane,LUCJ,2,cc-pVDZ,random,18,9,5,5,9543,1618,0.1695483600544902,0.17950000000000005,0.3474000000000001
methane_LUCJ_L2_cc-pVDZ_zeroes.npz,methane,LUCJ,2,cc-pVDZ,zeroes,18,9,5,5,1278,144,0.11267605633802817,0.4707,0.3609
methane_LUCJ_L3_STO-3G_CCSD.npz,methane,LUCJ,3,STO-3G,CCSD,18,9,5,5,8725,858,0.0983381088825215,0.11740000000000003,0.2994
methane_LUCJ_L3_STO-3G_ML.npz,methane,LUCJ,3,STO-3G,ML,18,9,5,5,8199,796,0.09708501036711795,0.1325,0.3117000000000001
methane_LUCJ_L3_STO-3G_ML_exact.npz,methane,LUCJ,3,STO-3G,ML_exact,18,9,5,5,8876,1012,0.11401532221721496,0.13560000000000003,0.31250000000000006
methane_LUCJ_L3_STO-3G_MP2.npz,methane,LUCJ,3,STO-3G,MP2,18,9,5,5,8571,870,0.10150507525376269,0.12930000000000003,0.29170000000000007
methane_LUCJ_L3_STO-3G_random.npz,methane,LUCJ,3,STO-3G,random,18,9,5,5,9697,1304,0.13447457976693822,0.138,0.3219000000000001
methane_LUCJ_L3_STO-3G_zeroes.npz,methane,LUCJ,3,STO-3G,zeroes,18,9,5,5,1276,141,0.11050156739811912,0.4718,0.3623
methane_LUCJ_L3_aug-cc-pVDZ_CCSD.npz,methane,LUCJ,3,aug-cc-pVDZ,CCSD,18,9,5,5,7345,704,0.09584751531654187,0.14950000000000002,0.32220000000000004
methane_LUCJ_L3_aug-cc-pVDZ_ML.npz,methane,LUCJ,3,aug-cc-pVDZ,ML,18,9,5,5,7271,728,0.10012377939760693,0.15480000000000002,0.31500000000000006
methane_LUCJ_L3_aug-cc-pVDZ_ML_exact.npz,methane,LUCJ,3,aug-cc-pVDZ,ML_exact,18,9,5,5,7246,647,0.0892906431134419,0.1447,0.32020000000000004
methane_LUCJ_L3_aug-cc-pVDZ_MP2.npz,methane,LUCJ,3,aug-cc-pVDZ,MP2,18,9,5,5,7194,689,0.09577425632471503,0.15090000000000003,0.32280000000000003
methane_LUCJ_L3_aug-cc-pVDZ_random.npz,methane,LUCJ,3,aug-cc-pVDZ,random,18,9,5,5,9734,1205,0.1237928908978837,0.1269,0.30920000000000003
methane_LUCJ_L3_aug-cc-pVDZ_zeroes.npz,methane,LUCJ,3,aug-cc-pVDZ,zeroes,18,9,5,5,1161,146,0.12575366063738158,0.49289999999999984,0.3457
methane_LUCJ_L3_cc-pVDZ_CCSD.npz,methane,LUCJ,3,cc-pVDZ,CCSD,18,9,5,5,8580,783,0.09125874125874125,0.10970000000000002,0.30050000000000004
methane_LUCJ_L3_cc-pVDZ_ML.npz,methane,LUCJ,3,cc-pVDZ,ML,18,9,5,5,8179,704,0.08607409218730896,0.12100000000000001,0.30310000000000004
methane_LUCJ_L3_cc-pVDZ_ML_exact.npz,methane,LUCJ,3,cc-pVDZ,ML_exact,18,9,5,5,7985,686,0.08591108328115216,0.12090000000000001,0.3104
methane_LUCJ_L3_cc-pVDZ_MP2.npz,methane,LUCJ,3,cc-pVDZ,MP2,18,9,5,5,8333,787,0.09444377775111004,0.126,0.2876000000000001
methane_LUCJ_L3_cc-pVDZ_random.npz,methane,LUCJ,3,cc-pVDZ,random,18,9,5,5,9764,1240,0.1269971323228185,0.12880000000000003,0.30890000000000006
methane_LUCJ_L3_cc-pVDZ_zeroes.npz,methane,LUCJ,3,cc-pVDZ,zeroes,18,9,5,5,1253,156,0.12450119712689545,0.4834,0.35059999999999997
methane_LUCJ_L4_STO-3G_CCSD.npz,methane,LUCJ,4,STO-3G,CCSD,18,9,5,5,9446,784,0.0829980944315054,0.08700000000000002,0.26070000000000004
methane_LUCJ_L4_STO-3G_ML.npz,methane,LUCJ,4,STO-3G,ML,18,9,5,5,9350,735,0.0786096256684492,0.08680000000000002,0.2642000000000001
methane_LUCJ_L4_STO-3G_ML_exact.npz,methane,LUCJ,4,STO-3G,ML_exact,18,9,5,5,9618,898,0.09336660428363486,0.09750000000000003,0.2826000000000001
methane_LUCJ_L4_STO-3G_MP2.npz,methane,LUCJ,4,STO-3G,MP2,18,9,5,5,9559,836,0.08745684695051784,0.09090000000000002,0.26350000000000007
methane_LUCJ_L4_STO-3G_random.npz,methane,LUCJ,4,STO-3G,random,18,9,5,5,9789,1009,0.10307487996731024,0.10390000000000003,0.2775000000000001
methane_LUCJ_L4_STO-3G_zeroes.npz,methane,LUCJ,4,STO-3G,zeroes,18,9,5,5,1213,139,0.1145919208573784,0.47809999999999997,0.3625
methane_LUCJ_L4_aug-cc-pVDZ_CCSD.npz,methane,LUCJ,4,aug-cc-pVDZ,CCSD,18,9,5,5,7652,640,0.0836382645060115,0.128,0.2967
methane_LUCJ_L4_aug-cc-pVDZ_ML.npz,methane,LUCJ,4,aug-cc-pVDZ,ML,18,9,5,5,8333,718,0.08616344653786151,0.11530000000000001,0.29150000000000004
methane_LUCJ_L4_aug-cc-pVDZ_ML_exact.npz,methane,LUCJ,4,aug-cc-pVDZ,ML_exact,18,9,5,5,8185,659,0.08051313378130727,0.10650000000000001,0.29290000000000005
methane_LUCJ_L4_aug-cc-pVDZ_MP2.npz,methane,LUCJ,4,aug-cc-pVDZ,MP2,18,9,5,5,8097,711,0.08781030011115228,0.1188,0.29300000000000004
methane_LUCJ_L4_aug-cc-pVDZ_random.npz,methane,LUCJ,4,aug-cc-pVDZ,random,18,9,5,5,9787,999,0.10207418003473996,0.10340000000000003,0.2883000000000001
methane_LUCJ_L4_aug-cc-pVDZ_zeroes.npz,methane,LUCJ,4,aug-cc-pVDZ,zeroes,18,9,5,5,1137,145,0.12752858399296393,0.5091000000000001,0.3365
methane_LUCJ_L4_cc-pVDZ_CCSD.npz,methane,LUCJ,4,cc-pVDZ,CCSD,18,9,5,5,9436,854,0.09050445103857567,0.09810000000000002,0.26270000000000004
methane_LUCJ_L4_cc-pVDZ_ML.npz,methane,LUCJ,4,cc-pVDZ,ML,18,9,5,5,9115,786,0.08623148656061437,0.0985,0.26970000000000005
methane_LUCJ_L4_cc-pVDZ_ML_exact.npz,methane,LUCJ,4,cc-pVDZ,ML_exact,18,9,5,5,9275,800,0.0862533692722372,0.09280000000000002,0.27470000000000006
methane_LUCJ_L4_cc-pVDZ_MP2.npz,methane,LUCJ,4,cc-pVDZ,MP2,18,9,5,5,9179,801,0.08726440788756945,0.09910000000000002,0.27230000000000004
methane_LUCJ_L4_cc-pVDZ_random.npz,methane,LUCJ,4,cc-pVDZ,random,18,9,5,5,9796,881,0.08993466721110657,0.09080000000000002,0.26860000000000006
methane_LUCJ_L4_cc-pVDZ_zeroes.npz,methane,LUCJ,4,cc-pVDZ,zeroes,18,9,5,5,1279,150,0.11727912431587177,0.48,0.3421
methane_LUCJ_L5_STO-3G_CCSD.npz,methane,LUCJ,5,STO-3G,CCSD,18,9,5,5,9370,850,0.09071504802561366,0.10040000000000002,0.264
methane_LUCJ_L5_STO-3G_ML.npz,methane,LUCJ,5,STO-3G,ML,18,9,5,5,9587,787,0.08209033065609679,0.08560000000000001,0.25200000000000006
methane_LUCJ_L5_STO-3G_ML_exact.npz,methane,LUCJ,5,STO-3G,ML_exact,18,9,5,5,9517,757,0.07954187243879374,0.08460000000000001,0.24280000000000004
methane_LUCJ_L5_STO-3G_MP2.npz,methane,LUCJ,5,STO-3G,MP2,18,9,5,5,9377,821,0.08755465500693185,0.09810000000000002,0.255
methane_LUCJ_L5_STO-3G_random.npz,methane,LUCJ,5,STO-3G,random,18,9,5,5,9780,837,0.08558282208588958,0.08620000000000003,0.25560000000000005
methane_LUCJ_L5_STO-3G_zeroes.npz,methane,LUCJ,5,STO-3G,zeroes,18,9,5,5,1219,157,0.1287940935192781,0.4872,0.35080000000000006
methane_LUCJ_L5_aug-cc-pVDZ_CCSD.npz,methane,LUCJ,5,aug-cc-pVDZ,CCSD,18,9,5,5,8652,648,0.07489597780859916,0.09170000000000002,0.27530000000000004
methane_LUCJ_L5_aug-cc-pVDZ_ML.npz,methane,LUCJ,5,aug-cc-pVDZ,ML,18,9,5,5,8898,724,0.08136659923578332,0.09600000000000002,0.26880000000000004
methane_LUCJ_L5_aug-cc-pVDZ_ML_exact.npz,methane,LUCJ,5,aug-cc-pVDZ,ML_exact,18,9,5,5,8834,706,0.07991849671722889,0.09810000000000002,0.26910000000000006
methane_LUCJ_L5_aug-cc-pVDZ_MP2.npz,methane,LUCJ,5,aug-cc-pVDZ,MP2,18,9,5,5,8797,711,0.08082300784358304,0.09960000000000001,0.25820000000000004
methane_LUCJ_L5_aug-cc-pVDZ_random.npz,methane,LUCJ,5,aug-cc-pVDZ,random,18,9,5,5,9781,862,0.08813004805234638,0.08870000000000003,0.2593000000000001
methane_LUCJ_L5_aug-cc-pVDZ_zeroes.npz,methane,LUCJ,5,aug-cc-pVDZ,zeroes,18,9,5,5,1166,140,0.12006861063464837,0.5065,0.3356
methane_LUCJ_L5_cc-pVDZ_CCSD.npz,methane,LUCJ,5,cc-pVDZ,CCSD,18,9,5,5,9524,713,0.0748635027299454,0.07870000000000002,0.25600000000000006
methane_LUCJ_L5_cc-pVDZ_ML.npz,methane,LUCJ,5,cc-pVDZ,ML,18,9,5,5,9431,774,0.08206976990775103,0.09010000000000001,0.2522000000000001
methane_LUCJ_L5_cc-pVDZ_ML_exact.npz,methane,LUCJ,5,cc-pVDZ,ML_exact,18,9,5,5,9501,797,0.08388590674665825,0.09100000000000001,0.24760000000000004
methane_LUCJ_L5_cc-pVDZ_MP2.npz,methane,LUCJ,5,cc-pVDZ,MP2,18,9,5,5,9417,675,0.07167887862376553,0.07880000000000001,0.24320000000000006
methane_LUCJ_L5_cc-pVDZ_random.npz,methane,LUCJ,5,cc-pVDZ,random,18,9,5,5,9799,854,0.08715175017858966,0.08800000000000002,0.2644000000000001
methane_LUCJ_L5_cc-pVDZ_zeroes.npz,methane,LUCJ,5,cc-pVDZ,zeroes,18,9,5,5,1237,145,0.11721907841552143,0.4811999999999999,0.3454
methanol_LUCJ_L1_STO-3G_CCSD.npz,methanol,LUCJ,1,STO-3G,CCSD,28,14,9,9,9846,546,0.055453991468616695,0.057200000000000015,0.17980000000000007
methanol_LUCJ_L1_STO-3G_ML.npz,methanol,LUCJ,1,STO-3G,ML,28,14,9,9,9971,649,0.0650887573964497,0.06540000000000001,0.18920000000000006
methanol_LUCJ_L1_STO-3G_ML_exact.npz,methanol,LUCJ,1,STO-3G,ML_exact,28,14,9,9,9908,562,0.05672184093661688,0.05840000000000001,0.18120000000000006
methanol_LUCJ_L1_STO-3G_MP2.npz,methanol,LUCJ,1,STO-3G,MP2,28,14,9,9,9911,552,0.055695691655736054,0.05690000000000001,0.17230000000000006
methanol_LUCJ_L1_STO-3G_random.npz,methanol,LUCJ,1,STO-3G,random,28,14,9,9,10000,438,0.0438,0.04380000000000001,0.14420000000000005
methanol_LUCJ_L1_STO-3G_zeroes.npz,methanol,LUCJ,1,STO-3G,zeroes,28,14,9,9,5804,486,0.08373535492763612,0.15480000000000002,0.29800000000000004
methanol_LUCJ_L1_aug-cc-pVDZ_CCSD.npz,methanol,LUCJ,1,aug-cc-pVDZ,CCSD,28,14,9,9,9885,515,0.05209914011127972,0.05370000000000001,0.18210000000000004
methanol_LUCJ_L1_aug-cc-pVDZ_ML.npz,methanol,LUCJ,1,aug-cc-pVDZ,ML,28,14,9,9,9884,506,0.05119384864427357,0.05440000000000001,0.16740000000000005
methanol_LUCJ_L1_aug-cc-pVDZ_ML_exact.npz,methanol,LUCJ,1,aug-cc-pVDZ,ML_exact,28,14,9,9,9868,542,0.05492501013376571,0.05640000000000001,0.18420000000000003
methanol_LUCJ_L1_aug-cc-pVDZ_MP2.npz,methanol,LUCJ,1,aug-cc-pVDZ,MP2,28,14,9,9,9930,477,0.04803625377643504,0.049600000000000005,0.16180000000000005
methanol_LUCJ_L1_aug-cc-pVDZ_random.npz,methanol,LUCJ,1,aug-cc-pVDZ,random,28,14,9,9,10000,556,0.0556,0.05560000000000001,0.17480000000000007
methanol_LUCJ_L1_aug-cc-pVDZ_zeroes.npz,methanol,LUCJ,1,aug-cc-pVDZ,zeroes,28,14,9,9,6527,520,0.07966906695265819,0.1432,0.2979
methanol_LUCJ_L1_cc-pVDZ_CCSD.npz,methanol,LUCJ,1,cc-pVDZ,CCSD,28,14,9,9,9862,533,0.05404583248833908,0.05520000000000001,0.17790000000000006
methanol_LUCJ_L1_cc-pVDZ_ML.npz,methanol,LUCJ,1,cc-pVDZ,ML,28,14,9,9,9935,569,0.05727226975339708,0.05860000000000001,0.19440000000000007
methanol_LUCJ_L1_cc-pVDZ_ML_exact.npz,methanol,LUCJ,1,cc-pVDZ,ML_exact,28,14,9,9,9902,485,0.048980004039587965,0.05020000000000001,0.16920000000000004
methanol_LUCJ_L1_cc-pVDZ_MP2.npz,methanol,LUCJ,1,cc-pVDZ,MP2,28,14,9,9,9950,539,0.05417085427135678,0.05540000000000001,0.16300000000000003
methanol_LUCJ_L1_cc-pVDZ_random.npz,methanol,LUCJ,1,cc-pVDZ,random,28,14,9,9,10000,557,0.0557,0.05570000000000001,0.17680000000000004
methanol_LUCJ_L1_cc-pVDZ_zeroes.npz,methanol,LUCJ,1,cc-pVDZ,zeroes,28,14,9,9,6085,503,0.08266228430566967,0.16129999999999997,0.3161
methanol_LUCJ_L2_STO-3G_CCSD.npz,methanol,LUCJ,2,STO-3G,CCSD,28,14,9,9,9999,331,0.0331033103310331,0.033100000000000004,0.12190000000000004
methanol_LUCJ_L2_STO-3G_ML.npz,methanol,LUCJ,2,STO-3G,ML,28,14,9,9,9999,302,0.030203020302030203,0.030200000000000005,0.10830000000000002
methanol_LUCJ_L2_STO-3G_ML_exact.npz,methanol,LUCJ,2,STO-3G,ML_exact,28,14,9,9,10000,307,0.0307,0.030700000000000005,0.11000000000000001
methanol_LUCJ_L2_STO-3G_MP2.npz,methanol,LUCJ,2,STO-3G,MP2,28,14,9,9,9998,233,0.023304660932186437,0.023300000000000008,0.08330000000000003
methanol_LUCJ_L2_STO-3G_random.npz,methanol,LUCJ,2,STO-3G,random,28,14,9,9,9999,273,0.027302730273027303,0.027300000000000005,0.10230000000000003
methanol_LUCJ_L2_STO-3G_zeroes.npz,methanol,LUCJ,2,STO-3G,zeroes,28,14,9,9,6008,464,0.07723035952063914,0.14959999999999998,0.2995
methanol_LUCJ_L2_aug-cc-pVDZ_CCSD.npz,methanol,LUCJ,2,aug-cc-pVDZ,CCSD,28,14,9,9,9995,304,0.0304152076038019,0.030400000000000007,0.10200000000000004
methanol_LUCJ_L2_aug-cc-pVDZ_ML.npz,methanol,LUCJ,2,aug-cc-pVDZ,ML,28,14,9,9,9995,278,0.027813906953476738,0.027800000000000005,0.09560000000000003
methanol_LUCJ_L2_aug-cc-pVDZ_ML_exact.npz,methanol,LUCJ,2,aug-cc-pVDZ,ML_exact,28,14,9,9,9992,325,0.032526020816653324,0.032600000000000004,0.11470000000000002
methanol_LUCJ_L2_aug-cc-pVDZ_MP2.npz,methanol,LUCJ,2,aug-cc-pVDZ,MP2,28,14,9,9,9998,264,0.026405281056211243,0.026400000000000007,0.10330000000000003
methanol_LUCJ_L2_aug-cc-pVDZ_random.npz,methanol,LUCJ,2,aug-cc-pVDZ,random,28,14,9,9,10000,247,0.0247,0.024700000000000003,0.09420000000000002
methanol_LUCJ_L2_aug-cc-pVDZ_zeroes.npz,methanol,LUCJ,2,aug-cc-pVDZ,zeroes,28,14,9,9,6307,509,0.08070397970508958,0.1401,0.3093
methanol_LUCJ_L2_cc-pVDZ_CCSD.npz,methanol,LUCJ,2,cc-pVDZ,CCSD,28,14,9,9,9997,311,0.03110933279983995,0.031200000000000002,0.10770000000000002
methanol_LUCJ_L2_cc-pVDZ_ML.npz,methanol,LUCJ,2,cc-pVDZ,ML,28,14,9,9,9998,303,0.030306061212242448,0.0303,0.10060000000000002
methanol_LUCJ_L2_cc-pVDZ_ML_exact.npz,methanol,LUCJ,2,cc-pVDZ,ML_exact,28,14,9,9,9999,341,0.034103410341034104,0.034100000000000005,0.10840000000000002
methanol_LUCJ_L2_cc-pVDZ_MP2.npz,methanol,LUCJ,2,cc-pVDZ,MP2,28,14,9,9,10000,343,0.0343,0.034300000000000004,0.1264
methanol_LUCJ_L2_cc-pVDZ_random.npz,methanol,LUCJ,2,cc-pVDZ,random,28,14,9,9,10000,295,0.0295,0.029500000000000005,0.09670000000000002
methanol_LUCJ_L2_cc-pVDZ_zeroes.npz,methanol,LUCJ,2,cc-pVDZ,zeroes,28,14,9,9,6238,550,0.08816928502725233,0.16,0.31540000000000007
methanol_LUCJ_L3_STO-3G_CCSD.npz,methanol,LUCJ,3,STO-3G,CCSD,28,14,9,9,9999,226,0.022602260226022602,0.022600000000000006,0.07630000000000002
methanol_LUCJ_L3_STO-3G_ML.npz,methanol,LUCJ,3,STO-3G,ML,28,14,9,9,10000,205,0.0205,0.020500000000000004,0.08330000000000003
methanol_LUCJ_L3_STO-3G_ML_exact.npz,methanol,LUCJ,3,STO-3G,ML_exact,28,14,9,9,10000,233,0.0233,0.023300000000000008,0.08440000000000003
methanol_LUCJ_L3_STO-3G_MP2.npz,methanol,LUCJ,3,STO-3G,MP2,28,14,9,9,10000,196,0.0196,0.019600000000000003,0.08340000000000003
methanol_LUCJ_L3_STO-3G_random.npz,methanol,LUCJ,3,STO-3G,random,28,14,9,9,10000,224,0.0224,0.022400000000000007,0.08890000000000002
methanol_LUCJ_L3_STO-3G_zeroes.npz,methanol,LUCJ,3,STO-3G,zeroes,28,14,9,9,5862,455,0.0776185602183555,0.15080000000000002,0.29800000000000004
methanol_LUCJ_L3_aug-cc-pVDZ_CCSD.npz,methanol,LUCJ,3,aug-cc-pVDZ,CCSD,28,14,9,9,9999,226,0.022602260226022602,0.022600000000000006,0.08310000000000001
methanol_LUCJ_L3_aug-cc-pVDZ_ML.npz,methanol,LUCJ,3,aug-cc-pVDZ,ML,28,14,9,9,10000,204,0.0204,0.0204,0.08540000000000003
methanol_LUCJ_L3_aug-cc-pVDZ_ML_exact.npz,methanol,LUCJ,3,aug-cc-pVDZ,ML_exact,28,14,9,9,10000,250,0.025,0.02500000000000001,0.09610000000000003
methanol_LUCJ_L3_aug-cc-pVDZ_MP2.npz,methanol,LUCJ,3,aug-cc-pVDZ,MP2,28,14,9,9,10000,219,0.0219,0.021900000000000003,0.08610000000000002
methanol_LUCJ_L3_aug-cc-pVDZ_random.npz,methanol,LUCJ,3,aug-cc-pVDZ,random,28,14,9,9,10000,195,0.0195,0.019500000000000003,0.08190000000000003
methanol_LUCJ_L3_aug-cc-pVDZ_zeroes.npz,methanol,LUCJ,3,aug-cc-pVDZ,zeroes,28,14,9,9,6265,502,0.08012769353551477,0.1504,0.30970000000000003
methanol_LUCJ_L3_cc-pVDZ_CCSD.npz,methanol,LUCJ,3,cc-pVDZ,CCSD,28,14,9,9,10000,193,0.0193,0.019300000000000005,0.07680000000000002
methanol_LUCJ_L3_cc-pVDZ_ML.npz,methanol,LUCJ,3,cc-pVDZ,ML,28,14,9,9,9999,229,0.022902290229022904,0.022900000000000004,0.08530000000000001
methanol_LUCJ_L3_cc-pVDZ_ML_exact.npz,methanol,LUCJ,3,cc-pVDZ,ML_exact,28,14,9,9,10000,204,0.0204,0.0204,0.07730000000000001
methanol_LUCJ_L3_cc-pVDZ_MP2.npz,methanol,LUCJ,3,cc-pVDZ,MP2,28,14,9,9,10000,225,0.0225,0.022500000000000006,0.07910000000000002
methanol_LUCJ_L3_cc-pVDZ_random.npz,methanol,LUCJ,3,cc-pVDZ,random,28,14,9,9,10000,195,0.0195,0.019500000000000003,0.08240000000000003
methanol_LUCJ_L3_cc-pVDZ_zeroes.npz,methanol,LUCJ,3,cc-pVDZ,zeroes,28,14,9,9,6073,543,0.08941215214885559,0.16429999999999997,0.33520000000000005
methanol_LUCJ_L4_STO-3G_CCSD.npz,methanol,LUCJ,4,STO-3G,CCSD,28,14,9,9,10000,199,0.0199,0.0199,0.07190000000000002
methanol_LUCJ_L4_STO-3G_ML.npz,methanol,LUCJ,4,STO-3G,ML,28,14,9,9,10000,176,0.0176,0.017600000000000005,0.07180000000000002
methanol_LUCJ_L4_STO-3G_ML_exact.npz,methanol,LUCJ,4,STO-3G,ML_exact,28,14,9,9,9999,169,0.0169016901690169,0.016900000000000005,0.07630000000000002
methanol_LUCJ_L4_STO-3G_MP2.npz,methanol,LUCJ,4,STO-3G,MP2,28,14,9,9,10000,211,0.0211,0.021100000000000004,0.08220000000000002
methanol_LUCJ_L4_STO-3G_random.npz,methanol,LUCJ,4,STO-3G,random,28,14,9,9,10000,193,0.0193,0.019300000000000005,0.07450000000000002
methanol_LUCJ_L4_STO-3G_zeroes.npz,methanol,LUCJ,4,STO-3G,zeroes,28,14,9,9,5764,443,0.07685634975711311,0.1526,0.3029
methanol_LUCJ_L4_aug-cc-pVDZ_CCSD.npz,methanol,LUCJ,4,aug-cc-pVDZ,CCSD,28,14,9,9,9999,215,0.0215021502150215,0.021500000000000002,0.07700000000000001
methanol_LUCJ_L4_aug-cc-pVDZ_ML.npz,methanol,LUCJ,4,aug-cc-pVDZ,ML,28,14,9,9,10000,222,0.0222,0.022200000000000004,0.08140000000000001
methanol_LUCJ_L4_aug-cc-pVDZ_ML_exact.npz,methanol,LUCJ,4,aug-cc-pVDZ,ML_exact,28,14,9,9,10000,213,0.0213,0.021300000000000003,0.08590000000000003
methanol_LUCJ_L4_aug-cc-pVDZ_MP2.npz,methanol,LUCJ,4,aug-cc-pVDZ,MP2,28,14,9,9,10000,209,0.0209,0.020900000000000005,0.08100000000000002
methanol_LUCJ_L4_aug-cc-pVDZ_random.npz,methanol,LUCJ,4,aug-cc-pVDZ,random,28,14,9,9,10000,189,0.0189,0.0189,0.07530000000000002
methanol_LUCJ_L4_aug-cc-pVDZ_zeroes.npz,methanol,LUCJ,4,aug-cc-pVDZ,zeroes,28,14,9,9,6461,545,0.084352267450859,0.1451,0.3036
methanol_LUCJ_L4_cc-pVDZ_CCSD.npz,methanol,LUCJ,4,cc-pVDZ,CCSD,28,14,9,9,10000,213,0.0213,0.021300000000000003,0.07490000000000002
methanol_LUCJ_L4_cc-pVDZ_ML.npz,methanol,LUCJ,4,cc-pVDZ,ML,28,14,9,9,10000,211,0.0211,0.021100000000000004,0.07420000000000002
methanol_LUCJ_L4_cc-pVDZ_ML_exact.npz,methanol,LUCJ,4,cc-pVDZ,ML_exact,28,14,9,9,10000,186,0.0186,0.018600000000000005,0.07740000000000002
methanol_LUCJ_L4_cc-pVDZ_MP2.npz,methanol,LUCJ,4,cc-pVDZ,MP2,28,14,9,9,10000,165,0.0165,0.0165,0.07820000000000002
methanol_LUCJ_L4_cc-pVDZ_random.npz,methanol,LUCJ,4,cc-pVDZ,random,28,14,9,9,10000,197,0.0197,0.019700000000000002,0.08130000000000001
methanol_LUCJ_L4_cc-pVDZ_zeroes.npz,methanol,LUCJ,4,cc-pVDZ,zeroes,28,14,9,9,6142,561,0.09133832627808532,0.1592,0.318
methanol_LUCJ_L5_STO-3G_CCSD.npz,methanol,LUCJ,5,STO-3G,CCSD,28,14,9,9,9997,175,0.01750525157547264,0.0175,0.0728
methanol_LUCJ_L5_STO-3G_ML.npz,methanol,LUCJ,5,STO-3G,ML,28,14,9,9,10000,163,0.0163,0.016300000000000002,0.07620000000000002
methanol_LUCJ_L5_STO-3G_ML_exact.npz,methanol,LUCJ,5,STO-3G,ML_exact,28,14,9,9,10000,169,0.0169,0.016900000000000005,0.06870000000000001
methanol_LUCJ_L5_STO-3G_MP2.npz,methanol,LUCJ,5,STO-3G,MP2,28,14,9,9,10000,179,0.0179,0.017900000000000003,0.07440000000000002
methanol_LUCJ_L5_STO-3G_random.npz,methanol,LUCJ,5,STO-3G,random,28,14,9,9,9999,176,0.0176017601760176,0.017600000000000005,0.07240000000000002
methanol_LUCJ_L5_STO-3G_zeroes.npz,methanol,LUCJ,5,STO-3G,zeroes,28,14,9,9,5860,425,0.07252559726962457,0.1491,0.3002
methanol_LUCJ_L5_aug-cc-pVDZ_CCSD.npz,methanol,LUCJ,5,aug-cc-pVDZ,CCSD,28,14,9,9,9999,197,0.019701970197019702,0.019700000000000002,0.07790000000000002
methanol_LUCJ_L5_aug-cc-pVDZ_ML.npz,methanol,LUCJ,5,aug-cc-pVDZ,ML,28,14,9,9,9999,212,0.0212021202120212,0.021200000000000004,0.07800000000000001
methanol_LUCJ_L5_aug-cc-pVDZ_ML_exact.npz,methanol,LUCJ,5,aug-cc-pVDZ,ML_exact,28,14,9,9,10000,208,0.0208,0.020800000000000006,0.08120000000000002
methanol_LUCJ_L5_aug-cc-pVDZ_MP2.npz,methanol,LUCJ,5,aug-cc-pVDZ,MP2,28,14,9,9,10000,204,0.0204,0.0204,0.07320000000000002
methanol_LUCJ_L5_aug-cc-pVDZ_random.npz,methanol,LUCJ,5,aug-cc-pVDZ,random,28,14,9,9,10000,184,0.0184,0.018400000000000007,0.07360000000000003
methanol_LUCJ_L5_aug-cc-pVDZ_zeroes.npz,methanol,LUCJ,5,aug-cc-pVDZ,zeroes,28,14,9,9,6255,517,0.08265387689848122,0.1466,0.3178
methanol_LUCJ_L5_cc-pVDZ_CCSD.npz,methanol,LUCJ,5,cc-pVDZ,CCSD,28,14,9,9,10000,185,0.0185,0.018500000000000003,0.07290000000000002
methanol_LUCJ_L5_cc-pVDZ_ML.npz,methanol,LUCJ,5,cc-pVDZ,ML,28,14,9,9,9998,202,0.02020404080816163,0.020200000000000003,0.07130000000000002
methanol_LUCJ_L5_cc-pVDZ_ML_exact.npz,methanol,LUCJ,5,cc-pVDZ,ML_exact,28,14,9,9,10000,188,0.0188,0.018800000000000004,0.07320000000000002
methanol_LUCJ_L5_cc-pVDZ_MP2.npz,methanol,LUCJ,5,cc-pVDZ,MP2,28,14,9,9,10000,173,0.0173,0.017300000000000003,0.07210000000000003
methanol_LUCJ_L5_cc-pVDZ_random.npz,methanol,LUCJ,5,cc-pVDZ,random,28,14,9,9,10000,192,0.0192,0.019200000000000005,0.07430000000000002
methanol_LUCJ_L5_cc-pVDZ_zeroes.npz,methanol,LUCJ,5,cc-pVDZ,zeroes,28,14,9,9,6074,531,0.08742179782680276,0.1653,0.32780000000000004
prop-2-en-1-ol_LUCJ_L1_STO-3G_CCSD.npz,prop-2-en-1-ol,LUCJ,1,STO-3G,CCSD,52,26,16,16,10000,69,0.0069,0.0069000000000000025,0.026200000000000008
prop-2-en-1-ol_LUCJ_L1_STO-3G_ML.npz,prop-2-en-1-ol,LUCJ,1,STO-3G,ML,52,26,16,16,10000,88,0.0088,0.008800000000000002,0.04000000000000001
prop-2-en-1-ol_LUCJ_L1_STO-3G_ML_exact.npz,prop-2-en-1-ol,LUCJ,1,STO-3G,ML_exact,52,26,16,16,10000,92,0.0092,0.0092,0.038500000000000006
prop-2-en-1-ol_LUCJ_L1_STO-3G_MP2.npz,prop-2-en-1-ol,LUCJ,1,STO-3G,MP2,52,26,16,16,10000,107,0.0107,0.010700000000000001,0.04520000000000001
prop-2-en-1-ol_LUCJ_L1_STO-3G_random.npz,prop-2-en-1-ol,LUCJ,1,STO-3G,random,52,26,16,16,10000,122,0.0122,0.012200000000000003,0.05560000000000001
prop-2-en-1-ol_LUCJ_L1_STO-3G_zeroes.npz,prop-2-en-1-ol,LUCJ,1,STO-3G,zeroes,52,26,16,16,10000,144,0.0144,0.014400000000000003,0.06200000000000001
prop-2-en-1-ol_LUCJ_L1_aug-cc-pVDZ_CCSD.npz,prop-2-en-1-ol,LUCJ,1,aug-cc-pVDZ,CCSD,52,26,16,16,10000,108,0.0108,0.0108,0.048500000000000015
prop-2-en-1-ol_LUCJ_L1_aug-cc-pVDZ_ML.npz,prop-2-en-1-ol,LUCJ,1,aug-cc-pVDZ,ML,52,26,16,16,10000,137,0.0137,0.013700000000000004,0.05000000000000002
prop-2-en-1-ol_LUCJ_L1_aug-cc-pVDZ_ML_exact.npz,prop-2-en-1-ol,LUCJ,1,aug-cc-pVDZ,ML_exact,52,26,16,16,10000,115,0.0115,0.011500000000000002,0.05060000000000002
prop-2-en-1-ol_LUCJ_L1_aug-cc-pVDZ_MP2.npz,prop-2-en-1-ol,LUCJ,1,aug-cc-pVDZ,MP2,52,26,16,16,10000,115,0.0115,0.011500000000000002,0.04930000000000001
prop-2-en-1-ol_LUCJ_L1_aug-cc-pVDZ_random.npz,prop-2-en-1-ol,LUCJ,1,aug-cc-pVDZ,random,52,26,16,16,10000,115,0.0115,0.011500000000000002,0.05060000000000002
prop-2-en-1-ol_LUCJ_L1_aug-cc-pVDZ_zeroes.npz,prop-2-en-1-ol,LUCJ,1,aug-cc-pVDZ,zeroes,52,26,16,16,9999,122,0.012201220122012201,0.012200000000000003,0.04700000000000001
prop-2-en-1-ol_LUCJ_L1_cc-pVDZ_CCSD.npz,prop-2-en-1-ol,LUCJ,1,cc-pVDZ,CCSD,52,26,16,16,10000,119,0.0119,0.011899999999999999,0.050400000000000014
prop-2-en-1-ol_LUCJ_L1_cc-pVDZ_ML.npz,prop-2-en-1-ol,LUCJ,1,cc-pVDZ,ML,52,26,16,16,10000,84,0.0084,0.0084,0.033800000000000004
prop-2-en-1-ol_LUCJ_L1_cc-pVDZ_ML_exact.npz,prop-2-en-1-ol,LUCJ,1,cc-pVDZ,ML_exact,52,26,16,16,10000,97,0.0097,0.009700000000000002,0.03700000000000001
prop-2-en-1-ol_LUCJ_L1_cc-pVDZ_MP2.npz,prop-2-en-1-ol,LUCJ,1,cc-pVDZ,MP2,52,26,16,16,10000,111,0.0111,0.011099999999999999,0.04700000000000001
prop-2-en-1-ol_LUCJ_L1_cc-pVDZ_random.npz,prop-2-en-1-ol,LUCJ,1,cc-pVDZ,random,52,26,16,16,10000,123,0.0123,0.012300000000000002,0.044100000000000014
prop-2-en-1-ol_LUCJ_L1_cc-pVDZ_zeroes.npz,prop-2-en-1-ol,LUCJ,1,cc-pVDZ,zeroes,52,26,16,16,10000,136,0.0136,0.013600000000000003,0.05220000000000001
prop-2-en-1-ol_LUCJ_L2_STO-3G_CCSD.npz,prop-2-en-1-ol,LUCJ,2,STO-3G,CCSD,52,26,16,16,10000,82,0.0082,0.0082,0.03730000000000001
prop-2-en-1-ol_LUCJ_L2_STO-3G_ML.npz,prop-2-en-1-ol,LUCJ,2,STO-3G,ML,52,26,16,16,10000,81,0.0081,0.008100000000000001,0.034
prop-2-en-1-ol_LUCJ_L2_STO-3G_ML_exact.npz,prop-2-en-1-ol,LUCJ,2,STO-3G,ML_exact,52,26,16,16,10000,94,0.0094,0.009399999999999999,0.0359
prop-2-en-1-ol_LUCJ_L2_STO-3G_MP2.npz,prop-2-en-1-ol,LUCJ,2,STO-3G,MP2,52,26,16,16,10000,77,0.0077,0.007700000000000003,0.03570000000000001
prop-2-en-1-ol_LUCJ_L2_STO-3G_random.npz,prop-2-en-1-ol,LUCJ,2,STO-3G,random,52,26,16,16,10000,81,0.0081,0.008100000000000001,0.03830000000000001
prop-2-en-1-ol_LUCJ_L2_STO-3G_zeroes.npz,prop-2-en-1-ol,LUCJ,2,STO-3G,zeroes,52,26,16,16,9999,176,0.0176017601760176,0.017600000000000005,0.06130000000000001
prop-2-en-1-ol_LUCJ_L2_aug-cc-pVDZ_CCSD.npz,prop-2-en-1-ol,LUCJ,2,aug-cc-pVDZ,CCSD,52,26,16,16,10000,97,0.0097,0.009700000000000002,0.04390000000000001
prop-2-en-1-ol_LUCJ_L2_aug-cc-pVDZ_ML.npz,prop-2-en-1-ol,LUCJ,2,aug-cc-pVDZ,ML,52,26,16,16,10000,103,0.0103,0.010299999999999998,0.04290000000000001
prop-2-en-1-ol_LUCJ_L2_aug-cc-pVDZ_ML_exact.npz,prop-2-en-1-ol,LUCJ,2,aug-cc-pVDZ,ML_exact,52,26,16,16,10000,111,0.0111,0.011099999999999999,0.043200000000000016
prop-2-en-1-ol_LUCJ_L2_aug-cc-pVDZ_MP2.npz,prop-2-en-1-ol,LUCJ,2,aug-cc-pVDZ,MP2,52,26,16,16,10000,112,0.0112,0.011200000000000003,0.03950000000000001
prop-2-en-1-ol_LUCJ_L2_aug-cc-pVDZ_random.npz,prop-2-en-1-ol,LUCJ,2,aug-cc-pVDZ,random,52,26,16,16,10000,107,0.0107,0.010700000000000001,0.03470000000000001
prop-2-en-1-ol_LUCJ_L2_aug-cc-pVDZ_zeroes.npz,prop-2-en-1-ol,LUCJ,2,aug-cc-pVDZ,zeroes,52,26,16,16,9998,122,0.01220244048809762,0.012200000000000003,0.05130000000000001
prop-2-en-1-ol_LUCJ_L2_cc-pVDZ_CCSD.npz,prop-2-en-1-ol,LUCJ,2,cc-pVDZ,CCSD,52,26,16,16,10000,75,0.0075,0.007500000000000002,0.039300000000000015
prop-2-en-1-ol_LUCJ_L2_cc-pVDZ_ML.npz,prop-2-en-1-ol,LUCJ,2,cc-pVDZ,ML,52,26,16,16,10000,75,0.0075,0.007500000000000002,0.034
prop-2-en-1-ol_LUCJ_L2_cc-pVDZ_ML_exact.npz,prop-2-en-1-ol,LUCJ,2,cc-pVDZ,ML_exact,52,26,16,16,10000,109,0.0109,0.0109,0.04200000000000001
prop-2-en-1-ol_LUCJ_L2_cc-pVDZ_MP2.npz,prop-2-en-1-ol,LUCJ,2,cc-pVDZ,MP2,52,26,16,16,10000,95,0.0095,0.009499999999999998,0.03570000000000001
prop-2-en-1-ol_LUCJ_L2_cc-pVDZ_random.npz,prop-2-en-1-ol,LUCJ,2,cc-pVDZ,random,52,26,16,16,10000,114,0.0114,0.011400000000000002,0.040900000000000006
prop-2-en-1-ol_LUCJ_L2_cc-pVDZ_zeroes.npz,prop-2-en-1-ol,LUCJ,2,cc-pVDZ,zeroes,52,26,16,16,9999,126,0.012601260126012601,0.0126,0.06190000000000001
prop-2-en-1-ol_LUCJ_L3_STO-3G_CCSD.npz,prop-2-en-1-ol,LUCJ,3,STO-3G,CCSD,52,26,16,16,10000,86,0.0086,0.008599999999999998,0.0398
prop-2-en-1-ol_LUCJ_L3_STO-3G_ML.npz,prop-2-en-1-ol,LUCJ,3,STO-3G,ML,52,26,16,16,10000,81,0.0081,0.008100000000000001,0.03730000000000001
prop-2-en-1-ol_LUCJ_L3_STO-3G_ML_exact.npz,prop-2-en-1-ol,LUCJ,3,STO-3G,ML_exact,52,26,16,16,10000,89,0.0089,0.008900000000000002,0.03830000000000001
prop-2-en-1-ol_LUCJ_L3_STO-3G_MP2.npz,prop-2-en-1-ol,LUCJ,3,STO-3G,MP2,52,26,16,16,10000,76,0.0076,0.007600000000000003,0.03720000000000001
prop-2-en-1-ol_LUCJ_L3_STO-3G_random.npz,prop-2-en-1-ol,LUCJ,3,STO-3G,random,52,26,16,16,10000,114,0.0114,0.011400000000000002,0.035500000000000004
prop-2-en-1-ol_LUCJ_L3_STO-3G_zeroes.npz,prop-2-en-1-ol,LUCJ,3,STO-3G,zeroes,52,26,16,16,9999,142,0.014201420142014202,0.014200000000000004,0.06160000000000001
prop-2-en-1-ol_LUCJ_L3_aug-cc-pVDZ_CCSD.npz,prop-2-en-1-ol,LUCJ,3,aug-cc-pVDZ,CCSD,52,26,16,16,10000,109,0.0109,0.0109,0.03910000000000001
prop-2-en-1-ol_LUCJ_L3_aug-cc-pVDZ_ML.npz,prop-2-en-1-ol,LUCJ,3,aug-cc-pVDZ,ML,52,26,16,16,10000,105,0.0105,0.010500000000000002,0.03870000000000001
prop-2-en-1-ol_LUCJ_L3_aug-cc-pVDZ_ML_exact.npz,prop-2-en-1-ol,LUCJ,3,aug-cc-pVDZ,ML_exact,52,26,16,16,10000,94,0.0094,0.009399999999999999,0.03900000000000001
prop-2-en-1-ol_LUCJ_L3_aug-cc-pVDZ_MP2.npz,prop-2-en-1-ol,LUCJ,3,aug-cc-pVDZ,MP2,52,26,16,16,10000,96,0.0096,0.009600000000000003,0.03740000000000001
prop-2-en-1-ol_LUCJ_L3_aug-cc-pVDZ_random.npz,prop-2-en-1-ol,LUCJ,3,aug-cc-pVDZ,random,52,26,16,16,10000,93,0.0093,0.0093,0.03610000000000001
prop-2-en-1-ol_LUCJ_L3_aug-cc-pVDZ_zeroes.npz,prop-2-en-1-ol,LUCJ,3,aug-cc-pVDZ,zeroes,52,26,16,16,10000,103,0.0103,0.010299999999999998,0.04470000000000001
prop-2-en-1-ol_LUCJ_L3_cc-pVDZ_CCSD.npz,prop-2-en-1-ol,LUCJ,3,cc-pVDZ,CCSD,52,26,16,16,10000,105,0.0105,0.010500000000000002,0.03720000000000001
prop-2-en-1-ol_LUCJ_L3_cc-pVDZ_ML.npz,prop-2-en-1-ol,LUCJ,3,cc-pVDZ,ML,52,26,16,16,10000,89,0.0089,0.008900000000000002,0.03200000000000001
prop-2-en-1-ol_LUCJ_L3_cc-pVDZ_ML_exact.npz,prop-2-en-1-ol,LUCJ,3,cc-pVDZ,ML_exact,52,26,16,16,10000,112,0.0112,0.011200000000000003,0.0325
prop-2-en-1-ol_LUCJ_L3_cc-pVDZ_MP2.npz,prop-2-en-1-ol,LUCJ,3,cc-pVDZ,MP2,52,26,16,16,10000,78,0.0078,0.007800000000000003,0.033800000000000004
prop-2-en-1-ol_LUCJ_L3_cc-pVDZ_random.npz,prop-2-en-1-ol,LUCJ,3,cc-pVDZ,random,52,26,16,16,10000,84,0.0084,0.0084,0.03640000000000001
prop-2-en-1-ol_LUCJ_L3_cc-pVDZ_zeroes.npz,prop-2-en-1-ol,LUCJ,3,cc-pVDZ,zeroes,52,26,16,16,10000,121,0.0121,0.012100000000000003,0.05540000000000001
prop-2-en-1-ol_LUCJ_L4_STO-3G_CCSD.npz,prop-2-en-1-ol,LUCJ,4,STO-3G,CCSD,52,26,16,16,10000,94,0.0094,0.009399999999999999,0.03840000000000001
prop-2-en-1-ol_LUCJ_L4_STO-3G_ML.npz,prop-2-en-1-ol,LUCJ,4,STO-3G,ML,52,26,16,16,10000,111,0.0111,0.011099999999999999,0.039400000000000004
prop-2-en-1-ol_LUCJ_L4_STO-3G_ML_exact.npz,prop-2-en-1-ol,LUCJ,4,STO-3G,ML_exact,52,26,16,16,10000,113,0.0113,0.011300000000000003,0.04050000000000001
prop-2-en-1-ol_LUCJ_L4_STO-3G_MP2.npz,prop-2-en-1-ol,LUCJ,4,STO-3G,MP2,52,26,16,16,10000,121,0.0121,0.012100000000000003,0.040600000000000004
prop-2-en-1-ol_LUCJ_L4_STO-3G_random.npz,prop-2-en-1-ol,LUCJ,4,STO-3G,random,52,26,16,16,10000,101,0.0101,0.0101,0.03970000000000001
prop-2-en-1-ol_LUCJ_L4_STO-3G_zeroes.npz,prop-2-en-1-ol,LUCJ,4,STO-3G,zeroes,52,26,16,16,9999,162,0.016201620162016202,0.016200000000000003,0.056200000000000014
prop-2-en-1-ol_LUCJ_L4_aug-cc-pVDZ_CCSD.npz,prop-2-en-1-ol,LUCJ,4,aug-cc-pVDZ,CCSD,52,26,16,16,10000,97,0.0097,0.009700000000000002,0.04160000000000001
prop-2-en-1-ol_LUCJ_L4_aug-cc-pVDZ_ML.npz,prop-2-en-1-ol,LUCJ,4,aug-cc-pVDZ,ML,52,26,16,16,10000,101,0.0101,0.0101,0.037500000000000006
prop-2-en-1-ol_LUCJ_L4_aug-cc-pVDZ_ML_exact.npz,prop-2-en-1-ol,LUCJ,4,aug-cc-pVDZ,ML_exact,52,26,16,16,10000,94,0.0094,0.009399999999999999,0.03960000000000001
prop-2-en-1-ol_LUCJ_L4_aug-cc-pVDZ_MP2.npz,prop-2-en-1-ol,LUCJ,4,aug-cc-pVDZ,MP2,52,26,16,16,10000,107,0.0107,0.010700000000000001,0.04110000000000001
prop-2-en-1-ol_LUCJ_L4_aug-cc-pVDZ_random.npz,prop-2-en-1-ol,LUCJ,4,aug-cc-pVDZ,random,52,26,16,16,10000,104,0.0104,0.010400000000000003,0.03900000000000001
prop-2-en-1-ol_LUCJ_L4_aug-cc-pVDZ_zeroes.npz,prop-2-en-1-ol,LUCJ,4,aug-cc-pVDZ,zeroes,52,26,16,16,9998,105,0.010502100420084017,0.010500000000000002,0.04330000000000001
prop-2-en-1-ol_LUCJ_L4_cc-pVDZ_CCSD.npz,prop-2-en-1-ol,LUCJ,4,cc-pVDZ,CCSD,52,26,16,16,10000,95,0.0095,0.009499999999999998,0.04150000000000001
prop-2-en-1-ol_LUCJ_L4_cc-pVDZ_ML.npz,prop-2-en-1-ol,LUCJ,4,cc-pVDZ,ML,52,26,16,16,10000,110,0.011,0.011,0.04080000000000001
prop-2-en-1-ol_LUCJ_L4_cc-pVDZ_ML_exact.npz,prop-2-en-1-ol,LUCJ,4,cc-pVDZ,ML_exact,52,26,16,16,10000,101,0.0101,0.0101,0.04210000000000001
prop-2-en-1-ol_LUCJ_L4_cc-pVDZ_MP2.npz,prop-2-en-1-ol,LUCJ,4,cc-pVDZ,MP2,52,26,16,16,10000,102,0.0102,0.010199999999999999,0.03900000000000001
prop-2-en-1-ol_LUCJ_L4_cc-pVDZ_random.npz,prop-2-en-1-ol,LUCJ,4,cc-pVDZ,random,52,26,16,16,10000,98,0.0098,0.009800000000000001,0.039900000000000005
prop-2-en-1-ol_LUCJ_L4_cc-pVDZ_zeroes.npz,prop-2-en-1-ol,LUCJ,4,cc-pVDZ,zeroes,52,26,16,16,9998,154,0.015403080616123225,0.015400000000000002,0.053300000000000014
prop-2-en-1-ol_LUCJ_L5_STO-3G_CCSD.npz,prop-2-en-1-ol,LUCJ,5,STO-3G,CCSD,52,26,16,16,10000,103,0.0103,0.010299999999999998,0.03920000000000001
prop-2-en-1-ol_LUCJ_L5_STO-3G_ML.npz,prop-2-en-1-ol,LUCJ,5,STO-3G,ML,52,26,16,16,10000,82,0.0082,0.0082,0.04330000000000001
prop-2-en-1-ol_LUCJ_L5_STO-3G_ML_exact.npz,prop-2-en-1-ol,LUCJ,5,STO-3G,ML_exact,52,26,16,16,10000,100,0.01,0.01,0.04600000000000001
prop-2-en-1-ol_LUCJ_L5_STO-3G_MP2.npz,prop-2-en-1-ol,LUCJ,5,STO-3G,MP2,52,26,16,16,10000,120,0.012,0.012000000000000004,0.04190000000000001
prop-2-en-1-ol_LUCJ_L5_STO-3G_random.npz,prop-2-en-1-ol,LUCJ,5,STO-3G,random,52,26,16,16,10000,100,0.01,0.01,0.04710000000000001
prop-2-en-1-ol_LUCJ_L5_STO-3G_zeroes.npz,prop-2-en-1-ol,LUCJ,5,STO-3G,zeroes,52,26,16,16,10000,144,0.0144,0.014400000000000003,0.06510000000000002
prop-2-en-1-ol_LUCJ_L5_aug-cc-pVDZ_CCSD.npz,prop-2-en-1-ol,LUCJ,5,aug-cc-pVDZ,CCSD,52,26,16,16,10000,118,0.0118,0.0118,0.042300000000000004
prop-2-en-1-ol_LUCJ_L5_aug-cc-pVDZ_ML.npz,prop-2-en-1-ol,LUCJ,5,aug-cc-pVDZ,ML,52,26,16,16,10000,103,0.0103,0.010299999999999998,0.040900000000000006
prop-2-en-1-ol_LUCJ_L5_aug-cc-pVDZ_ML_exact.npz,prop-2-en-1-ol,LUCJ,5,aug-cc-pVDZ,ML_exact,52,26,16,16,10000,111,0.0111,0.011099999999999999,0.044600000000000015
prop-2-en-1-ol_LUCJ_L5_aug-cc-pVDZ_MP2.npz,prop-2-en-1-ol,LUCJ,5,aug-cc-pVDZ,MP2,52,26,16,16,10000,85,0.0085,0.008499999999999999,0.04190000000000001
prop-2-en-1-ol_LUCJ_L5_aug-cc-pVDZ_random.npz,prop-2-en-1-ol,LUCJ,5,aug-cc-pVDZ,random,52,26,16,16,10000,122,0.0122,0.012200000000000003,0.038900000000000004
prop-2-en-1-ol_LUCJ_L5_aug-cc-pVDZ_zeroes.npz,prop-2-en-1-ol,LUCJ,5,aug-cc-pVDZ,zeroes,52,26,16,16,9997,113,0.011303391017305191,0.011300000000000003,0.045100000000000015
prop-2-en-1-ol_LUCJ_L5_cc-pVDZ_CCSD.npz,prop-2-en-1-ol,LUCJ,5,cc-pVDZ,CCSD,52,26,16,16,10000,102,0.0102,0.010199999999999999,0.04260000000000001
prop-2-en-1-ol_LUCJ_L5_cc-pVDZ_ML.npz,prop-2-en-1-ol,LUCJ,5,cc-pVDZ,ML,52,26,16,16,10000,96,0.0096,0.009600000000000003,0.04250000000000001
prop-2-en-1-ol_LUCJ_L5_cc-pVDZ_ML_exact.npz,prop-2-en-1-ol,LUCJ,5,cc-pVDZ,ML_exact,52,26,16,16,10000,109,0.0109,0.0109,0.04370000000000001
prop-2-en-1-ol_LUCJ_L5_cc-pVDZ_MP2.npz,prop-2-en-1-ol,LUCJ,5,cc-pVDZ,MP2,52,26,16,16,10000,112,0.0112,0.011200000000000003,0.03810000000000001
prop-2-en-1-ol_LUCJ_L5_cc-pVDZ_random.npz,prop-2-en-1-ol,LUCJ,5,cc-pVDZ,random,52,26,16,16,10000,97,0.0097,0.009700000000000002,0.043100000000000006
prop-2-en-1-ol_LUCJ_L5_cc-pVDZ_zeroes.npz,prop-2-en-1-ol,LUCJ,5,cc-pVDZ,zeroes,52,26,16,16,10000,152,0.0152,0.015200000000000003,0.05470000000000001
water_LUCJ_L1_STO-3G_CCSD.npz,water,LUCJ,1,STO-3G,CCSD,14,7,5,5,1122,104,0.09269162210338681,0.5132999999999999,0.3304
water_LUCJ_L1_STO-3G_ML.npz,water,LUCJ,1,STO-3G,ML,14,7,5,5,1348,143,0.10608308605341246,0.4727999999999999,0.3353
water_LUCJ_L1_STO-3G_ML_exact.npz,water,LUCJ,1,STO-3G,ML_exact,14,7,5,5,1310,95,0.07251908396946564,0.4965999999999999,0.3125
water_LUCJ_L1_STO-3G_MP2.npz,water,LUCJ,1,STO-3G,MP2,14,7,5,5,1993,186,0.09332664325137983,0.45339999999999997,0.3286
water_LUCJ_L1_STO-3G_random.npz,water,LUCJ,1,STO-3G,random,14,7,5,5,2607,299,0.11469121595703874,0.4385,0.34149999999999997
water_LUCJ_L1_STO-3G_zeroes.npz,water,LUCJ,1,STO-3G,zeroes,14,7,5,5,272,29,0.10661764705882353,0.7503999999999998,0.1995
water_LUCJ_L1_aug-cc-pVDZ_CCSD.npz,water,LUCJ,1,aug-cc-pVDZ,CCSD,14,7,5,5,880,72,0.08181818181818182,0.5908,0.2812
water_LUCJ_L1_aug-cc-pVDZ_ML.npz,water,LUCJ,1,aug-cc-pVDZ,ML,14,7,5,5,942,72,0.07643312101910828,0.6001999999999998,0.2755
water_LUCJ_L1_aug-cc-pVDZ_ML_exact.npz,water,LUCJ,1,aug-cc-pVDZ,ML_exact,14,7,5,5,801,70,0.08739076154806492,0.6323999999999997,0.2572
water_LUCJ_L1_aug-cc-pVDZ_MP2.npz,water,LUCJ,1,aug-cc-pVDZ,MP2,14,7,5,5,857,69,0.08051341890315053,0.5831,0.2909
water_LUCJ_L1_aug-cc-pVDZ_random.npz,water,LUCJ,1,aug-cc-pVDZ,random,14,7,5,5,3440,413,0.12005813953488371,0.43579999999999997,0.3429
water_LUCJ_L1_aug-cc-pVDZ_zeroes.npz,water,LUCJ,1,aug-cc-pVDZ,zeroes,14,7,5,5,227,28,0.12334801762114538,0.7760000000000001,0.17929999999999996
water_LUCJ_L1_cc-pVDZ_CCSD.npz,water,LUCJ,1,cc-pVDZ,CCSD,14,7,5,5,1488,115,0.07728494623655914,0.42059999999999986,0.36560000000000004
water_LUCJ_L1_cc-pVDZ_ML.npz,water,LUCJ,1,cc-pVDZ,ML,14,7,5,5,1333,77,0.05776444111027757,0.41549999999999987,0.345
water_LUCJ_L1_cc-pVDZ_ML_exact.npz,water,LUCJ,1,cc-pVDZ,ML_exact,14,7,5,5,1150,109,0.09478260869565218,0.5357999999999997,0.3175
water_LUCJ_L1_cc-pVDZ_MP2.npz,water,LUCJ,1,cc-pVDZ,MP2,14,7,5,5,757,60,0.07926023778071334,0.6236,0.2694
water_LUCJ_L1_cc-pVDZ_random.npz,water,LUCJ,1,cc-pVDZ,random,14,7,5,5,3407,414,0.12151452891106546,0.4108,0.3724
water_LUCJ_L1_cc-pVDZ_zeroes.npz,water,LUCJ,1,cc-pVDZ,zeroes,14,7,5,5,286,29,0.10139860139860139,0.7805999999999998,0.1608
water_LUCJ_L2_STO-3G_CCSD.npz,water,LUCJ,2,STO-3G,CCSD,14,7,5,5,2502,171,0.0683453237410072,0.30560000000000004,0.34019999999999995
water_LUCJ_L2_STO-3G_ML.npz,water,LUCJ,2,STO-3G,ML,14,7,5,5,3349,254,0.07584353538369662,0.28280000000000005,0.3476
water_LUCJ_L2_STO-3G_ML_exact.npz,water,LUCJ,2,STO-3G,ML_exact,14,7,5,5,2777,184,0.0662585523946705,0.1912,0.35550000000000004
water_LUCJ_L2_STO-3G_MP2.npz,water,LUCJ,2,STO-3G,MP2,14,7,5,5,2795,238,0.0851520572450805,0.30989999999999995,0.3721
water_LUCJ_L2_STO-3G_random.npz,water,LUCJ,2,STO-3G,random,14,7,5,5,4548,421,0.09256816182937555,0.308,0.34450000000000003
water_LUCJ_L2_STO-3G_zeroes.npz,water,LUCJ,2,STO-3G,zeroes,14,7,5,5,259,33,0.1274131274131274,0.7639,0.18789999999999998
water_LUCJ_L2_aug-cc-pVDZ_CCSD.npz,water,LUCJ,2,aug-cc-pVDZ,CCSD,14,7,5,5,1512,89,0.05886243386243386,0.40819999999999995,0.3733
water_LUCJ_L2_aug-cc-pVDZ_ML.npz,water,LUCJ,2,aug-cc-pVDZ,ML,14,7,5,5,1312,87,0.0663109756097561,0.49109999999999987,0.33039999999999997
water_LUCJ_L2_aug-cc-pVDZ_ML_exact.npz,water,LUCJ,2,aug-cc-pVDZ,ML_exact,14,7,5,5,1533,83,0.05414220482713633,0.38669999999999993,0.3765
water_LUCJ_L2_aug-cc-pVDZ_MP2.npz,water,LUCJ,2,aug-cc-pVDZ,MP2,14,7,5,5,1275,93,0.07294117647058823,0.5021,0.31120000000000003
water_LUCJ_L2_aug-cc-pVDZ_random.npz,water,LUCJ,2,aug-cc-pVDZ,random,14,7,5,5,4143,429,0.10354815351194786,0.3436,0.3519
water_LUCJ_L2_aug-cc-pVDZ_zeroes.npz,water,LUCJ,2,aug-cc-pVDZ,zeroes,14,7,5,5,242,26,0.10743801652892562,0.7714000000000001,0.18010000000000004
water_LUCJ_L2_cc-pVDZ_CCSD.npz,water,LUCJ,2,cc-pVDZ,CCSD,14,7,5,5,3062,213,0.06956237753102547,0.30329999999999996,0.3467
water_LUCJ_L2_cc-pVDZ_ML.npz,water,LUCJ,2,cc-pVDZ,ML,14,7,5,5,2308,123,0.053292894280762566,0.22489999999999988,0.3698
water_LUCJ_L2_cc-pVDZ_ML_exact.npz,water,LUCJ,2,cc-pVDZ,ML_exact,14,7,5,5,1520,124,0.08157894736842106,0.44789999999999985,0.3473
water_LUCJ_L2_cc-pVDZ_MP2.npz,water,LUCJ,2,cc-pVDZ,MP2,14,7,5,5,1415,95,0.06713780918727916,0.44899999999999995,0.3426
water_LUCJ_L2_cc-pVDZ_random.npz,water,LUCJ,2,cc-pVDZ,random,14,7,5,5,4723,409,0.08659750158797375,0.2517,0.3499
water_LUCJ_L2_cc-pVDZ_zeroes.npz,water,LUCJ,2,cc-pVDZ,zeroes,14,7,5,5,284,30,0.1056338028169014,0.7772999999999998,0.16359999999999997
water_LUCJ_L3_STO-3G_CCSD.npz,water,LUCJ,3,STO-3G,CCSD,14,7,5,5,3823,210,0.05493068270991368,0.21820000000000003,0.32839999999999997
water_LUCJ_L3_STO-3G_ML.npz,water,LUCJ,3,STO-3G,ML,14,7,5,5,3714,217,0.058427571351642435,0.18650000000000003,0.3311
water_LUCJ_L3_STO-3G_ML_exact.npz,water,LUCJ,3,STO-3G,ML_exact,14,7,5,5,5206,286,0.0549366116019977,0.1365,0.297
water_LUCJ_L3_STO-3G_MP2.npz,water,LUCJ,3,STO-3G,MP2,14,7,5,5,4021,221,0.054961452375031083,0.19540000000000002,0.344
water_LUCJ_L3_STO-3G_random.npz,water,LUCJ,3,STO-3G,random,14,7,5,5,5347,406,0.0759304282775388,0.1958,0.3278
water_LUCJ_L3_STO-3G_zeroes.npz,water,LUCJ,3,STO-3G,zeroes,14,7,5,5,275,31,0.11272727272727273,0.7462000000000001,0.19859999999999997
water_LUCJ_L3_aug-cc-pVDZ_CCSD.npz,water,LUCJ,3,aug-cc-pVDZ,CCSD,14,7,5,5,1827,122,0.06677613574165299,0.38729999999999987,0.35829999999999995
water_LUCJ_L3_aug-cc-pVDZ_ML.npz,water,LUCJ,3,aug-cc-pVDZ,ML,14,7,5,5,2047,128,0.0625305324865657,0.34429999999999994,0.3664
water_LUCJ_L3_aug-cc-pVDZ_ML_exact.npz,water,LUCJ,3,aug-cc-pVDZ,ML_exact,14,7,5,5,2186,134,0.06129917657822507,0.3651,0.3386
water_LUCJ_L3_aug-cc-pVDZ_MP2.npz,water,LUCJ,3,aug-cc-pVDZ,MP2,14,7,5,5,2199,137,0.062301045929968164,0.3325999999999999,0.3659
water_LUCJ_L3_aug-cc-pVDZ_random.npz,water,LUCJ,3,aug-cc-pVDZ,random,14,7,5,5,5243,395,0.07533854663360671,0.19990000000000002,0.3345
water_LUCJ_L3_aug-cc-pVDZ_zeroes.npz,water,LUCJ,3,aug-cc-pVDZ,zeroes,14,7,5,5,232,22,0.09482758620689655,0.7877999999999998,0.16729999999999998
water_LUCJ_L3_cc-pVDZ_CCSD.npz,water,LUCJ,3,cc-pVDZ,CCSD,14,7,5,5,3791,207,0.05460300712213136,0.22870000000000004,0.30770000000000003
water_LUCJ_L3_cc-pVDZ_ML.npz,water,LUCJ,3,cc-pVDZ,ML,14,7,5,5,3510,176,0.05014245014245014,0.21630000000000005,0.3247
water_LUCJ_L3_cc-pVDZ_ML_exact.npz,water,LUCJ,3,cc-pVDZ,ML_exact,14,7,5,5,3266,182,0.05572565829761176,0.23070000000000004,0.34219999999999995
water_LUCJ_L3_cc-pVDZ_MP2.npz,water,LUCJ,3,cc-pVDZ,MP2,14,7,5,5,2095,136,0.06491646778042959,0.35969999999999996,0.347
water_LUCJ_L3_cc-pVDZ_random.npz,water,LUCJ,3,cc-pVDZ,random,14,7,5,5,5088,414,0.08136792452830188,0.2046,0.34130000000000005
water_LUCJ_L3_cc-pVDZ_zeroes.npz,water,LUCJ,3,cc-pVDZ,zeroes,14,7,5,5,260,34,0.13076923076923078,0.7972,0.15149999999999997
water_LUCJ_L4_STO-3G_CCSD.npz,water,LUCJ,4,STO-3G,CCSD,14,7,5,5,4840,257,0.05309917355371901,0.1579,0.3013
water_LUCJ_L4_STO-3G_ML.npz,water,LUCJ,4,STO-3G,ML,14,7,5,5,4558,230,0.050460728389644584,0.12890000000000001,0.29400000000000004
water_LUCJ_L4_STO-3G_ML_exact.npz,water,LUCJ,4,STO-3G,ML_exact,14,7,5,5,5405,283,0.05235892691951896,0.1226,0.2672
water_LUCJ_L4_STO-3G_MP2.npz,water,LUCJ,4,STO-3G,MP2,14,7,5,5,4567,212,0.046419969345303264,0.14120000000000002,0.3011
water_LUCJ_L4_STO-3G_random.npz,water,LUCJ,4,STO-3G,random,14,7,5,5,5919,410,0.06926845750971448,0.1524,0.3018
water_LUCJ_L4_STO-3G_zeroes.npz,water,LUCJ,4,STO-3G,zeroes,14,7,5,5,213,23,0.107981220657277,0.7837999999999997,0.1685
water_LUCJ_L4_aug-cc-pVDZ_CCSD.npz,water,LUCJ,4,aug-cc-pVDZ,CCSD,14,7,5,5,2045,121,0.05916870415647922,0.36209999999999987,0.3489
water_LUCJ_L4_aug-cc-pVDZ_ML.npz,water,LUCJ,4,aug-cc-pVDZ,ML,14,7,5,5,2569,143,0.055663682366679644,0.2828,0.36000000000000004
water_LUCJ_L4_aug-cc-pVDZ_ML_exact.npz,water,LUCJ,4,aug-cc-pVDZ,ML_exact,14,7,5,5,3008,170,0.05651595744680851,0.2875,0.333
water_LUCJ_L4_aug-cc-pVDZ_MP2.npz,water,LUCJ,4,aug-cc-pVDZ,MP2,14,7,5,5,2230,137,0.06143497757847534,0.3379,0.3527
water_LUCJ_L4_aug-cc-pVDZ_random.npz,water,LUCJ,4,aug-cc-pVDZ,random,14,7,5,5,5867,408,0.06954150332367479,0.14529999999999998,0.3094
water_LUCJ_L4_aug-cc-pVDZ_zeroes.npz,water,LUCJ,4,aug-cc-pVDZ,zeroes,14,7,5,5,263,28,0.10646387832699619,0.7811999999999999,0.1707
water_LUCJ_L4_cc-pVDZ_CCSD.npz,water,LUCJ,4,cc-pVDZ,CCSD,14,7,5,5,4543,204,0.044904248294078804,0.1432,0.2825
water_LUCJ_L4_cc-pVDZ_ML.npz,water,LUCJ,4,cc-pVDZ,ML,14,7,5,5,4915,233,0.0474059003051882,0.1128,0.2622
water_LUCJ_L4_cc-pVDZ_ML_exact.npz,water,LUCJ,4,cc-pVDZ,ML_exact,14,7,5,5,4253,220,0.05172819186456619,0.1696,0.3149
water_LUCJ_L4_cc-pVDZ_MP2.npz,water,LUCJ,4,cc-pVDZ,MP2,14,7,5,5,2600,150,0.057692307692307696,0.26569999999999994,0.35849999999999993
water_LUCJ_L4_cc-pVDZ_random.npz,water,LUCJ,4,cc-pVDZ,random,14,7,5,5,6053,399,0.06591772674706757,0.138,0.2944
water_LUCJ_L4_cc-pVDZ_zeroes.npz,water,LUCJ,4,cc-pVDZ,zeroes,14,7,5,5,261,30,0.11494252873563218,0.7914,0.15319999999999995
water_LUCJ_L5_STO-3G_CCSD.npz,water,LUCJ,5,STO-3G,CCSD,14,7,5,5,5408,261,0.048261834319526624,0.0929,0.2634
water_LUCJ_L5_STO-3G_ML.npz,water,LUCJ,5,STO-3G,ML,14,7,5,5,5323,272,0.05109900432087169,0.10689999999999998,0.24809999999999996
water_LUCJ_L5_STO-3G_ML_exact.npz,water,LUCJ,5,STO-3G,ML_exact,14,7,5,5,5491,266,0.04844290657439446,0.10930000000000001,0.2711
water_LUCJ_L5_STO-3G_MP2.npz,water,LUCJ,5,STO-3G,MP2,14,7,5,5,5240,261,0.04980916030534351,0.12049999999999998,0.2634
water_LUCJ_L5_STO-3G_random.npz,water,LUCJ,5,STO-3G,random,14,7,5,5,6325,393,0.062134387351778654,0.123,0.27590000000000003
water_LUCJ_L5_STO-3G_zeroes.npz,water,LUCJ,5,STO-3G,zeroes,14,7,5,5,218,25,0.11467889908256881,0.781,0.17390000000000003
water_LUCJ_L5_aug-cc-pVDZ_CCSD.npz,water,LUCJ,5,aug-cc-pVDZ,CCSD,14,7,5,5,2729,170,0.062293880542323196,0.2871,0.3591
water_LUCJ_L5_aug-cc-pVDZ_ML.npz,water,LUCJ,5,aug-cc-pVDZ,ML,14,7,5,5,2912,180,0.061813186813186816,0.2838,0.3454
water_LUCJ_L5_aug-cc-pVDZ_ML_exact.npz,water,LUCJ,5,aug-cc-pVDZ,ML_exact,14,7,5,5,2903,164,0.05649328281088529,0.2548,0.3641
water_LUCJ_L5_aug-cc-pVDZ_MP2.npz,water,LUCJ,5,aug-cc-pVDZ,MP2,14,7,5,5,2713,160,0.058975304091411725,0.30360000000000004,0.3536
water_LUCJ_L5_aug-cc-pVDZ_random.npz,water,LUCJ,5,aug-cc-pVDZ,random,14,7,5,5,6299,398,0.06318463248134625,0.12669999999999998,0.26650000000000007
water_LUCJ_L5_aug-cc-pVDZ_zeroes.npz,water,LUCJ,5,aug-cc-pVDZ,zeroes,14,7,5,5,236,25,0.1059322033898305,0.7807000000000001,0.17729999999999993
water_LUCJ_L5_cc-pVDZ_CCSD.npz,water,LUCJ,5,cc-pVDZ,CCSD,14,7,5,5,4926,250,0.05075111652456354,0.1383,0.2792
water_LUCJ_L5_cc-pVDZ_ML.npz,water,LUCJ,5,cc-pVDZ,ML,14,7,5,5,5165,243,0.04704743465634075,0.09299999999999999,0.2592
water_LUCJ_L5_cc-pVDZ_ML_exact.npz,water,LUCJ,5,cc-pVDZ,ML_exact,14,7,5,5,5150,245,0.04757281553398058,0.1343,0.2792
water_LUCJ_L5_cc-pVDZ_MP2.npz,water,LUCJ,5,cc-pVDZ,MP2,14,7,5,5,3609,198,0.05486284289276808,0.19830000000000006,0.3482
water_LUCJ_L5_cc-pVDZ_random.npz,water,LUCJ,5,cc-pVDZ,random,14,7,5,5,6248,405,0.06482074263764405,0.12519999999999998,0.2732
water_LUCJ_L5_cc-pVDZ_zeroes.npz,water,LUCJ,5,cc-pVDZ,zeroes,14,7,5,5,274,29,0.10583941605839416,0.7912999999999998,0.1581
