WorkloadId,Status,Instance,Region,Mode,Created,Completed,QPU,Usage (seconds),User,Tags,Account,,
d3kpfuodd19c73969od0,completed,crn:v1:bluemix:public:quantum-computing:us-east:a/d2c50f33c43a44abb94280706332351d:21577587-df3e-4814-9e65-9c35f3e49ac9::,us-east,job,2025-10-10T23:34:19.990Z,2025-10-10T23:34:27.900Z,ibm_quebec,4,Grier Jones,,d2c50f33c43a44abb94280706332351d,,
d3kpflg3qtks738blk00,completed,crn:v1:bluemix:public:quantum-computing:us-east:a/d2c50f33c43a44abb94280706332351d:21577587-df3e-4814-9e65-9c35f3e49ac9::,us-east,job,2025-10-10T23:33:42.389Z,2025-10-10T23:33:49.365Z,ibm_quebec,4,Grier Jones,,d2c50f33c43a44abb94280706332351d,,
d3kpfc34kkus739c0jb0,completed,crn:v1:bluemix:public:quantum-computing:us-east:a/d2c50f33c43a44abb94280706332351d:21577587-df3e-4814-9e65-9c35f3e49ac9::,us-east,job,2025-10-10T23:33:04.677Z,2025-10-10T23:33:12.243Z,ibm_quebec,4,Grier Jones,,d2c50f33c43a44abb94280706332351d,,
d3kpf30dd19c73969n8g,completed,crn:v1:bluemix:public:quantum-computing:us-east:a/d2c50f33c43a44abb94280706332351d:21577587-df3e-4814-9e65-9c35f3e49ac9::,us-east,job,2025-10-10T23:32:28.925Z,2025-10-10T23:32:35.995Z,ibm_quebec,4,Grier Jones,,d2c50f33c43a44abb94280706332351d,,
d3kpeq03qtks738bliu0,completed,crn:v1:bluemix:public:quantum-computing:us-east:a/d2c50f33c43a44abb94280706332351d:21577587-df3e-4814-9e65-9c35f3e49ac9::,us-east,job,2025-10-10T23:31:52.381Z,2025-10-10T23:32:00.160Z,ibm_quebec,4,Grier Jones,,d2c50f33c43a44abb94280706332351d,,
d3kpehj4kkus739c0i60,completed,crn:v1:bluemix:public:quantum-computing:us-east:a/d2c50f33c43a44abb94280706332351d:21577587-df3e-4814-9e65-9c35f3e49ac9::,us-east,job,2025-10-10T23:31:18.563Z,2025-10-10T23:31:25.447Z,ibm_quebec,4,Grier Jones,,d2c50f33c43a44abb94280706332351d,,
d3kpee83qtks738blie0,completed,crn:v1:bluemix:public:quantum-computing:us-east:a/d2c50f33c43a44abb94280706332351d:21577587-df3e-4814-9e65-9c35f3e49ac9::,us-east,job,2025-10-10T23:31:05.974Z,2025-10-10T23:31:13.480Z,ibm_quebec,4,Grier Jones,,d2c50f33c43a44abb94280706332351d,,
d3kpebgdd19c73969mbg,completed,crn:v1:bluemix:public:quantum-computing:us-east:a/d2c50f33c43a44abb94280706332351d:21577587-df3e-4814-9e65-9c35f3e49ac9::,us-east,job,2025-10-10T23:30:54.224Z,2025-10-10T23:31:01.489Z,ibm_quebec,4,Grier Jones,,d2c50f33c43a44abb94280706332351d,,
d3kpe89fk6qs73e67q1g,completed,crn:v1:bluemix:public:quantum-computing:us-east:a/d2c50f33c43a44abb94280706332351d:21577587-df3e-4814-9e65-9c35f3e49ac9::,us-east,job,2025-10-10T23:30:41.780Z,2025-10-10T23:30:48.494Z,ibm_quebec,4,Grier Jones,,d2c50f33c43a44abb94280706332351d,,
d3kpe5b4kkus739c0hd0,completed,crn:v1:bluemix:public:quantum-computing:us-east:a/d2c50f33c43a44abb94280706332351d:21577587-df3e-4814-9e65-9c35f3e49ac9::,us-east,job,2025-10-10T23:30:29.809Z,2025-10-10T23:30:36.764Z,ibm_quebec,4,Grier Jones,,d2c50f33c43a44abb94280706332351d,,
d3kpe1g3qtks738blh7g,completed,crn:v1:bluemix:public:quantum-computing:us-east:a/d2c50f33c43a44abb94280706332351d:21577587-df3e-4814-9e65-9c35f3e49ac9::,us-east,job,2025-10-10T23:30:14.892Z,2025-10-10T23:30:22.398Z,ibm_quebec,4,Grier Jones,,d2c50f33c43a44abb94280706332351d,,
d3kpdt34kkus739c0gtg,completed,crn:v1:bluemix:public:quantum-computing:us-east:a/d2c50f33c43a44abb94280706332351d:21577587-df3e-4814-9e65-9c35f3e49ac9::,us-east,job,2025-10-10T23:29:56.192Z,2025-10-10T23:30:03.851Z,ibm_quebec,4,Grier Jones,,d2c50f33c43a44abb94280706332351d,,
d3kpdo9fk6qs73e67ot0,completed,crn:v1:bluemix:public:quantum-computing:us-east:a/d2c50f33c43a44abb94280706332351d:21577587-df3e-4814-9e65-9c35f3e49ac9::,us-east,job,2025-10-10T23:29:37.810Z,2025-10-10T23:29:45.449Z,ibm_quebec,4,Grier Jones,,d2c50f33c43a44abb94280706332351d,,
d3kpdi9fk6qs73e67ong,completed,crn:v1:bluemix:public:quantum-computing:us-east:a/d2c50f33c43a44abb94280706332351d:21577587-df3e-4814-9e65-9c35f3e49ac9::,us-east,job,2025-10-10T23:29:13.826Z,2025-10-10T23:29:20.651Z,ibm_quebec,4,Grier Jones,,d2c50f33c43a44abb94280706332351d,,
d3kpd9g3qtks738blg80,completed,crn:v1:bluemix:public:quantum-computing:us-east:a/d2c50f33c43a44abb94280706332351d:21577587-df3e-4814-9e65-9c35f3e49ac9::,us-east,job,2025-10-10T23:28:38.171Z,2025-10-10T23:28:45.042Z,ibm_quebec,4,Grier Jones,,d2c50f33c43a44abb94280706332351d,,
d3kpd00dd19c73969k7g,completed,crn:v1:bluemix:public:quantum-computing:us-east:a/d2c50f33c43a44abb94280706332351d:21577587-df3e-4814-9e65-9c35f3e49ac9::,us-east,job,2025-10-10T23:28:00.162Z,2025-10-10T23:28:07.479Z,ibm_quebec,4,Grier Jones,,d2c50f33c43a44abb94280706332351d,,
d3kpcr9fk6qs73e67nt0,completed,crn:v1:bluemix:public:quantum-computing:us-east:a/d2c50f33c43a44abb94280706332351d:21577587-df3e-4814-9e65-9c35f3e49ac9::,us-east,job,2025-10-10T23:27:41.267Z,2025-10-10T23:27:48.767Z,ibm_quebec,4,Grier Jones,,d2c50f33c43a44abb94280706332351d,,
d3kpcmg3qtks738blfkg,completed,crn:v1:bluemix:public:quantum-computing:us-east:a/d2c50f33c43a44abb94280706332351d:21577587-df3e-4814-9e65-9c35f3e49ac9::,us-east,job,2025-10-10T23:27:22.765Z,2025-10-10T23:27:29.861Z,ibm_quebec,4,Grier Jones,,d2c50f33c43a44abb94280706332351d,,
d3kpchj4kkus739c0fb0,completed,crn:v1:bluemix:public:quantum-computing:us-east:a/d2c50f33c43a44abb94280706332351d:21577587-df3e-4814-9e65-9c35f3e49ac9::,us-east,job,2025-10-10T23:27:02.540Z,2025-10-10T23:27:09.888Z,ibm_quebec,4,Grier Jones,,d2c50f33c43a44abb94280706332351d,,
d3kpc9odd19c73969jh0,completed,crn:v1:bluemix:public:quantum-computing:us-east:a/d2c50f33c43a44abb94280706332351d:21577587-df3e-4814-9e65-9c35f3e49ac9::,us-east,job,2025-10-10T23:26:31.534Z,2025-10-10T23:26:38.930Z,ibm_quebec,4,Grier Jones,,d2c50f33c43a44abb94280706332351d,,
d3kpc103qtks738blf00,completed,crn:v1:bluemix:public:quantum-computing:us-east:a/d2c50f33c43a44abb94280706332351d:21577587-df3e-4814-9e65-9c35f3e49ac9::,us-east,job,2025-10-10T23:25:56.376Z,2025-10-10T23:26:03.812Z,ibm_quebec,4,Grier Jones,,d2c50f33c43a44abb94280706332351d,,
d3kpbs03qtks738bleq0,completed,crn:v1:bluemix:public:quantum-computing:us-east:a/d2c50f33c43a44abb94280706332351d:21577587-df3e-4814-9e65-9c35f3e49ac9::,us-east,job,2025-10-10T23:25:36.795Z,2025-10-10T23:25:44.248Z,ibm_quebec,4,Grier Jones,,d2c50f33c43a44abb94280706332351d,,
d3kpbmr4kkus739c0egg,completed,crn:v1:bluemix:public:quantum-computing:us-east:a/d2c50f33c43a44abb94280706332351d:21577587-df3e-4814-9e65-9c35f3e49ac9::,us-east,job,2025-10-10T23:25:15.717Z,2025-10-10T23:25:22.539Z,ibm_quebec,4,Grier Jones,,d2c50f33c43a44abb94280706332351d,,
d3kpbhg3qtks738blefg,completed,crn:v1:bluemix:public:quantum-computing:us-east:a/d2c50f33c43a44abb94280706332351d:21577587-df3e-4814-9e65-9c35f3e49ac9::,us-east,job,2025-10-10T23:24:54.653Z,2025-10-10T23:25:02.081Z,ibm_quebec,4,Grier Jones,,d2c50f33c43a44abb94280706332351d,,
d3kpb8b4kkus739c0e20,completed,crn:v1:bluemix:public:quantum-computing:us-east:a/d2c50f33c43a44abb94280706332351d:21577587-df3e-4814-9e65-9c35f3e49ac9::,us-east,job,2025-10-10T23:24:17.756Z,2025-10-10T23:24:25.835Z,ibm_quebec,4,Grier Jones,,d2c50f33c43a44abb94280706332351d,,
d3kpb0j4kkus739c0dqg,completed,crn:v1:bluemix:public:quantum-computing:us-east:a/d2c50f33c43a44abb94280706332351d:21577587-df3e-4814-9e65-9c35f3e49ac9::,us-east,job,2025-10-10T23:23:46.406Z,2025-10-10T23:23:54.041Z,ibm_quebec,4,Grier Jones,,d2c50f33c43a44abb94280706332351d,,
d3kpar0dd19c73969i3g,completed,crn:v1:bluemix:public:quantum-computing:us-east:a/d2c50f33c43a44abb94280706332351d:21577587-df3e-4814-9e65-9c35f3e49ac9::,us-east,job,2025-10-10T23:23:24.559Z,2025-10-10T23:23:32.408Z,ibm_quebec,4,Grier Jones,,d2c50f33c43a44abb94280706332351d,,
d3kpal34kkus739c0dfg,completed,crn:v1:bluemix:public:quantum-computing:us-east:a/d2c50f33c43a44abb94280706332351d:21577587-df3e-4814-9e65-9c35f3e49ac9::,us-east,job,2025-10-10T23:23:00.040Z,2025-10-10T23:23:07.684Z,ibm_quebec,4,Grier Jones,,d2c50f33c43a44abb94280706332351d,,
d3kpaf1fk6qs73e67lig,completed,crn:v1:bluemix:public:quantum-computing:us-east:a/d2c50f33c43a44abb94280706332351d:21577587-df3e-4814-9e65-9c35f3e49ac9::,us-east,job,2025-10-10T23:22:37.000Z,2025-10-10T23:22:44.812Z,ibm_quebec,4,Grier Jones,,d2c50f33c43a44abb94280706332351d,,
d3kpa5o3qtks738bld2g,completed,crn:v1:bluemix:public:quantum-computing:us-east:a/d2c50f33c43a44abb94280706332351d:21577587-df3e-4814-9e65-9c35f3e49ac9::,us-east,job,2025-10-10T23:21:59.190Z,2025-10-10T23:22:08.081Z,ibm_quebec,4,Grier Jones,,d2c50f33c43a44abb94280706332351d,,
d3kmtu03qtks738bj4og,canceled,crn:v1:bluemix:public:quantum-computing:us-east:a/d2c50f33c43a44abb94280706332351d:21577587-df3e-4814-9e65-9c35f3e49ac9::,us-east,job,2025-10-10T20:39:20.103Z,2025-10-10T20:40:19.864Z,ibm_quebec,0,Grier Jones,,d2c50f33c43a44abb94280706332351d,,
d3kmtngdd19c739678lg,completed,crn:v1:bluemix:public:quantum-computing:us-east:a/d2c50f33c43a44abb94280706332351d:21577587-df3e-4814-9e65-9c35f3e49ac9::,us-east,job,2025-10-10T20:38:54.499Z,2025-10-10T20:39:02.740Z,ibm_quebec,4,Grier Jones,,d2c50f33c43a44abb94280706332351d,,
d3kmt59fk6qs73e65cr0,completed,crn:v1:bluemix:public:quantum-computing:us-east:a/d2c50f33c43a44abb94280706332351d:21577587-df3e-4814-9e65-9c35f3e49ac9::,us-east,job,2025-10-10T20:37:41.047Z,2025-10-10T20:38:38.136Z,ibm_quebec,4,Grier Jones,,d2c50f33c43a44abb94280706332351d,,
d3kmsrj4kkus739bu3dg,completed,crn:v1:bluemix:public:quantum-computing:us-east:a/d2c50f33c43a44abb94280706332351d:21577587-df3e-4814-9e65-9c35f3e49ac9::,us-east,job,2025-10-10T20:37:02.863Z,2025-10-10T20:37:11.764Z,ibm_quebec,4,Grier Jones,,d2c50f33c43a44abb94280706332351d,,
d3klmu9fk6qs73e648e0,completed,crn:v1:bluemix:public:quantum-computing:us-east:a/d2c50f33c43a44abb94280706332351d:21577587-df3e-4814-9e65-9c35f3e49ac9::,us-east,job,2025-10-10T19:16:09.370Z,2025-10-10T19:16:18.043Z,ibm_quebec,4,Grier Jones,,d2c50f33c43a44abb94280706332351d,,
d3klkqhfk6qs73e646dg,completed,crn:v1:bluemix:public:quantum-computing:us-east:a/d2c50f33c43a44abb94280706332351d:21577587-df3e-4814-9e65-9c35f3e49ac9::,us-east,job,2025-10-10T19:11:38.110Z,2025-10-10T19:11:49.234Z,ibm_quebec,7,Grier Jones,,d2c50f33c43a44abb94280706332351d,,
b4301567-0738-4588-9625-a877fff43303,completed,crn:v1:bluemix:public:quantum-computing:us-east:a/d2c50f33c43a44abb94280706332351d:21577587-df3e-4814-9e65-9c35f3e49ac9::,us-east,batch,2025-10-03T17:31:44.896Z,2025-10-03T17:32:10.311Z,ibm_quebec,20,Grier Jones,,d2c50f33c43a44abb94280706332351d,,
0add6756-be16-41c9-b476-0e6e389b2a43,canceled,crn:v1:bluemix:public:quantum-computing:us-east:a/d2c50f33c43a44abb94280706332351d:deeabf25-a0d5-4c7b-9a89-18c5ff158017::,us-east,batch,2025-08-27T16:49:21.091Z,2025-08-27T16:50:02.097Z,ibm_kingston,0,Grier Jones,,d2c50f33c43a44abb94280706332351d,,
0345d738-b630-4a8a-8db8-6db21068e880,canceled,crn:v1:bluemix:public:quantum-computing:us-east:a/d2c50f33c43a44abb94280706332351d:deeabf25-a0d5-4c7b-9a89-18c5ff158017::,us-east,batch,2025-08-27T16:49:21.076Z,2025-08-27T16:50:02.101Z,ibm_kingston,0,Grier Jones,,d2c50f33c43a44abb94280706332351d,,
b6edcac3-1621-4364-ac8f-0fed626c0ada,canceled,crn:v1:bluemix:public:quantum-computing:us-east:a/d2c50f33c43a44abb94280706332351d:deeabf25-a0d5-4c7b-9a89-18c5ff158017::,us-east,batch,2025-08-27T16:49:21.060Z,2025-08-27T16:50:02.044Z,ibm_kingston,0,Grier Jones,,d2c50f33c43a44abb94280706332351d,,
62721864-6129-4086-a1cc-ea58d041f81d,canceled,crn:v1:bluemix:public:quantum-computing:us-east:a/d2c50f33c43a44abb94280706332351d:deeabf25-a0d5-4c7b-9a89-18c5ff158017::,us-east,batch,2025-08-27T16:49:21.051Z,2025-08-27T16:50:02.135Z,ibm_kingston,0,Grier Jones,,d2c50f33c43a44abb94280706332351d,,
076e5ba4-eda4-48ee-9882-3271462fe58e,canceled,crn:v1:bluemix:public:quantum-computing:us-east:a/d2c50f33c43a44abb94280706332351d:deeabf25-a0d5-4c7b-9a89-18c5ff158017::,us-east,batch,2025-08-27T16:49:20.979Z,2025-08-27T16:50:02.181Z,ibm_kingston,0,Grier Jones,,d2c50f33c43a44abb94280706332351d,,
713f8146-9cf1-41cf-ab04-b46e638f5477,canceled,crn:v1:bluemix:public:quantum-computing:us-east:a/d2c50f33c43a44abb94280706332351d:deeabf25-a0d5-4c7b-9a89-18c5ff158017::,us-east,batch,2025-08-27T16:47:51.990Z,2025-08-27T16:50:02.184Z,ibm_fez,0,Grier Jones,,d2c50f33c43a44abb94280706332351d,,
0aebcd02-3601-4606-89e5-1cf31dd175f0,canceled,crn:v1:bluemix:public:quantum-computing:us-east:a/d2c50f33c43a44abb94280706332351d:deeabf25-a0d5-4c7b-9a89-18c5ff158017::,us-east,batch,2025-08-27T16:47:51.981Z,2025-08-27T16:50:02.156Z,ibm_fez,0,Grier Jones,,d2c50f33c43a44abb94280706332351d,,
cb5337ba-825f-4049-9721-9aef22b47235,canceled,crn:v1:bluemix:public:quantum-computing:us-east:a/d2c50f33c43a44abb94280706332351d:deeabf25-a0d5-4c7b-9a89-18c5ff158017::,us-east,batch,2025-08-27T16:47:51.935Z,2025-08-27T16:50:02.202Z,ibm_fez,0,Grier Jones,,d2c50f33c43a44abb94280706332351d,,
bc8237e0-6580-4ed2-990e-e459b420b13a,canceled,crn:v1:bluemix:public:quantum-computing:us-east:a/d2c50f33c43a44abb94280706332351d:deeabf25-a0d5-4c7b-9a89-18c5ff158017::,us-east,batch,2025-08-27T16:47:51.552Z,2025-08-27T16:50:02.124Z,ibm_fez,0,Grier Jones,,d2c50f33c43a44abb94280706332351d,,
67b07746-97bc-41a0-9b0f-ff6cdd2a8582,canceled,crn:v1:bluemix:public:quantum-computing:us-east:a/d2c50f33c43a44abb94280706332351d:deeabf25-a0d5-4c7b-9a89-18c5ff158017::,us-east,batch,2025-08-27T16:47:51.491Z,2025-08-27T16:50:02.163Z,ibm_fez,0,Grier Jones,,d2c50f33c43a44abb94280706332351d,,
7112c94a-6cc7-4024-93ac-c70855d61cae,completed,crn:v1:bluemix:public:quantum-computing:us-east:a/d2c50f33c43a44abb94280706332351d:deeabf25-a0d5-4c7b-9a89-18c5ff158017::,us-east,batch,2025-08-26T20:12:30.199Z,2025-08-26T20:35:38.891Z,ibm_fez,260,Grier Jones,,d2c50f33c43a44abb94280706332351d,,
f0210c2e-584a-47a4-9540-38dafd36353a,completed,crn:v1:bluemix:public:quantum-computing:us-east:a/d2c50f33c43a44abb94280706332351d:deeabf25-a0d5-4c7b-9a89-18c5ff158017::,us-east,batch,2025-08-26T20:12:30.145Z,2025-08-26T20:59:51.736Z,ibm_fez,266,Grier Jones,,d2c50f33c43a44abb94280706332351d,,
06b4537a-5a93-40fe-8183-5b7c1f7347f5,completed,crn:v1:bluemix:public:quantum-computing:us-east:a/d2c50f33c43a44abb94280706332351d:deeabf25-a0d5-4c7b-9a89-18c5ff158017::,us-east,batch,2025-08-26T20:12:30.105Z,2025-08-26T20:17:24.434Z,ibm_fez,260,Grier Jones,,d2c50f33c43a44abb94280706332351d,,
17d5e819-1bac-42cb-94e7-c57203a9dab0,completed,crn:v1:bluemix:public:quantum-computing:us-east:a/d2c50f33c43a44abb94280706332351d:deeabf25-a0d5-4c7b-9a89-18c5ff158017::,us-east,batch,2025-08-26T20:12:30.101Z,2025-08-26T20:21:52.868Z,ibm_fez,260,Grier Jones,,d2c50f33c43a44abb94280706332351d,,
2731f382-e8db-44aa-a0c0-703a25de0260,completed,crn:v1:bluemix:public:quantum-computing:us-east:a/d2c50f33c43a44abb94280706332351d:deeabf25-a0d5-4c7b-9a89-18c5ff158017::,us-east,batch,2025-08-26T20:12:30.099Z,2025-08-26T20:50:49.719Z,ibm_fez,271,Grier Jones,,d2c50f33c43a44abb94280706332351d,,
fd3af6e3-8e8b-4f3e-902b-0abc5989ed48,completed,crn:v1:bluemix:public:quantum-computing:us-east:a/d2c50f33c43a44abb94280706332351d:deeabf25-a0d5-4c7b-9a89-18c5ff158017::,us-east,batch,2025-08-26T20:12:30.096Z,2025-08-26T21:04:19.937Z,ibm_fez,260,Grier Jones,,d2c50f33c43a44abb94280706332351d,,
6aba1270-b30b-4960-bf2e-d19a46c052e7,completed,crn:v1:bluemix:public:quantum-computing:us-east:a/d2c50f33c43a44abb94280706332351d:deeabf25-a0d5-4c7b-9a89-18c5ff158017::,us-east,batch,2025-08-26T20:12:30.025Z,2025-08-26T20:45:16.923Z,ibm_fez,265,Grier Jones,,d2c50f33c43a44abb94280706332351d,,
c56ca3c8-a10f-430a-9b40-0a42e41174ef,completed,crn:v1:bluemix:public:quantum-computing:us-east:a/d2c50f33c43a44abb94280706332351d:deeabf25-a0d5-4c7b-9a89-18c5ff158017::,us-east,batch,2025-08-26T20:12:30.022Z,2025-08-26T20:55:18.116Z,ibm_fez,260,Grier Jones,,d2c50f33c43a44abb94280706332351d,,
4945e183-d735-405f-8c0e-54a93ebd23cb,completed,crn:v1:bluemix:public:quantum-computing:us-east:a/d2c50f33c43a44abb94280706332351d:deeabf25-a0d5-4c7b-9a89-18c5ff158017::,us-east,batch,2025-08-26T20:12:30.020Z,2025-08-26T20:40:07.314Z,ibm_fez,260,Grier Jones,,d2c50f33c43a44abb94280706332351d,,
1b02c30f-1479-4ca2-8c24-5d935b66422d,completed,crn:v1:bluemix:public:quantum-computing:us-east:a/d2c50f33c43a44abb94280706332351d:deeabf25-a0d5-4c7b-9a89-18c5ff158017::,us-east,batch,2025-08-26T20:12:29.989Z,2025-08-26T20:31:11.072Z,ibm_fez,266,Grier Jones,,d2c50f33c43a44abb94280706332351d,,
4e073230-0181-4d15-852b-4c15a07d3dc8,completed,crn:v1:bluemix:public:quantum-computing:us-east:a/d2c50f33c43a44abb94280706332351d:deeabf25-a0d5-4c7b-9a89-18c5ff158017::,us-east,batch,2025-08-26T19:51:01.954Z,2025-08-26T19:54:34.716Z,ibm_fez,195,Grier Jones,,d2c50f33c43a44abb94280706332351d,,
0f7f01a9-67a2-4c67-a70f-ec6b2f763ca0,completed,crn:v1:bluemix:public:quantum-computing:us-east:a/d2c50f33c43a44abb94280706332351d:deeabf25-a0d5-4c7b-9a89-18c5ff158017::,us-east,batch,2025-08-26T19:51:01.944Z,2025-08-26T19:59:02.944Z,ibm_fez,260,Grier Jones,,d2c50f33c43a44abb94280706332351d,,
13ad350a-f348-478c-aec3-c0aae7ca64b8,completed,crn:v1:bluemix:public:quantum-computing:us-east:a/d2c50f33c43a44abb94280706332351d:deeabf25-a0d5-4c7b-9a89-18c5ff158017::,us-east,batch,2025-08-26T19:51:01.932Z,2025-08-26T20:07:59.889Z,ibm_fez,260,Grier Jones,,d2c50f33c43a44abb94280706332351d,,
5babf929-0e2e-44c4-8952-35c386f9c064,completed,crn:v1:bluemix:public:quantum-computing:us-east:a/d2c50f33c43a44abb94280706332351d:deeabf25-a0d5-4c7b-9a89-18c5ff158017::,us-east,batch,2025-08-26T19:51:01.790Z,2025-08-26T20:03:31.459Z,ibm_fez,260,Grier Jones,,d2c50f33c43a44abb94280706332351d,,
143f34ce-2e37-4c2f-b89a-0bbec502182e,completed,crn:v1:bluemix:public:quantum-computing:us-east:a/d2c50f33c43a44abb94280706332351d:deeabf25-a0d5-4c7b-9a89-18c5ff158017::,us-east,batch,2025-08-26T19:51:01.784Z,2025-08-26T20:12:28.190Z,ibm_fez,260,Grier Jones,,d2c50f33c43a44abb94280706332351d,,
74b9e3d7-a44f-4e43-afa0-96cf10865ee0,completed,crn:v1:bluemix:public:quantum-computing:us-east:a/d2c50f33c43a44abb94280706332351d:deeabf25-a0d5-4c7b-9a89-18c5ff158017::,us-east,batch,2025-08-26T19:27:53.554Z,2025-08-26T19:42:52.952Z,ibm_fez,260,Grier Jones,,d2c50f33c43a44abb94280706332351d,,
5da1e0dd-47f6-4728-8506-188a064e91a7,completed,crn:v1:bluemix:public:quantum-computing:us-east:a/d2c50f33c43a44abb94280706332351d:deeabf25-a0d5-4c7b-9a89-18c5ff158017::,us-east,batch,2025-08-26T19:27:53.535Z,2025-08-26T19:38:23.875Z,ibm_fez,265,Grier Jones,,d2c50f33c43a44abb94280706332351d,,
4d6eee2a-2c7c-4c2d-97a9-9fb95a214902,completed,crn:v1:bluemix:public:quantum-computing:us-east:a/d2c50f33c43a44abb94280706332351d:deeabf25-a0d5-4c7b-9a89-18c5ff158017::,us-east,batch,2025-08-26T19:27:53.498Z,2025-08-26T19:33:13.510Z,ibm_fez,266,Grier Jones,,d2c50f33c43a44abb94280706332351d,,
70a6cfac-f76c-4e63-ac30-3e00a8e61447,completed,crn:v1:bluemix:public:quantum-computing:us-east:a/d2c50f33c43a44abb94280706332351d:deeabf25-a0d5-4c7b-9a89-18c5ff158017::,us-east,batch,2025-08-26T19:27:53.493Z,2025-08-26T19:50:49.549Z,ibm_fez,195,Grier Jones,,d2c50f33c43a44abb94280706332351d,,
32cb1d43-0df9-4603-b38e-1215a29804d1,completed,crn:v1:bluemix:public:quantum-computing:us-east:a/d2c50f33c43a44abb94280706332351d:deeabf25-a0d5-4c7b-9a89-18c5ff158017::,us-east,batch,2025-08-26T19:27:53.477Z,2025-08-26T19:47:25.711Z,ibm_fez,264,Grier Jones,,d2c50f33c43a44abb94280706332351d,,
6f36ce83-5dab-4003-8647-aa55cebe26b1,completed,crn:v1:bluemix:public:quantum-computing:us-east:a/d2c50f33c43a44abb94280706332351d:deeabf25-a0d5-4c7b-9a89-18c5ff158017::,us-east,batch,2025-08-26T18:57:30.646Z,2025-08-26T19:12:00.906Z,ibm_fez,260,Grier Jones,,d2c50f33c43a44abb94280706332351d,,
23987326-a657-4e60-a266-acb28a1c50ce,completed,crn:v1:bluemix:public:quantum-computing:us-east:a/d2c50f33c43a44abb94280706332351d:deeabf25-a0d5-4c7b-9a89-18c5ff158017::,us-east,batch,2025-08-26T18:57:30.470Z,2025-08-26T19:27:47.743Z,ibm_fez,195,Grier Jones,,d2c50f33c43a44abb94280706332351d,,
31a30cf8-c29d-4c0e-8d48-63e243938eca,completed,crn:v1:bluemix:public:quantum-computing:us-east:a/d2c50f33c43a44abb94280706332351d:deeabf25-a0d5-4c7b-9a89-18c5ff158017::,us-east,batch,2025-08-26T18:57:30.377Z,2025-08-26T19:07:31.902Z,ibm_fez,261,Grier Jones,,d2c50f33c43a44abb94280706332351d,,
b2e71516-09f2-4701-9362-da0a89d8e17f,completed,crn:v1:bluemix:public:quantum-computing:us-east:a/d2c50f33c43a44abb94280706332351d:deeabf25-a0d5-4c7b-9a89-18c5ff158017::,us-east,batch,2025-08-26T18:57:30.361Z,2025-08-26T19:03:01.332Z,ibm_fez,260,Grier Jones,,d2c50f33c43a44abb94280706332351d,,
6989cf00-2186-4f00-815d-b778730e6dbc,completed,crn:v1:bluemix:public:quantum-computing:us-east:a/d2c50f33c43a44abb94280706332351d:deeabf25-a0d5-4c7b-9a89-18c5ff158017::,us-east,batch,2025-08-26T18:57:30.304Z,2025-08-26T19:18:51.715Z,ibm_fez,275,Grier Jones,,d2c50f33c43a44abb94280706332351d,,
c6bc78eb-fa94-402f-92b1-3b05ef0b56a7,completed,crn:v1:bluemix:public:quantum-computing:us-east:a/d2c50f33c43a44abb94280706332351d:deeabf25-a0d5-4c7b-9a89-18c5ff158017::,us-east,batch,2025-08-26T18:35:55.414Z,2025-08-26T18:45:01.754Z,ibm_fez,260,Grier Jones,,d2c50f33c43a44abb94280706332351d,,
01b0a3b1-f4bc-4409-8db0-f57bb1d5602e,completed,crn:v1:bluemix:public:quantum-computing:us-east:a/d2c50f33c43a44abb94280706332351d:deeabf25-a0d5-4c7b-9a89-18c5ff158017::,us-east,batch,2025-08-26T18:35:55.408Z,2025-08-26T18:40:33.912Z,ibm_fez,262,Grier Jones,,d2c50f33c43a44abb94280706332351d,,
e1347538-e053-4a73-99d4-2e7d2de4f801,completed,crn:v1:bluemix:public:quantum-computing:us-east:a/d2c50f33c43a44abb94280706332351d:deeabf25-a0d5-4c7b-9a89-18c5ff158017::,us-east,batch,2025-08-26T18:35:55.370Z,2025-08-26T18:57:22.393Z,ibm_fez,195,Grier Jones,,d2c50f33c43a44abb94280706332351d,,
820b0467-d796-4e49-9a09-95d8260b11d8,completed,crn:v1:bluemix:public:quantum-computing:us-east:a/d2c50f33c43a44abb94280706332351d:deeabf25-a0d5-4c7b-9a89-18c5ff158017::,us-east,batch,2025-08-26T18:35:55.362Z,2025-08-26T18:53:58.714Z,ibm_fez,260,Grier Jones,,d2c50f33c43a44abb94280706332351d,,
7a112742-8bc8-40b0-82e2-5aea5c9fa9f9,completed,crn:v1:bluemix:public:quantum-computing:us-east:a/d2c50f33c43a44abb94280706332351d:deeabf25-a0d5-4c7b-9a89-18c5ff158017::,us-east,batch,2025-08-26T18:35:55.359Z,2025-08-26T18:49:29.946Z,ibm_fez,260,Grier Jones,,d2c50f33c43a44abb94280706332351d,,
82eb749b-b034-4a28-96a4-f999bd066b44,completed,crn:v1:bluemix:public:quantum-computing:us-east:a/d2c50f33c43a44abb94280706332351d:deeabf25-a0d5-4c7b-9a89-18c5ff158017::,us-east,batch,2025-08-26T18:00:00.095Z,2025-08-26T18:18:13.619Z,ibm_fez,271,Grier Jones,,d2c50f33c43a44abb94280706332351d,,
ad22cafb-4902-4611-9ffe-d5f5f665d371,completed,crn:v1:bluemix:public:quantum-computing:us-east:a/d2c50f33c43a44abb94280706332351d:deeabf25-a0d5-4c7b-9a89-18c5ff158017::,us-east,batch,2025-08-26T18:00:00.081Z,2025-08-26T18:35:53.205Z,ibm_fez,261,Grier Jones,,d2c50f33c43a44abb94280706332351d,,
9761907e-8e66-4c75-9786-ecd405b671e4,completed,crn:v1:bluemix:public:quantum-computing:us-east:a/d2c50f33c43a44abb94280706332351d:deeabf25-a0d5-4c7b-9a89-18c5ff158017::,us-east,batch,2025-08-26T17:59:59.997Z,2025-08-26T18:26:06.768Z,ibm_fez,284,Grier Jones,,d2c50f33c43a44abb94280706332351d,,
16e240dc-056f-4b27-820e-a2081b6159f0,completed,crn:v1:bluemix:public:quantum-computing:us-east:a/d2c50f33c43a44abb94280706332351d:deeabf25-a0d5-4c7b-9a89-18c5ff158017::,us-east,batch,2025-08-26T17:59:59.961Z,2025-08-26T18:06:50.815Z,ibm_fez,205,Grier Jones,,d2c50f33c43a44abb94280706332351d,,
16b7f3c1-5225-4a72-ac8b-d90db1017b75,completed,crn:v1:bluemix:public:quantum-computing:us-east:a/d2c50f33c43a44abb94280706332351d:deeabf25-a0d5-4c7b-9a89-18c5ff158017::,us-east,batch,2025-08-26T17:59:59.876Z,2025-08-26T18:31:24.031Z,ibm_fez,269,Grier Jones,,d2c50f33c43a44abb94280706332351d,,
84864f97-2f06-4543-9dbb-cc30c68bd2ca,completed,crn:v1:bluemix:public:quantum-computing:us-east:a/d2c50f33c43a44abb94280706332351d:deeabf25-a0d5-4c7b-9a89-18c5ff158017::,us-east,batch,2025-08-26T17:23:35.264Z,2025-08-26T17:53:25.228Z,ibm_fez,275,Grier Jones,,d2c50f33c43a44abb94280706332351d,,
6c9594dd-6ea8-4fb8-a97b-3e2b43badaa8,completed,crn:v1:bluemix:public:quantum-computing:us-east:a/d2c50f33c43a44abb94280706332351d:deeabf25-a0d5-4c7b-9a89-18c5ff158017::,us-east,batch,2025-08-26T17:23:34.909Z,2025-08-26T17:28:12.553Z,ibm_fez,260,Grier Jones,,d2c50f33c43a44abb94280706332351d,,
ea904885-4311-454d-8146-31dc25a75f38,completed,crn:v1:bluemix:public:quantum-computing:us-east:a/d2c50f33c43a44abb94280706332351d:deeabf25-a0d5-4c7b-9a89-18c5ff158017::,us-east,batch,2025-08-26T17:23:34.839Z,2025-08-26T17:59:57.458Z,ibm_fez,270,Grier Jones,,d2c50f33c43a44abb94280706332351d,,
adfdc988-0765-4f1a-864e-f52a3b9ee840,completed,crn:v1:bluemix:public:quantum-computing:us-east:a/d2c50f33c43a44abb94280706332351d:deeabf25-a0d5-4c7b-9a89-18c5ff158017::,us-east,batch,2025-08-26T17:23:34.683Z,2025-08-26T17:47:05.484Z,ibm_fez,195,Grier Jones,,d2c50f33c43a44abb94280706332351d,,
6131e6d3-7236-47c4-8020-a91b925d417e,completed,crn:v1:bluemix:public:quantum-computing:us-east:a/d2c50f33c43a44abb94280706332351d:deeabf25-a0d5-4c7b-9a89-18c5ff158017::,us-east,batch,2025-08-26T17:23:34.682Z,2025-08-26T17:32:42.592Z,ibm_fez,261,Grier Jones,,d2c50f33c43a44abb94280706332351d,,
bd371077-a8d8-4733-86a7-f32378ef816c,completed,crn:v1:bluemix:public:quantum-computing:us-east:a/d2c50f33c43a44abb94280706332351d:deeabf25-a0d5-4c7b-9a89-18c5ff158017::,us-east,batch,2025-08-26T16:54:52.443Z,2025-08-26T16:59:36.047Z,ibm_fez,260,Grier Jones,,d2c50f33c43a44abb94280706332351d,,
8a141d47-e842-4b94-9ef3-d5579612322c,completed,crn:v1:bluemix:public:quantum-computing:us-east:a/d2c50f33c43a44abb94280706332351d:deeabf25-a0d5-4c7b-9a89-18c5ff158017::,us-east,batch,2025-08-26T16:54:52.111Z,2025-08-26T17:06:11.776Z,ibm_fez,265,Grier Jones,,d2c50f33c43a44abb94280706332351d,,
da29cf2d-9601-4124-a9a6-24c7d9c62435,completed,crn:v1:bluemix:public:quantum-computing:us-east:a/d2c50f33c43a44abb94280706332351d:deeabf25-a0d5-4c7b-9a89-18c5ff158017::,us-east,batch,2025-08-26T16:54:52.058Z,2025-08-26T17:14:39.468Z,ibm_fez,279,Grier Jones,,d2c50f33c43a44abb94280706332351d,,
4d83fdef-2dbe-4405-a7eb-380e7983c748,completed,crn:v1:bluemix:public:quantum-computing:us-east:a/d2c50f33c43a44abb94280706332351d:deeabf25-a0d5-4c7b-9a89-18c5ff158017::,us-east,batch,2025-08-26T16:54:52.028Z,2025-08-26T17:18:32.681Z,ibm_fez,205,Grier Jones,,d2c50f33c43a44abb94280706332351d,,
c17bb2cb-fdde-493e-9e50-f06c8d6b711f,completed,crn:v1:bluemix:public:quantum-computing:us-east:a/d2c50f33c43a44abb94280706332351d:deeabf25-a0d5-4c7b-9a89-18c5ff158017::,us-east,batch,2025-08-26T16:54:52.025Z,2025-08-26T17:23:33.768Z,ibm_fez,265,Grier Jones,,d2c50f33c43a44abb94280706332351d,,
ab4c7ec6-1ad1-454b-9cda-e8a617448040,completed,crn:v1:bluemix:public:quantum-computing:us-east:a/d2c50f33c43a44abb94280706332351d:deeabf25-a0d5-4c7b-9a89-18c5ff158017::,us-east,batch,2025-08-26T16:32:35.139Z,2025-08-26T16:45:47.489Z,ibm_fez,260,Grier Jones,,d2c50f33c43a44abb94280706332351d,,
21a3d08d-efff-4859-b10b-39ac34ca114b,completed,crn:v1:bluemix:public:quantum-computing:us-east:a/d2c50f33c43a44abb94280706332351d:deeabf25-a0d5-4c7b-9a89-18c5ff158017::,us-east,batch,2025-08-26T16:32:34.815Z,2025-08-26T16:50:16.063Z,ibm_fez,260,Grier Jones,,d2c50f33c43a44abb94280706332351d,,
34751bba-a354-449f-ae3a-58dd76dbcf5b,completed,crn:v1:bluemix:public:quantum-computing:us-east:a/d2c50f33c43a44abb94280706332351d:deeabf25-a0d5-4c7b-9a89-18c5ff158017::,us-east,batch,2025-08-26T16:32:34.802Z,2025-08-26T16:41:19.824Z,ibm_fez,260,Grier Jones,,d2c50f33c43a44abb94280706332351d,,
f2a3bcb7-e980-4ef7-9bab-71976d210dd0,completed,crn:v1:bluemix:public:quantum-computing:us-east:a/d2c50f33c43a44abb94280706332351d:deeabf25-a0d5-4c7b-9a89-18c5ff158017::,us-east,batch,2025-08-26T16:32:34.662Z,2025-08-26T16:36:52.363Z,ibm_fez,195,Grier Jones,,d2c50f33c43a44abb94280706332351d,,
dad266a3-7fec-44d6-a5f5-30aa5a979e7a,completed,crn:v1:bluemix:public:quantum-computing:us-east:a/d2c50f33c43a44abb94280706332351d:deeabf25-a0d5-4c7b-9a89-18c5ff158017::,us-east,batch,2025-08-26T16:32:34.650Z,2025-08-26T16:54:51.022Z,ibm_fez,260,Grier Jones,,d2c50f33c43a44abb94280706332351d,,
35c0fd32-20f6-40a0-be6b-382743e35e49,completed,crn:v1:bluemix:public:quantum-computing:us-east:a/d2c50f33c43a44abb94280706332351d:deeabf25-a0d5-4c7b-9a89-18c5ff158017::,us-east,batch,2025-08-25T23:08:39.945Z,2025-08-25T23:20:55.850Z,ibm_fez,276,Grier Jones,,d2c50f33c43a44abb94280706332351d,,
7f0bb1ba-b49d-4838-8da4-3aacaee0f469,completed,crn:v1:bluemix:public:quantum-computing:us-east:a/d2c50f33c43a44abb94280706332351d:deeabf25-a0d5-4c7b-9a89-18c5ff158017::,us-east,batch,2025-08-25T23:08:39.876Z,2025-08-25T23:28:36.489Z,ibm_fez,273,Grier Jones,,d2c50f33c43a44abb94280706332351d,,
dca42355-f328-4bf8-9083-f3ebb4d5d02b,completed,crn:v1:bluemix:public:quantum-computing:us-east:a/d2c50f33c43a44abb94280706332351d:deeabf25-a0d5-4c7b-9a89-18c5ff158017::,us-east,batch,2025-08-25T23:08:39.875Z,2025-08-25T23:34:11.879Z,ibm_fez,270,Grier Jones,,d2c50f33c43a44abb94280706332351d,,
4206ff6e-fdd2-46ba-a6da-305cc6a87f66,completed,crn:v1:bluemix:public:quantum-computing:us-east:a/d2c50f33c43a44abb94280706332351d:deeabf25-a0d5-4c7b-9a89-18c5ff158017::,us-east,batch,2025-08-25T23:08:39.869Z,2025-08-25T23:40:40.746Z,ibm_fez,214,Grier Jones,,d2c50f33c43a44abb94280706332351d,,
5fe905c4-19db-435f-ac83-b1f8e2c18f12,completed,crn:v1:bluemix:public:quantum-computing:us-east:a/d2c50f33c43a44abb94280706332351d:deeabf25-a0d5-4c7b-9a89-18c5ff158017::,us-east,batch,2025-08-25T23:08:39.745Z,2025-08-25T23:14:15.625Z,ibm_fez,266,Grier Jones,,d2c50f33c43a44abb94280706332351d,,
04c36d92-91d3-4baa-8b17-bbe08fa5c6f4,completed,crn:v1:bluemix:public:quantum-computing:us-east:a/d2c50f33c43a44abb94280706332351d:deeabf25-a0d5-4c7b-9a89-18c5ff158017::,us-east,batch,2025-08-25T22:34:31.862Z,2025-08-25T22:49:47.183Z,ibm_fez,275,Grier Jones,,d2c50f33c43a44abb94280706332351d,,
4d823b93-cba2-432a-ad9f-b144d9071329,completed,crn:v1:bluemix:public:quantum-computing:us-east:a/d2c50f33c43a44abb94280706332351d:deeabf25-a0d5-4c7b-9a89-18c5ff158017::,us-east,batch,2025-08-25T22:34:31.760Z,2025-08-25T22:41:53.230Z,ibm_fez,270,Grier Jones,,d2c50f33c43a44abb94280706332351d,,
b347f7cf-2a42-4da6-afa0-d6f2d0e2714b,completed,crn:v1:bluemix:public:quantum-computing:us-east:a/d2c50f33c43a44abb94280706332351d:deeabf25-a0d5-4c7b-9a89-18c5ff158017::,us-east,batch,2025-08-25T22:34:31.748Z,2025-08-25T23:08:32.857Z,ibm_fez,282,Grier Jones,,d2c50f33c43a44abb94280706332351d,,
f420d992-f517-4d60-aecf-a5753f8cf747,completed,crn:v1:bluemix:public:quantum-computing:us-east:a/d2c50f33c43a44abb94280706332351d:deeabf25-a0d5-4c7b-9a89-18c5ff158017::,us-east,batch,2025-08-25T22:34:31.746Z,2025-08-25T23:01:35.426Z,ibm_fez,272,Grier Jones,,d2c50f33c43a44abb94280706332351d,,
3920c38c-08fe-43d2-ab91-1ac3489202ba,completed,crn:v1:bluemix:public:quantum-computing:us-east:a/d2c50f33c43a44abb94280706332351d:deeabf25-a0d5-4c7b-9a89-18c5ff158017::,us-east,batch,2025-08-25T22:34:31.745Z,2025-08-25T22:55:09.893Z,ibm_fez,201,Grier Jones,,d2c50f33c43a44abb94280706332351d,,
887e1895-60aa-4374-b1b6-3bd5be59e402,completed,crn:v1:bluemix:public:quantum-computing:us-east:a/d2c50f33c43a44abb94280706332351d:deeabf25-a0d5-4c7b-9a89-18c5ff158017::,us-east,batch,2025-08-25T21:59:16.636Z,2025-08-25T22:23:29.774Z,ibm_fez,274,Grier Jones,,d2c50f33c43a44abb94280706332351d,,
c0bd7ec8-81b1-4aa1-9633-1d93ba0cf7d5,completed,crn:v1:bluemix:public:quantum-computing:us-east:a/d2c50f33c43a44abb94280706332351d:deeabf25-a0d5-4c7b-9a89-18c5ff158017::,us-east,batch,2025-08-25T21:59:16.610Z,2025-08-25T22:09:17.412Z,ibm_fez,275,Grier Jones,,d2c50f33c43a44abb94280706332351d,,
8cbcbf53-919f-4813-8d11-ccfe293c0e6c,completed,crn:v1:bluemix:public:quantum-computing:us-east:a/d2c50f33c43a44abb94280706332351d:deeabf25-a0d5-4c7b-9a89-18c5ff158017::,us-east,batch,2025-08-25T21:59:16.590Z,2025-08-25T22:28:27.742Z,ibm_fez,201,Grier Jones,,d2c50f33c43a44abb94280706332351d,,
dd7f7f3e-644d-4c5f-b22c-a77cee17f134,completed,crn:v1:bluemix:public:quantum-computing:us-east:a/d2c50f33c43a44abb94280706332351d:deeabf25-a0d5-4c7b-9a89-18c5ff158017::,us-east,batch,2025-08-25T21:59:16.508Z,2025-08-25T22:15:49.992Z,ibm_fez,270,Grier Jones,,d2c50f33c43a44abb94280706332351d,,
7fd31b93-60f4-4a60-80b4-01c58a029a70,completed,crn:v1:bluemix:public:quantum-computing:us-east:a/d2c50f33c43a44abb94280706332351d:deeabf25-a0d5-4c7b-9a89-18c5ff158017::,us-east,batch,2025-08-25T21:59:16.503Z,2025-08-25T22:34:30.706Z,ibm_fez,266,Grier Jones,,d2c50f33c43a44abb94280706332351d,,
2f4738f5-3a17-4b19-a01b-26b41d14335d,completed,crn:v1:bluemix:public:quantum-computing:us-east:a/d2c50f33c43a44abb94280706332351d:deeabf25-a0d5-4c7b-9a89-18c5ff158017::,us-east,batch,2025-08-25T21:10:29.680Z,2025-08-25T21:40:50.009Z,ibm_fez,210,Grier Jones,,d2c50f33c43a44abb94280706332351d,,
1ffcc87e-307f-444d-b4fb-2590b109b055,completed,crn:v1:bluemix:public:quantum-computing:us-east:a/d2c50f33c43a44abb94280706332351d:deeabf25-a0d5-4c7b-9a89-18c5ff158017::,us-east,batch,2025-08-25T21:10:29.638Z,2025-08-25T21:33:37.931Z,ibm_fez,277,Grier Jones,,d2c50f33c43a44abb94280706332351d,,
25a4023a-bd28-4923-a788-54bbd7d31f46,completed,crn:v1:bluemix:public:quantum-computing:us-east:a/d2c50f33c43a44abb94280706332351d:deeabf25-a0d5-4c7b-9a89-18c5ff158017::,us-east,batch,2025-08-25T21:10:29.627Z,2025-08-25T21:50:22.047Z,ibm_fez,275,Grier Jones,,d2c50f33c43a44abb94280706332351d,,
1230aa04-02f8-4057-b7a7-3e3d69dba36c,completed,crn:v1:bluemix:public:quantum-computing:us-east:a/d2c50f33c43a44abb94280706332351d:deeabf25-a0d5-4c7b-9a89-18c5ff158017::,us-east,batch,2025-08-25T21:10:29.431Z,2025-08-25T21:22:44.229Z,ibm_fez,288,Grier Jones,,d2c50f33c43a44abb94280706332351d,,
050d0dad-8f74-478b-b214-267e076bf0fb,completed,crn:v1:bluemix:public:quantum-computing:us-east:a/d2c50f33c43a44abb94280706332351d:deeabf25-a0d5-4c7b-9a89-18c5ff158017::,us-east,batch,2025-08-25T21:10:29.387Z,2025-08-25T21:59:14.350Z,ibm_fez,295,Grier Jones,,d2c50f33c43a44abb94280706332351d,,
daf48089-4b99-4431-bcfc-df8c3b3554a0,completed,crn:v1:bluemix:public:quantum-computing:us-east:a/d2c50f33c43a44abb94280706332351d:deeabf25-a0d5-4c7b-9a89-18c5ff158017::,us-east,batch,2025-08-25T20:28:46.114Z,2025-08-25T21:10:23.724Z,ibm_fez,195,Grier Jones,,d2c50f33c43a44abb94280706332351d,,
b6c6bbeb-2cd8-4cfa-989d-7698e3d42e50,completed,crn:v1:bluemix:public:quantum-computing:us-east:a/d2c50f33c43a44abb94280706332351d:deeabf25-a0d5-4c7b-9a89-18c5ff158017::,us-east,batch,2025-08-25T20:28:46.023Z,2025-08-25T21:07:00.356Z,ibm_fez,270,Grier Jones,,d2c50f33c43a44abb94280706332351d,,
f93ca41e-00c1-4a0f-9d4a-6132d9bfb30f,completed,crn:v1:bluemix:public:quantum-computing:us-east:a/d2c50f33c43a44abb94280706332351d:deeabf25-a0d5-4c7b-9a89-18c5ff158017::,us-east,batch,2025-08-25T20:28:46.016Z,2025-08-25T20:42:42.798Z,ibm_fez,286,Grier Jones,,d2c50f33c43a44abb94280706332351d,,
23f65a4d-f8c0-4e31-b2d9-55c7e0c1ee51,completed,crn:v1:bluemix:public:quantum-computing:us-east:a/d2c50f33c43a44abb94280706332351d:deeabf25-a0d5-4c7b-9a89-18c5ff158017::,us-east,batch,2025-08-25T20:28:45.900Z,2025-08-25T20:51:36.031Z,ibm_fez,293,Grier Jones,,d2c50f33c43a44abb94280706332351d,,
1eda70d7-38ba-491b-9490-e97ae2f2d142,completed,crn:v1:bluemix:public:quantum-computing:us-east:a/d2c50f33c43a44abb94280706332351d:deeabf25-a0d5-4c7b-9a89-18c5ff158017::,us-east,batch,2025-08-25T20:28:45.827Z,2025-08-25T21:01:29.953Z,ibm_fez,300,Grier Jones,,d2c50f33c43a44abb94280706332351d,,
a2426d10-5ef5-42fb-91bc-af3ce6c63191,completed,crn:v1:bluemix:public:quantum-computing:us-east:a/d2c50f33c43a44abb94280706332351d:deeabf25-a0d5-4c7b-9a89-18c5ff158017::,us-east,batch,2025-08-25T19:59:12.707Z,2025-08-25T20:08:07.587Z,ibm_fez,195,Grier Jones,,d2c50f33c43a44abb94280706332351d,,
31f4d455-a453-40e1-a7a6-6e016eff2464,completed,crn:v1:bluemix:public:quantum-computing:us-east:a/d2c50f33c43a44abb94280706332351d:deeabf25-a0d5-4c7b-9a89-18c5ff158017::,us-east,batch,2025-08-25T19:59:12.659Z,2025-08-25T20:12:35.637Z,ibm_fez,260,Grier Jones,,d2c50f33c43a44abb94280706332351d,,
6187f980-32f9-415e-b2cc-974e310365a4,completed,crn:v1:bluemix:public:quantum-computing:us-east:a/d2c50f33c43a44abb94280706332351d:deeabf25-a0d5-4c7b-9a89-18c5ff158017::,us-east,batch,2025-08-25T19:59:12.653Z,2025-08-25T20:04:43.854Z,ibm_fez,260,Grier Jones,,d2c50f33c43a44abb94280706332351d,,
0efd0076-3668-4850-90f3-ca346d048879,completed,crn:v1:bluemix:public:quantum-computing:us-east:a/d2c50f33c43a44abb94280706332351d:deeabf25-a0d5-4c7b-9a89-18c5ff158017::,us-east,batch,2025-08-25T19:59:12.651Z,2025-08-25T20:28:38.848Z,ibm_fez,281,Grier Jones,,d2c50f33c43a44abb94280706332351d,,
76db5cfa-0f0e-44ba-a5ad-c0b8f91f81ac,completed,crn:v1:bluemix:public:quantum-computing:us-east:a/d2c50f33c43a44abb94280706332351d:deeabf25-a0d5-4c7b-9a89-18c5ff158017::,us-east,batch,2025-08-25T19:59:12.583Z,2025-08-25T20:19:30.068Z,ibm_fez,270,Grier Jones,,d2c50f33c43a44abb94280706332351d,,
22c08692-16fd-4615-a20f-72414e00523d,completed,crn:v1:bluemix:public:quantum-computing:us-east:a/d2c50f33c43a44abb94280706332351d:deeabf25-a0d5-4c7b-9a89-18c5ff158017::,us-east,batch,2025-08-25T19:32:40.872Z,2025-08-25T19:48:47.505Z,ibm_fez,261,Grier Jones,,d2c50f33c43a44abb94280706332351d,,
24ef4d58-ce63-4761-bee3-36fc591d9638,completed,crn:v1:bluemix:public:quantum-computing:us-east:a/d2c50f33c43a44abb94280706332351d:deeabf25-a0d5-4c7b-9a89-18c5ff158017::,us-east,batch,2025-08-25T19:32:40.316Z,2025-08-25T19:44:18.788Z,ibm_fez,260,Grier Jones,,d2c50f33c43a44abb94280706332351d,,
77b81f4c-aab6-4f46-a25f-f8cd61e61696,completed,crn:v1:bluemix:public:quantum-computing:us-east:a/d2c50f33c43a44abb94280706332351d:deeabf25-a0d5-4c7b-9a89-18c5ff158017::,us-east,batch,2025-08-25T19:32:40.128Z,2025-08-25T19:39:50.872Z,ibm_fez,281,Grier Jones,,d2c50f33c43a44abb94280706332351d,,
ea17c2c7-ddc0-45aa-a017-5acdf7b8af9c,completed,crn:v1:bluemix:public:quantum-computing:us-east:a/d2c50f33c43a44abb94280706332351d:deeabf25-a0d5-4c7b-9a89-18c5ff158017::,us-east,batch,2025-08-25T19:32:40.124Z,2025-08-25T19:53:19.054Z,ibm_fez,260,Grier Jones,,d2c50f33c43a44abb94280706332351d,,
9459b669-8fba-4003-9274-3d2e9ddd25b7,completed,crn:v1:bluemix:public:quantum-computing:us-east:a/d2c50f33c43a44abb94280706332351d:deeabf25-a0d5-4c7b-9a89-18c5ff158017::,us-east,batch,2025-08-25T19:32:40.121Z,2025-08-25T19:59:03.974Z,ibm_fez,195,Grier Jones,,d2c50f33c43a44abb94280706332351d,,
d005efce-d114-49af-82f0-9b0c7930088b,completed,crn:v1:bluemix:public:quantum-computing:us-east:a/d2c50f33c43a44abb94280706332351d:deeabf25-a0d5-4c7b-9a89-18c5ff158017::,us-east,batch,2025-08-25T18:55:24.136Z,2025-08-25T19:09:02.308Z,ibm_fez,260,Grier Jones,,d2c50f33c43a44abb94280706332351d,,
68a74465-9906-4981-866d-c4ee7db4ddca,completed,crn:v1:bluemix:public:quantum-computing:us-east:a/d2c50f33c43a44abb94280706332351d:deeabf25-a0d5-4c7b-9a89-18c5ff158017::,us-east,batch,2025-08-25T18:55:24.135Z,2025-08-25T19:01:03.673Z,ibm_fez,265,Grier Jones,,d2c50f33c43a44abb94280706332351d,,
f7f1ff60-999e-4ff8-9939-6a35b596d348,completed,crn:v1:bluemix:public:quantum-computing:us-east:a/d2c50f33c43a44abb94280706332351d:deeabf25-a0d5-4c7b-9a89-18c5ff158017::,us-east,batch,2025-08-25T18:55:24.133Z,2025-08-25T19:04:33.735Z,ibm_fez,197,Grier Jones,,d2c50f33c43a44abb94280706332351d,,
bbf3db9d-a8af-4a93-88aa-d1ac25e0a5e3,completed,crn:v1:bluemix:public:quantum-computing:us-east:a/d2c50f33c43a44abb94280706332351d:deeabf25-a0d5-4c7b-9a89-18c5ff158017::,us-east,batch,2025-08-25T18:55:24.131Z,2025-08-25T19:32:39.284Z,ibm_fez,273,Grier Jones,,d2c50f33c43a44abb94280706332351d,,
221c9dc9-2092-44dd-8380-fec8ccae0c53,completed,crn:v1:bluemix:public:quantum-computing:us-east:a/d2c50f33c43a44abb94280706332351d:deeabf25-a0d5-4c7b-9a89-18c5ff158017::,us-east,batch,2025-08-25T18:55:23.965Z,2025-08-25T19:18:32.637Z,ibm_fez,283,Grier Jones,,d2c50f33c43a44abb94280706332351d,,
2776ed13-5a79-4e16-98d7-6de458b8a44f,completed,crn:v1:bluemix:public:quantum-computing:us-east:a/d2c50f33c43a44abb94280706332351d:deeabf25-a0d5-4c7b-9a89-18c5ff158017::,us-east,batch,2025-08-25T18:30:01.660Z,2025-08-25T18:45:31.210Z,ibm_fez,268,Grier Jones,,d2c50f33c43a44abb94280706332351d,,
a12558d1-b6fe-4fe1-8813-c9d1e6a2e865,completed,crn:v1:bluemix:public:quantum-computing:us-east:a/d2c50f33c43a44abb94280706332351d:deeabf25-a0d5-4c7b-9a89-18c5ff158017::,us-east,batch,2025-08-25T18:30:01.501Z,2025-08-25T18:55:22.996Z,ibm_fez,266,Grier Jones,,d2c50f33c43a44abb94280706332351d,,
f38a2068-719d-4b73-9e54-17a12d60ea0c,completed,crn:v1:bluemix:public:quantum-computing:us-east:a/d2c50f33c43a44abb94280706332351d:deeabf25-a0d5-4c7b-9a89-18c5ff158017::,us-east,batch,2025-08-25T18:30:01.267Z,2025-08-25T18:49:00.911Z,ibm_fez,195,Grier Jones,,d2c50f33c43a44abb94280706332351d,,
81422fa7-b233-4adc-b445-9a8069e856fe,completed,crn:v1:bluemix:public:quantum-computing:us-east:a/d2c50f33c43a44abb94280706332351d:deeabf25-a0d5-4c7b-9a89-18c5ff158017::,us-east,batch,2025-08-25T18:30:01.084Z,2025-08-25T18:34:38.162Z,ibm_fez,260,Grier Jones,,d2c50f33c43a44abb94280706332351d,,
19c8f59d-849a-497c-b4b4-11b807c2fded,completed,crn:v1:bluemix:public:quantum-computing:us-east:a/d2c50f33c43a44abb94280706332351d:deeabf25-a0d5-4c7b-9a89-18c5ff158017::,us-east,batch,2025-08-25T18:30:00.977Z,2025-08-25T18:39:07.868Z,ibm_fez,261,Grier Jones,,d2c50f33c43a44abb94280706332351d,,
41757264-547d-4001-98f9-b30b755b7ead,completed,crn:v1:bluemix:public:quantum-computing:us-east:a/d2c50f33c43a44abb94280706332351d:deeabf25-a0d5-4c7b-9a89-18c5ff158017::,us-east,batch,2025-08-25T17:57:04.011Z,2025-08-25T18:07:20.785Z,ibm_fez,200,Grier Jones,,d2c50f33c43a44abb94280706332351d,,
3a7e5c10-aa07-4ea7-b9f6-8fbdc06d4ea6,completed,crn:v1:bluemix:public:quantum-computing:us-east:a/d2c50f33c43a44abb94280706332351d:deeabf25-a0d5-4c7b-9a89-18c5ff158017::,us-east,batch,2025-08-25T17:57:03.892Z,2025-08-25T18:02:44.437Z,ibm_fez,265,Grier Jones,,d2c50f33c43a44abb94280706332351d,,
0cc2f79f-1e2c-41fc-abf8-0278821efcda,completed,crn:v1:bluemix:public:quantum-computing:us-east:a/d2c50f33c43a44abb94280706332351d:deeabf25-a0d5-4c7b-9a89-18c5ff158017::,us-east,batch,2025-08-25T17:57:03.872Z,2025-08-25T18:29:57.263Z,ibm_fez,275,Grier Jones,,d2c50f33c43a44abb94280706332351d,,
17c1deb9-ede9-4991-92af-f2a056d1f83e,completed,crn:v1:bluemix:public:quantum-computing:us-east:a/d2c50f33c43a44abb94280706332351d:deeabf25-a0d5-4c7b-9a89-18c5ff158017::,us-east,batch,2025-08-25T17:57:03.780Z,2025-08-25T18:22:26.653Z,ibm_fez,271,Grier Jones,,d2c50f33c43a44abb94280706332351d,,
2b8753d4-8aee-44a6-bbbc-3ba6d9497e19,completed,crn:v1:bluemix:public:quantum-computing:us-east:a/d2c50f33c43a44abb94280706332351d:deeabf25-a0d5-4c7b-9a89-18c5ff158017::,us-east,batch,2025-08-25T17:57:03.778Z,2025-08-25T18:16:17.184Z,ibm_fez,267,Grier Jones,,d2c50f33c43a44abb94280706332351d,,
afa83731-a75d-4434-ba30-32ac51c4c84c,completed,crn:v1:bluemix:public:quantum-computing:us-east:a/d2c50f33c43a44abb94280706332351d:deeabf25-a0d5-4c7b-9a89-18c5ff158017::,us-east,batch,2025-08-25T17:14:32.964Z,2025-08-25T17:52:33.072Z,ibm_fez,270,Grier Jones,,d2c50f33c43a44abb94280706332351d,,
16069128-bc06-4831-9e02-fe8cfca5b928,completed,crn:v1:bluemix:public:quantum-computing:us-east:a/d2c50f33c43a44abb94280706332351d:deeabf25-a0d5-4c7b-9a89-18c5ff158017::,us-east,batch,2025-08-25T17:14:32.964Z,2025-08-25T17:46:26.500Z,ibm_fez,270,Grier Jones,,d2c50f33c43a44abb94280706332351d,,
8db5c093-1aa3-44ff-80f7-7fa13f8faf16,completed,crn:v1:bluemix:public:quantum-computing:us-east:a/d2c50f33c43a44abb94280706332351d:deeabf25-a0d5-4c7b-9a89-18c5ff158017::,us-east,batch,2025-08-25T17:14:32.830Z,2025-08-25T17:57:01.440Z,ibm_fez,260,Grier Jones,,d2c50f33c43a44abb94280706332351d,,
3be3aec8-9a5b-4f66-972a-dd242cdefde1,completed,crn:v1:bluemix:public:quantum-computing:us-east:a/d2c50f33c43a44abb94280706332351d:deeabf25-a0d5-4c7b-9a89-18c5ff158017::,us-east,batch,2025-08-25T17:14:32.820Z,2025-08-25T17:40:14.409Z,ibm_fez,271,Grier Jones,,d2c50f33c43a44abb94280706332351d,,
22c1f307-9944-4518-ad87-7460e93e6461,completed,crn:v1:bluemix:public:quantum-computing:us-east:a/d2c50f33c43a44abb94280706332351d:deeabf25-a0d5-4c7b-9a89-18c5ff158017::,us-east,batch,2025-08-25T17:14:32.819Z,2025-08-25T17:32:49.102Z,ibm_fez,225,Grier Jones,,d2c50f33c43a44abb94280706332351d,,
182f101c-5705-414a-9469-a4850f6a12dc,completed,crn:v1:bluemix:public:quantum-computing:us-east:a/d2c50f33c43a44abb94280706332351d:deeabf25-a0d5-4c7b-9a89-18c5ff158017::,us-east,batch,2025-08-25T15:32:29.972Z,2025-08-25T16:56:22.538Z,ibm_fez,222,Grier Jones,,d2c50f33c43a44abb94280706332351d,,
155507b2-097a-4233-bc07-7b57e8810b35,completed,crn:v1:bluemix:public:quantum-computing:us-east:a/d2c50f33c43a44abb94280706332351d:deeabf25-a0d5-4c7b-9a89-18c5ff158017::,us-east,batch,2025-08-25T15:32:29.964Z,2025-08-25T16:31:11.165Z,ibm_fez,299,Grier Jones,,d2c50f33c43a44abb94280706332351d,,
179813bb-d7ca-4931-b2f1-69dc70295237,completed,crn:v1:bluemix:public:quantum-computing:us-east:a/d2c50f33c43a44abb94280706332351d:deeabf25-a0d5-4c7b-9a89-18c5ff158017::,us-east,batch,2025-08-25T15:32:29.895Z,2025-08-25T17:14:31.932Z,ibm_fez,301,Grier Jones,,d2c50f33c43a44abb94280706332351d,,
21325e42-0a9c-4681-9458-b94914945765,completed,crn:v1:bluemix:public:quantum-computing:us-east:a/d2c50f33c43a44abb94280706332351d:deeabf25-a0d5-4c7b-9a89-18c5ff158017::,us-east,batch,2025-08-25T15:32:29.895Z,2025-08-25T16:12:41.178Z,ibm_fez,303,Grier Jones,,d2c50f33c43a44abb94280706332351d,,
598c9b69-b49e-4f00-b0d6-5c6b4d736410,completed,crn:v1:bluemix:public:quantum-computing:us-east:a/d2c50f33c43a44abb94280706332351d:deeabf25-a0d5-4c7b-9a89-18c5ff158017::,us-east,batch,2025-08-25T15:32:29.892Z,2025-08-25T15:40:10.048Z,ibm_fez,299,Grier Jones,,d2c50f33c43a44abb94280706332351d,,
9ad0846b-8f30-494c-9bc9-a8dba593e828,completed,crn:v1:bluemix:public:quantum-computing:us-east:a/d2c50f33c43a44abb94280706332351d:deeabf25-a0d5-4c7b-9a89-18c5ff158017::,us-east,batch,2025-08-25T14:59:10.204Z,2025-08-25T15:19:09.235Z,ibm_fez,297,Grier Jones,,d2c50f33c43a44abb94280706332351d,,
488a9f97-e80e-4aaf-b68b-751f8ec0a0d1,completed,crn:v1:bluemix:public:quantum-computing:us-east:a/d2c50f33c43a44abb94280706332351d:deeabf25-a0d5-4c7b-9a89-18c5ff158017::,us-east,batch,2025-08-25T14:59:10.182Z,2025-08-25T15:08:17.055Z,ibm_fez,302,Grier Jones,,d2c50f33c43a44abb94280706332351d,,
c905f5f4-042a-4fb9-ace8-de4809e8486d,completed,crn:v1:bluemix:public:quantum-computing:us-east:a/d2c50f33c43a44abb94280706332351d:deeabf25-a0d5-4c7b-9a89-18c5ff158017::,us-east,batch,2025-08-25T14:59:10.141Z,2025-08-25T15:25:34.447Z,ibm_fez,293,Grier Jones,,d2c50f33c43a44abb94280706332351d,,
f715a9af-8d4b-4c28-b2fc-ebc2cad450d0,completed,crn:v1:bluemix:public:quantum-computing:us-east:a/d2c50f33c43a44abb94280706332351d:deeabf25-a0d5-4c7b-9a89-18c5ff158017::,us-east,batch,2025-08-25T14:59:10.141Z,2025-08-25T15:32:28.964Z,ibm_fez,297,Grier Jones,,d2c50f33c43a44abb94280706332351d,,
c1a76c9e-2208-423a-9abf-31666d7b5316,completed,crn:v1:bluemix:public:quantum-computing:us-east:a/d2c50f33c43a44abb94280706332351d:deeabf25-a0d5-4c7b-9a89-18c5ff158017::,us-east,batch,2025-08-25T14:59:10.134Z,2025-08-25T15:12:58.253Z,ibm_fez,224,Grier Jones,,d2c50f33c43a44abb94280706332351d,,
dfca8df2-f919-4529-a156-c5d408904daf,completed,crn:v1:bluemix:public:quantum-computing:us-east:a/d2c50f33c43a44abb94280706332351d:deeabf25-a0d5-4c7b-9a89-18c5ff158017::,us-east,batch,2025-08-22T21:58:59.496Z,2025-08-22T22:34:58.625Z,ibm_fez,222,Grier Jones,,d2c50f33c43a44abb94280706332351d,,
ef0f282b-7502-49d4-8768-ff8d5705dd3b,completed,crn:v1:bluemix:public:quantum-computing:us-east:a/d2c50f33c43a44abb94280706332351d:deeabf25-a0d5-4c7b-9a89-18c5ff158017::,us-east,batch,2025-08-22T21:58:59.493Z,2025-08-22T22:06:07.220Z,ibm_fez,296,Grier Jones,,d2c50f33c43a44abb94280706332351d,,
5a3abccd-67d1-448d-976c-4b799271cca0,completed,crn:v1:bluemix:public:quantum-computing:us-east:a/d2c50f33c43a44abb94280706332351d:deeabf25-a0d5-4c7b-9a89-18c5ff158017::,us-east,batch,2025-08-22T21:58:59.489Z,2025-08-22T22:17:11.175Z,ibm_fez,294,Grier Jones,,d2c50f33c43a44abb94280706332351d,,
3cf4d1fe-c2db-4cd3-9b18-cc7b822a1e83,completed,crn:v1:bluemix:public:quantum-computing:us-east:a/d2c50f33c43a44abb94280706332351d:deeabf25-a0d5-4c7b-9a89-18c5ff158017::,us-east,batch,2025-08-22T21:58:59.464Z,2025-08-22T22:30:19.283Z,ibm_fez,272,Grier Jones,,d2c50f33c43a44abb94280706332351d,,
c4760a50-10e4-4714-801c-6c7cb8ab7566,completed,crn:v1:bluemix:public:quantum-computing:us-east:a/d2c50f33c43a44abb94280706332351d:deeabf25-a0d5-4c7b-9a89-18c5ff158017::,us-east,batch,2025-08-22T21:58:59.454Z,2025-08-22T22:24:17.639Z,ibm_fez,296,Grier Jones,,d2c50f33c43a44abb94280706332351d,,
a09b239e-021a-4742-b0f8-fb492aecaed9,completed,crn:v1:bluemix:public:quantum-computing:us-east:a/d2c50f33c43a44abb94280706332351d:deeabf25-a0d5-4c7b-9a89-18c5ff158017::,us-east,batch,2025-08-22T21:15:58.386Z,2025-08-22T21:41:34.172Z,ibm_fez,210,Grier Jones,,d2c50f33c43a44abb94280706332351d,,
ecd6704f-b38c-4de7-ab05-4220b0887654,completed,crn:v1:bluemix:public:quantum-computing:us-east:a/d2c50f33c43a44abb94280706332351d:deeabf25-a0d5-4c7b-9a89-18c5ff158017::,us-east,batch,2025-08-22T21:15:58.380Z,2025-08-22T21:50:28.209Z,ibm_fez,296,Grier Jones,,d2c50f33c43a44abb94280706332351d,,
37631321-17c8-40de-b910-391a83abfe45,completed,crn:v1:bluemix:public:quantum-computing:us-east:a/d2c50f33c43a44abb94280706332351d:deeabf25-a0d5-4c7b-9a89-18c5ff158017::,us-east,batch,2025-08-22T21:15:58.288Z,2025-08-22T21:28:18.578Z,ibm_fez,300,Grier Jones,,d2c50f33c43a44abb94280706332351d,,
c50cff98-46ab-446f-8285-af33d21144d9,completed,crn:v1:bluemix:public:quantum-computing:us-east:a/d2c50f33c43a44abb94280706332351d:deeabf25-a0d5-4c7b-9a89-18c5ff158017::,us-east,batch,2025-08-22T21:15:58.286Z,2025-08-22T21:58:58.518Z,ibm_fez,296,Grier Jones,,d2c50f33c43a44abb94280706332351d,,
aa4ca6da-feb1-4556-820f-35ff2a259306,completed,crn:v1:bluemix:public:quantum-computing:us-east:a/d2c50f33c43a44abb94280706332351d:deeabf25-a0d5-4c7b-9a89-18c5ff158017::,us-east,batch,2025-08-22T21:15:58.274Z,2025-08-22T21:34:43.113Z,ibm_fez,297,Grier Jones,,d2c50f33c43a44abb94280706332351d,,
6e63f67c-f229-41e8-9a95-c856aebcee4e,completed,crn:v1:bluemix:public:quantum-computing:us-east:a/d2c50f33c43a44abb94280706332351d:deeabf25-a0d5-4c7b-9a89-18c5ff158017::,us-east,batch,2025-08-22T20:20:40.663Z,2025-08-22T20:32:45.081Z,ibm_fez,299,Grier Jones,,d2c50f33c43a44abb94280706332351d,,
bcc8859e-3539-42f3-b444-695d2545887f,completed,crn:v1:bluemix:public:quantum-computing:us-east:a/d2c50f33c43a44abb94280706332351d:deeabf25-a0d5-4c7b-9a89-18c5ff158017::,us-east,batch,2025-08-22T20:20:40.650Z,2025-08-22T21:15:57.341Z,ibm_fez,302,Grier Jones,,d2c50f33c43a44abb94280706332351d,,
6cd5bc3d-2ec9-4b98-9fd0-6272495e8b6a,completed,crn:v1:bluemix:public:quantum-computing:us-east:a/d2c50f33c43a44abb94280706332351d:deeabf25-a0d5-4c7b-9a89-18c5ff158017::,us-east,batch,2025-08-22T20:20:40.608Z,2025-08-22T21:07:59.231Z,ibm_fez,224,Grier Jones,,d2c50f33c43a44abb94280706332351d,,
bf459cf9-e530-4187-9388-c0066c91ed8e,completed,crn:v1:bluemix:public:quantum-computing:us-east:a/d2c50f33c43a44abb94280706332351d:deeabf25-a0d5-4c7b-9a89-18c5ff158017::,us-east,batch,2025-08-22T20:20:40.574Z,2025-08-22T21:00:38.847Z,ibm_fez,299,Grier Jones,,d2c50f33c43a44abb94280706332351d,,
314c3b5b-6aac-443a-8a7b-3853de2ecc0f,completed,crn:v1:bluemix:public:quantum-computing:us-east:a/d2c50f33c43a44abb94280706332351d:deeabf25-a0d5-4c7b-9a89-18c5ff158017::,us-east,batch,2025-08-22T20:20:40.569Z,2025-08-22T20:50:19.192Z,ibm_fez,260,Grier Jones,,d2c50f33c43a44abb94280706332351d,,
ce61d40c-ad41-4bc3-9a38-12a0ab7864fd,completed,crn:v1:bluemix:public:quantum-computing:us-east:a/d2c50f33c43a44abb94280706332351d:deeabf25-a0d5-4c7b-9a89-18c5ff158017::,us-east,batch,2025-08-22T19:29:49.708Z,2025-08-22T20:06:28.122Z,ibm_fez,227,Grier Jones,,d2c50f33c43a44abb94280706332351d,,
2a710bcb-5e3c-49ee-899d-6364e257b490,completed,crn:v1:bluemix:public:quantum-computing:us-east:a/d2c50f33c43a44abb94280706332351d:deeabf25-a0d5-4c7b-9a89-18c5ff158017::,us-east,batch,2025-08-22T19:29:49.703Z,2025-08-22T20:20:37.215Z,ibm_fez,298,Grier Jones,,d2c50f33c43a44abb94280706332351d,,
c901a55a-1f3f-4de9-b3ac-3c79dd3502ab,completed,crn:v1:bluemix:public:quantum-computing:us-east:a/d2c50f33c43a44abb94280706332351d:deeabf25-a0d5-4c7b-9a89-18c5ff158017::,us-east,batch,2025-08-22T19:29:49.551Z,2025-08-22T20:13:21.254Z,ibm_fez,297,Grier Jones,,d2c50f33c43a44abb94280706332351d,,
146830da-9751-41b6-a550-f06610e4f15a,completed,crn:v1:bluemix:public:quantum-computing:us-east:a/d2c50f33c43a44abb94280706332351d:deeabf25-a0d5-4c7b-9a89-18c5ff158017::,us-east,batch,2025-08-22T19:29:49.499Z,2025-08-22T19:44:42.132Z,ibm_fez,297,Grier Jones,,d2c50f33c43a44abb94280706332351d,,
ba9ae303-1b1a-4150-bcf1-8aa126b3564a,completed,crn:v1:bluemix:public:quantum-computing:us-east:a/d2c50f33c43a44abb94280706332351d:deeabf25-a0d5-4c7b-9a89-18c5ff158017::,us-east,batch,2025-08-22T19:29:49.497Z,2025-08-22T20:01:26.958Z,ibm_fez,299,Grier Jones,,d2c50f33c43a44abb94280706332351d,,
f574713f-5ad8-457f-8062-f29b140cc51f,completed,crn:v1:bluemix:public:quantum-computing:us-east:a/d2c50f33c43a44abb94280706332351d:deeabf25-a0d5-4c7b-9a89-18c5ff158017::,us-east,batch,2025-08-22T07:46:44.835Z,2025-08-22T08:05:11.631Z,ibm_fez,262,Grier Jones,,d2c50f33c43a44abb94280706332351d,,
8f9b6220-a691-4c69-99b3-97694fefda4f,completed,crn:v1:bluemix:public:quantum-computing:us-east:a/d2c50f33c43a44abb94280706332351d:deeabf25-a0d5-4c7b-9a89-18c5ff158017::,us-east,batch,2025-08-22T07:46:44.828Z,2025-08-22T08:09:41.882Z,ibm_fez,261,Grier Jones,,d2c50f33c43a44abb94280706332351d,,
bdd15d80-a462-40ce-bff0-e3bac30e0b66,completed,crn:v1:bluemix:public:quantum-computing:us-east:a/d2c50f33c43a44abb94280706332351d:deeabf25-a0d5-4c7b-9a89-18c5ff158017::,us-east,batch,2025-08-22T07:46:44.819Z,2025-08-22T08:00:41.652Z,ibm_fez,196,Grier Jones,,d2c50f33c43a44abb94280706332351d,,
cbfde1a4-15c4-4bee-a63c-511cea7a3d35,completed,crn:v1:bluemix:public:quantum-computing:us-east:a/d2c50f33c43a44abb94280706332351d:deeabf25-a0d5-4c7b-9a89-18c5ff158017::,us-east,batch,2025-08-22T07:46:44.789Z,2025-08-22T07:52:46.952Z,ibm_fez,274,Grier Jones,,d2c50f33c43a44abb94280706332351d,,
9addc25d-9847-4cf8-b978-0941f16f9d41,completed,crn:v1:bluemix:public:quantum-computing:us-east:a/d2c50f33c43a44abb94280706332351d:deeabf25-a0d5-4c7b-9a89-18c5ff158017::,us-east,batch,2025-08-22T07:46:44.779Z,2025-08-22T07:57:16.315Z,ibm_fez,260,Grier Jones,,d2c50f33c43a44abb94280706332351d,,
1c0bf7d2-f5e6-4614-a9d7-75a02ec10d89,completed,crn:v1:bluemix:public:quantum-computing:us-east:a/d2c50f33c43a44abb94280706332351d:deeabf25-a0d5-4c7b-9a89-18c5ff158017::,us-east,batch,2025-08-22T07:10:44.845Z,2025-08-22T07:46:43.882Z,ibm_fez,287,Grier Jones,,d2c50f33c43a44abb94280706332351d,,
0b7b4a37-3efa-4553-a166-ccd3d381079b,completed,crn:v1:bluemix:public:quantum-computing:us-east:a/d2c50f33c43a44abb94280706332351d:deeabf25-a0d5-4c7b-9a89-18c5ff158017::,us-east,batch,2025-08-22T07:10:44.564Z,2025-08-22T07:38:57.751Z,ibm_fez,275,Grier Jones,,d2c50f33c43a44abb94280706332351d,,
a25358ac-4d8f-4270-af70-1725a1233ed8,completed,crn:v1:bluemix:public:quantum-computing:us-east:a/d2c50f33c43a44abb94280706332351d:deeabf25-a0d5-4c7b-9a89-18c5ff158017::,us-east,batch,2025-08-22T07:10:41.792Z,2025-08-22T07:22:33.585Z,ibm_fez,210,Grier Jones,,d2c50f33c43a44abb94280706332351d,,
cda2ce34-df82-4102-89b7-436a2c812552,completed,crn:v1:bluemix:public:quantum-computing:us-east:a/d2c50f33c43a44abb94280706332351d:deeabf25-a0d5-4c7b-9a89-18c5ff158017::,us-east,batch,2025-08-22T07:10:41.464Z,2025-08-22T07:30:08.483Z,ibm_fez,290,Grier Jones,,d2c50f33c43a44abb94280706332351d,,
5f9715ab-2b40-4318-8af1-cd0a9f9cda41,completed,crn:v1:bluemix:public:quantum-computing:us-east:a/d2c50f33c43a44abb94280706332351d:deeabf25-a0d5-4c7b-9a89-18c5ff158017::,us-east,batch,2025-08-22T07:10:41.284Z,2025-08-22T07:17:22.501Z,ibm_fez,281,Grier Jones,,d2c50f33c43a44abb94280706332351d,,
18500629-55cd-4bef-9ffd-8fbf99df7401,completed,crn:v1:bluemix:public:quantum-computing:us-east:a/d2c50f33c43a44abb94280706332351d:deeabf25-a0d5-4c7b-9a89-18c5ff158017::,us-east,batch,2025-08-22T06:35:23.509Z,2025-08-22T06:56:23.068Z,ibm_fez,287,Grier Jones,,d2c50f33c43a44abb94280706332351d,,
c4189552-394e-49be-813c-ec634c125549,completed,crn:v1:bluemix:public:quantum-computing:us-east:a/d2c50f33c43a44abb94280706332351d:deeabf25-a0d5-4c7b-9a89-18c5ff158017::,us-east,batch,2025-08-22T06:35:23.504Z,2025-08-22T06:49:22.352Z,ibm_fez,211,Grier Jones,,d2c50f33c43a44abb94280706332351d,,
241d6358-56bd-4b34-9ecd-17bc98445626,completed,crn:v1:bluemix:public:quantum-computing:us-east:a/d2c50f33c43a44abb94280706332351d:deeabf25-a0d5-4c7b-9a89-18c5ff158017::,us-east,batch,2025-08-22T06:35:23.406Z,2025-08-22T07:03:22.721Z,ibm_fez,282,Grier Jones,,d2c50f33c43a44abb94280706332351d,,
7faf3fd3-92c6-4fe3-8066-80786eb074aa,completed,crn:v1:bluemix:public:quantum-computing:us-east:a/d2c50f33c43a44abb94280706332351d:deeabf25-a0d5-4c7b-9a89-18c5ff158017::,us-east,batch,2025-08-22T06:35:23.311Z,2025-08-22T07:10:24.090Z,ibm_fez,281,Grier Jones,,d2c50f33c43a44abb94280706332351d,,
543c185f-b633-4636-a55e-086970f7f944,completed,crn:v1:bluemix:public:quantum-computing:us-east:a/d2c50f33c43a44abb94280706332351d:deeabf25-a0d5-4c7b-9a89-18c5ff158017::,us-east,batch,2025-08-22T06:35:23.178Z,2025-08-22T06:43:33.290Z,ibm_fez,274,Grier Jones,,d2c50f33c43a44abb94280706332351d,,
9c950e15-af70-4e75-b777-177578cfc8b0,completed,crn:v1:bluemix:public:quantum-computing:us-east:a/d2c50f33c43a44abb94280706332351d:deeabf25-a0d5-4c7b-9a89-18c5ff158017::,us-east,batch,2025-08-22T05:52:56.113Z,2025-08-22T06:08:00.790Z,ibm_fez,288,Grier Jones,,d2c50f33c43a44abb94280706332351d,,
3c96dc1e-6d4e-476e-9e9e-ea2af97cb2c5,completed,crn:v1:bluemix:public:quantum-computing:us-east:a/d2c50f33c43a44abb94280706332351d:deeabf25-a0d5-4c7b-9a89-18c5ff158017::,us-east,batch,2025-08-22T05:52:56.086Z,2025-08-22T06:35:16.374Z,ibm_fez,218,Grier Jones,,d2c50f33c43a44abb94280706332351d,,
ef7eecba-6019-4fdb-8c8a-3f500efd3469,completed,crn:v1:bluemix:public:quantum-computing:us-east:a/d2c50f33c43a44abb94280706332351d:deeabf25-a0d5-4c7b-9a89-18c5ff158017::,us-east,batch,2025-08-22T05:52:56.081Z,2025-08-22T06:15:26.456Z,ibm_fez,288,Grier Jones,,d2c50f33c43a44abb94280706332351d,,
fea7e9e0-000c-41e6-9da8-d1ca189f15ba,completed,crn:v1:bluemix:public:quantum-computing:us-east:a/d2c50f33c43a44abb94280706332351d:deeabf25-a0d5-4c7b-9a89-18c5ff158017::,us-east,batch,2025-08-22T05:52:56.048Z,2025-08-22T05:59:30.877Z,ibm_fez,272,Grier Jones,,d2c50f33c43a44abb94280706332351d,,
456eeac1-c7c1-4b77-a366-023d311c26b7,completed,crn:v1:bluemix:public:quantum-computing:us-east:a/d2c50f33c43a44abb94280706332351d:deeabf25-a0d5-4c7b-9a89-18c5ff158017::,us-east,batch,2025-08-22T05:52:56.003Z,2025-08-22T06:27:56.015Z,ibm_fez,302,Grier Jones,,d2c50f33c43a44abb94280706332351d,,
2fd3052b-0644-4d77-ad56-5873260ca3df,completed,crn:v1:bluemix:public:quantum-computing:us-east:a/d2c50f33c43a44abb94280706332351d:deeabf25-a0d5-4c7b-9a89-18c5ff158017::,us-east,batch,2025-08-22T05:28:27.789Z,2025-08-22T05:39:22.778Z,ibm_fez,288,Grier Jones,,d2c50f33c43a44abb94280706332351d,,
9d2a3dc7-ac75-4683-b704-f0f4cf5df9d3,completed,crn:v1:bluemix:public:quantum-computing:us-east:a/d2c50f33c43a44abb94280706332351d:deeabf25-a0d5-4c7b-9a89-18c5ff158017::,us-east,batch,2025-08-22T05:28:27.767Z,2025-08-22T05:52:50.184Z,ibm_fez,195,Grier Jones,,d2c50f33c43a44abb94280706332351d,,
fca5e7fa-27fc-47ee-bb40-adfb8a0eb2ab,completed,crn:v1:bluemix:public:quantum-computing:us-east:a/d2c50f33c43a44abb94280706332351d:deeabf25-a0d5-4c7b-9a89-18c5ff158017::,us-east,batch,2025-08-22T05:28:27.739Z,2025-08-22T05:33:24.627Z,ibm_fez,266,Grier Jones,,d2c50f33c43a44abb94280706332351d,,
297eb54e-a834-414f-b4d0-a9e76f80688c,completed,crn:v1:bluemix:public:quantum-computing:us-east:a/d2c50f33c43a44abb94280706332351d:deeabf25-a0d5-4c7b-9a89-18c5ff158017::,us-east,batch,2025-08-22T05:28:27.663Z,2025-08-22T05:44:56.132Z,ibm_fez,260,Grier Jones,,d2c50f33c43a44abb94280706332351d,,
bf03cf98-f27b-4b39-8486-900f1e499c3a,completed,crn:v1:bluemix:public:quantum-computing:us-east:a/d2c50f33c43a44abb94280706332351d:deeabf25-a0d5-4c7b-9a89-18c5ff158017::,us-east,batch,2025-08-22T05:28:27.660Z,2025-08-22T05:49:26.078Z,ibm_fez,260,Grier Jones,,d2c50f33c43a44abb94280706332351d,,
e25613a5-f251-4b0d-aea0-71812daf32d1,completed,crn:v1:bluemix:public:quantum-computing:us-east:a/d2c50f33c43a44abb94280706332351d:deeabf25-a0d5-4c7b-9a89-18c5ff158017::,us-east,batch,2025-08-22T05:04:42.941Z,2025-08-22T05:20:07.935Z,ibm_fez,260,Grier Jones,,d2c50f33c43a44abb94280706332351d,,
796dda66-38e2-49ca-8925-622b47b6ac51,completed,crn:v1:bluemix:public:quantum-computing:us-east:a/d2c50f33c43a44abb94280706332351d:deeabf25-a0d5-4c7b-9a89-18c5ff158017::,us-east,batch,2025-08-22T05:04:42.941Z,2025-08-22T05:28:21.705Z,ibm_fez,200,Grier Jones,,d2c50f33c43a44abb94280706332351d,,
2b3ab989-8da9-49f0-b246-3177792e34d1,completed,crn:v1:bluemix:public:quantum-computing:us-east:a/d2c50f33c43a44abb94280706332351d:deeabf25-a0d5-4c7b-9a89-18c5ff158017::,us-east,batch,2025-08-22T05:04:42.940Z,2025-08-22T05:14:15.942Z,ibm_fez,261,Grier Jones,,d2c50f33c43a44abb94280706332351d,,
9b9a2112-9ebc-47c5-b0e0-154fc03a1cc2,completed,crn:v1:bluemix:public:quantum-computing:us-east:a/d2c50f33c43a44abb94280706332351d:deeabf25-a0d5-4c7b-9a89-18c5ff158017::,us-east,batch,2025-08-22T05:04:42.936Z,2025-08-22T05:24:36.849Z,ibm_fez,261,Grier Jones,,d2c50f33c43a44abb94280706332351d,,
305bba7e-ffc7-44a2-ad43-3e30ad3beee1,completed,crn:v1:bluemix:public:quantum-computing:us-east:a/d2c50f33c43a44abb94280706332351d:deeabf25-a0d5-4c7b-9a89-18c5ff158017::,us-east,batch,2025-08-22T05:04:42.809Z,2025-08-22T05:09:36.620Z,ibm_fez,260,Grier Jones,,d2c50f33c43a44abb94280706332351d,,
6a576a72-9609-4d18-bebe-12b4d015e52c,completed,crn:v1:bluemix:public:quantum-computing:us-east:a/d2c50f33c43a44abb94280706332351d:deeabf25-a0d5-4c7b-9a89-18c5ff158017::,us-east,batch,2025-08-22T04:40:51.830Z,2025-08-22T04:59:54.610Z,ibm_fez,260,Grier Jones,,d2c50f33c43a44abb94280706332351d,,
037a8bb2-f72d-40c2-b00c-b4d5690f35de,completed,crn:v1:bluemix:public:quantum-computing:us-east:a/d2c50f33c43a44abb94280706332351d:deeabf25-a0d5-4c7b-9a89-18c5ff158017::,us-east,batch,2025-08-22T04:40:51.783Z,2025-08-22T04:44:41.489Z,ibm_fez,195,Grier Jones,,d2c50f33c43a44abb94280706332351d,,
7fc7e681-8909-4c11-baef-0000df4e669b,completed,crn:v1:bluemix:public:quantum-computing:us-east:a/d2c50f33c43a44abb94280706332351d:deeabf25-a0d5-4c7b-9a89-18c5ff158017::,us-east,batch,2025-08-22T04:40:51.783Z,2025-08-22T04:54:01.948Z,ibm_fez,260,Grier Jones,,d2c50f33c43a44abb94280706332351d,,
674540c1-83e0-4ed1-b568-5e3bfdb5fceb,completed,crn:v1:bluemix:public:quantum-computing:us-east:a/d2c50f33c43a44abb94280706332351d:deeabf25-a0d5-4c7b-9a89-18c5ff158017::,us-east,batch,2025-08-22T04:40:51.748Z,2025-08-22T05:04:33.201Z,ibm_fez,260,Grier Jones,,d2c50f33c43a44abb94280706332351d,,
360d48ad-55ca-4754-90aa-052c2e74f686,completed,crn:v1:bluemix:public:quantum-computing:us-east:a/d2c50f33c43a44abb94280706332351d:deeabf25-a0d5-4c7b-9a89-18c5ff158017::,us-east,batch,2025-08-22T04:40:51.716Z,2025-08-22T04:49:15.951Z,ibm_fez,262,Grier Jones,,d2c50f33c43a44abb94280706332351d,,
69e39117-7ab4-4653-b5a4-9b6c38e404ae,completed,crn:v1:bluemix:public:quantum-computing:us-east:a/d2c50f33c43a44abb94280706332351d:deeabf25-a0d5-4c7b-9a89-18c5ff158017::,us-east,batch,2025-08-22T04:09:49.342Z,2025-08-22T04:29:22.578Z,ibm_fez,261,Grier Jones,,d2c50f33c43a44abb94280706332351d,,
c99c8f61-149f-44cb-8503-6dbfab0b0945,completed,crn:v1:bluemix:public:quantum-computing:us-east:a/d2c50f33c43a44abb94280706332351d:deeabf25-a0d5-4c7b-9a89-18c5ff158017::,us-east,batch,2025-08-22T04:09:49.274Z,2025-08-22T04:34:00.514Z,ibm_fez,260,Grier Jones,,d2c50f33c43a44abb94280706332351d,,
866029b9-6053-4c44-8979-3e0be5bfe7f9,completed,crn:v1:bluemix:public:quantum-computing:us-east:a/d2c50f33c43a44abb94280706332351d:deeabf25-a0d5-4c7b-9a89-18c5ff158017::,us-east,batch,2025-08-22T04:09:49.272Z,2025-08-22T04:40:50.869Z,ibm_fez,273,Grier Jones,,d2c50f33c43a44abb94280706332351d,,
048b18e7-fe6e-4a83-9ce8-c0dcc981f748,completed,crn:v1:bluemix:public:quantum-computing:us-east:a/d2c50f33c43a44abb94280706332351d:deeabf25-a0d5-4c7b-9a89-18c5ff158017::,us-east,batch,2025-08-22T04:09:49.096Z,2025-08-22T04:23:58.154Z,ibm_fez,207,Grier Jones,,d2c50f33c43a44abb94280706332351d,,
3b7e9991-d510-4281-b1da-1258e796f982,completed,crn:v1:bluemix:public:quantum-computing:us-east:a/d2c50f33c43a44abb94280706332351d:deeabf25-a0d5-4c7b-9a89-18c5ff158017::,us-east,batch,2025-08-22T04:09:49.079Z,2025-08-22T04:17:09.708Z,ibm_fez,274,Grier Jones,,d2c50f33c43a44abb94280706332351d,,
56bfacdb-bb59-442b-b469-fed8920cd76b,completed,crn:v1:bluemix:public:quantum-computing:us-east:a/d2c50f33c43a44abb94280706332351d:deeabf25-a0d5-4c7b-9a89-18c5ff158017::,us-east,batch,2025-08-22T03:45:36.461Z,2025-08-22T03:56:55.032Z,ibm_fez,263,Grier Jones,,d2c50f33c43a44abb94280706332351d,,
4e098274-fb12-404f-b8b8-864213eb180a,completed,crn:v1:bluemix:public:quantum-computing:us-east:a/d2c50f33c43a44abb94280706332351d:deeabf25-a0d5-4c7b-9a89-18c5ff158017::,us-east,batch,2025-08-22T03:45:36.405Z,2025-08-22T04:01:29.164Z,ibm_fez,260,Grier Jones,,d2c50f33c43a44abb94280706332351d,,
315601ec-1aa4-494f-8b00-3c9c4b43b2b9,completed,crn:v1:bluemix:public:quantum-computing:us-east:a/d2c50f33c43a44abb94280706332351d:deeabf25-a0d5-4c7b-9a89-18c5ff158017::,us-east,batch,2025-08-22T03:45:36.321Z,2025-08-22T04:05:03.710Z,ibm_fez,195,Grier Jones,,d2c50f33c43a44abb94280706332351d,,
27edfcb8-158e-44a6-9c61-d1ceb28daf97,completed,crn:v1:bluemix:public:quantum-computing:us-east:a/d2c50f33c43a44abb94280706332351d:deeabf25-a0d5-4c7b-9a89-18c5ff158017::,us-east,batch,2025-08-22T03:45:36.316Z,2025-08-22T04:09:37.568Z,ibm_fez,261,Grier Jones,,d2c50f33c43a44abb94280706332351d,,
ff9e2e51-d324-4e71-94d6-4159aaa39cab,completed,crn:v1:bluemix:public:quantum-computing:us-east:a/d2c50f33c43a44abb94280706332351d:deeabf25-a0d5-4c7b-9a89-18c5ff158017::,us-east,batch,2025-08-22T03:45:36.305Z,2025-08-22T03:52:20.130Z,ibm_fez,273,Grier Jones,,d2c50f33c43a44abb94280706332351d,,
cf6c4226-b211-4894-86d7-edc7144a1afe,completed,crn:v1:bluemix:public:quantum-computing:us-east:a/d2c50f33c43a44abb94280706332351d:deeabf25-a0d5-4c7b-9a89-18c5ff158017::,us-east,batch,2025-08-22T03:00:09.125Z,2025-08-22T03:11:14.859Z,ibm_fez,266,Grier Jones,,d2c50f33c43a44abb94280706332351d,,
9bec69ef-0131-4fe2-801d-e55ab167f3d6,completed,crn:v1:bluemix:public:quantum-computing:us-east:a/d2c50f33c43a44abb94280706332351d:deeabf25-a0d5-4c7b-9a89-18c5ff158017::,us-east,batch,2025-08-22T03:00:09.124Z,2025-08-22T03:32:27.661Z,ibm_fez,214,Grier Jones,,d2c50f33c43a44abb94280706332351d,,
080d0c75-ee38-464e-b4b4-41636455c503,completed,crn:v1:bluemix:public:quantum-computing:us-east:a/d2c50f33c43a44abb94280706332351d:deeabf25-a0d5-4c7b-9a89-18c5ff158017::,us-east,batch,2025-08-22T03:00:09.123Z,2025-08-22T03:05:26.257Z,ibm_fez,261,Grier Jones,,d2c50f33c43a44abb94280706332351d,,
84c752a9-5bf3-42ac-a139-7f02a12b6139,completed,crn:v1:bluemix:public:quantum-computing:us-east:a/d2c50f33c43a44abb94280706332351d:deeabf25-a0d5-4c7b-9a89-18c5ff158017::,us-east,batch,2025-08-22T03:00:09.074Z,2025-08-22T03:45:35.528Z,ibm_fez,282,Grier Jones,,d2c50f33c43a44abb94280706332351d,,
29aef134-78d0-46d8-97b1-7c167fbbb480,completed,crn:v1:bluemix:public:quantum-computing:us-east:a/d2c50f33c43a44abb94280706332351d:deeabf25-a0d5-4c7b-9a89-18c5ff158017::,us-east,batch,2025-08-22T03:00:09.064Z,2025-08-22T03:37:46.953Z,ibm_fez,264,Grier Jones,,d2c50f33c43a44abb94280706332351d,,
0bd83308-24c0-4f67-bd83-191af80d0579,completed,crn:v1:bluemix:public:quantum-computing:us-east:a/d2c50f33c43a44abb94280706332351d:deeabf25-a0d5-4c7b-9a89-18c5ff158017::,us-east,batch,2025-08-22T02:37:09.218Z,2025-08-22T02:46:59.598Z,ibm_fez,261,Grier Jones,,d2c50f33c43a44abb94280706332351d,,
ef96d0f5-860f-4366-9ae4-000658ef58ca,completed,crn:v1:bluemix:public:quantum-computing:us-east:a/d2c50f33c43a44abb94280706332351d:deeabf25-a0d5-4c7b-9a89-18c5ff158017::,us-east,batch,2025-08-22T02:37:09.138Z,2025-08-22T03:00:00.458Z,ibm_fez,195,Grier Jones,,d2c50f33c43a44abb94280706332351d,,
b9487687-1a4b-4b63-8c90-2bbfe359db6c,completed,crn:v1:bluemix:public:quantum-computing:us-east:a/d2c50f33c43a44abb94280706332351d:deeabf25-a0d5-4c7b-9a89-18c5ff158017::,us-east,batch,2025-08-22T02:37:09.130Z,2025-08-22T02:51:36.101Z,ibm_fez,260,Grier Jones,,d2c50f33c43a44abb94280706332351d,,
6c7be027-67f8-442e-a068-e262a058751e,completed,crn:v1:bluemix:public:quantum-computing:us-east:a/d2c50f33c43a44abb94280706332351d:deeabf25-a0d5-4c7b-9a89-18c5ff158017::,us-east,batch,2025-08-22T02:37:09.018Z,2025-08-22T02:42:22.870Z,ibm_fez,261,Grier Jones,,d2c50f33c43a44abb94280706332351d,,
c31c14bb-2641-4bf4-8bcb-988e7461c287,completed,crn:v1:bluemix:public:quantum-computing:us-east:a/d2c50f33c43a44abb94280706332351d:deeabf25-a0d5-4c7b-9a89-18c5ff158017::,us-east,batch,2025-08-22T02:37:09.002Z,2025-08-22T02:56:28.223Z,ibm_fez,260,Grier Jones,,d2c50f33c43a44abb94280706332351d,,
f5ca0243-789a-4fb6-87b5-34cbe80b5081,completed,crn:v1:bluemix:public:quantum-computing:us-east:a/d2c50f33c43a44abb94280706332351d:deeabf25-a0d5-4c7b-9a89-18c5ff158017::,us-east,batch,2025-08-22T02:13:43.443Z,2025-08-22T02:27:53.131Z,ibm_fez,260,Grier Jones,,d2c50f33c43a44abb94280706332351d,,
acf3cd6c-0ada-4f4c-9c5d-050a2c295f14,completed,crn:v1:bluemix:public:quantum-computing:us-east:a/d2c50f33c43a44abb94280706332351d:deeabf25-a0d5-4c7b-9a89-18c5ff158017::,us-east,batch,2025-08-22T02:13:43.442Z,2025-08-22T02:31:33.895Z,ibm_fez,195,Grier Jones,,d2c50f33c43a44abb94280706332351d,,
a773ac26-efb0-432a-9451-54749bf74b4e,completed,crn:v1:bluemix:public:quantum-computing:us-east:a/d2c50f33c43a44abb94280706332351d:deeabf25-a0d5-4c7b-9a89-18c5ff158017::,us-east,batch,2025-08-22T02:13:43.409Z,2025-08-22T02:37:07.001Z,ibm_fez,262,Grier Jones,,d2c50f33c43a44abb94280706332351d,,
9785cc61-c7e5-4e00-a657-65b8e6827dbe,completed,crn:v1:bluemix:public:quantum-computing:us-east:a/d2c50f33c43a44abb94280706332351d:deeabf25-a0d5-4c7b-9a89-18c5ff158017::,us-east,batch,2025-08-22T02:13:43.405Z,2025-08-22T02:18:38.085Z,ibm_fez,261,Grier Jones,,d2c50f33c43a44abb94280706332351d,,
f485c345-0b40-4ede-a4d0-b141f13ef400,completed,crn:v1:bluemix:public:quantum-computing:us-east:a/d2c50f33c43a44abb94280706332351d:deeabf25-a0d5-4c7b-9a89-18c5ff158017::,us-east,batch,2025-08-22T02:13:43.375Z,2025-08-22T02:23:11.606Z,ibm_fez,260,Grier Jones,,d2c50f33c43a44abb94280706332351d,,
22ce6f7c-f89d-4712-b7ff-87ebb8c9b920,completed,crn:v1:bluemix:public:quantum-computing:us-east:a/d2c50f33c43a44abb94280706332351d:deeabf25-a0d5-4c7b-9a89-18c5ff158017::,us-east,batch,2025-08-22T01:51:07.340Z,2025-08-22T02:13:42.568Z,ibm_fez,260,Grier Jones,,d2c50f33c43a44abb94280706332351d,,
566983e7-8dfa-4c40-8a8d-d054fcce1d13,completed,crn:v1:bluemix:public:quantum-computing:us-east:a/d2c50f33c43a44abb94280706332351d:deeabf25-a0d5-4c7b-9a89-18c5ff158017::,us-east,batch,2025-08-22T01:51:07.273Z,2025-08-22T02:04:24.055Z,ibm_fez,260,Grier Jones,,d2c50f33c43a44abb94280706332351d,,
019def23-76e3-4d4d-b093-bac553db2345,completed,crn:v1:bluemix:public:quantum-computing:us-east:a/d2c50f33c43a44abb94280706332351d:deeabf25-a0d5-4c7b-9a89-18c5ff158017::,us-east,batch,2025-08-22T01:51:07.240Z,2025-08-22T01:59:44.861Z,ibm_fez,195,Grier Jones,,d2c50f33c43a44abb94280706332351d,,
3257bfd7-4573-4fb6-b3d4-4a298dade576,completed,crn:v1:bluemix:public:quantum-computing:us-east:a/d2c50f33c43a44abb94280706332351d:deeabf25-a0d5-4c7b-9a89-18c5ff158017::,us-east,batch,2025-08-22T01:51:07.196Z,2025-08-22T02:09:03.018Z,ibm_fez,260,Grier Jones,,d2c50f33c43a44abb94280706332351d,,
bcdff19e-196e-406d-b48b-e0b02a3ec991,completed,crn:v1:bluemix:public:quantum-computing:us-east:a/d2c50f33c43a44abb94280706332351d:deeabf25-a0d5-4c7b-9a89-18c5ff158017::,us-east,batch,2025-08-22T01:51:07.172Z,2025-08-22T01:56:07.276Z,ibm_fez,260,Grier Jones,,d2c50f33c43a44abb94280706332351d,,
c02e8175-905f-460f-b3bf-4ef63a9bc1ab,completed,crn:v1:bluemix:public:quantum-computing:us-east:a/d2c50f33c43a44abb94280706332351d:deeabf25-a0d5-4c7b-9a89-18c5ff158017::,us-east,batch,2025-08-22T01:27:33.831Z,2025-08-22T01:42:39.691Z,ibm_fez,260,Grier Jones,,d2c50f33c43a44abb94280706332351d,,
15b14fea-ee14-433d-b9d5-0adb3cd2d656,completed,crn:v1:bluemix:public:quantum-computing:us-east:a/d2c50f33c43a44abb94280706332351d:deeabf25-a0d5-4c7b-9a89-18c5ff158017::,us-east,batch,2025-08-22T01:27:33.341Z,2025-08-22T01:50:58.920Z,ibm_fez,195,Grier Jones,,d2c50f33c43a44abb94280706332351d,,
0cebb62d-71f4-4f23-a5c9-92e4daec4400,completed,crn:v1:bluemix:public:quantum-computing:us-east:a/d2c50f33c43a44abb94280706332351d:deeabf25-a0d5-4c7b-9a89-18c5ff158017::,us-east,batch,2025-08-22T01:27:33.335Z,2025-08-22T01:33:20.153Z,ibm_fez,261,Grier Jones,,d2c50f33c43a44abb94280706332351d,,
4c213aee-ddf9-4352-989b-2ba4625f6c6d,completed,crn:v1:bluemix:public:quantum-computing:us-east:a/d2c50f33c43a44abb94280706332351d:deeabf25-a0d5-4c7b-9a89-18c5ff158017::,us-east,batch,2025-08-22T01:27:33.331Z,2025-08-22T01:38:00.331Z,ibm_fez,262,Grier Jones,,d2c50f33c43a44abb94280706332351d,,
537d8266-d717-4944-be35-c059b7d93034,completed,crn:v1:bluemix:public:quantum-computing:us-east:a/d2c50f33c43a44abb94280706332351d:deeabf25-a0d5-4c7b-9a89-18c5ff158017::,us-east,batch,2025-08-22T01:27:33.329Z,2025-08-22T01:47:19.510Z,ibm_fez,260,Grier Jones,,d2c50f33c43a44abb94280706332351d,,
0ddd69bf-5ee7-4eab-902b-ea7cca5cd58d,completed,crn:v1:bluemix:public:quantum-computing:us-east:a/d2c50f33c43a44abb94280706332351d:deeabf25-a0d5-4c7b-9a89-18c5ff158017::,us-east,batch,2025-08-22T01:03:44.690Z,2025-08-22T01:27:23.832Z,ibm_fez,195,Grier Jones,,d2c50f33c43a44abb94280706332351d,,
3551330a-43ad-49a5-88fb-e3ead80fd6b7,completed,crn:v1:bluemix:public:quantum-computing:us-east:a/d2c50f33c43a44abb94280706332351d:deeabf25-a0d5-4c7b-9a89-18c5ff158017::,us-east,batch,2025-08-22T01:03:44.686Z,2025-08-22T01:22:37.517Z,ibm_fez,260,Grier Jones,,d2c50f33c43a44abb94280706332351d,,
ac6dc454-e2d1-4563-ad37-7017872fc23d,completed,crn:v1:bluemix:public:quantum-computing:us-east:a/d2c50f33c43a44abb94280706332351d:deeabf25-a0d5-4c7b-9a89-18c5ff158017::,us-east,batch,2025-08-22T01:03:44.590Z,2025-08-22T01:17:58.674Z,ibm_fez,260,Grier Jones,,d2c50f33c43a44abb94280706332351d,,
313c7baa-d49e-4601-ba17-79633a786711,completed,crn:v1:bluemix:public:quantum-computing:us-east:a/d2c50f33c43a44abb94280706332351d:deeabf25-a0d5-4c7b-9a89-18c5ff158017::,us-east,batch,2025-08-22T01:03:44.541Z,2025-08-22T01:08:40.048Z,ibm_fez,260,Grier Jones,,d2c50f33c43a44abb94280706332351d,,
d1c446f7-dfd8-4714-86cf-1b6f5c1e5406,completed,crn:v1:bluemix:public:quantum-computing:us-east:a/d2c50f33c43a44abb94280706332351d:deeabf25-a0d5-4c7b-9a89-18c5ff158017::,us-east,batch,2025-08-22T01:03:44.414Z,2025-08-22T01:13:19.704Z,ibm_fez,261,Grier Jones,,d2c50f33c43a44abb94280706332351d,,
05957e31-34c1-4fce-8065-42ff0b732b1a,completed,crn:v1:bluemix:public:quantum-computing:us-east:a/d2c50f33c43a44abb94280706332351d:deeabf25-a0d5-4c7b-9a89-18c5ff158017::,us-east,batch,2025-08-22T00:39:14.016Z,2025-08-22T01:03:38.632Z,ibm_fez,196,Grier Jones,,d2c50f33c43a44abb94280706332351d,,
b227dc5c-28d3-4b0e-9041-8752d69ad50f,completed,crn:v1:bluemix:public:quantum-computing:us-east:a/d2c50f33c43a44abb94280706332351d:deeabf25-a0d5-4c7b-9a89-18c5ff158017::,us-east,batch,2025-08-22T00:39:14.016Z,2025-08-22T01:00:03.528Z,ibm_fez,266,Grier Jones,,d2c50f33c43a44abb94280706332351d,,
0c61f216-c898-4633-96aa-32a66c28a973,completed,crn:v1:bluemix:public:quantum-computing:us-east:a/d2c50f33c43a44abb94280706332351d:deeabf25-a0d5-4c7b-9a89-18c5ff158017::,us-east,batch,2025-08-22T00:39:14.015Z,2025-08-22T00:44:21.145Z,ibm_fez,260,Grier Jones,,d2c50f33c43a44abb94280706332351d,,
a98a10a4-3004-4405-8f29-8f742feb884d,completed,crn:v1:bluemix:public:quantum-computing:us-east:a/d2c50f33c43a44abb94280706332351d:deeabf25-a0d5-4c7b-9a89-18c5ff158017::,us-east,batch,2025-08-22T00:39:14.013Z,2025-08-22T00:49:18.338Z,ibm_fez,261,Grier Jones,,d2c50f33c43a44abb94280706332351d,,
4d9303a0-da6e-4698-bf96-40d73a4e93e9,completed,crn:v1:bluemix:public:quantum-computing:us-east:a/d2c50f33c43a44abb94280706332351d:deeabf25-a0d5-4c7b-9a89-18c5ff158017::,us-east,batch,2025-08-22T00:39:13.923Z,2025-08-22T00:54:42.260Z,ibm_fez,269,Grier Jones,,d2c50f33c43a44abb94280706332351d,,
2732c5fe-c2a4-4cd7-b541-6a101fb8cf6f,completed,crn:v1:bluemix:public:quantum-computing:us-east:a/d2c50f33c43a44abb94280706332351d:deeabf25-a0d5-4c7b-9a89-18c5ff158017::,us-east,batch,2025-08-22T00:07:55.961Z,2025-08-22T00:31:09.517Z,ibm_fez,260,Grier Jones,,d2c50f33c43a44abb94280706332351d,,
7f922ade-253a-401e-80a5-2a6cda866dd5,completed,crn:v1:bluemix:public:quantum-computing:us-east:a/d2c50f33c43a44abb94280706332351d:deeabf25-a0d5-4c7b-9a89-18c5ff158017::,us-east,batch,2025-08-22T00:07:55.938Z,2025-08-22T00:13:12.617Z,ibm_fez,260,Grier Jones,,d2c50f33c43a44abb94280706332351d,,
2d758697-2bdb-4733-8358-5ef52fe2abe9,completed,crn:v1:bluemix:public:quantum-computing:us-east:a/d2c50f33c43a44abb94280706332351d:deeabf25-a0d5-4c7b-9a89-18c5ff158017::,us-east,batch,2025-08-22T00:07:55.913Z,2025-08-22T00:39:07.937Z,ibm_fez,195,Grier Jones,,d2c50f33c43a44abb94280706332351d,,
93a15d5a-d53d-480f-9e88-78881f0dbb42,completed,crn:v1:bluemix:public:quantum-computing:us-east:a/d2c50f33c43a44abb94280706332351d:deeabf25-a0d5-4c7b-9a89-18c5ff158017::,us-east,batch,2025-08-22T00:07:55.820Z,2025-08-22T00:35:43.882Z,ibm_fez,260,Grier Jones,,d2c50f33c43a44abb94280706332351d,,
92076ada-8d4b-4457-a905-0f7fdaae8a66,completed,crn:v1:bluemix:public:quantum-computing:us-east:a/d2c50f33c43a44abb94280706332351d:deeabf25-a0d5-4c7b-9a89-18c5ff158017::,us-east,batch,2025-08-22T00:07:55.820Z,2025-08-22T00:18:03.330Z,ibm_fez,260,Grier Jones,,d2c50f33c43a44abb94280706332351d,,
f87cf4fb-b3f4-4cb9-b88b-fd1621435542,completed,crn:v1:bluemix:public:quantum-computing:us-east:a/d2c50f33c43a44abb94280706332351d:deeabf25-a0d5-4c7b-9a89-18c5ff158017::,us-east,batch,2025-08-21T17:15:41.728Z,2025-08-21T23:42:24.980Z,ibm_fez,228,Grier Jones,,d2c50f33c43a44abb94280706332351d,,
5e859587-924e-4a34-8617-d447a2e9c8ec,completed,crn:v1:bluemix:public:quantum-computing:us-east:a/d2c50f33c43a44abb94280706332351d:deeabf25-a0d5-4c7b-9a89-18c5ff158017::,us-east,batch,2025-08-21T17:15:41.216Z,2025-08-21T22:17:13.939Z,ibm_fez,290,Grier Jones,,d2c50f33c43a44abb94280706332351d,,
1127b4c0-2f5c-4d48-a02c-9bb707464726,completed,crn:v1:bluemix:public:quantum-computing:us-east:a/d2c50f33c43a44abb94280706332351d:deeabf25-a0d5-4c7b-9a89-18c5ff158017::,us-east,batch,2025-08-21T17:15:40.983Z,2025-08-21T23:30:20.980Z,ibm_fez,302,Grier Jones,,d2c50f33c43a44abb94280706332351d,,
67430d85-99bd-4481-a20b-485385f8a462,completed,crn:v1:bluemix:public:quantum-computing:us-east:a/d2c50f33c43a44abb94280706332351d:deeabf25-a0d5-4c7b-9a89-18c5ff158017::,us-east,batch,2025-08-21T17:15:40.867Z,2025-08-22T00:07:51.240Z,ibm_fez,279,Grier Jones,,d2c50f33c43a44abb94280706332351d,,
2789f3d2-132d-41f9-8c37-abba4c130cc0,completed,crn:v1:bluemix:public:quantum-computing:us-east:a/d2c50f33c43a44abb94280706332351d:deeabf25-a0d5-4c7b-9a89-18c5ff158017::,us-east,batch,2025-08-21T17:15:40.859Z,2025-08-21T22:41:21.884Z,ibm_fez,291,Grier Jones,,d2c50f33c43a44abb94280706332351d,,
3d28fc12-12cc-4181-b3db-10f8324f807d,completed,crn:v1:bluemix:public:quantum-computing:us-east:a/d2c50f33c43a44abb94280706332351d:deeabf25-a0d5-4c7b-9a89-18c5ff158017::,us-east,batch,2025-08-21T02:11:27.113Z,2025-08-21T02:22:47.987Z,ibm_fez,270,Grier Jones,,d2c50f33c43a44abb94280706332351d,,
52d1320c-e39a-4c48-adb6-c730f975bfbd,completed,crn:v1:bluemix:public:quantum-computing:us-east:a/d2c50f33c43a44abb94280706332351d:deeabf25-a0d5-4c7b-9a89-18c5ff158017::,us-east,batch,2025-08-21T02:11:27.099Z,2025-08-21T02:31:10.070Z,ibm_fez,286,Grier Jones,,d2c50f33c43a44abb94280706332351d,,
f06faa1b-60d1-4cf8-9502-1005f3d0e512,completed,crn:v1:bluemix:public:quantum-computing:us-east:a/d2c50f33c43a44abb94280706332351d:deeabf25-a0d5-4c7b-9a89-18c5ff158017::,us-east,batch,2025-08-21T02:11:26.986Z,2025-08-21T04:58:54.884Z,ibm_fez,260,Grier Jones,,d2c50f33c43a44abb94280706332351d,,
c0e7f7cf-8c1e-4f68-98ae-1d1fae352223,completed,crn:v1:bluemix:public:quantum-computing:us-east:a/d2c50f33c43a44abb94280706332351d:deeabf25-a0d5-4c7b-9a89-18c5ff158017::,us-east,batch,2025-08-21T02:11:26.980Z,2025-08-21T05:02:35.081Z,ibm_fez,195,Grier Jones,,d2c50f33c43a44abb94280706332351d,,
e5415675-22d3-4b16-8649-5981d12b5266,completed,crn:v1:bluemix:public:quantum-computing:us-east:a/d2c50f33c43a44abb94280706332351d:deeabf25-a0d5-4c7b-9a89-18c5ff158017::,us-east,batch,2025-08-21T02:11:26.978Z,2025-08-21T02:17:07.164Z,ibm_fez,266,Grier Jones,,d2c50f33c43a44abb94280706332351d,,
32b401f6-2703-4ef7-a7c8-66f946e44b7c,completed,crn:v1:bluemix:public:quantum-computing:us-east:a/d2c50f33c43a44abb94280706332351d:deeabf25-a0d5-4c7b-9a89-18c5ff158017::,us-east,batch,2025-08-21T01:47:12.404Z,2025-08-21T02:11:26.114Z,ibm_fez,265,Grier Jones,,d2c50f33c43a44abb94280706332351d,,
a4762a1f-0a7d-47e1-b308-8150ecc54c40,completed,crn:v1:bluemix:public:quantum-computing:us-east:a/d2c50f33c43a44abb94280706332351d:deeabf25-a0d5-4c7b-9a89-18c5ff158017::,us-east,batch,2025-08-21T01:47:12.398Z,2025-08-21T02:00:00.837Z,ibm_fez,195,Grier Jones,,d2c50f33c43a44abb94280706332351d,,
11c61675-586a-4075-a3ad-a43ad5c91707,completed,crn:v1:bluemix:public:quantum-computing:us-east:a/d2c50f33c43a44abb94280706332351d:deeabf25-a0d5-4c7b-9a89-18c5ff158017::,us-east,batch,2025-08-21T01:47:12.392Z,2025-08-21T02:05:53.947Z,ibm_fez,260,Grier Jones,,d2c50f33c43a44abb94280706332351d,,
227e6917-5030-4a5b-8b18-85c99ddcc491,completed,crn:v1:bluemix:public:quantum-computing:us-east:a/d2c50f33c43a44abb94280706332351d:deeabf25-a0d5-4c7b-9a89-18c5ff158017::,us-east,batch,2025-08-21T01:47:12.209Z,2025-08-21T01:56:38.048Z,ibm_fez,260,Grier Jones,,d2c50f33c43a44abb94280706332351d,,
b469c657-0013-4a6e-87a9-e44c3953cf45,completed,crn:v1:bluemix:public:quantum-computing:us-east:a/d2c50f33c43a44abb94280706332351d:deeabf25-a0d5-4c7b-9a89-18c5ff158017::,us-east,batch,2025-08-21T01:47:12.208Z,2025-08-21T01:52:10.093Z,ibm_fez,265,Grier Jones,,d2c50f33c43a44abb94280706332351d,,
9fd23b74-37a1-438b-bbd8-a5178e390956,completed,crn:v1:bluemix:public:quantum-computing:us-east:a/d2c50f33c43a44abb94280706332351d:deeabf25-a0d5-4c7b-9a89-18c5ff158017::,us-east,batch,2025-08-21T01:21:39.148Z,2025-08-21T01:27:09.134Z,ibm_fez,260,Grier Jones,,d2c50f33c43a44abb94280706332351d,,
fe679f8c-ecf3-48d5-8bd4-e4ee7003f9b2,completed,crn:v1:bluemix:public:quantum-computing:us-east:a/d2c50f33c43a44abb94280706332351d:deeabf25-a0d5-4c7b-9a89-18c5ff158017::,us-east,batch,2025-08-21T01:21:39.137Z,2025-08-21T01:38:28.805Z,ibm_fez,265,Grier Jones,,d2c50f33c43a44abb94280706332351d,,
a73a5f10-ad0f-439a-8379-6dad656d8240,completed,crn:v1:bluemix:public:quantum-computing:us-east:a/d2c50f33c43a44abb94280706332351d:deeabf25-a0d5-4c7b-9a89-18c5ff158017::,us-east,batch,2025-08-21T01:21:39.137Z,2025-08-21T01:42:03.488Z,ibm_fez,195,Grier Jones,,d2c50f33c43a44abb94280706332351d,,
5592b3d1-2510-467a-b1ab-ef9912a0a753,completed,crn:v1:bluemix:public:quantum-computing:us-east:a/d2c50f33c43a44abb94280706332351d:deeabf25-a0d5-4c7b-9a89-18c5ff158017::,us-east,batch,2025-08-21T01:21:39.135Z,2025-08-21T01:47:11.518Z,ibm_fez,265,Grier Jones,,d2c50f33c43a44abb94280706332351d,,
79372f94-8f42-494e-aadd-cc75fe988d3b,completed,crn:v1:bluemix:public:quantum-computing:us-east:a/d2c50f33c43a44abb94280706332351d:deeabf25-a0d5-4c7b-9a89-18c5ff158017::,us-east,batch,2025-08-21T01:21:39.046Z,2025-08-21T01:32:55.744Z,ibm_fez,260,Grier Jones,,d2c50f33c43a44abb94280706332351d,,
4af7f676-db6e-4d15-ac7f-bc3d1b8fab72,completed,crn:v1:bluemix:public:quantum-computing:us-east:a/d2c50f33c43a44abb94280706332351d:deeabf25-a0d5-4c7b-9a89-18c5ff158017::,us-east,batch,2025-08-21T01:00:05.959Z,2025-08-21T01:04:44.771Z,ibm_fez,260,Grier Jones,,d2c50f33c43a44abb94280706332351d,,
47460cb0-930a-4fee-b17a-2c7c373305e1,completed,crn:v1:bluemix:public:quantum-computing:us-east:a/d2c50f33c43a44abb94280706332351d:deeabf25-a0d5-4c7b-9a89-18c5ff158017::,us-east,batch,2025-08-21T01:00:05.952Z,2025-08-21T01:21:28.794Z,ibm_fez,260,Grier Jones,,d2c50f33c43a44abb94280706332351d,,
b2fb4862-0d8b-45b4-8a89-b6d0a93948a8,completed,crn:v1:bluemix:public:quantum-computing:us-east:a/d2c50f33c43a44abb94280706332351d:deeabf25-a0d5-4c7b-9a89-18c5ff158017::,us-east,batch,2025-08-21T01:00:05.918Z,2025-08-21T01:17:01.598Z,ibm_fez,260,Grier Jones,,d2c50f33c43a44abb94280706332351d,,
d2d6924e-f8fe-4819-a23c-cb1a60f4354b,completed,crn:v1:bluemix:public:quantum-computing:us-east:a/d2c50f33c43a44abb94280706332351d:deeabf25-a0d5-4c7b-9a89-18c5ff158017::,us-east,batch,2025-08-21T01:00:05.906Z,2025-08-21T01:12:34.340Z,ibm_fez,195,Grier Jones,,d2c50f33c43a44abb94280706332351d,,
ef2b8efa-5a9e-4343-9edd-7c790020dfcb,completed,crn:v1:bluemix:public:quantum-computing:us-east:a/d2c50f33c43a44abb94280706332351d:deeabf25-a0d5-4c7b-9a89-18c5ff158017::,us-east,batch,2025-08-21T01:00:05.901Z,2025-08-21T01:09:11.800Z,ibm_fez,260,Grier Jones,,d2c50f33c43a44abb94280706332351d,,
b1b9fe72-b3de-46c5-b26c-ae1cf6e0d632,completed,crn:v1:bluemix:public:quantum-computing:us-east:a/d2c50f33c43a44abb94280706332351d:deeabf25-a0d5-4c7b-9a89-18c5ff158017::,us-east,batch,2025-08-21T00:38:39.697Z,2025-08-21T00:47:43.765Z,ibm_fez,260,Grier Jones,,d2c50f33c43a44abb94280706332351d,,
aa93660b-c07d-4a56-8b39-24e2cfba639a,completed,crn:v1:bluemix:public:quantum-computing:us-east:a/d2c50f33c43a44abb94280706332351d:deeabf25-a0d5-4c7b-9a89-18c5ff158017::,us-east,batch,2025-08-21T00:38:39.689Z,2025-08-21T01:00:00.528Z,ibm_fez,195,Grier Jones,,d2c50f33c43a44abb94280706332351d,,
d5a46b78-5528-48a1-85e8-1293b6a756a7,completed,crn:v1:bluemix:public:quantum-computing:us-east:a/d2c50f33c43a44abb94280706332351d:deeabf25-a0d5-4c7b-9a89-18c5ff158017::,us-east,batch,2025-08-21T00:38:39.674Z,2025-08-21T00:52:10.421Z,ibm_fez,260,Grier Jones,,d2c50f33c43a44abb94280706332351d,,
b65d4e43-fe0e-4208-9345-f9cb04e58dc5,completed,crn:v1:bluemix:public:quantum-computing:us-east:a/d2c50f33c43a44abb94280706332351d:deeabf25-a0d5-4c7b-9a89-18c5ff158017::,us-east,batch,2025-08-21T00:38:39.648Z,2025-08-21T00:56:37.681Z,ibm_fez,260,Grier Jones,,d2c50f33c43a44abb94280706332351d,,
f8b938b4-5125-4e7a-8e1e-e83b1583b322,completed,crn:v1:bluemix:public:quantum-computing:us-east:a/d2c50f33c43a44abb94280706332351d:deeabf25-a0d5-4c7b-9a89-18c5ff158017::,us-east,batch,2025-08-21T00:38:39.646Z,2025-08-21T00:43:16.062Z,ibm_fez,260,Grier Jones,,d2c50f33c43a44abb94280706332351d,,
c1144728-ab8a-4bca-95a5-58a851333db3,completed,crn:v1:bluemix:public:quantum-computing:us-east:a/d2c50f33c43a44abb94280706332351d:deeabf25-a0d5-4c7b-9a89-18c5ff158017::,us-east,batch,2025-08-21T00:16:13.298Z,2025-08-21T00:29:33.817Z,ibm_fez,195,Grier Jones,,d2c50f33c43a44abb94280706332351d,,
d7179dc6-b14e-422a-8de5-5fb963470562,completed,crn:v1:bluemix:public:quantum-computing:us-east:a/d2c50f33c43a44abb94280706332351d:deeabf25-a0d5-4c7b-9a89-18c5ff158017::,us-east,batch,2025-08-21T00:16:13.287Z,2025-08-21T00:26:05.723Z,ibm_fez,260,Grier Jones,,d2c50f33c43a44abb94280706332351d,,
0efca070-ca10-469b-87b5-ea5441fa8973,completed,crn:v1:bluemix:public:quantum-computing:us-east:a/d2c50f33c43a44abb94280706332351d:deeabf25-a0d5-4c7b-9a89-18c5ff158017::,us-east,batch,2025-08-21T00:16:13.224Z,2025-08-21T00:34:00.076Z,ibm_fez,259,Grier Jones,,d2c50f33c43a44abb94280706332351d,,
7dc8c827-3779-4bc6-b5c5-b7c91765e399,completed,crn:v1:bluemix:public:quantum-computing:us-east:a/d2c50f33c43a44abb94280706332351d:deeabf25-a0d5-4c7b-9a89-18c5ff158017::,us-east,batch,2025-08-21T00:16:13.221Z,2025-08-21T00:38:26.831Z,ibm_fez,260,Grier Jones,,d2c50f33c43a44abb94280706332351d,,
a6bdfb12-52b2-4828-a071-dfc1b58d86a7,completed,crn:v1:bluemix:public:quantum-computing:us-east:a/d2c50f33c43a44abb94280706332351d:deeabf25-a0d5-4c7b-9a89-18c5ff158017::,us-east,batch,2025-08-21T00:16:13.196Z,2025-08-21T00:21:34.040Z,ibm_fez,260,Grier Jones,,d2c50f33c43a44abb94280706332351d,,
8d6e0f25-9c24-4cf2-9732-ddf1e6c7f73a,completed,crn:v1:bluemix:public:quantum-computing:us-east:a/d2c50f33c43a44abb94280706332351d:deeabf25-a0d5-4c7b-9a89-18c5ff158017::,us-east,batch,2025-08-20T23:52:48.755Z,2025-08-21T00:11:43.305Z,ibm_fez,265,Grier Jones,,d2c50f33c43a44abb94280706332351d,,
4fed63b8-e940-4589-88f0-fb11e85843b2,completed,crn:v1:bluemix:public:quantum-computing:us-east:a/d2c50f33c43a44abb94280706332351d:deeabf25-a0d5-4c7b-9a89-18c5ff158017::,us-east,batch,2025-08-20T23:52:48.643Z,2025-08-20T23:57:53.471Z,ibm_fez,260,Grier Jones,,d2c50f33c43a44abb94280706332351d,,
bc9111a2-3e4b-4d98-a972-ca290d7c82fd,completed,crn:v1:bluemix:public:quantum-computing:us-east:a/d2c50f33c43a44abb94280706332351d:deeabf25-a0d5-4c7b-9a89-18c5ff158017::,us-east,batch,2025-08-20T23:52:48.633Z,2025-08-21T00:06:35.462Z,ibm_fez,265,Grier Jones,,d2c50f33c43a44abb94280706332351d,,
3199179f-0255-4855-aa44-ffb57bd090e1,completed,crn:v1:bluemix:public:quantum-computing:us-east:a/d2c50f33c43a44abb94280706332351d:deeabf25-a0d5-4c7b-9a89-18c5ff158017::,us-east,batch,2025-08-20T23:52:48.614Z,2025-08-21T00:01:28.481Z,ibm_fez,195,Grier Jones,,d2c50f33c43a44abb94280706332351d,,
ad14f118-5d55-489a-9486-0b0f9741eb20,completed,crn:v1:bluemix:public:quantum-computing:us-east:a/d2c50f33c43a44abb94280706332351d:deeabf25-a0d5-4c7b-9a89-18c5ff158017::,us-east,batch,2025-08-20T23:52:48.598Z,2025-08-21T00:16:11.585Z,ibm_fez,261,Grier Jones,,d2c50f33c43a44abb94280706332351d,,
f40f2cb0-8070-4c37-92f7-04588bab66c3,completed,crn:v1:bluemix:public:quantum-computing:us-east:a/d2c50f33c43a44abb94280706332351d:deeabf25-a0d5-4c7b-9a89-18c5ff158017::,us-east,batch,2025-08-20T23:28:44.313Z,2025-08-20T23:43:18.666Z,ibm_fez,195,Grier Jones,,d2c50f33c43a44abb94280706332351d,,
f2658ba5-71d1-4dfb-b416-6551c04300a1,completed,crn:v1:bluemix:public:quantum-computing:us-east:a/d2c50f33c43a44abb94280706332351d:deeabf25-a0d5-4c7b-9a89-18c5ff158017::,us-east,batch,2025-08-20T23:28:44.295Z,2025-08-20T23:47:46.064Z,ibm_fez,260,Grier Jones,,d2c50f33c43a44abb94280706332351d,,
ea8c0012-ec34-493a-a460-cb65b8d45b56,completed,crn:v1:bluemix:public:quantum-computing:us-east:a/d2c50f33c43a44abb94280706332351d:deeabf25-a0d5-4c7b-9a89-18c5ff158017::,us-east,batch,2025-08-20T23:28:44.197Z,2025-08-20T23:39:02.065Z,ibm_fez,260,Grier Jones,,d2c50f33c43a44abb94280706332351d,,
9b9c667e-639d-4c9d-b5c1-e677043aa48d,completed,crn:v1:bluemix:public:quantum-computing:us-east:a/d2c50f33c43a44abb94280706332351d:deeabf25-a0d5-4c7b-9a89-18c5ff158017::,us-east,batch,2025-08-20T23:28:44.194Z,2025-08-20T23:34:22.787Z,ibm_fez,260,Grier Jones,,d2c50f33c43a44abb94280706332351d,,
d46a8c9f-cb50-42aa-b3d1-35b39f7a815c,completed,crn:v1:bluemix:public:quantum-computing:us-east:a/d2c50f33c43a44abb94280706332351d:deeabf25-a0d5-4c7b-9a89-18c5ff158017::,us-east,batch,2025-08-20T23:28:44.193Z,2025-08-20T23:52:44.919Z,ibm_fez,260,Grier Jones,,d2c50f33c43a44abb94280706332351d,,
5ee05ca4-c198-4a19-bd03-e3f6c17aaefc,completed,crn:v1:bluemix:public:quantum-computing:us-east:a/d2c50f33c43a44abb94280706332351d:deeabf25-a0d5-4c7b-9a89-18c5ff158017::,us-east,batch,2025-08-20T23:04:30.573Z,2025-08-20T23:19:49.226Z,ibm_fez,260,Grier Jones,,d2c50f33c43a44abb94280706332351d,,
5ee0b403-c8f2-4d41-810a-7258813662fa,completed,crn:v1:bluemix:public:quantum-computing:us-east:a/d2c50f33c43a44abb94280706332351d:deeabf25-a0d5-4c7b-9a89-18c5ff158017::,us-east,batch,2025-08-20T23:04:30.564Z,2025-08-20T23:24:15.919Z,ibm_fez,260,Grier Jones,,d2c50f33c43a44abb94280706332351d,,
25b9f5cd-cad4-44f5-8db8-20cd667742dc,completed,crn:v1:bluemix:public:quantum-computing:us-east:a/d2c50f33c43a44abb94280706332351d:deeabf25-a0d5-4c7b-9a89-18c5ff158017::,us-east,batch,2025-08-20T23:04:30.536Z,2025-08-20T23:28:42.873Z,ibm_fez,260,Grier Jones,,d2c50f33c43a44abb94280706332351d,,
4dc5d102-f932-49ef-87b5-2263b96932e5,completed,crn:v1:bluemix:public:quantum-computing:us-east:a/d2c50f33c43a44abb94280706332351d:deeabf25-a0d5-4c7b-9a89-18c5ff158017::,us-east,batch,2025-08-20T23:04:30.465Z,2025-08-20T23:12:53.949Z,ibm_fez,260,Grier Jones,,d2c50f33c43a44abb94280706332351d,,
c10c75b3-4055-42bc-817b-bb9b201ff061,completed,crn:v1:bluemix:public:quantum-computing:us-east:a/d2c50f33c43a44abb94280706332351d:deeabf25-a0d5-4c7b-9a89-18c5ff158017::,us-east,batch,2025-08-20T23:04:30.459Z,2025-08-20T23:08:05.598Z,ibm_fez,195,Grier Jones,,d2c50f33c43a44abb94280706332351d,,
1e0ab72b-a14c-402b-856a-419b1a2a5132,completed,crn:v1:bluemix:public:quantum-computing:us-east:a/d2c50f33c43a44abb94280706332351d:deeabf25-a0d5-4c7b-9a89-18c5ff158017::,us-east,batch,2025-08-20T22:42:26.131Z,2025-08-20T22:59:57.215Z,ibm_fez,260,Grier Jones,,d2c50f33c43a44abb94280706332351d,,
c540f220-9aba-4d41-801d-5fb883c9177f,completed,crn:v1:bluemix:public:quantum-computing:us-east:a/d2c50f33c43a44abb94280706332351d:deeabf25-a0d5-4c7b-9a89-18c5ff158017::,us-east,batch,2025-08-20T22:42:26.122Z,2025-08-20T22:54:48.469Z,ibm_fez,260,Grier Jones,,d2c50f33c43a44abb94280706332351d,,
a6f36884-e631-40c7-b340-1c3f5ef1a1ef,completed,crn:v1:bluemix:public:quantum-computing:us-east:a/d2c50f33c43a44abb94280706332351d:deeabf25-a0d5-4c7b-9a89-18c5ff158017::,us-east,batch,2025-08-20T22:42:26.041Z,2025-08-20T23:04:29.054Z,ibm_fez,260,Grier Jones,,d2c50f33c43a44abb94280706332351d,,
8b1b789f-e175-4279-b7c4-4326c8fc9719,completed,crn:v1:bluemix:public:quantum-computing:us-east:a/d2c50f33c43a44abb94280706332351d:deeabf25-a0d5-4c7b-9a89-18c5ff158017::,us-east,batch,2025-08-20T22:42:25.917Z,2025-08-20T22:50:22.108Z,ibm_fez,260,Grier Jones,,d2c50f33c43a44abb94280706332351d,,
2d19113b-faa9-42c6-aba6-0204dce570ed,completed,crn:v1:bluemix:public:quantum-computing:us-east:a/d2c50f33c43a44abb94280706332351d:deeabf25-a0d5-4c7b-9a89-18c5ff158017::,us-east,batch,2025-08-20T22:42:25.911Z,2025-08-20T22:45:55.630Z,ibm_fez,195,Grier Jones,,d2c50f33c43a44abb94280706332351d,,
f7163672-9c35-40cd-968e-5e69bb6d698b,completed,crn:v1:bluemix:public:quantum-computing:us-east:a/d2c50f33c43a44abb94280706332351d:deeabf25-a0d5-4c7b-9a89-18c5ff158017::,us-east,batch,2025-08-20T22:19:29.145Z,2025-08-20T22:33:29.745Z,ibm_fez,260,Grier Jones,,d2c50f33c43a44abb94280706332351d,,
b1b7c788-7f0f-40dd-a512-3d1634470aee,completed,crn:v1:bluemix:public:quantum-computing:us-east:a/d2c50f33c43a44abb94280706332351d:deeabf25-a0d5-4c7b-9a89-18c5ff158017::,us-east,batch,2025-08-20T22:19:29.104Z,2025-08-20T22:42:24.115Z,ibm_fez,260,Grier Jones,,d2c50f33c43a44abb94280706332351d,,
f211ab89-5617-4c21-8094-3f4409721858,completed,crn:v1:bluemix:public:quantum-computing:us-east:a/d2c50f33c43a44abb94280706332351d:deeabf25-a0d5-4c7b-9a89-18c5ff158017::,us-east,batch,2025-08-20T22:19:29.077Z,2025-08-20T22:24:55.872Z,ibm_fez,265,Grier Jones,,d2c50f33c43a44abb94280706332351d,,
2f5087b5-3daa-49db-b840-7fd275a3872a,completed,crn:v1:bluemix:public:quantum-computing:us-east:a/d2c50f33c43a44abb94280706332351d:deeabf25-a0d5-4c7b-9a89-18c5ff158017::,us-east,batch,2025-08-20T22:19:29.072Z,2025-08-20T22:29:03.280Z,ibm_fez,203,Grier Jones,,d2c50f33c43a44abb94280706332351d,,
96e2cbb1-d779-4956-9a31-9c56019a1508,completed,crn:v1:bluemix:public:quantum-computing:us-east:a/d2c50f33c43a44abb94280706332351d:deeabf25-a0d5-4c7b-9a89-18c5ff158017::,us-east,batch,2025-08-20T22:19:29.071Z,2025-08-20T22:37:57.277Z,ibm_fez,260,Grier Jones,,d2c50f33c43a44abb94280706332351d,,
7fa0bd81-2688-4bf0-983f-9343cbc6284b,completed,crn:v1:bluemix:public:quantum-computing:us-east:a/d2c50f33c43a44abb94280706332351d:deeabf25-a0d5-4c7b-9a89-18c5ff158017::,us-east,batch,2025-08-20T21:56:03.915Z,2025-08-20T22:19:24.123Z,ibm_fez,260,Grier Jones,,d2c50f33c43a44abb94280706332351d,,
2f9b5789-d5ed-401e-ae89-aceaef934192,completed,crn:v1:bluemix:public:quantum-computing:us-east:a/d2c50f33c43a44abb94280706332351d:deeabf25-a0d5-4c7b-9a89-18c5ff158017::,us-east,batch,2025-08-20T21:56:03.826Z,2025-08-20T21:59:34.507Z,ibm_fez,195,Grier Jones,,d2c50f33c43a44abb94280706332351d,,
f1280211-7a69-4f21-8d0b-32cdd656e825,completed,crn:v1:bluemix:public:quantum-computing:us-east:a/d2c50f33c43a44abb94280706332351d:deeabf25-a0d5-4c7b-9a89-18c5ff158017::,us-east,batch,2025-08-20T21:56:03.818Z,2025-08-20T22:13:07.369Z,ibm_fez,260,Grier Jones,,d2c50f33c43a44abb94280706332351d,,
23df3590-2d9c-4797-afa7-9c3dc3d4ab2b,completed,crn:v1:bluemix:public:quantum-computing:us-east:a/d2c50f33c43a44abb94280706332351d:deeabf25-a0d5-4c7b-9a89-18c5ff158017::,us-east,batch,2025-08-20T21:56:03.758Z,2025-08-20T22:08:36.405Z,ibm_fez,260,Grier Jones,,d2c50f33c43a44abb94280706332351d,,
ec08f5b5-11b1-48ab-92b1-8ed24819e261,completed,crn:v1:bluemix:public:quantum-computing:us-east:a/d2c50f33c43a44abb94280706332351d:deeabf25-a0d5-4c7b-9a89-18c5ff158017::,us-east,batch,2025-08-20T21:56:03.749Z,2025-08-20T22:04:01.639Z,ibm_fez,260,Grier Jones,,d2c50f33c43a44abb94280706332351d,,
92580c33-acfa-4a19-a91f-4a077bcfba8e,completed,crn:v1:bluemix:public:quantum-computing:us-east:a/d2c50f33c43a44abb94280706332351d:deeabf25-a0d5-4c7b-9a89-18c5ff158017::,us-east,batch,2025-08-20T21:31:50.784Z,2025-08-20T21:41:14.209Z,ibm_fez,260,Grier Jones,,d2c50f33c43a44abb94280706332351d,,
eea32739-512a-4141-bc68-07039ec6f854,completed,crn:v1:bluemix:public:quantum-computing:us-east:a/d2c50f33c43a44abb94280706332351d:deeabf25-a0d5-4c7b-9a89-18c5ff158017::,us-east,batch,2025-08-20T21:31:50.769Z,2025-08-20T21:36:41.316Z,ibm_fez,260,Grier Jones,,d2c50f33c43a44abb94280706332351d,,
8aea1c3e-8d65-49c6-a748-7f9ce8b39a1f,completed,crn:v1:bluemix:public:quantum-computing:us-east:a/d2c50f33c43a44abb94280706332351d:deeabf25-a0d5-4c7b-9a89-18c5ff158017::,us-east,batch,2025-08-20T21:31:50.752Z,2025-08-20T21:56:01.555Z,ibm_fez,260,Grier Jones,,d2c50f33c43a44abb94280706332351d,,
dd3fb6ac-7f34-481f-a9ef-dfaea532bb15,completed,crn:v1:bluemix:public:quantum-computing:us-east:a/d2c50f33c43a44abb94280706332351d:deeabf25-a0d5-4c7b-9a89-18c5ff158017::,us-east,batch,2025-08-20T21:31:50.691Z,2025-08-20T21:45:47.333Z,ibm_fez,260,Grier Jones,,d2c50f33c43a44abb94280706332351d,,
3f1ba3ec-565d-4792-8f96-7c9bff7a7bd1,completed,crn:v1:bluemix:public:quantum-computing:us-east:a/d2c50f33c43a44abb94280706332351d:deeabf25-a0d5-4c7b-9a89-18c5ff158017::,us-east,batch,2025-08-20T21:31:50.686Z,2025-08-20T21:49:16.512Z,ibm_fez,195,Grier Jones,,d2c50f33c43a44abb94280706332351d,,
881a79c7-50c9-4fa2-ae28-34ea8fbf9084,completed,crn:v1:bluemix:public:quantum-computing:us-east:a/d2c50f33c43a44abb94280706332351d:deeabf25-a0d5-4c7b-9a89-18c5ff158017::,us-east,batch,2025-08-20T20:57:31.372Z,2025-08-20T21:23:29.037Z,ibm_fez,260,Grier Jones,,d2c50f33c43a44abb94280706332351d,,
87959be7-7b08-4aa2-91a7-abaa501e1b5f,completed,crn:v1:bluemix:public:quantum-computing:us-east:a/d2c50f33c43a44abb94280706332351d:deeabf25-a0d5-4c7b-9a89-18c5ff158017::,us-east,batch,2025-08-20T20:57:31.371Z,2025-08-20T21:13:10.659Z,ibm_fez,278,Grier Jones,,d2c50f33c43a44abb94280706332351d,,
655a93b7-876e-444d-b4de-cacd5263b675,completed,crn:v1:bluemix:public:quantum-computing:us-east:a/d2c50f33c43a44abb94280706332351d:deeabf25-a0d5-4c7b-9a89-18c5ff158017::,us-east,batch,2025-08-20T20:57:31.363Z,2025-08-20T21:18:21.061Z,ibm_fez,195,Grier Jones,,d2c50f33c43a44abb94280706332351d,,
e52e7edb-089e-4b8b-bd5e-a28762679aa9,completed,crn:v1:bluemix:public:quantum-computing:us-east:a/d2c50f33c43a44abb94280706332351d:deeabf25-a0d5-4c7b-9a89-18c5ff158017::,us-east,batch,2025-08-20T20:57:31.287Z,2025-08-20T21:05:57.963Z,ibm_fez,280,Grier Jones,,d2c50f33c43a44abb94280706332351d,,
8ad3cdff-180a-49f2-9e3c-0053558c0416,completed,crn:v1:bluemix:public:quantum-computing:us-east:a/d2c50f33c43a44abb94280706332351d:deeabf25-a0d5-4c7b-9a89-18c5ff158017::,us-east,batch,2025-08-20T20:57:31.286Z,2025-08-20T21:31:49.915Z,ibm_fez,273,Grier Jones,,d2c50f33c43a44abb94280706332351d,,
c8bbbf23-aba2-4ce5-9a04-e54a3b58c61b,completed,crn:v1:bluemix:public:quantum-computing:us-east:a/d2c50f33c43a44abb94280706332351d:deeabf25-a0d5-4c7b-9a89-18c5ff158017::,us-east,batch,2025-08-20T20:30:42.248Z,2025-08-20T20:35:48.719Z,ibm_fez,260,Grier Jones,,d2c50f33c43a44abb94280706332351d,,
8dac8229-b183-453c-a253-793fada7d7c9,completed,crn:v1:bluemix:public:quantum-computing:us-east:a/d2c50f33c43a44abb94280706332351d:deeabf25-a0d5-4c7b-9a89-18c5ff158017::,us-east,batch,2025-08-20T20:30:42.210Z,2025-08-20T20:50:37.798Z,ibm_fez,265,Grier Jones,,d2c50f33c43a44abb94280706332351d,,
df8234c3-d84a-40c0-8f0f-3b8719b919a1,completed,crn:v1:bluemix:public:quantum-computing:us-east:a/d2c50f33c43a44abb94280706332351d:deeabf25-a0d5-4c7b-9a89-18c5ff158017::,us-east,batch,2025-08-20T20:30:42.209Z,2025-08-20T20:40:19.151Z,ibm_fez,260,Grier Jones,,d2c50f33c43a44abb94280706332351d,,
4993c8e7-508a-40f7-b4c6-daab8b5d793f,completed,crn:v1:bluemix:public:quantum-computing:us-east:a/d2c50f33c43a44abb94280706332351d:deeabf25-a0d5-4c7b-9a89-18c5ff158017::,us-east,batch,2025-08-20T20:30:42.208Z,2025-08-20T20:57:28.091Z,ibm_fez,272,Grier Jones,,d2c50f33c43a44abb94280706332351d,,
774a17d4-5d58-4494-81a2-984fbc89df17,completed,crn:v1:bluemix:public:quantum-computing:us-east:a/d2c50f33c43a44abb94280706332351d:deeabf25-a0d5-4c7b-9a89-18c5ff158017::,us-east,batch,2025-08-20T20:30:42.208Z,2025-08-20T20:44:46.777Z,ibm_fez,200,Grier Jones,,d2c50f33c43a44abb94280706332351d,,
a0b2986e-17b2-4308-8f9b-41508bba9c2f,completed,crn:v1:bluemix:public:quantum-computing:us-east:a/d2c50f33c43a44abb94280706332351d:deeabf25-a0d5-4c7b-9a89-18c5ff158017::,us-east,batch,2025-08-20T20:04:01.780Z,2025-08-20T20:24:15.470Z,ibm_fez,207,Grier Jones,,d2c50f33c43a44abb94280706332351d,,
4cac9e17-2987-43e7-be3a-f061ea06bc1c,completed,crn:v1:bluemix:public:quantum-computing:us-east:a/d2c50f33c43a44abb94280706332351d:deeabf25-a0d5-4c7b-9a89-18c5ff158017::,us-east,batch,2025-08-20T20:04:01.756Z,2025-08-20T20:09:00.527Z,ibm_fez,260,Grier Jones,,d2c50f33c43a44abb94280706332351d,,
ec45365e-02e0-48fe-bcac-c9f486c42d6c,completed,crn:v1:bluemix:public:quantum-computing:us-east:a/d2c50f33c43a44abb94280706332351d:deeabf25-a0d5-4c7b-9a89-18c5ff158017::,us-east,batch,2025-08-20T20:04:01.642Z,2025-08-20T20:19:33.952Z,ibm_fez,264,Grier Jones,,d2c50f33c43a44abb94280706332351d,,
730aa473-80e3-477b-8057-f9877297cdbb,completed,crn:v1:bluemix:public:quantum-computing:us-east:a/d2c50f33c43a44abb94280706332351d:deeabf25-a0d5-4c7b-9a89-18c5ff158017::,us-east,batch,2025-08-20T20:04:01.635Z,2025-08-20T20:14:14.207Z,ibm_fez,259,Grier Jones,,d2c50f33c43a44abb94280706332351d,,
b547c62b-3170-4303-a1fb-4c59f1ae21a7,completed,crn:v1:bluemix:public:quantum-computing:us-east:a/d2c50f33c43a44abb94280706332351d:deeabf25-a0d5-4c7b-9a89-18c5ff158017::,us-east,batch,2025-08-20T20:04:01.627Z,2025-08-20T20:30:37.496Z,ibm_fez,260,Grier Jones,,d2c50f33c43a44abb94280706332351d,,
b88c5eec-c766-461d-99b5-e1bb48a9b452,completed,crn:v1:bluemix:public:quantum-computing:us-east:a/d2c50f33c43a44abb94280706332351d:deeabf25-a0d5-4c7b-9a89-18c5ff158017::,us-east,batch,2025-08-20T19:33:37.095Z,2025-08-20T20:03:52.027Z,ibm_fez,195,Grier Jones,,d2c50f33c43a44abb94280706332351d,,
0c76514c-7c57-4f5a-9b59-e3b3e263e225,completed,crn:v1:bluemix:public:quantum-computing:us-east:a/d2c50f33c43a44abb94280706332351d:deeabf25-a0d5-4c7b-9a89-18c5ff158017::,us-east,batch,2025-08-20T19:33:37.037Z,2025-08-20T19:39:25.041Z,ibm_fez,265,Grier Jones,,d2c50f33c43a44abb94280706332351d,,
047c62cf-638c-45f5-a600-d4612c81fc16,completed,crn:v1:bluemix:public:quantum-computing:us-east:a/d2c50f33c43a44abb94280706332351d:deeabf25-a0d5-4c7b-9a89-18c5ff158017::,us-east,batch,2025-08-20T19:33:36.998Z,2025-08-20T19:44:05.659Z,ibm_fez,260,Grier Jones,,d2c50f33c43a44abb94280706332351d,,
68412c0b-9d7a-4453-a261-bc7d46711324,completed,crn:v1:bluemix:public:quantum-computing:us-east:a/d2c50f33c43a44abb94280706332351d:deeabf25-a0d5-4c7b-9a89-18c5ff158017::,us-east,batch,2025-08-20T19:33:36.968Z,2025-08-20T20:00:17.405Z,ibm_fez,260,Grier Jones,,d2c50f33c43a44abb94280706332351d,,
ce2b45dc-d489-47d8-bd91-086a2091b430,completed,crn:v1:bluemix:public:quantum-computing:us-east:a/d2c50f33c43a44abb94280706332351d:deeabf25-a0d5-4c7b-9a89-18c5ff158017::,us-east,batch,2025-08-20T19:33:36.946Z,2025-08-20T19:54:26.569Z,ibm_fez,278,Grier Jones,,d2c50f33c43a44abb94280706332351d,,
afc90d8e-e15c-4738-82b5-4af1d2ccca2a,completed,crn:v1:bluemix:public:quantum-computing:us-east:a/d2c50f33c43a44abb94280706332351d:deeabf25-a0d5-4c7b-9a89-18c5ff158017::,us-east,batch,2025-08-20T18:50:54.021Z,2025-08-20T19:26:04.382Z,ibm_fez,200,Grier Jones,,d2c50f33c43a44abb94280706332351d,,
8137412d-981c-4c91-9f68-e32402701aa1,completed,crn:v1:bluemix:public:quantum-computing:us-east:a/d2c50f33c43a44abb94280706332351d:deeabf25-a0d5-4c7b-9a89-18c5ff158017::,us-east,batch,2025-08-20T18:50:53.976Z,2025-08-20T19:11:48.447Z,ibm_fez,268,Grier Jones,,d2c50f33c43a44abb94280706332351d,,
1676e3dc-ed34-4ab4-bc10-6995533d8253,completed,crn:v1:bluemix:public:quantum-computing:us-east:a/d2c50f33c43a44abb94280706332351d:deeabf25-a0d5-4c7b-9a89-18c5ff158017::,us-east,batch,2025-08-20T18:50:53.959Z,2025-08-20T19:33:36.007Z,ibm_fez,270,Grier Jones,,d2c50f33c43a44abb94280706332351d,,
7bf5e40b-a238-49b7-9657-7b839d075a40,completed,crn:v1:bluemix:public:quantum-computing:us-east:a/d2c50f33c43a44abb94280706332351d:deeabf25-a0d5-4c7b-9a89-18c5ff158017::,us-east,batch,2025-08-20T18:50:53.940Z,2025-08-20T19:16:36.881Z,ibm_fez,260,Grier Jones,,d2c50f33c43a44abb94280706332351d,,
b025dd60-6751-451e-92c2-95ef4d271891,completed,crn:v1:bluemix:public:quantum-computing:us-east:a/d2c50f33c43a44abb94280706332351d:deeabf25-a0d5-4c7b-9a89-18c5ff158017::,us-east,batch,2025-08-20T18:50:53.936Z,2025-08-20T19:21:16.122Z,ibm_fez,260,Grier Jones,,d2c50f33c43a44abb94280706332351d,,
5de2ca40-1edf-4b88-b168-10d101fba5e7,completed,crn:v1:bluemix:public:quantum-computing:us-east:a/d2c50f33c43a44abb94280706332351d:deeabf25-a0d5-4c7b-9a89-18c5ff158017::,us-east,batch,2025-08-20T17:40:02.411Z,2025-08-20T17:53:16.626Z,ibm_fez,270,Grier Jones,,d2c50f33c43a44abb94280706332351d,,
241d95e3-c58c-4331-a969-cbe371321d40,completed,crn:v1:bluemix:public:quantum-computing:us-east:a/d2c50f33c43a44abb94280706332351d:deeabf25-a0d5-4c7b-9a89-18c5ff158017::,us-east,batch,2025-08-20T17:40:02.411Z,2025-08-20T17:45:39.343Z,ibm_fez,205,Grier Jones,,d2c50f33c43a44abb94280706332351d,,
2d0c0d38-4cf6-4883-a78f-4ff1f8d40ba7,completed,crn:v1:bluemix:public:quantum-computing:us-east:a/d2c50f33c43a44abb94280706332351d:deeabf25-a0d5-4c7b-9a89-18c5ff158017::,us-east,batch,2025-08-20T17:40:02.324Z,2025-08-20T18:50:51.701Z,ibm_fez,264,Grier Jones,,d2c50f33c43a44abb94280706332351d,,
8bca286e-03be-4fa4-b31d-9a3d6f9d79b0,completed,crn:v1:bluemix:public:quantum-computing:us-east:a/d2c50f33c43a44abb94280706332351d:deeabf25-a0d5-4c7b-9a89-18c5ff158017::,us-east,batch,2025-08-20T17:40:02.272Z,2025-08-20T18:01:28.105Z,ibm_fez,270,Grier Jones,,d2c50f33c43a44abb94280706332351d,,
cacc76f7-7b05-4e17-be58-fb5a8835c116,completed,crn:v1:bluemix:public:quantum-computing:us-east:a/d2c50f33c43a44abb94280706332351d:deeabf25-a0d5-4c7b-9a89-18c5ff158017::,us-east,batch,2025-08-20T17:40:02.260Z,2025-08-20T18:30:28.380Z,ibm_fez,281,Grier Jones,,d2c50f33c43a44abb94280706332351d,,
ffe0680c-3117-4fa0-9822-59f33c4a10a4,completed,crn:v1:bluemix:public:quantum-computing:us-east:a/d2c50f33c43a44abb94280706332351d:deeabf25-a0d5-4c7b-9a89-18c5ff158017::,us-east,batch,2025-08-20T16:53:04.502Z,2025-08-20T17:02:29.015Z,ibm_fez,260,Grier Jones,,d2c50f33c43a44abb94280706332351d,,
71fbb8b1-dd0b-44c8-b3af-e5bec865b217,completed,crn:v1:bluemix:public:quantum-computing:us-east:a/d2c50f33c43a44abb94280706332351d:deeabf25-a0d5-4c7b-9a89-18c5ff158017::,us-east,batch,2025-08-20T16:53:04.429Z,2025-08-20T16:57:52.888Z,ibm_fez,260,Grier Jones,,d2c50f33c43a44abb94280706332351d,,
8b509b7c-ed10-404a-a8b7-fe4312c68348,completed,crn:v1:bluemix:public:quantum-computing:us-east:a/d2c50f33c43a44abb94280706332351d:deeabf25-a0d5-4c7b-9a89-18c5ff158017::,us-east,batch,2025-08-20T16:53:04.278Z,2025-08-20T17:40:01.450Z,ibm_fez,266,Grier Jones,,d2c50f33c43a44abb94280706332351d,,
ef2965ea-8587-4abf-baef-2b35268cf600,completed,crn:v1:bluemix:public:quantum-computing:us-east:a/d2c50f33c43a44abb94280706332351d:deeabf25-a0d5-4c7b-9a89-18c5ff158017::,us-east,batch,2025-08-20T16:53:04.274Z,2025-08-20T17:13:37.110Z,ibm_fez,200,Grier Jones,,d2c50f33c43a44abb94280706332351d,,
38b844d6-3ed1-45d0-86ae-a4eed9d376b1,completed,crn:v1:bluemix:public:quantum-computing:us-east:a/d2c50f33c43a44abb94280706332351d:deeabf25-a0d5-4c7b-9a89-18c5ff158017::,us-east,batch,2025-08-20T16:53:04.273Z,2025-08-20T17:07:44.331Z,ibm_fez,260,Grier Jones,,d2c50f33c43a44abb94280706332351d,,
666594c5-04bb-4e87-80c4-59102bf49a30,completed,crn:v1:bluemix:public:quantum-computing:us-east:a/d2c50f33c43a44abb94280706332351d:deeabf25-a0d5-4c7b-9a89-18c5ff158017::,us-east,batch,2025-08-20T16:29:26.690Z,2025-08-20T16:53:02.364Z,ibm_fez,260,Grier Jones,,d2c50f33c43a44abb94280706332351d,,
78dfb58b-b812-4a52-9fa5-c94a2a0c4582,completed,crn:v1:bluemix:public:quantum-computing:us-east:a/d2c50f33c43a44abb94280706332351d:deeabf25-a0d5-4c7b-9a89-18c5ff158017::,us-east,batch,2025-08-20T16:29:26.567Z,2025-08-20T16:42:08.998Z,ibm_fez,195,Grier Jones,,d2c50f33c43a44abb94280706332351d,,
d4a58eca-e622-4d19-adc9-518ff3b6713a,completed,crn:v1:bluemix:public:quantum-computing:us-east:a/d2c50f33c43a44abb94280706332351d:deeabf25-a0d5-4c7b-9a89-18c5ff158017::,us-east,batch,2025-08-20T16:29:26.551Z,2025-08-20T16:34:09.723Z,ibm_fez,261,Grier Jones,,d2c50f33c43a44abb94280706332351d,,
3cb2121f-1a88-4038-a8c2-95a73a06a72f,completed,crn:v1:bluemix:public:quantum-computing:us-east:a/d2c50f33c43a44abb94280706332351d:deeabf25-a0d5-4c7b-9a89-18c5ff158017::,us-east,batch,2025-08-20T16:29:26.550Z,2025-08-20T16:47:50.737Z,ibm_fez,267,Grier Jones,,d2c50f33c43a44abb94280706332351d,,
9d55e05d-cffa-4a7c-abf6-73486eceea12,completed,crn:v1:bluemix:public:quantum-computing:us-east:a/d2c50f33c43a44abb94280706332351d:deeabf25-a0d5-4c7b-9a89-18c5ff158017::,us-east,batch,2025-08-20T16:29:26.538Z,2025-08-20T16:38:46.480Z,ibm_fez,260,Grier Jones,,d2c50f33c43a44abb94280706332351d,,
23759165-fe4b-435c-85b4-0c0e5ad347dc,completed,crn:v1:bluemix:public:quantum-computing:us-east:a/d2c50f33c43a44abb94280706332351d:deeabf25-a0d5-4c7b-9a89-18c5ff158017::,us-east,batch,2025-08-20T16:05:27.553Z,2025-08-20T16:10:14.222Z,ibm_fez,260,Grier Jones,,d2c50f33c43a44abb94280706332351d,,
bb03fd16-ce41-4baf-a02c-e283997d160c,completed,crn:v1:bluemix:public:quantum-computing:us-east:a/d2c50f33c43a44abb94280706332351d:deeabf25-a0d5-4c7b-9a89-18c5ff158017::,us-east,batch,2025-08-20T16:05:27.508Z,2025-08-20T16:29:24.180Z,ibm_fez,260,Grier Jones,,d2c50f33c43a44abb94280706332351d,,
be9826f6-3c07-405f-8c4c-796a69041da6,completed,crn:v1:bluemix:public:quantum-computing:us-east:a/d2c50f33c43a44abb94280706332351d:deeabf25-a0d5-4c7b-9a89-18c5ff158017::,us-east,batch,2025-08-20T16:05:27.473Z,2025-08-20T16:14:50.494Z,ibm_fez,260,Grier Jones,,d2c50f33c43a44abb94280706332351d,,
8b846fae-3e89-46d1-9e56-1fa2ece55023,completed,crn:v1:bluemix:public:quantum-computing:us-east:a/d2c50f33c43a44abb94280706332351d:deeabf25-a0d5-4c7b-9a89-18c5ff158017::,us-east,batch,2025-08-20T16:05:27.444Z,2025-08-20T16:24:31.908Z,ibm_fez,260,Grier Jones,,d2c50f33c43a44abb94280706332351d,,
9d1239dc-f9f8-4e6a-9ccd-8f8045ad54c3,completed,crn:v1:bluemix:public:quantum-computing:us-east:a/d2c50f33c43a44abb94280706332351d:deeabf25-a0d5-4c7b-9a89-18c5ff158017::,us-east,batch,2025-08-20T16:05:27.413Z,2025-08-20T16:19:58.652Z,ibm_fez,195,Grier Jones,,d2c50f33c43a44abb94280706332351d,,
267d988a-afb1-4427-b1aa-ffbb4ffd50b9,completed,crn:v1:bluemix:public:quantum-computing:us-east:a/d2c50f33c43a44abb94280706332351d:deeabf25-a0d5-4c7b-9a89-18c5ff158017::,us-east,batch,2025-08-20T15:34:01.170Z,2025-08-20T16:00:47.765Z,ibm_fez,277,Grier Jones,,d2c50f33c43a44abb94280706332351d,,
e5d45436-6385-4031-99cd-707da8d87937,completed,crn:v1:bluemix:public:quantum-computing:us-east:a/d2c50f33c43a44abb94280706332351d:deeabf25-a0d5-4c7b-9a89-18c5ff158017::,us-east,batch,2025-08-20T15:34:01.144Z,2025-08-20T15:50:15.243Z,ibm_fez,278,Grier Jones,,d2c50f33c43a44abb94280706332351d,,
04d5268d-3762-4bf1-a8a6-ec7d121bfc9d,completed,crn:v1:bluemix:public:quantum-computing:us-east:a/d2c50f33c43a44abb94280706332351d:deeabf25-a0d5-4c7b-9a89-18c5ff158017::,us-east,batch,2025-08-20T15:34:01.087Z,2025-08-20T16:05:24.331Z,ibm_fez,260,Grier Jones,,d2c50f33c43a44abb94280706332351d,,
ca85c7d0-77e4-4224-bf43-2394e1860f32,completed,crn:v1:bluemix:public:quantum-computing:us-east:a/d2c50f33c43a44abb94280706332351d:deeabf25-a0d5-4c7b-9a89-18c5ff158017::,us-east,batch,2025-08-20T15:34:01.073Z,2025-08-20T15:42:08.442Z,ibm_fez,195,Grier Jones,,d2c50f33c43a44abb94280706332351d,,
1d202030-4357-4982-b6e8-f4bb58b7becf,completed,crn:v1:bluemix:public:quantum-computing:us-east:a/d2c50f33c43a44abb94280706332351d:deeabf25-a0d5-4c7b-9a89-18c5ff158017::,us-east,batch,2025-08-20T15:34:01.070Z,2025-08-20T15:38:45.304Z,ibm_fez,260,Grier Jones,,d2c50f33c43a44abb94280706332351d,,
caaa809a-3c07-47f4-b234-426c19ed580c,completed,crn:v1:bluemix:public:quantum-computing:us-east:a/d2c50f33c43a44abb94280706332351d:deeabf25-a0d5-4c7b-9a89-18c5ff158017::,us-east,batch,2025-08-20T14:37:35.204Z,2025-08-20T15:25:11.916Z,ibm_fez,261,Grier Jones,,d2c50f33c43a44abb94280706332351d,,
e6b6db29-d76c-473d-9927-69bbc36ddb63,completed,crn:v1:bluemix:public:quantum-computing:us-east:a/d2c50f33c43a44abb94280706332351d:deeabf25-a0d5-4c7b-9a89-18c5ff158017::,us-east,batch,2025-08-20T14:37:35.167Z,2025-08-20T15:29:24.126Z,ibm_fez,194,Grier Jones,,d2c50f33c43a44abb94280706332351d,,
df988ff2-858e-48e9-9671-7634d1f01727,completed,crn:v1:bluemix:public:quantum-computing:us-east:a/d2c50f33c43a44abb94280706332351d:deeabf25-a0d5-4c7b-9a89-18c5ff158017::,us-east,batch,2025-08-20T14:37:35.158Z,2025-08-20T14:42:40.634Z,ibm_fez,260,Grier Jones,,d2c50f33c43a44abb94280706332351d,,
9cbdff10-dd54-4591-89e0-db93ec33c825,completed,crn:v1:bluemix:public:quantum-computing:us-east:a/d2c50f33c43a44abb94280706332351d:deeabf25-a0d5-4c7b-9a89-18c5ff158017::,us-east,batch,2025-08-20T14:37:35.131Z,2025-08-20T15:20:20.647Z,ibm_fez,260,Grier Jones,,d2c50f33c43a44abb94280706332351d,,
de96b446-00ab-4a43-a1c8-ad51b481e99b,completed,crn:v1:bluemix:public:quantum-computing:us-east:a/d2c50f33c43a44abb94280706332351d:deeabf25-a0d5-4c7b-9a89-18c5ff158017::,us-east,batch,2025-08-20T14:37:35.102Z,2025-08-20T15:34:00.053Z,ibm_fez,260,Grier Jones,,d2c50f33c43a44abb94280706332351d,,
9bd0a708-0eaf-4eac-8bab-868e73c9df1b,completed,crn:v1:bluemix:public:quantum-computing:us-east:a/d2c50f33c43a44abb94280706332351d:deeabf25-a0d5-4c7b-9a89-18c5ff158017::,us-east,batch,2025-08-20T14:06:17.978Z,2025-08-20T14:23:26.112Z,ibm_fez,259,Grier Jones,,d2c50f33c43a44abb94280706332351d,,
acfec3b3-d62b-4f2e-ad67-c38b186affe7,completed,crn:v1:bluemix:public:quantum-computing:us-east:a/d2c50f33c43a44abb94280706332351d:deeabf25-a0d5-4c7b-9a89-18c5ff158017::,us-east,batch,2025-08-20T14:06:17.946Z,2025-08-20T14:18:49.719Z,ibm_fez,260,Grier Jones,,d2c50f33c43a44abb94280706332351d,,
df448517-007a-4757-8f49-ff0537a854df,completed,crn:v1:bluemix:public:quantum-computing:us-east:a/d2c50f33c43a44abb94280706332351d:deeabf25-a0d5-4c7b-9a89-18c5ff158017::,us-east,batch,2025-08-20T14:06:17.936Z,2025-08-20T14:29:28.516Z,ibm_fez,264,Grier Jones,,d2c50f33c43a44abb94280706332351d,,
4dbcc92a-d7c0-4b9b-853e-1bf6a7dfa405,completed,crn:v1:bluemix:public:quantum-computing:us-east:a/d2c50f33c43a44abb94280706332351d:deeabf25-a0d5-4c7b-9a89-18c5ff158017::,us-east,batch,2025-08-20T14:06:17.876Z,2025-08-20T14:37:34.150Z,ibm_fez,265,Grier Jones,,d2c50f33c43a44abb94280706332351d,,
9b623ca5-b025-4f83-a6b0-e498c1ab295a,completed,crn:v1:bluemix:public:quantum-computing:us-east:a/d2c50f33c43a44abb94280706332351d:deeabf25-a0d5-4c7b-9a89-18c5ff158017::,us-east,batch,2025-08-20T14:06:17.850Z,2025-08-20T14:13:57.768Z,ibm_fez,423,Grier Jones,,d2c50f33c43a44abb94280706332351d,,
d1eaf1ec-8f00-4640-bd89-0a126f122326,completed,crn:v1:bluemix:public:quantum-computing:us-east:a/d2c50f33c43a44abb94280706332351d:deeabf25-a0d5-4c7b-9a89-18c5ff158017::,us-east,batch,2025-08-20T12:37:16.636Z,2025-08-20T13:35:39.327Z,ibm_fez,285,Grier Jones,,d2c50f33c43a44abb94280706332351d,,
ef652181-fa13-4533-bf98-3af5b6489254,completed,crn:v1:bluemix:public:quantum-computing:us-east:a/d2c50f33c43a44abb94280706332351d:deeabf25-a0d5-4c7b-9a89-18c5ff158017::,us-east,batch,2025-08-20T12:37:16.623Z,2025-08-20T14:06:08.346Z,ibm_fez,208,Grier Jones,,d2c50f33c43a44abb94280706332351d,,
c483d207-bd7d-43e2-a814-e5d4df0996a8,completed,crn:v1:bluemix:public:quantum-computing:us-east:a/d2c50f33c43a44abb94280706332351d:deeabf25-a0d5-4c7b-9a89-18c5ff158017::,us-east,batch,2025-08-20T12:37:16.622Z,2025-08-20T12:50:56.504Z,ibm_fez,270,Grier Jones,,d2c50f33c43a44abb94280706332351d,,
d1536a7c-0edf-4920-a78c-7331aeaa9cd3,completed,crn:v1:bluemix:public:quantum-computing:us-east:a/d2c50f33c43a44abb94280706332351d:deeabf25-a0d5-4c7b-9a89-18c5ff158017::,us-east,batch,2025-08-20T12:37:16.609Z,2025-08-20T14:01:30.841Z,ibm_fez,269,Grier Jones,,d2c50f33c43a44abb94280706332351d,,
0044d161-081b-4ff2-91d5-430a5e34782f,completed,crn:v1:bluemix:public:quantum-computing:us-east:a/d2c50f33c43a44abb94280706332351d:deeabf25-a0d5-4c7b-9a89-18c5ff158017::,us-east,batch,2025-08-20T12:37:16.589Z,2025-08-20T12:58:26.315Z,ibm_fez,260,Grier Jones,,d2c50f33c43a44abb94280706332351d,,
c2f10562-56bd-4f16-8c22-905b85462239,completed,crn:v1:bluemix:public:quantum-computing:us-east:a/d2c50f33c43a44abb94280706332351d:deeabf25-a0d5-4c7b-9a89-18c5ff158017::,us-east,batch,2025-08-20T12:02:12.852Z,2025-08-20T12:07:16.649Z,ibm_fez,265,Grier Jones,,d2c50f33c43a44abb94280706332351d,,
4883d045-394c-4e8d-b1ec-fdb73ecb2e80,completed,crn:v1:bluemix:public:quantum-computing:us-east:a/d2c50f33c43a44abb94280706332351d:deeabf25-a0d5-4c7b-9a89-18c5ff158017::,us-east,batch,2025-08-20T12:02:12.843Z,2025-08-20T12:18:10.785Z,ibm_fez,197,Grier Jones,,d2c50f33c43a44abb94280706332351d,,
a9b8baec-5681-4767-8acc-f99c42046243,completed,crn:v1:bluemix:public:quantum-computing:us-east:a/d2c50f33c43a44abb94280706332351d:deeabf25-a0d5-4c7b-9a89-18c5ff158017::,us-east,batch,2025-08-20T12:02:12.797Z,2025-08-20T12:12:16.470Z,ibm_fez,265,Grier Jones,,d2c50f33c43a44abb94280706332351d,,
5c58d3a6-52ef-4e4d-8a67-a96d0e995080,completed,crn:v1:bluemix:public:quantum-computing:us-east:a/d2c50f33c43a44abb94280706332351d:deeabf25-a0d5-4c7b-9a89-18c5ff158017::,us-east,batch,2025-08-20T12:02:12.706Z,2025-08-20T12:37:11.821Z,ibm_fez,291,Grier Jones,,d2c50f33c43a44abb94280706332351d,,
27221b39-b246-46e2-a4a7-3dd472d007fa,completed,crn:v1:bluemix:public:quantum-computing:us-east:a/d2c50f33c43a44abb94280706332351d:deeabf25-a0d5-4c7b-9a89-18c5ff158017::,us-east,batch,2025-08-20T12:02:12.613Z,2025-08-20T12:25:03.644Z,ibm_fez,258,Grier Jones,,d2c50f33c43a44abb94280706332351d,,
dafa3703-ec40-47b0-b751-cd404dcda77e,completed,crn:v1:bluemix:public:quantum-computing:us-east:a/d2c50f33c43a44abb94280706332351d:deeabf25-a0d5-4c7b-9a89-18c5ff158017::,us-east,batch,2025-08-20T11:32:48.080Z,2025-08-20T11:48:57.443Z,ibm_fez,277,Grier Jones,,d2c50f33c43a44abb94280706332351d,,
1894b2da-190a-4180-a884-b9e202cde2b7,completed,crn:v1:bluemix:public:quantum-computing:us-east:a/d2c50f33c43a44abb94280706332351d:deeabf25-a0d5-4c7b-9a89-18c5ff158017::,us-east,batch,2025-08-20T11:32:47.986Z,2025-08-20T12:02:10.551Z,ibm_fez,270,Grier Jones,,d2c50f33c43a44abb94280706332351d,,
10708310-d5de-4915-bd6a-c499fa60f3dd,completed,crn:v1:bluemix:public:quantum-computing:us-east:a/d2c50f33c43a44abb94280706332351d:deeabf25-a0d5-4c7b-9a89-18c5ff158017::,us-east,batch,2025-08-20T11:32:47.983Z,2025-08-20T11:53:53.620Z,ibm_fez,209,Grier Jones,,d2c50f33c43a44abb94280706332351d,,
b6a56e79-f6d1-4c6b-acfc-27a761cb1cd3,completed,crn:v1:bluemix:public:quantum-computing:us-east:a/d2c50f33c43a44abb94280706332351d:deeabf25-a0d5-4c7b-9a89-18c5ff158017::,us-east,batch,2025-08-20T11:32:47.973Z,2025-08-20T11:37:22.348Z,ibm_fez,260,Grier Jones,,d2c50f33c43a44abb94280706332351d,,
730a12b8-7757-49a9-b2a6-7204270085b9,completed,crn:v1:bluemix:public:quantum-computing:us-east:a/d2c50f33c43a44abb94280706332351d:deeabf25-a0d5-4c7b-9a89-18c5ff158017::,us-east,batch,2025-08-20T11:32:47.970Z,2025-08-20T11:41:49.522Z,ibm_fez,259,Grier Jones,,d2c50f33c43a44abb94280706332351d,,
699e0b18-0138-4e7d-becf-1f924e0a28f8,completed,crn:v1:bluemix:public:quantum-computing:us-east:a/d2c50f33c43a44abb94280706332351d:deeabf25-a0d5-4c7b-9a89-18c5ff158017::,us-east,batch,2025-08-20T11:09:16.176Z,2025-08-20T11:32:38.823Z,ibm_fez,194,Grier Jones,,d2c50f33c43a44abb94280706332351d,,
2ab34470-e478-462e-a741-6b18252c3b59,completed,crn:v1:bluemix:public:quantum-computing:us-east:a/d2c50f33c43a44abb94280706332351d:deeabf25-a0d5-4c7b-9a89-18c5ff158017::,us-east,batch,2025-08-20T11:09:16.172Z,2025-08-20T11:22:45.129Z,ibm_fez,260,Grier Jones,,d2c50f33c43a44abb94280706332351d,,
b4c2a0a9-9200-48e9-941f-f1781966633c,completed,crn:v1:bluemix:public:quantum-computing:us-east:a/d2c50f33c43a44abb94280706332351d:deeabf25-a0d5-4c7b-9a89-18c5ff158017::,us-east,batch,2025-08-20T11:09:16.151Z,2025-08-20T11:27:17.499Z,ibm_fez,260,Grier Jones,,d2c50f33c43a44abb94280706332351d,,
fd0945f5-5d9e-455b-978a-e19ffb42c706,completed,crn:v1:bluemix:public:quantum-computing:us-east:a/d2c50f33c43a44abb94280706332351d:deeabf25-a0d5-4c7b-9a89-18c5ff158017::,us-east,batch,2025-08-20T11:09:16.151Z,2025-08-20T11:13:50.546Z,ibm_fez,260,Grier Jones,,d2c50f33c43a44abb94280706332351d,,
093c8178-8b75-4854-af88-aa90e90dc877,completed,crn:v1:bluemix:public:quantum-computing:us-east:a/d2c50f33c43a44abb94280706332351d:deeabf25-a0d5-4c7b-9a89-18c5ff158017::,us-east,batch,2025-08-20T11:09:15.997Z,2025-08-20T11:18:18.717Z,ibm_fez,260,Grier Jones,,d2c50f33c43a44abb94280706332351d,,
6955c147-d351-42f7-931d-bfc883a3ecb2,completed,crn:v1:bluemix:public:quantum-computing:us-east:a/d2c50f33c43a44abb94280706332351d:deeabf25-a0d5-4c7b-9a89-18c5ff158017::,us-east,batch,2025-08-20T10:45:52.349Z,2025-08-20T10:55:37.408Z,ibm_fez,266,Grier Jones,,d2c50f33c43a44abb94280706332351d,,
46501f46-ba62-49f1-b158-48e3ea227524,completed,crn:v1:bluemix:public:quantum-computing:us-east:a/d2c50f33c43a44abb94280706332351d:deeabf25-a0d5-4c7b-9a89-18c5ff158017::,us-east,batch,2025-08-20T10:45:52.347Z,2025-08-20T11:00:46.012Z,ibm_fez,265,Grier Jones,,d2c50f33c43a44abb94280706332351d,,
4c9cf1eb-5387-43c1-95ff-43f3f6f57b64,completed,crn:v1:bluemix:public:quantum-computing:us-east:a/d2c50f33c43a44abb94280706332351d:deeabf25-a0d5-4c7b-9a89-18c5ff158017::,us-east,batch,2025-08-20T10:45:52.324Z,2025-08-20T11:09:11.512Z,ibm_fez,268,Grier Jones,,d2c50f33c43a44abb94280706332351d,,
5b52dbae-54ed-4357-86d6-9fb74d1e1c0f,completed,crn:v1:bluemix:public:quantum-computing:us-east:a/d2c50f33c43a44abb94280706332351d:deeabf25-a0d5-4c7b-9a89-18c5ff158017::,us-east,batch,2025-08-20T10:45:52.165Z,2025-08-20T10:50:27.093Z,ibm_fez,260,Grier Jones,,d2c50f33c43a44abb94280706332351d,,
720d87f2-ff90-4dba-86eb-2ad92fe256e7,completed,crn:v1:bluemix:public:quantum-computing:us-east:a/d2c50f33c43a44abb94280706332351d:deeabf25-a0d5-4c7b-9a89-18c5ff158017::,us-east,batch,2025-08-20T10:45:52.114Z,2025-08-20T11:04:09.160Z,ibm_fez,195,Grier Jones,,d2c50f33c43a44abb94280706332351d,,
5a22b295-4ccb-4f19-b6d1-adeedf4f9b89,completed,crn:v1:bluemix:public:quantum-computing:us-east:a/d2c50f33c43a44abb94280706332351d:deeabf25-a0d5-4c7b-9a89-18c5ff158017::,us-east,batch,2025-08-20T10:22:30.133Z,2025-08-20T10:45:49.069Z,ibm_fez,260,Grier Jones,,d2c50f33c43a44abb94280706332351d,,
37561e62-2862-41e7-af5c-772bc9aee326,completed,crn:v1:bluemix:public:quantum-computing:us-east:a/d2c50f33c43a44abb94280706332351d:deeabf25-a0d5-4c7b-9a89-18c5ff158017::,us-east,batch,2025-08-20T10:22:30.067Z,2025-08-20T10:32:26.981Z,ibm_fez,195,Grier Jones,,d2c50f33c43a44abb94280706332351d,,
f8df5689-8ced-4187-9bb1-66d3e7285af1,completed,crn:v1:bluemix:public:quantum-computing:us-east:a/d2c50f33c43a44abb94280706332351d:deeabf25-a0d5-4c7b-9a89-18c5ff158017::,us-east,batch,2025-08-20T10:22:30.054Z,2025-08-20T10:36:53.737Z,ibm_fez,260,Grier Jones,,d2c50f33c43a44abb94280706332351d,,
97621551-1a9d-4df9-98f6-38d58955036b,completed,crn:v1:bluemix:public:quantum-computing:us-east:a/d2c50f33c43a44abb94280706332351d:deeabf25-a0d5-4c7b-9a89-18c5ff158017::,us-east,batch,2025-08-20T10:22:30.054Z,2025-08-20T10:41:21.811Z,ibm_fez,261,Grier Jones,,d2c50f33c43a44abb94280706332351d,,
c05ee7e3-de04-44a1-bcf2-eef27eb13daa,completed,crn:v1:bluemix:public:quantum-computing:us-east:a/d2c50f33c43a44abb94280706332351d:deeabf25-a0d5-4c7b-9a89-18c5ff158017::,us-east,batch,2025-08-20T10:22:30.048Z,2025-08-20T10:29:04.293Z,ibm_fez,278,Grier Jones,,d2c50f33c43a44abb94280706332351d,,
bf643fa9-05bb-491e-ad04-b098f898d0bf,completed,crn:v1:bluemix:public:quantum-computing:us-east:a/d2c50f33c43a44abb94280706332351d:deeabf25-a0d5-4c7b-9a89-18c5ff158017::,us-east,batch,2025-08-20T08:29:23.131Z,2025-08-20T10:22:28.982Z,ibm_fez,270,Grier Jones,,d2c50f33c43a44abb94280706332351d,,
b5caa907-3586-4f13-a436-8cf35b8c5480,completed,crn:v1:bluemix:public:quantum-computing:us-east:a/d2c50f33c43a44abb94280706332351d:deeabf25-a0d5-4c7b-9a89-18c5ff158017::,us-east,batch,2025-08-20T08:29:23.120Z,2025-08-20T10:16:32.353Z,ibm_fez,215,Grier Jones,,d2c50f33c43a44abb94280706332351d,,
145440de-bade-4b49-815a-741cd8ae8101,completed,crn:v1:bluemix:public:quantum-computing:us-east:a/d2c50f33c43a44abb94280706332351d:deeabf25-a0d5-4c7b-9a89-18c5ff158017::,us-east,batch,2025-08-20T08:29:23.111Z,2025-08-20T09:54:47.984Z,ibm_fez,272,Grier Jones,,d2c50f33c43a44abb94280706332351d,,
7bbb48fb-7222-4b61-8d2f-10166e76eaff,completed,crn:v1:bluemix:public:quantum-computing:us-east:a/d2c50f33c43a44abb94280706332351d:deeabf25-a0d5-4c7b-9a89-18c5ff158017::,us-east,batch,2025-08-20T08:29:23.017Z,2025-08-20T10:10:31.235Z,ibm_fez,287,Grier Jones,,d2c50f33c43a44abb94280706332351d,,
f15b7fd8-4fcb-4bba-b95d-c46b654e6a67,completed,crn:v1:bluemix:public:quantum-computing:us-east:a/d2c50f33c43a44abb94280706332351d:deeabf25-a0d5-4c7b-9a89-18c5ff158017::,us-east,batch,2025-08-20T08:29:22.972Z,2025-08-20T10:01:51.133Z,ibm_fez,271,Grier Jones,,d2c50f33c43a44abb94280706332351d,,
8063142f-dfa3-4954-b7fe-636d3779488f,completed,crn:v1:bluemix:public:quantum-computing:us-east:a/d2c50f33c43a44abb94280706332351d:deeabf25-a0d5-4c7b-9a89-18c5ff158017::,us-east,batch,2025-08-20T08:04:54.828Z,2025-08-20T08:09:28.494Z,ibm_fez,257,Grier Jones,,d2c50f33c43a44abb94280706332351d,,
7f6189ca-0ff4-4165-8353-a0ad1bd7f318,completed,crn:v1:bluemix:public:quantum-computing:us-east:a/d2c50f33c43a44abb94280706332351d:deeabf25-a0d5-4c7b-9a89-18c5ff158017::,us-east,batch,2025-08-20T08:04:54.818Z,2025-08-20T08:13:55.492Z,ibm_fez,260,Grier Jones,,d2c50f33c43a44abb94280706332351d,,
e68a9a1a-519a-4ebf-9c0e-daaa752a2536,completed,crn:v1:bluemix:public:quantum-computing:us-east:a/d2c50f33c43a44abb94280706332351d:deeabf25-a0d5-4c7b-9a89-18c5ff158017::,us-east,batch,2025-08-20T08:04:54.798Z,2025-08-20T08:19:58.120Z,ibm_fez,275,Grier Jones,,d2c50f33c43a44abb94280706332351d,,
0f2b049d-8872-4776-93c7-7514a2e523c6,completed,crn:v1:bluemix:public:quantum-computing:us-east:a/d2c50f33c43a44abb94280706332351d:deeabf25-a0d5-4c7b-9a89-18c5ff158017::,us-east,batch,2025-08-20T08:04:54.796Z,2025-08-20T08:24:54.263Z,ibm_fez,211,Grier Jones,,d2c50f33c43a44abb94280706332351d,,
28d08cca-4fb4-41e0-906b-de1ae3ea72b6,completed,crn:v1:bluemix:public:quantum-computing:us-east:a/d2c50f33c43a44abb94280706332351d:deeabf25-a0d5-4c7b-9a89-18c5ff158017::,us-east,batch,2025-08-20T08:04:54.729Z,2025-08-20T08:29:21.618Z,ibm_fez,260,Grier Jones,,d2c50f33c43a44abb94280706332351d,,
bdf2b332-5949-44b1-9a98-6a1bd5d47f48,completed,crn:v1:bluemix:public:quantum-computing:us-east:a/d2c50f33c43a44abb94280706332351d:deeabf25-a0d5-4c7b-9a89-18c5ff158017::,us-east,batch,2025-08-20T07:40:23.382Z,2025-08-20T07:55:55.992Z,ibm_fez,260,Grier Jones,,d2c50f33c43a44abb94280706332351d,,
88cc3342-2be3-459b-aa9b-cd90dc086627,completed,crn:v1:bluemix:public:quantum-computing:us-east:a/d2c50f33c43a44abb94280706332351d:deeabf25-a0d5-4c7b-9a89-18c5ff158017::,us-east,batch,2025-08-20T07:40:23.315Z,2025-08-20T07:51:22.623Z,ibm_fez,285,Grier Jones,,d2c50f33c43a44abb94280706332351d,,
a5840819-2bcb-442c-b8e2-31bde4fb2b88,completed,crn:v1:bluemix:public:quantum-computing:us-east:a/d2c50f33c43a44abb94280706332351d:deeabf25-a0d5-4c7b-9a89-18c5ff158017::,us-east,batch,2025-08-20T07:40:23.314Z,2025-08-20T08:04:53.282Z,ibm_fez,260,Grier Jones,,d2c50f33c43a44abb94280706332351d,,
ff11e2b0-7126-4c18-b16b-00161addd41b,completed,crn:v1:bluemix:public:quantum-computing:us-east:a/d2c50f33c43a44abb94280706332351d:deeabf25-a0d5-4c7b-9a89-18c5ff158017::,us-east,batch,2025-08-20T07:40:23.306Z,2025-08-20T08:00:26.179Z,ibm_fez,263,Grier Jones,,d2c50f33c43a44abb94280706332351d,,
3c97b4b3-d3a0-4805-be3c-9ee5145fc166,completed,crn:v1:bluemix:public:quantum-computing:us-east:a/d2c50f33c43a44abb94280706332351d:deeabf25-a0d5-4c7b-9a89-18c5ff158017::,us-east,batch,2025-08-20T07:40:23.295Z,2025-08-20T07:44:50.777Z,ibm_fez,199,Grier Jones,,d2c50f33c43a44abb94280706332351d,,
b588a1d5-2e1f-46dd-808c-8fd966a4c60c,completed,crn:v1:bluemix:public:quantum-computing:us-east:a/d2c50f33c43a44abb94280706332351d:deeabf25-a0d5-4c7b-9a89-18c5ff158017::,us-east,batch,2025-08-20T07:16:08.645Z,2025-08-20T07:25:44.690Z,ibm_fez,195,Grier Jones,,d2c50f33c43a44abb94280706332351d,,
42be063b-2b01-4d53-805c-d4c0cf7b7007,completed,crn:v1:bluemix:public:quantum-computing:us-east:a/d2c50f33c43a44abb94280706332351d:deeabf25-a0d5-4c7b-9a89-18c5ff158017::,us-east,batch,2025-08-20T07:16:08.640Z,2025-08-20T07:40:20.976Z,ibm_fez,268,Grier Jones,,d2c50f33c43a44abb94280706332351d,,
efd98ba2-73e4-453a-bf24-538a0b39cdd4,completed,crn:v1:bluemix:public:quantum-computing:us-east:a/d2c50f33c43a44abb94280706332351d:deeabf25-a0d5-4c7b-9a89-18c5ff158017::,us-east,batch,2025-08-20T07:16:08.569Z,2025-08-20T07:22:22.102Z,ibm_fez,276,Grier Jones,,d2c50f33c43a44abb94280706332351d,,
bb722a7b-5fbd-4d6a-891d-345c72c0d396,completed,crn:v1:bluemix:public:quantum-computing:us-east:a/d2c50f33c43a44abb94280706332351d:deeabf25-a0d5-4c7b-9a89-18c5ff158017::,us-east,batch,2025-08-20T07:16:08.557Z,2025-08-20T07:30:11.825Z,ibm_fez,260,Grier Jones,,d2c50f33c43a44abb94280706332351d,,
e0a9e3b7-6a94-4aaf-8650-a5472d0303b4,completed,crn:v1:bluemix:public:quantum-computing:us-east:a/d2c50f33c43a44abb94280706332351d:deeabf25-a0d5-4c7b-9a89-18c5ff158017::,us-east,batch,2025-08-20T07:16:08.514Z,2025-08-20T07:35:14.277Z,ibm_fez,265,Grier Jones,,d2c50f33c43a44abb94280706332351d,,
855533cb-b9d6-4c53-8f16-139a95c5f733,completed,crn:v1:bluemix:public:quantum-computing:us-east:a/d2c50f33c43a44abb94280706332351d:deeabf25-a0d5-4c7b-9a89-18c5ff158017::,us-east,batch,2025-08-20T06:24:24.434Z,2025-08-20T07:16:00.379Z,ibm_fez,200,Grier Jones,,d2c50f33c43a44abb94280706332351d,,
63f1f558-3e89-4d86-9dc8-559807d66ed9,completed,crn:v1:bluemix:public:quantum-computing:us-east:a/d2c50f33c43a44abb94280706332351d:deeabf25-a0d5-4c7b-9a89-18c5ff158017::,us-east,batch,2025-08-20T06:24:24.427Z,2025-08-20T07:07:25.876Z,ibm_fez,259,Grier Jones,,d2c50f33c43a44abb94280706332351d,,
51f877fe-0f48-404f-9b51-7f09f4e0c2f9,completed,crn:v1:bluemix:public:quantum-computing:us-east:a/d2c50f33c43a44abb94280706332351d:deeabf25-a0d5-4c7b-9a89-18c5ff158017::,us-east,batch,2025-08-20T06:24:24.392Z,2025-08-20T07:02:56.012Z,ibm_fez,266,Grier Jones,,d2c50f33c43a44abb94280706332351d,,
bfb55348-f9d2-4aee-ab8d-65501a145d7d,completed,crn:v1:bluemix:public:quantum-computing:us-east:a/d2c50f33c43a44abb94280706332351d:deeabf25-a0d5-4c7b-9a89-18c5ff158017::,us-east,batch,2025-08-20T06:24:24.341Z,2025-08-20T06:44:00.687Z,ibm_fez,275,Grier Jones,,d2c50f33c43a44abb94280706332351d,,
8706120a-a89a-4fb1-b035-4a8464c39e90,completed,crn:v1:bluemix:public:quantum-computing:us-east:a/d2c50f33c43a44abb94280706332351d:deeabf25-a0d5-4c7b-9a89-18c5ff158017::,us-east,batch,2025-08-20T06:24:24.340Z,2025-08-20T07:11:52.884Z,ibm_fez,260,Grier Jones,,d2c50f33c43a44abb94280706332351d,,
2a81a4f7-4414-4653-b9ef-5b93dbd42486,completed,crn:v1:bluemix:public:quantum-computing:us-east:a/d2c50f33c43a44abb94280706332351d:deeabf25-a0d5-4c7b-9a89-18c5ff158017::,us-east,batch,2025-08-20T04:59:30.558Z,2025-08-20T05:09:40.409Z,ibm_fez,260,Grier Jones,,d2c50f33c43a44abb94280706332351d,,
c12caf56-1de9-4bc7-b4a3-5f5b681e8050,completed,crn:v1:bluemix:public:quantum-computing:us-east:a/d2c50f33c43a44abb94280706332351d:deeabf25-a0d5-4c7b-9a89-18c5ff158017::,us-east,batch,2025-08-20T04:59:30.553Z,2025-08-20T06:24:21.201Z,ibm_fez,302,Grier Jones,,d2c50f33c43a44abb94280706332351d,,
9d332592-b713-4b61-9e40-0ca54fedea57,completed,crn:v1:bluemix:public:quantum-computing:us-east:a/d2c50f33c43a44abb94280706332351d:deeabf25-a0d5-4c7b-9a89-18c5ff158017::,us-east,batch,2025-08-20T04:59:30.509Z,2025-08-20T05:20:34.320Z,ibm_fez,260,Grier Jones,,d2c50f33c43a44abb94280706332351d,,
ab9f62bd-fa05-4b22-b804-6dc78d6876c0,completed,crn:v1:bluemix:public:quantum-computing:us-east:a/d2c50f33c43a44abb94280706332351d:deeabf25-a0d5-4c7b-9a89-18c5ff158017::,us-east,batch,2025-08-20T04:59:30.504Z,2025-08-20T05:33:42.284Z,ibm_fez,260,Grier Jones,,d2c50f33c43a44abb94280706332351d,,
ba6f0fdb-0820-479d-8cee-6fb2ff550b9a,completed,crn:v1:bluemix:public:quantum-computing:us-east:a/d2c50f33c43a44abb94280706332351d:deeabf25-a0d5-4c7b-9a89-18c5ff158017::,us-east,batch,2025-08-20T04:59:30.502Z,2025-08-20T05:51:53.305Z,ibm_fez,210,Grier Jones,,d2c50f33c43a44abb94280706332351d,,
506ecd5c-ce48-427b-92a4-de1ed8790e84,completed,crn:v1:bluemix:public:quantum-computing:us-east:a/d2c50f33c43a44abb94280706332351d:deeabf25-a0d5-4c7b-9a89-18c5ff158017::,us-east,batch,2025-08-20T04:07:24.366Z,2025-08-20T04:36:04.192Z,ibm_fez,260,Grier Jones,,d2c50f33c43a44abb94280706332351d,,
ed2d88a8-43a5-4ed6-83c3-6e671fed9286,completed,crn:v1:bluemix:public:quantum-computing:us-east:a/d2c50f33c43a44abb94280706332351d:deeabf25-a0d5-4c7b-9a89-18c5ff158017::,us-east,batch,2025-08-20T04:07:24.170Z,2025-08-20T04:59:23.772Z,ibm_fez,278,Grier Jones,,d2c50f33c43a44abb94280706332351d,,
6ecd7638-5b13-4004-8d0d-f6454ce1425e,completed,crn:v1:bluemix:public:quantum-computing:us-east:a/d2c50f33c43a44abb94280706332351d:deeabf25-a0d5-4c7b-9a89-18c5ff158017::,us-east,batch,2025-08-20T04:07:24.156Z,2025-08-20T04:23:44.522Z,ibm_fez,266,Grier Jones,,d2c50f33c43a44abb94280706332351d,,
a540685f-f7e8-4272-ba8d-54c414342c24,completed,crn:v1:bluemix:public:quantum-computing:us-east:a/d2c50f33c43a44abb94280706332351d:deeabf25-a0d5-4c7b-9a89-18c5ff158017::,us-east,batch,2025-08-20T04:07:24.057Z,2025-08-20T04:14:56.121Z,ibm_fez,196,Grier Jones,,d2c50f33c43a44abb94280706332351d,,
b5224540-ba16-4853-b403-e896cb127c30,completed,crn:v1:bluemix:public:quantum-computing:us-east:a/d2c50f33c43a44abb94280706332351d:deeabf25-a0d5-4c7b-9a89-18c5ff158017::,us-east,batch,2025-08-20T04:07:24.048Z,2025-08-20T04:47:29.006Z,ibm_fez,270,Grier Jones,,d2c50f33c43a44abb94280706332351d,,
dc21798d-57f1-4e63-a075-5466161daf0c,completed,crn:v1:bluemix:public:quantum-computing:us-east:a/d2c50f33c43a44abb94280706332351d:deeabf25-a0d5-4c7b-9a89-18c5ff158017::,us-east,batch,2025-08-20T03:35:46.781Z,2025-08-20T03:41:24.723Z,ibm_fez,260,Grier Jones,,d2c50f33c43a44abb94280706332351d,,
e9d18777-2f15-4166-91bc-d352bf1cc317,completed,crn:v1:bluemix:public:quantum-computing:us-east:a/d2c50f33c43a44abb94280706332351d:deeabf25-a0d5-4c7b-9a89-18c5ff158017::,us-east,batch,2025-08-20T03:35:46.777Z,2025-08-20T03:58:49.727Z,ibm_fez,195,Grier Jones,,d2c50f33c43a44abb94280706332351d,,
4ce2f8d2-e9ef-42f6-a1ca-c5fe413ed5c7,completed,crn:v1:bluemix:public:quantum-computing:us-east:a/d2c50f33c43a44abb94280706332351d:deeabf25-a0d5-4c7b-9a89-18c5ff158017::,us-east,batch,2025-08-20T03:35:46.769Z,2025-08-20T03:47:09.734Z,ibm_fez,260,Grier Jones,,d2c50f33c43a44abb94280706332351d,,
b6d44b6d-7142-4809-a467-45fb937f5830,completed,crn:v1:bluemix:public:quantum-computing:us-east:a/d2c50f33c43a44abb94280706332351d:deeabf25-a0d5-4c7b-9a89-18c5ff158017::,us-east,batch,2025-08-20T03:35:46.752Z,2025-08-20T04:07:21.806Z,ibm_fez,265,Grier Jones,,d2c50f33c43a44abb94280706332351d,,
c88e128a-64fc-42b1-9088-26227b6c4d36,completed,crn:v1:bluemix:public:quantum-computing:us-east:a/d2c50f33c43a44abb94280706332351d:deeabf25-a0d5-4c7b-9a89-18c5ff158017::,us-east,batch,2025-08-20T03:35:46.608Z,2025-08-20T03:53:54.401Z,ibm_fez,260,Grier Jones,,d2c50f33c43a44abb94280706332351d,,
c90df7da-acc4-4a0a-9de4-1924081522aa,completed,crn:v1:bluemix:public:quantum-computing:us-east:a/d2c50f33c43a44abb94280706332351d:deeabf25-a0d5-4c7b-9a89-18c5ff158017::,us-east,batch,2025-08-20T02:28:50.649Z,2025-08-20T03:35:42.148Z,ibm_fez,260,Grier Jones,,d2c50f33c43a44abb94280706332351d,,
d00876ac-5405-4f3e-a1f8-13e084f81499,completed,crn:v1:bluemix:public:quantum-computing:us-east:a/d2c50f33c43a44abb94280706332351d:deeabf25-a0d5-4c7b-9a89-18c5ff158017::,us-east,batch,2025-08-20T02:28:50.647Z,2025-08-20T02:38:41.923Z,ibm_fez,271,Grier Jones,,d2c50f33c43a44abb94280706332351d,,
7da44733-672c-4c1e-8fe3-48f8688094c0,completed,crn:v1:bluemix:public:quantum-computing:us-east:a/d2c50f33c43a44abb94280706332351d:deeabf25-a0d5-4c7b-9a89-18c5ff158017::,us-east,batch,2025-08-20T02:28:50.565Z,2025-08-20T03:30:07.470Z,ibm_fez,195,Grier Jones,,d2c50f33c43a44abb94280706332351d,,
1f882e63-657a-40ae-8ae6-513e8e7e2540,completed,crn:v1:bluemix:public:quantum-computing:us-east:a/d2c50f33c43a44abb94280706332351d:deeabf25-a0d5-4c7b-9a89-18c5ff158017::,us-east,batch,2025-08-20T02:28:50.551Z,2025-08-20T02:49:10.517Z,ibm_fez,265,Grier Jones,,d2c50f33c43a44abb94280706332351d,,
efed4986-8cfb-482f-ad74-b0acab9e1b4a,completed,crn:v1:bluemix:public:quantum-computing:us-east:a/d2c50f33c43a44abb94280706332351d:deeabf25-a0d5-4c7b-9a89-18c5ff158017::,us-east,batch,2025-08-20T02:28:50.542Z,2025-08-20T03:22:38.247Z,ibm_fez,267,Grier Jones,,d2c50f33c43a44abb94280706332351d,,
cd00932e-852b-41ba-a896-0a0ff26dd578,completed,crn:v1:bluemix:public:quantum-computing:us-east:a/d2c50f33c43a44abb94280706332351d:deeabf25-a0d5-4c7b-9a89-18c5ff158017::,us-east,batch,2025-08-20T01:48:29.318Z,2025-08-20T02:00:03.585Z,ibm_fez,260,Grier Jones,,d2c50f33c43a44abb94280706332351d,,
7bfae3c4-9189-4a12-bd43-c1fc0b0ceafc,completed,crn:v1:bluemix:public:quantum-computing:us-east:a/d2c50f33c43a44abb94280706332351d:deeabf25-a0d5-4c7b-9a89-18c5ff158017::,us-east,batch,2025-08-20T01:48:29.308Z,2025-08-20T02:28:47.681Z,ibm_fez,271,Grier Jones,,d2c50f33c43a44abb94280706332351d,,
b0cb4bf4-6171-4203-b598-b6661f05de99,completed,crn:v1:bluemix:public:quantum-computing:us-east:a/d2c50f33c43a44abb94280706332351d:deeabf25-a0d5-4c7b-9a89-18c5ff158017::,us-east,batch,2025-08-20T01:48:29.238Z,2025-08-20T02:15:05.918Z,ibm_fez,270,Grier Jones,,d2c50f33c43a44abb94280706332351d,,
21dc5c11-d701-4dfa-ba3a-0415cca757f2,completed,crn:v1:bluemix:public:quantum-computing:us-east:a/d2c50f33c43a44abb94280706332351d:deeabf25-a0d5-4c7b-9a89-18c5ff158017::,us-east,batch,2025-08-20T01:48:29.165Z,2025-08-20T02:04:41.720Z,ibm_fez,206,Grier Jones,,d2c50f33c43a44abb94280706332351d,,
47105b34-abb9-446d-be6b-dc93b4141cef,completed,crn:v1:bluemix:public:quantum-computing:us-east:a/d2c50f33c43a44abb94280706332351d:deeabf25-a0d5-4c7b-9a89-18c5ff158017::,us-east,batch,2025-08-20T01:48:29.164Z,2025-08-20T01:53:39.612Z,ibm_fez,260,Grier Jones,,d2c50f33c43a44abb94280706332351d,,
b34a1250-d460-453a-bc32-2385a55d5b23,completed,crn:v1:bluemix:public:quantum-computing:us-east:a/d2c50f33c43a44abb94280706332351d:deeabf25-a0d5-4c7b-9a89-18c5ff158017::,us-east,batch,2025-08-20T01:05:28.202Z,2025-08-20T01:41:41.668Z,ibm_fez,266,Grier Jones,,d2c50f33c43a44abb94280706332351d,,
a45b4541-c561-4ee6-90fb-a16150828bb0,completed,crn:v1:bluemix:public:quantum-computing:us-east:a/d2c50f33c43a44abb94280706332351d:deeabf25-a0d5-4c7b-9a89-18c5ff158017::,us-east,batch,2025-08-20T01:05:28.201Z,2025-08-20T01:22:09.795Z,ibm_fez,206,Grier Jones,,d2c50f33c43a44abb94280706332351d,,
8e0418c6-c000-4bbb-8e76-e8a8e4c11f48,completed,crn:v1:bluemix:public:quantum-computing:us-east:a/d2c50f33c43a44abb94280706332351d:deeabf25-a0d5-4c7b-9a89-18c5ff158017::,us-east,batch,2025-08-20T01:05:28.198Z,2025-08-20T01:27:47.675Z,ibm_fez,274,Grier Jones,,d2c50f33c43a44abb94280706332351d,,
3ea094dd-3d96-4b89-9595-1843ab42d9a1,completed,crn:v1:bluemix:public:quantum-computing:us-east:a/d2c50f33c43a44abb94280706332351d:deeabf25-a0d5-4c7b-9a89-18c5ff158017::,us-east,batch,2025-08-20T01:05:28.194Z,2025-08-20T01:36:05.164Z,ibm_fez,269,Grier Jones,,d2c50f33c43a44abb94280706332351d,,
83ae0b18-3cb8-449d-84c8-20e9fbf5f387,completed,crn:v1:bluemix:public:quantum-computing:us-east:a/d2c50f33c43a44abb94280706332351d:deeabf25-a0d5-4c7b-9a89-18c5ff158017::,us-east,batch,2025-08-20T01:05:28.109Z,2025-08-20T01:48:27.115Z,ibm_fez,262,Grier Jones,,d2c50f33c43a44abb94280706332351d,,
94257508-7eb4-44e0-a38b-a0e51d95d1d7,completed,crn:v1:bluemix:public:quantum-computing:us-east:a/d2c50f33c43a44abb94280706332351d:deeabf25-a0d5-4c7b-9a89-18c5ff158017::,us-east,batch,2025-08-20T00:29:53.547Z,2025-08-20T00:42:28.380Z,ibm_fez,270,Grier Jones,,d2c50f33c43a44abb94280706332351d,,
84ea1636-7d2f-458b-b765-e4b63933e462,completed,crn:v1:bluemix:public:quantum-computing:us-east:a/d2c50f33c43a44abb94280706332351d:deeabf25-a0d5-4c7b-9a89-18c5ff158017::,us-east,batch,2025-08-20T00:29:53.456Z,2025-08-20T00:36:34.387Z,ibm_fez,272,Grier Jones,,d2c50f33c43a44abb94280706332351d,,
ad4cbd0e-3bb6-4dec-b434-4994f13bc4bd,completed,crn:v1:bluemix:public:quantum-computing:us-east:a/d2c50f33c43a44abb94280706332351d:deeabf25-a0d5-4c7b-9a89-18c5ff158017::,us-east,batch,2025-08-20T00:29:53.413Z,2025-08-20T01:05:22.628Z,ibm_fez,273,Grier Jones,,d2c50f33c43a44abb94280706332351d,,
caa2538e-48e9-4656-b513-c613cd2f43a2,completed,crn:v1:bluemix:public:quantum-computing:us-east:a/d2c50f33c43a44abb94280706332351d:deeabf25-a0d5-4c7b-9a89-18c5ff158017::,us-east,batch,2025-08-20T00:29:53.270Z,2025-08-20T00:52:51.897Z,ibm_fez,265,Grier Jones,,d2c50f33c43a44abb94280706332351d,,
eca86d1a-afa9-4960-9d1e-1d8c1b437d09,completed,crn:v1:bluemix:public:quantum-computing:us-east:a/d2c50f33c43a44abb94280706332351d:deeabf25-a0d5-4c7b-9a89-18c5ff158017::,us-east,batch,2025-08-20T00:29:53.251Z,2025-08-20T00:47:22.105Z,ibm_fez,206,Grier Jones,,d2c50f33c43a44abb94280706332351d,,
ad228780-345b-425f-b570-e83a6dc82924,completed,crn:v1:bluemix:public:quantum-computing:us-east:a/d2c50f33c43a44abb94280706332351d:deeabf25-a0d5-4c7b-9a89-18c5ff158017::,us-east,batch,2025-08-20T00:06:48.938Z,2025-08-20T00:29:50.982Z,ibm_fez,267,Grier Jones,,d2c50f33c43a44abb94280706332351d,,
0d88e1eb-b4de-49db-9e28-b89d2e6c3868,completed,crn:v1:bluemix:public:quantum-computing:us-east:a/d2c50f33c43a44abb94280706332351d:deeabf25-a0d5-4c7b-9a89-18c5ff158017::,us-east,batch,2025-08-20T00:06:48.934Z,2025-08-20T00:24:39.390Z,ibm_fez,200,Grier Jones,,d2c50f33c43a44abb94280706332351d,,
de7fac1e-f658-496b-b094-220e314d9238,completed,crn:v1:bluemix:public:quantum-computing:us-east:a/d2c50f33c43a44abb94280706332351d:deeabf25-a0d5-4c7b-9a89-18c5ff158017::,us-east,batch,2025-08-20T00:06:48.930Z,2025-08-20T00:16:08.278Z,ibm_fez,260,Grier Jones,,d2c50f33c43a44abb94280706332351d,,
7d07b0b0-8518-4ef1-83b3-e73d35c07c92,completed,crn:v1:bluemix:public:quantum-computing:us-east:a/d2c50f33c43a44abb94280706332351d:deeabf25-a0d5-4c7b-9a89-18c5ff158017::,us-east,batch,2025-08-20T00:06:48.885Z,2025-08-20T00:11:40.684Z,ibm_fez,260,Grier Jones,,d2c50f33c43a44abb94280706332351d,,
cfba7461-bbc9-4e84-a583-75aada969a15,completed,crn:v1:bluemix:public:quantum-computing:us-east:a/d2c50f33c43a44abb94280706332351d:deeabf25-a0d5-4c7b-9a89-18c5ff158017::,us-east,batch,2025-08-20T00:06:48.793Z,2025-08-20T00:20:35.315Z,ibm_fez,260,Grier Jones,,d2c50f33c43a44abb94280706332351d,,
8eb56bba-3dc8-4d9f-b10b-f1242c7cd042,completed,crn:v1:bluemix:public:quantum-computing:us-east:a/d2c50f33c43a44abb94280706332351d:deeabf25-a0d5-4c7b-9a89-18c5ff158017::,us-east,batch,2025-08-19T23:44:49.615Z,2025-08-20T00:02:17.060Z,ibm_fez,261,Grier Jones,,d2c50f33c43a44abb94280706332351d,,
0fdde145-3991-4ff2-becf-4543850ae9f1,completed,crn:v1:bluemix:public:quantum-computing:us-east:a/d2c50f33c43a44abb94280706332351d:deeabf25-a0d5-4c7b-9a89-18c5ff158017::,us-east,batch,2025-08-19T23:44:49.599Z,2025-08-19T23:57:48.827Z,ibm_fez,260,Grier Jones,,d2c50f33c43a44abb94280706332351d,,
4129203d-ac02-4405-b12f-cac7303da576,completed,crn:v1:bluemix:public:quantum-computing:us-east:a/d2c50f33c43a44abb94280706332351d:deeabf25-a0d5-4c7b-9a89-18c5ff158017::,us-east,batch,2025-08-19T23:44:49.536Z,2025-08-20T00:06:45.465Z,ibm_fez,261,Grier Jones,,d2c50f33c43a44abb94280706332351d,,
2d872b59-9557-4b32-b1d4-268e18ba73b6,completed,crn:v1:bluemix:public:quantum-computing:us-east:a/d2c50f33c43a44abb94280706332351d:deeabf25-a0d5-4c7b-9a89-18c5ff158017::,us-east,batch,2025-08-19T23:44:49.530Z,2025-08-19T23:53:22.155Z,ibm_fez,201,Grier Jones,,d2c50f33c43a44abb94280706332351d,,
5a6eb348-1c9e-4720-8206-f797a43b8803,completed,crn:v1:bluemix:public:quantum-computing:us-east:a/d2c50f33c43a44abb94280706332351d:deeabf25-a0d5-4c7b-9a89-18c5ff158017::,us-east,batch,2025-08-19T23:44:49.524Z,2025-08-19T23:49:25.282Z,ibm_fez,260,Grier Jones,,d2c50f33c43a44abb94280706332351d,,
dd5ed491-1201-4615-910e-32f196ef610a,completed,crn:v1:bluemix:public:quantum-computing:us-east:a/d2c50f33c43a44abb94280706332351d:deeabf25-a0d5-4c7b-9a89-18c5ff158017::,us-east,batch,2025-08-19T23:14:33.893Z,2025-08-19T23:18:04.567Z,ibm_fez,195,Grier Jones,,d2c50f33c43a44abb94280706332351d,,
76969432-0ad8-4d75-8761-db35e8f06749,completed,crn:v1:bluemix:public:quantum-computing:us-east:a/d2c50f33c43a44abb94280706332351d:deeabf25-a0d5-4c7b-9a89-18c5ff158017::,us-east,batch,2025-08-19T23:14:33.878Z,2025-08-19T23:44:45.640Z,ibm_fez,260,Grier Jones,,d2c50f33c43a44abb94280706332351d,,
f03fc503-1f89-423e-a5dd-68ba0e042596,completed,crn:v1:bluemix:public:quantum-computing:us-east:a/d2c50f33c43a44abb94280706332351d:deeabf25-a0d5-4c7b-9a89-18c5ff158017::,us-east,batch,2025-08-19T23:14:33.834Z,2025-08-19T23:40:05.846Z,ibm_fez,260,Grier Jones,,d2c50f33c43a44abb94280706332351d,,
f924feea-243b-40bb-b0d1-c647496e8a98,completed,crn:v1:bluemix:public:quantum-computing:us-east:a/d2c50f33c43a44abb94280706332351d:deeabf25-a0d5-4c7b-9a89-18c5ff158017::,us-east,batch,2025-08-19T23:14:33.812Z,2025-08-19T23:33:58.879Z,ibm_fez,276,Grier Jones,,d2c50f33c43a44abb94280706332351d,,
183622f9-056f-4b78-983c-50821b6abc7b,completed,crn:v1:bluemix:public:quantum-computing:us-east:a/d2c50f33c43a44abb94280706332351d:deeabf25-a0d5-4c7b-9a89-18c5ff158017::,us-east,batch,2025-08-19T23:14:33.669Z,2025-08-19T23:22:41.084Z,ibm_fez,262,Grier Jones,,d2c50f33c43a44abb94280706332351d,,
7e89a534-7249-431b-8381-d244b82c9c0e,completed,crn:v1:bluemix:public:quantum-computing:us-east:a/d2c50f33c43a44abb94280706332351d:deeabf25-a0d5-4c7b-9a89-18c5ff158017::,us-east,batch,2025-08-19T21:25:17.581Z,2025-08-19T21:40:19.316Z,ibm_fez,260,Grier Jones,,d2c50f33c43a44abb94280706332351d,,
4ca14c11-9d22-4e08-bf02-272b8c658048,completed,crn:v1:bluemix:public:quantum-computing:us-east:a/d2c50f33c43a44abb94280706332351d:deeabf25-a0d5-4c7b-9a89-18c5ff158017::,us-east,batch,2025-08-19T21:25:17.502Z,2025-08-19T21:49:18.380Z,ibm_fez,260,Grier Jones,,d2c50f33c43a44abb94280706332351d,,
40ef823a-8e66-4d84-918c-90efb5fe92fa,completed,crn:v1:bluemix:public:quantum-computing:us-east:a/d2c50f33c43a44abb94280706332351d:deeabf25-a0d5-4c7b-9a89-18c5ff158017::,us-east,batch,2025-08-19T21:25:17.490Z,2025-08-19T21:34:54.401Z,ibm_fez,260,Grier Jones,,d2c50f33c43a44abb94280706332351d,,
6c6f2de5-65e2-4567-936b-c5981d828671,completed,crn:v1:bluemix:public:quantum-computing:us-east:a/d2c50f33c43a44abb94280706332351d:deeabf25-a0d5-4c7b-9a89-18c5ff158017::,us-east,batch,2025-08-19T21:25:17.489Z,2025-08-19T21:30:09.118Z,ibm_fez,261,Grier Jones,,d2c50f33c43a44abb94280706332351d,,
5a4577e2-103e-48c0-a781-2d4313934825,completed,crn:v1:bluemix:public:quantum-computing:us-east:a/d2c50f33c43a44abb94280706332351d:deeabf25-a0d5-4c7b-9a89-18c5ff158017::,us-east,batch,2025-08-19T21:25:17.454Z,2025-08-19T23:14:27.582Z,ibm_fez,200,Grier Jones,,d2c50f33c43a44abb94280706332351d,,
f4dd8a27-9b29-445b-9782-1349bf53fa44,completed,crn:v1:bluemix:public:quantum-computing:us-east:a/d2c50f33c43a44abb94280706332351d:deeabf25-a0d5-4c7b-9a89-18c5ff158017::,us-east,batch,2025-08-19T20:51:26.879Z,2025-08-19T20:56:44.541Z,ibm_fez,259,Grier Jones,,d2c50f33c43a44abb94280706332351d,,
e4f8ff10-e2ba-4e91-a838-03c8edb9cc30,completed,crn:v1:bluemix:public:quantum-computing:us-east:a/d2c50f33c43a44abb94280706332351d:deeabf25-a0d5-4c7b-9a89-18c5ff158017::,us-east,batch,2025-08-19T20:51:26.875Z,2025-08-19T21:25:11.608Z,ibm_fez,198,Grier Jones,,d2c50f33c43a44abb94280706332351d,,
17c5b515-44d8-47d0-9861-0c4a1355b7a5,completed,crn:v1:bluemix:public:quantum-computing:us-east:a/d2c50f33c43a44abb94280706332351d:deeabf25-a0d5-4c7b-9a89-18c5ff158017::,us-east,batch,2025-08-19T20:51:26.810Z,2025-08-19T21:08:50.106Z,ibm_fez,280,Grier Jones,,d2c50f33c43a44abb94280706332351d,,
dcf7f157-93f7-4dee-b31b-3aa84529752c,completed,crn:v1:bluemix:public:quantum-computing:us-east:a/d2c50f33c43a44abb94280706332351d:deeabf25-a0d5-4c7b-9a89-18c5ff158017::,us-east,batch,2025-08-19T20:51:26.791Z,2025-08-19T21:14:30.509Z,ibm_fez,271,Grier Jones,,d2c50f33c43a44abb94280706332351d,,
1276e571-77ff-4761-8885-ed03410ad516,completed,crn:v1:bluemix:public:quantum-computing:us-east:a/d2c50f33c43a44abb94280706332351d:deeabf25-a0d5-4c7b-9a89-18c5ff158017::,us-east,batch,2025-08-19T20:51:26.781Z,2025-08-19T21:21:45.026Z,ibm_fez,266,Grier Jones,,d2c50f33c43a44abb94280706332351d,,
06ed968f-c4cc-4a66-a10e-9a38ba160d80,completed,crn:v1:bluemix:public:quantum-computing:us-east:a/d2c50f33c43a44abb94280706332351d:deeabf25-a0d5-4c7b-9a89-18c5ff158017::,us-east,batch,2025-08-19T20:18:49.159Z,2025-08-19T20:31:57.812Z,ibm_fez,260,Grier Jones,,d2c50f33c43a44abb94280706332351d,,
01ce4a22-a7aa-414c-8e88-6f4da35092a2,completed,crn:v1:bluemix:public:quantum-computing:us-east:a/d2c50f33c43a44abb94280706332351d:deeabf25-a0d5-4c7b-9a89-18c5ff158017::,us-east,batch,2025-08-19T20:18:49.141Z,2025-08-19T20:51:22.855Z,ibm_fez,259,Grier Jones,,d2c50f33c43a44abb94280706332351d,,
46b19ab7-1d05-4377-8f49-3df623f6392f,completed,crn:v1:bluemix:public:quantum-computing:us-east:a/d2c50f33c43a44abb94280706332351d:deeabf25-a0d5-4c7b-9a89-18c5ff158017::,us-east,batch,2025-08-19T20:18:49.138Z,2025-08-19T20:27:25.496Z,ibm_fez,260,Grier Jones,,d2c50f33c43a44abb94280706332351d,,
2505490e-18ad-4ec8-b6fd-2e97b4194633,completed,crn:v1:bluemix:public:quantum-computing:us-east:a/d2c50f33c43a44abb94280706332351d:deeabf25-a0d5-4c7b-9a89-18c5ff158017::,us-east,batch,2025-08-19T20:18:49.048Z,2025-08-19T20:22:24.186Z,ibm_fez,195,Grier Jones,,d2c50f33c43a44abb94280706332351d,,
ad45aaca-e126-4bb1-8c6a-b124b0c854a9,completed,crn:v1:bluemix:public:quantum-computing:us-east:a/d2c50f33c43a44abb94280706332351d:deeabf25-a0d5-4c7b-9a89-18c5ff158017::,us-east,batch,2025-08-19T20:18:49.016Z,2025-08-19T20:37:54.424Z,ibm_fez,260,Grier Jones,,d2c50f33c43a44abb94280706332351d,,
553d82eb-bc5a-4e7e-9775-39da30aae4f2,completed,crn:v1:bluemix:public:quantum-computing:us-east:a/d2c50f33c43a44abb94280706332351d:deeabf25-a0d5-4c7b-9a89-18c5ff158017::,us-east,batch,2025-08-19T19:54:32.994Z,2025-08-19T20:05:24.872Z,ibm_fez,260,Grier Jones,,d2c50f33c43a44abb94280706332351d,,
7b3658ae-b04a-46fd-9129-85e54465b220,completed,crn:v1:bluemix:public:quantum-computing:us-east:a/d2c50f33c43a44abb94280706332351d:deeabf25-a0d5-4c7b-9a89-18c5ff158017::,us-east,batch,2025-08-19T19:54:32.988Z,2025-08-19T20:14:15.611Z,ibm_fez,195,Grier Jones,,d2c50f33c43a44abb94280706332351d,,
5af24de9-78d4-4cdf-a6ce-c708bb85baed,completed,crn:v1:bluemix:public:quantum-computing:us-east:a/d2c50f33c43a44abb94280706332351d:deeabf25-a0d5-4c7b-9a89-18c5ff158017::,us-east,batch,2025-08-19T19:54:32.906Z,2025-08-19T20:18:47.503Z,ibm_fez,260,Grier Jones,,d2c50f33c43a44abb94280706332351d,,
2555786b-c69f-49a5-aaff-036e987d5c18,completed,crn:v1:bluemix:public:quantum-computing:us-east:a/d2c50f33c43a44abb94280706332351d:deeabf25-a0d5-4c7b-9a89-18c5ff158017::,us-east,batch,2025-08-19T19:54:32.883Z,2025-08-19T20:00:09.501Z,ibm_fez,261,Grier Jones,,d2c50f33c43a44abb94280706332351d,,
731e5883-f733-4477-bad4-4c165a39a789,completed,crn:v1:bluemix:public:quantum-computing:us-east:a/d2c50f33c43a44abb94280706332351d:deeabf25-a0d5-4c7b-9a89-18c5ff158017::,us-east,batch,2025-08-19T19:54:32.874Z,2025-08-19T20:10:47.990Z,ibm_fez,260,Grier Jones,,d2c50f33c43a44abb94280706332351d,,
3460285e-96ff-42fb-b3bc-29325c5961a1,completed,crn:v1:bluemix:public:quantum-computing:us-east:a/d2c50f33c43a44abb94280706332351d:deeabf25-a0d5-4c7b-9a89-18c5ff158017::,us-east,batch,2025-08-19T14:47:19.111Z,2025-08-19T19:32:50.660Z,ibm_fez,280,Grier Jones,,d2c50f33c43a44abb94280706332351d,,
12ed260f-8483-45b5-91a1-f44840c84c46,completed,crn:v1:bluemix:public:quantum-computing:us-east:a/d2c50f33c43a44abb94280706332351d:deeabf25-a0d5-4c7b-9a89-18c5ff158017::,us-east,batch,2025-08-19T14:47:19.095Z,2025-08-19T19:46:19.836Z,ibm_fez,270,Grier Jones,,d2c50f33c43a44abb94280706332351d,,
dd5e1daa-d916-4408-b1d0-3a31312063cf,completed,crn:v1:bluemix:public:quantum-computing:us-east:a/d2c50f33c43a44abb94280706332351d:deeabf25-a0d5-4c7b-9a89-18c5ff158017::,us-east,batch,2025-08-19T14:47:19.085Z,2025-08-19T19:37:47.541Z,ibm_fez,200,Grier Jones,,d2c50f33c43a44abb94280706332351d,,
f2c346c5-175e-4f8a-9097-228110b4cfcb,completed,crn:v1:bluemix:public:quantum-computing:us-east:a/d2c50f33c43a44abb94280706332351d:deeabf25-a0d5-4c7b-9a89-18c5ff158017::,us-east,batch,2025-08-19T14:47:19.077Z,2025-08-19T19:24:57.754Z,ibm_fez,270,Grier Jones,,d2c50f33c43a44abb94280706332351d,,
007b4cc8-445d-4977-adb4-3bf747cfe8e0,completed,crn:v1:bluemix:public:quantum-computing:us-east:a/d2c50f33c43a44abb94280706332351d:deeabf25-a0d5-4c7b-9a89-18c5ff158017::,us-east,batch,2025-08-19T14:47:19.061Z,2025-08-19T19:54:31.228Z,ibm_fez,265,Grier Jones,,d2c50f33c43a44abb94280706332351d,,
c5d3651d-40d7-4461-a9a1-5b9a96783211,completed,crn:v1:bluemix:public:quantum-computing:us-east:a/d2c50f33c43a44abb94280706332351d:deeabf25-a0d5-4c7b-9a89-18c5ff158017::,us-east,batch,2025-08-19T14:16:03.969Z,2025-08-19T14:28:57.138Z,ibm_fez,260,Grier Jones,,d2c50f33c43a44abb94280706332351d,,
38e1240b-5990-464b-b2d2-e8d172c2fd27,completed,crn:v1:bluemix:public:quantum-computing:us-east:a/d2c50f33c43a44abb94280706332351d:deeabf25-a0d5-4c7b-9a89-18c5ff158017::,us-east,batch,2025-08-19T14:16:03.885Z,2025-08-19T14:39:33.557Z,ibm_fez,195,Grier Jones,,d2c50f33c43a44abb94280706332351d,,
1be48dc3-39ea-4dd9-a26a-b2bf548991e6,completed,crn:v1:bluemix:public:quantum-computing:us-east:a/d2c50f33c43a44abb94280706332351d:deeabf25-a0d5-4c7b-9a89-18c5ff158017::,us-east,batch,2025-08-19T14:16:03.885Z,2025-08-19T14:35:55.264Z,ibm_fez,260,Grier Jones,,d2c50f33c43a44abb94280706332351d,,
bffc64df-5c8b-4f1b-adae-19f4adc1ea02,completed,crn:v1:bluemix:public:quantum-computing:us-east:a/d2c50f33c43a44abb94280706332351d:deeabf25-a0d5-4c7b-9a89-18c5ff158017::,us-east,batch,2025-08-19T14:16:03.869Z,2025-08-19T14:47:18.026Z,ibm_fez,266,Grier Jones,,d2c50f33c43a44abb94280706332351d,,
9887dff2-5b2a-4b56-8114-94753278015f,completed,crn:v1:bluemix:public:quantum-computing:us-east:a/d2c50f33c43a44abb94280706332351d:deeabf25-a0d5-4c7b-9a89-18c5ff158017::,us-east,batch,2025-08-19T14:16:03.842Z,2025-08-19T14:22:53.141Z,ibm_fez,260,Grier Jones,,d2c50f33c43a44abb94280706332351d,,
80b9d0d7-bd3b-4110-b7a4-3a7ca9ba7d03,completed,crn:v1:bluemix:public:quantum-computing:us-east:a/d2c50f33c43a44abb94280706332351d:deeabf25-a0d5-4c7b-9a89-18c5ff158017::,us-east,batch,2025-08-19T13:29:32.667Z,2025-08-19T13:48:49.994Z,ibm_fez,270,Grier Jones,,d2c50f33c43a44abb94280706332351d,,
8f11f5e0-9d6b-4ea0-9ccd-25c6cbdb13de,completed,crn:v1:bluemix:public:quantum-computing:us-east:a/d2c50f33c43a44abb94280706332351d:deeabf25-a0d5-4c7b-9a89-18c5ff158017::,us-east,batch,2025-08-19T13:29:32.662Z,2025-08-19T13:56:27.803Z,ibm_fez,269,Grier Jones,,d2c50f33c43a44abb94280706332351d,,
da970f38-a2f3-4fcd-8f45-2c780c993820,completed,crn:v1:bluemix:public:quantum-computing:us-east:a/d2c50f33c43a44abb94280706332351d:deeabf25-a0d5-4c7b-9a89-18c5ff158017::,us-east,batch,2025-08-19T13:29:32.590Z,2025-08-19T14:16:01.650Z,ibm_fez,265,Grier Jones,,d2c50f33c43a44abb94280706332351d,,
0cdb41ab-a129-46ec-93ea-37ee5c9d2f2e,completed,crn:v1:bluemix:public:quantum-computing:us-east:a/d2c50f33c43a44abb94280706332351d:deeabf25-a0d5-4c7b-9a89-18c5ff158017::,us-east,batch,2025-08-19T13:29:32.476Z,2025-08-19T14:02:51.207Z,ibm_fez,265,Grier Jones,,d2c50f33c43a44abb94280706332351d,,
5fe40b1f-c5ac-4a31-96d7-3affd6f6698d,completed,crn:v1:bluemix:public:quantum-computing:us-east:a/d2c50f33c43a44abb94280706332351d:deeabf25-a0d5-4c7b-9a89-18c5ff158017::,us-east,batch,2025-08-19T13:29:32.476Z,2025-08-19T13:34:24.243Z,ibm_fez,200,Grier Jones,,d2c50f33c43a44abb94280706332351d,,
d5bda4aa-cc4d-44f7-9543-2150727dee49,completed,crn:v1:bluemix:public:quantum-computing:us-east:a/d2c50f33c43a44abb94280706332351d:deeabf25-a0d5-4c7b-9a89-18c5ff158017::,us-east,batch,2025-08-19T12:57:57.194Z,2025-08-19T13:29:30.208Z,ibm_fez,259,Grier Jones,,d2c50f33c43a44abb94280706332351d,,
8316b580-33ff-43f0-9963-642dce1107cc,completed,crn:v1:bluemix:public:quantum-computing:us-east:a/d2c50f33c43a44abb94280706332351d:deeabf25-a0d5-4c7b-9a89-18c5ff158017::,us-east,batch,2025-08-19T12:57:57.150Z,2025-08-19T13:01:44.035Z,ibm_fez,195,Grier Jones,,d2c50f33c43a44abb94280706332351d,,
4837e4e0-4e77-44e3-8949-bd3157f6bfac,completed,crn:v1:bluemix:public:quantum-computing:us-east:a/d2c50f33c43a44abb94280706332351d:deeabf25-a0d5-4c7b-9a89-18c5ff158017::,us-east,batch,2025-08-19T12:57:57.143Z,2025-08-19T13:09:52.348Z,ibm_fez,260,Grier Jones,,d2c50f33c43a44abb94280706332351d,,
383bd075-b142-48f2-8ebb-3f546132c518,completed,crn:v1:bluemix:public:quantum-computing:us-east:a/d2c50f33c43a44abb94280706332351d:deeabf25-a0d5-4c7b-9a89-18c5ff158017::,us-east,batch,2025-08-19T12:57:57.132Z,2025-08-19T13:19:35.665Z,ibm_fez,258,Grier Jones,,d2c50f33c43a44abb94280706332351d,,
70653204-a492-4315-b512-7fb25e9dff70,completed,crn:v1:bluemix:public:quantum-computing:us-east:a/d2c50f33c43a44abb94280706332351d:deeabf25-a0d5-4c7b-9a89-18c5ff158017::,us-east,batch,2025-08-19T12:57:57.091Z,2025-08-19T13:14:55.888Z,ibm_fez,260,Grier Jones,,d2c50f33c43a44abb94280706332351d,,
cb423955-5bdc-4e45-8b4f-9d3878de62be,completed,crn:v1:bluemix:public:quantum-computing:us-east:a/d2c50f33c43a44abb94280706332351d:deeabf25-a0d5-4c7b-9a89-18c5ff158017::,us-east,batch,2025-08-19T12:33:15.396Z,2025-08-19T12:43:44.972Z,ibm_fez,195,Grier Jones,,d2c50f33c43a44abb94280706332351d,,
e9a2c55b-84c0-4dd1-880d-e26e22c18126,completed,crn:v1:bluemix:public:quantum-computing:us-east:a/d2c50f33c43a44abb94280706332351d:deeabf25-a0d5-4c7b-9a89-18c5ff158017::,us-east,batch,2025-08-19T12:33:15.394Z,2025-08-19T12:38:14.055Z,ibm_fez,263,Grier Jones,,d2c50f33c43a44abb94280706332351d,,
ebe7ecf3-9547-445a-89f1-5bfcca46e0bb,completed,crn:v1:bluemix:public:quantum-computing:us-east:a/d2c50f33c43a44abb94280706332351d:deeabf25-a0d5-4c7b-9a89-18c5ff158017::,us-east,batch,2025-08-19T12:33:15.389Z,2025-08-19T12:48:33.785Z,ibm_fez,259,Grier Jones,,d2c50f33c43a44abb94280706332351d,,
043b4422-ce57-4695-914d-59d73d5e027f,completed,crn:v1:bluemix:public:quantum-computing:us-east:a/d2c50f33c43a44abb94280706332351d:deeabf25-a0d5-4c7b-9a89-18c5ff158017::,us-east,batch,2025-08-19T12:33:15.386Z,2025-08-19T12:57:55.237Z,ibm_fez,261,Grier Jones,,d2c50f33c43a44abb94280706332351d,,
5a961eb8-00e8-4c02-ac9c-cf9233cf70ff,completed,crn:v1:bluemix:public:quantum-computing:us-east:a/d2c50f33c43a44abb94280706332351d:deeabf25-a0d5-4c7b-9a89-18c5ff158017::,us-east,batch,2025-08-19T12:33:15.233Z,2025-08-19T12:53:09.663Z,ibm_fez,260,Grier Jones,,d2c50f33c43a44abb94280706332351d,,
6dc01efc-0c64-4dff-8f7d-6225e1c61e90,completed,crn:v1:bluemix:public:quantum-computing:us-east:a/d2c50f33c43a44abb94280706332351d:deeabf25-a0d5-4c7b-9a89-18c5ff158017::,us-east,batch,2025-08-19T12:02:20.772Z,2025-08-19T12:10:14.842Z,ibm_fez,289,Grier Jones,,d2c50f33c43a44abb94280706332351d,,
a0bcc49f-b0d7-4ab1-83b9-995aa4e86320,completed,crn:v1:bluemix:public:quantum-computing:us-east:a/d2c50f33c43a44abb94280706332351d:deeabf25-a0d5-4c7b-9a89-18c5ff158017::,us-east,batch,2025-08-19T12:02:20.709Z,2025-08-19T12:16:12.753Z,ibm_fez,272,Grier Jones,,d2c50f33c43a44abb94280706332351d,,
05cfa69c-4861-47aa-a900-3f95534e5a74,completed,crn:v1:bluemix:public:quantum-computing:us-east:a/d2c50f33c43a44abb94280706332351d:deeabf25-a0d5-4c7b-9a89-18c5ff158017::,us-east,batch,2025-08-19T12:02:20.705Z,2025-08-19T12:27:31.488Z,ibm_fez,273,Grier Jones,,d2c50f33c43a44abb94280706332351d,,
fbedb819-532a-41d2-8302-2887cc2e4806,completed,crn:v1:bluemix:public:quantum-computing:us-east:a/d2c50f33c43a44abb94280706332351d:deeabf25-a0d5-4c7b-9a89-18c5ff158017::,us-east,batch,2025-08-19T12:02:20.702Z,2025-08-19T12:20:48.118Z,ibm_fez,195,Grier Jones,,d2c50f33c43a44abb94280706332351d,,
725e263a-e336-41b4-a1ce-c6da733963a6,completed,crn:v1:bluemix:public:quantum-computing:us-east:a/d2c50f33c43a44abb94280706332351d:deeabf25-a0d5-4c7b-9a89-18c5ff158017::,us-east,batch,2025-08-19T12:02:20.700Z,2025-08-19T12:33:13.538Z,ibm_fez,260,Grier Jones,,d2c50f33c43a44abb94280706332351d,,
c4eac188-54a6-4497-b960-fb01af48f0f1,completed,crn:v1:bluemix:public:quantum-computing:us-east:a/d2c50f33c43a44abb94280706332351d:deeabf25-a0d5-4c7b-9a89-18c5ff158017::,us-east,batch,2025-08-19T11:24:14.814Z,2025-08-19T11:32:03.732Z,ibm_fez,281,Grier Jones,,d2c50f33c43a44abb94280706332351d,,
e05af3ac-4c10-4574-adf0-9fc098eda17f,completed,crn:v1:bluemix:public:quantum-computing:us-east:a/d2c50f33c43a44abb94280706332351d:deeabf25-a0d5-4c7b-9a89-18c5ff158017::,us-east,batch,2025-08-19T11:24:14.811Z,2025-08-19T11:46:16.844Z,ibm_fez,276,Grier Jones,,d2c50f33c43a44abb94280706332351d,,
8e769c70-7354-4ca2-bfd7-6cb31e9ffbab,completed,crn:v1:bluemix:public:quantum-computing:us-east:a/d2c50f33c43a44abb94280706332351d:deeabf25-a0d5-4c7b-9a89-18c5ff158017::,us-east,batch,2025-08-19T11:24:14.796Z,2025-08-19T11:52:32.394Z,ibm_fez,275,Grier Jones,,d2c50f33c43a44abb94280706332351d,,
bb2de95a-7114-4fe5-81b3-a878c1cf367b,completed,crn:v1:bluemix:public:quantum-computing:us-east:a/d2c50f33c43a44abb94280706332351d:deeabf25-a0d5-4c7b-9a89-18c5ff158017::,us-east,batch,2025-08-19T11:24:14.788Z,2025-08-19T12:02:14.808Z,ibm_fez,223,Grier Jones,,d2c50f33c43a44abb94280706332351d,,
6558a8f8-d0c1-43ef-a2f7-bef84b98a5ce,completed,crn:v1:bluemix:public:quantum-computing:us-east:a/d2c50f33c43a44abb94280706332351d:deeabf25-a0d5-4c7b-9a89-18c5ff158017::,us-east,batch,2025-08-19T11:24:14.786Z,2025-08-19T11:39:10.371Z,ibm_fez,284,Grier Jones,,d2c50f33c43a44abb94280706332351d,,
4c49a21e-0f61-46f7-a800-8dc537197542,completed,crn:v1:bluemix:public:quantum-computing:us-east:a/d2c50f33c43a44abb94280706332351d:deeabf25-a0d5-4c7b-9a89-18c5ff158017::,us-east,batch,2025-08-19T10:59:12.287Z,2025-08-19T11:17:33.686Z,ibm_fez,265,Grier Jones,,d2c50f33c43a44abb94280706332351d,,
63bf3494-1526-44fc-8db2-922157d292bc,completed,crn:v1:bluemix:public:quantum-computing:us-east:a/d2c50f33c43a44abb94280706332351d:deeabf25-a0d5-4c7b-9a89-18c5ff158017::,us-east,batch,2025-08-19T10:59:12.255Z,2025-08-19T11:08:05.715Z,ibm_fez,195,Grier Jones,,d2c50f33c43a44abb94280706332351d,,
62dc8b72-42de-45df-a010-0dbe777bae7f,completed,crn:v1:bluemix:public:quantum-computing:us-east:a/d2c50f33c43a44abb94280706332351d:deeabf25-a0d5-4c7b-9a89-18c5ff158017::,us-east,batch,2025-08-19T10:59:12.161Z,2025-08-19T11:03:47.852Z,ibm_fez,260,Grier Jones,,d2c50f33c43a44abb94280706332351d,,
a89d261e-df5b-4f49-9e68-5e4b2e2acfc5,completed,crn:v1:bluemix:public:quantum-computing:us-east:a/d2c50f33c43a44abb94280706332351d:deeabf25-a0d5-4c7b-9a89-18c5ff158017::,us-east,batch,2025-08-19T10:59:12.083Z,2025-08-19T11:12:31.890Z,ibm_fez,260,Grier Jones,,d2c50f33c43a44abb94280706332351d,,
dd4eb9ce-0b6e-41f6-b92a-1f25326839c6,completed,crn:v1:bluemix:public:quantum-computing:us-east:a/d2c50f33c43a44abb94280706332351d:deeabf25-a0d5-4c7b-9a89-18c5ff158017::,us-east,batch,2025-08-19T10:59:12.075Z,2025-08-19T11:24:12.310Z,ibm_fez,275,Grier Jones,,d2c50f33c43a44abb94280706332351d,,
b1fc716f-24fd-485d-8552-3b68c16e0eac,completed,crn:v1:bluemix:public:quantum-computing:us-east:a/d2c50f33c43a44abb94280706332351d:deeabf25-a0d5-4c7b-9a89-18c5ff158017::,us-east,batch,2025-08-19T10:35:50.438Z,2025-08-19T10:54:44.007Z,ibm_fez,260,Grier Jones,,d2c50f33c43a44abb94280706332351d,,
9aa17385-7fb0-4107-9a6b-e88ae028c0d8,completed,crn:v1:bluemix:public:quantum-computing:us-east:a/d2c50f33c43a44abb94280706332351d:deeabf25-a0d5-4c7b-9a89-18c5ff158017::,us-east,batch,2025-08-19T10:35:50.422Z,2025-08-19T10:45:14.121Z,ibm_fez,269,Grier Jones,,d2c50f33c43a44abb94280706332351d,,
f4efa973-4795-4ac8-a9e0-7686e02dda89,completed,crn:v1:bluemix:public:quantum-computing:us-east:a/d2c50f33c43a44abb94280706332351d:deeabf25-a0d5-4c7b-9a89-18c5ff158017::,us-east,batch,2025-08-19T10:35:50.415Z,2025-08-19T10:59:11.088Z,ibm_fez,260,Grier Jones,,d2c50f33c43a44abb94280706332351d,,
1fff09c2-3958-4d5c-95e6-b60256ddb95d,completed,crn:v1:bluemix:public:quantum-computing:us-east:a/d2c50f33c43a44abb94280706332351d:deeabf25-a0d5-4c7b-9a89-18c5ff158017::,us-east,batch,2025-08-19T10:35:50.332Z,2025-08-19T10:39:21.858Z,ibm_fez,195,Grier Jones,,d2c50f33c43a44abb94280706332351d,,
953cb5af-9bf6-46ac-bd0a-f1f8df5f3d08,completed,crn:v1:bluemix:public:quantum-computing:us-east:a/d2c50f33c43a44abb94280706332351d:deeabf25-a0d5-4c7b-9a89-18c5ff158017::,us-east,batch,2025-08-19T10:35:50.326Z,2025-08-19T10:49:50.232Z,ibm_fez,260,Grier Jones,,d2c50f33c43a44abb94280706332351d,,
c4ff19d7-af21-4350-996f-1fadc084cf0a,completed,crn:v1:bluemix:public:quantum-computing:us-east:a/d2c50f33c43a44abb94280706332351d:deeabf25-a0d5-4c7b-9a89-18c5ff158017::,us-east,batch,2025-08-19T10:09:33.873Z,2025-08-19T10:20:51.837Z,ibm_fez,273,Grier Jones,,d2c50f33c43a44abb94280706332351d,,
218b8ddd-d419-4bb5-938b-6aaac99ba0fa,completed,crn:v1:bluemix:public:quantum-computing:us-east:a/d2c50f33c43a44abb94280706332351d:deeabf25-a0d5-4c7b-9a89-18c5ff158017::,us-east,batch,2025-08-19T10:09:33.831Z,2025-08-19T10:15:29.035Z,ibm_fez,260,Grier Jones,,d2c50f33c43a44abb94280706332351d,,
c9165fe0-3727-4728-9541-accdde175128,completed,crn:v1:bluemix:public:quantum-computing:us-east:a/d2c50f33c43a44abb94280706332351d:deeabf25-a0d5-4c7b-9a89-18c5ff158017::,us-east,batch,2025-08-19T10:09:33.827Z,2025-08-19T10:35:49.403Z,ibm_fez,260,Grier Jones,,d2c50f33c43a44abb94280706332351d,,
2768423d-8a26-4744-9311-b23f86a00c2e,completed,crn:v1:bluemix:public:quantum-computing:us-east:a/d2c50f33c43a44abb94280706332351d:deeabf25-a0d5-4c7b-9a89-18c5ff158017::,us-east,batch,2025-08-19T10:09:33.742Z,2025-08-19T10:31:20.304Z,ibm_fez,206,Grier Jones,,d2c50f33c43a44abb94280706332351d,,
685b319e-6e7f-436d-810f-4de1c26ce718,completed,crn:v1:bluemix:public:quantum-computing:us-east:a/d2c50f33c43a44abb94280706332351d:deeabf25-a0d5-4c7b-9a89-18c5ff158017::,us-east,batch,2025-08-19T10:09:33.738Z,2025-08-19T10:26:30.409Z,ibm_fez,270,Grier Jones,,d2c50f33c43a44abb94280706332351d,,
c0218298-f50d-40ae-9e1e-661bdbdb81de,completed,crn:v1:bluemix:public:quantum-computing:us-east:a/d2c50f33c43a44abb94280706332351d:deeabf25-a0d5-4c7b-9a89-18c5ff158017::,us-east,batch,2025-08-19T09:45:16.246Z,2025-08-19T10:00:02.992Z,ibm_fez,260,Grier Jones,,d2c50f33c43a44abb94280706332351d,,
72b2265d-e502-444a-8031-8376398f36f3,completed,crn:v1:bluemix:public:quantum-computing:us-east:a/d2c50f33c43a44abb94280706332351d:deeabf25-a0d5-4c7b-9a89-18c5ff158017::,us-east,batch,2025-08-19T09:45:16.241Z,2025-08-19T10:05:12.238Z,ibm_fez,265,Grier Jones,,d2c50f33c43a44abb94280706332351d,,
f7aa5251-b4d5-40d2-8e2b-07608ea1b8c6,completed,crn:v1:bluemix:public:quantum-computing:us-east:a/d2c50f33c43a44abb94280706332351d:deeabf25-a0d5-4c7b-9a89-18c5ff158017::,us-east,batch,2025-08-19T09:45:16.236Z,2025-08-19T10:09:27.558Z,ibm_fez,200,Grier Jones,,d2c50f33c43a44abb94280706332351d,,
3e751b47-2c75-4589-8310-6f821bda42f0,completed,crn:v1:bluemix:public:quantum-computing:us-east:a/d2c50f33c43a44abb94280706332351d:deeabf25-a0d5-4c7b-9a89-18c5ff158017::,us-east,batch,2025-08-19T09:45:16.157Z,2025-08-19T09:49:50.722Z,ibm_fez,259,Grier Jones,,d2c50f33c43a44abb94280706332351d,,
5845e028-93d4-44b4-91bf-8b2e8a2fa14a,completed,crn:v1:bluemix:public:quantum-computing:us-east:a/d2c50f33c43a44abb94280706332351d:deeabf25-a0d5-4c7b-9a89-18c5ff158017::,us-east,batch,2025-08-19T09:45:16.150Z,2025-08-19T09:54:26.333Z,ibm_fez,260,Grier Jones,,d2c50f33c43a44abb94280706332351d,,
2efe87ca-e39d-4730-9482-4e15ca0ffe1d,completed,crn:v1:bluemix:public:quantum-computing:us-east:a/d2c50f33c43a44abb94280706332351d:deeabf25-a0d5-4c7b-9a89-18c5ff158017::,us-east,batch,2025-08-19T09:23:15.504Z,2025-08-19T09:40:41.840Z,ibm_fez,260,Grier Jones,,d2c50f33c43a44abb94280706332351d,,
aa8ea356-ca6c-4c80-9a7c-387686b790b6,completed,crn:v1:bluemix:public:quantum-computing:us-east:a/d2c50f33c43a44abb94280706332351d:deeabf25-a0d5-4c7b-9a89-18c5ff158017::,us-east,batch,2025-08-19T09:23:15.436Z,2025-08-19T09:27:51.056Z,ibm_fez,260,Grier Jones,,d2c50f33c43a44abb94280706332351d,,
f634f134-231a-4bb5-9229-54c4853ed6fa,completed,crn:v1:bluemix:public:quantum-computing:us-east:a/d2c50f33c43a44abb94280706332351d:deeabf25-a0d5-4c7b-9a89-18c5ff158017::,us-east,batch,2025-08-19T09:23:15.393Z,2025-08-19T09:36:15.372Z,ibm_fez,260,Grier Jones,,d2c50f33c43a44abb94280706332351d,,
fe1776dc-acf1-440b-a341-65949697a97f,completed,crn:v1:bluemix:public:quantum-computing:us-east:a/d2c50f33c43a44abb94280706332351d:deeabf25-a0d5-4c7b-9a89-18c5ff158017::,us-east,batch,2025-08-19T09:23:15.391Z,2025-08-19T09:45:12.976Z,ibm_fez,260,Grier Jones,,d2c50f33c43a44abb94280706332351d,,
f4f2816d-a9b9-4a0a-8347-9fb94bb5370e,completed,crn:v1:bluemix:public:quantum-computing:us-east:a/d2c50f33c43a44abb94280706332351d:deeabf25-a0d5-4c7b-9a89-18c5ff158017::,us-east,batch,2025-08-19T09:23:15.383Z,2025-08-19T09:31:48.429Z,ibm_fez,200,Grier Jones,,d2c50f33c43a44abb94280706332351d,,
ec312ed7-77d3-4eec-a310-61813a5e0ef8,completed,crn:v1:bluemix:public:quantum-computing:us-east:a/d2c50f33c43a44abb94280706332351d:deeabf25-a0d5-4c7b-9a89-18c5ff158017::,us-east,batch,2025-08-19T09:01:29.835Z,2025-08-19T09:18:38.863Z,ibm_fez,260,Grier Jones,,d2c50f33c43a44abb94280706332351d,,
f65b7c42-8c40-41c3-9e5c-b9a64beabb67,completed,crn:v1:bluemix:public:quantum-computing:us-east:a/d2c50f33c43a44abb94280706332351d:deeabf25-a0d5-4c7b-9a89-18c5ff158017::,us-east,batch,2025-08-19T09:01:29.835Z,2025-08-19T09:23:10.836Z,ibm_fez,260,Grier Jones,,d2c50f33c43a44abb94280706332351d,,
bbb0d018-81a1-43fa-ad10-7dc484979be3,completed,crn:v1:bluemix:public:quantum-computing:us-east:a/d2c50f33c43a44abb94280706332351d:deeabf25-a0d5-4c7b-9a89-18c5ff158017::,us-east,batch,2025-08-19T09:01:29.796Z,2025-08-19T09:14:06.343Z,ibm_fez,260,Grier Jones,,d2c50f33c43a44abb94280706332351d,,
64301edf-1c63-476b-8416-d85dec50c2fd,completed,crn:v1:bluemix:public:quantum-computing:us-east:a/d2c50f33c43a44abb94280706332351d:deeabf25-a0d5-4c7b-9a89-18c5ff158017::,us-east,batch,2025-08-19T09:01:29.711Z,2025-08-19T09:05:01.709Z,ibm_fez,195,Grier Jones,,d2c50f33c43a44abb94280706332351d,,
d37f1c63-0c40-47e5-b38e-6077b291e3e7,completed,crn:v1:bluemix:public:quantum-computing:us-east:a/d2c50f33c43a44abb94280706332351d:deeabf25-a0d5-4c7b-9a89-18c5ff158017::,us-east,batch,2025-08-19T09:01:29.710Z,2025-08-19T09:09:32.128Z,ibm_fez,263,Grier Jones,,d2c50f33c43a44abb94280706332351d,,
b2f33e9e-a893-4479-92a0-23f8e2e57d27,completed,crn:v1:bluemix:public:quantum-computing:us-east:a/d2c50f33c43a44abb94280706332351d:deeabf25-a0d5-4c7b-9a89-18c5ff158017::,us-east,batch,2025-08-19T08:30:40.824Z,2025-08-19T08:55:23.143Z,ibm_fez,275,Grier Jones,,d2c50f33c43a44abb94280706332351d,,
7b6ed391-e67a-438b-99dd-9a595af0868c,completed,crn:v1:bluemix:public:quantum-computing:us-east:a/d2c50f33c43a44abb94280706332351d:deeabf25-a0d5-4c7b-9a89-18c5ff158017::,us-east,batch,2025-08-19T08:30:40.797Z,2025-08-19T08:41:47.936Z,ibm_fez,260,Grier Jones,,d2c50f33c43a44abb94280706332351d,,
65ecf6c5-f1e3-42fb-848b-89d0ce57131c,completed,crn:v1:bluemix:public:quantum-computing:us-east:a/d2c50f33c43a44abb94280706332351d:deeabf25-a0d5-4c7b-9a89-18c5ff158017::,us-east,batch,2025-08-19T08:30:40.785Z,2025-08-19T08:37:10.581Z,ibm_fez,260,Grier Jones,,d2c50f33c43a44abb94280706332351d,,
edc1946e-5ebc-4896-901c-3e5886e3194b,completed,crn:v1:bluemix:public:quantum-computing:us-east:a/d2c50f33c43a44abb94280706332351d:deeabf25-a0d5-4c7b-9a89-18c5ff158017::,us-east,batch,2025-08-19T08:30:40.774Z,2025-08-19T09:01:28.971Z,ibm_fez,271,Grier Jones,,d2c50f33c43a44abb94280706332351d,,
33d36e08-2b6c-45de-9dae-4300d8503724,completed,crn:v1:bluemix:public:quantum-computing:us-east:a/d2c50f33c43a44abb94280706332351d:deeabf25-a0d5-4c7b-9a89-18c5ff158017::,us-east,batch,2025-08-19T08:30:40.771Z,2025-08-19T08:46:17.381Z,ibm_fez,200,Grier Jones,,d2c50f33c43a44abb94280706332351d,,
efced36c-04bc-4286-b50d-02b14ff7a92c,completed,crn:v1:bluemix:public:quantum-computing:us-east:a/d2c50f33c43a44abb94280706332351d:deeabf25-a0d5-4c7b-9a89-18c5ff158017::,us-east,batch,2025-08-19T07:42:35.035Z,2025-08-19T07:56:57.339Z,ibm_fez,260,Grier Jones,,d2c50f33c43a44abb94280706332351d,,
24c207d3-38c9-471c-9561-82ba3916168d,completed,crn:v1:bluemix:public:quantum-computing:us-east:a/d2c50f33c43a44abb94280706332351d:deeabf25-a0d5-4c7b-9a89-18c5ff158017::,us-east,batch,2025-08-19T07:42:34.954Z,2025-08-19T07:47:30.927Z,ibm_fez,265,Grier Jones,,d2c50f33c43a44abb94280706332351d,,
93c56c4a-f351-47a5-8b54-600073d7b677,completed,crn:v1:bluemix:public:quantum-computing:us-east:a/d2c50f33c43a44abb94280706332351d:deeabf25-a0d5-4c7b-9a89-18c5ff158017::,us-east,batch,2025-08-19T07:42:34.887Z,2025-08-19T08:30:39.885Z,ibm_fez,266,Grier Jones,,d2c50f33c43a44abb94280706332351d,,
8ffc69d7-ea23-44f8-85bb-1fbbd3f5d6cd,completed,crn:v1:bluemix:public:quantum-computing:us-east:a/d2c50f33c43a44abb94280706332351d:deeabf25-a0d5-4c7b-9a89-18c5ff158017::,us-east,batch,2025-08-19T07:42:34.873Z,2025-08-19T07:52:29.457Z,ibm_fez,265,Grier Jones,,d2c50f33c43a44abb94280706332351d,,
aea9c649-2671-4ccc-8eb1-49e5db8444bd,completed,crn:v1:bluemix:public:quantum-computing:us-east:a/d2c50f33c43a44abb94280706332351d:deeabf25-a0d5-4c7b-9a89-18c5ff158017::,us-east,batch,2025-08-19T07:42:34.871Z,2025-08-19T08:00:27.084Z,ibm_fez,195,Grier Jones,,d2c50f33c43a44abb94280706332351d,,
cafff560-4485-4525-a8dc-f7ebb054e755,completed,crn:v1:bluemix:public:quantum-computing:us-east:a/d2c50f33c43a44abb94280706332351d:deeabf25-a0d5-4c7b-9a89-18c5ff158017::,us-east,batch,2025-08-19T07:14:48.341Z,2025-08-19T07:28:42.777Z,ibm_fez,272,Grier Jones,,d2c50f33c43a44abb94280706332351d,,
5a82d154-ab24-4373-8b3b-bd685012a3e1,completed,crn:v1:bluemix:public:quantum-computing:us-east:a/d2c50f33c43a44abb94280706332351d:deeabf25-a0d5-4c7b-9a89-18c5ff158017::,us-east,batch,2025-08-19T07:14:48.224Z,2025-08-19T07:32:53.109Z,ibm_fez,200,Grier Jones,,d2c50f33c43a44abb94280706332351d,,
d4beb2f1-1be0-4db6-88f0-30deb550f8b5,completed,crn:v1:bluemix:public:quantum-computing:us-east:a/d2c50f33c43a44abb94280706332351d:deeabf25-a0d5-4c7b-9a89-18c5ff158017::,us-east,batch,2025-08-19T07:14:48.202Z,2025-08-19T07:21:47.952Z,ibm_fez,270,Grier Jones,,d2c50f33c43a44abb94280706332351d,,
877c0664-8b24-4711-8327-82aa9b5b2d8c,completed,crn:v1:bluemix:public:quantum-computing:us-east:a/d2c50f33c43a44abb94280706332351d:deeabf25-a0d5-4c7b-9a89-18c5ff158017::,us-east,batch,2025-08-19T07:14:48.197Z,2025-08-19T07:42:30.462Z,ibm_fez,260,Grier Jones,,d2c50f33c43a44abb94280706332351d,,
0ff8b709-718f-4c58-a48e-c463983f3553,completed,crn:v1:bluemix:public:quantum-computing:us-east:a/d2c50f33c43a44abb94280706332351d:deeabf25-a0d5-4c7b-9a89-18c5ff158017::,us-east,batch,2025-08-19T07:14:48.183Z,2025-08-19T07:37:55.091Z,ibm_fez,265,Grier Jones,,d2c50f33c43a44abb94280706332351d,,
20a5a30e-37ad-44e2-9ce3-5dcbc7a731f0,completed,crn:v1:bluemix:public:quantum-computing:us-east:a/d2c50f33c43a44abb94280706332351d:deeabf25-a0d5-4c7b-9a89-18c5ff158017::,us-east,batch,2025-08-19T06:36:11.772Z,2025-08-19T07:14:40.931Z,ibm_fez,206,Grier Jones,,d2c50f33c43a44abb94280706332351d,,
2e9da973-b9ed-443b-9ed5-093a514b7b21,completed,crn:v1:bluemix:public:quantum-computing:us-east:a/d2c50f33c43a44abb94280706332351d:deeabf25-a0d5-4c7b-9a89-18c5ff158017::,us-east,batch,2025-08-19T06:36:11.760Z,2025-08-19T06:58:59.221Z,ibm_fez,275,Grier Jones,,d2c50f33c43a44abb94280706332351d,,
33166ba5-c297-47cd-a9bc-93a1a4c4ad02,completed,crn:v1:bluemix:public:quantum-computing:us-east:a/d2c50f33c43a44abb94280706332351d:deeabf25-a0d5-4c7b-9a89-18c5ff158017::,us-east,batch,2025-08-19T06:36:11.007Z,2025-08-19T06:52:18.502Z,ibm_fez,284,Grier Jones,,d2c50f33c43a44abb94280706332351d,,
92e979a1-8a39-48d5-b18d-77f882d5c29f,completed,crn:v1:bluemix:public:quantum-computing:us-east:a/d2c50f33c43a44abb94280706332351d:deeabf25-a0d5-4c7b-9a89-18c5ff158017::,us-east,batch,2025-08-19T06:36:11.001Z,2025-08-19T07:05:45.108Z,ibm_fez,265,Grier Jones,,d2c50f33c43a44abb94280706332351d,,
3a3b23a5-52e0-4ce9-bf8c-0bfc36e6b131,completed,crn:v1:bluemix:public:quantum-computing:us-east:a/d2c50f33c43a44abb94280706332351d:deeabf25-a0d5-4c7b-9a89-18c5ff158017::,us-east,batch,2025-08-19T06:36:10.856Z,2025-08-19T06:43:59.558Z,ibm_fez,281,Grier Jones,,d2c50f33c43a44abb94280706332351d,,
0e181bde-defd-4365-860f-4e73c834f8e3,completed,crn:v1:bluemix:public:quantum-computing:us-east:a/d2c50f33c43a44abb94280706332351d:deeabf25-a0d5-4c7b-9a89-18c5ff158017::,us-east,batch,2025-08-19T06:03:01.108Z,2025-08-19T06:09:43.258Z,ibm_fez,260,Grier Jones,,d2c50f33c43a44abb94280706332351d,,
862174ed-dbdb-4279-8096-90bd67ec641a,completed,crn:v1:bluemix:public:quantum-computing:us-east:a/d2c50f33c43a44abb94280706332351d:deeabf25-a0d5-4c7b-9a89-18c5ff158017::,us-east,batch,2025-08-19T06:03:01.040Z,2025-08-19T06:36:07.308Z,ibm_fez,283,Grier Jones,,d2c50f33c43a44abb94280706332351d,,
c2b3c799-bd9e-4878-ac01-3b9fa6482583,completed,crn:v1:bluemix:public:quantum-computing:us-east:a/d2c50f33c43a44abb94280706332351d:deeabf25-a0d5-4c7b-9a89-18c5ff158017::,us-east,batch,2025-08-19T06:03:01.036Z,2025-08-19T06:27:50.072Z,ibm_fez,284,Grier Jones,,d2c50f33c43a44abb94280706332351d,,
685ad156-5adb-4cb6-9220-16ad4fe9aa81,completed,crn:v1:bluemix:public:quantum-computing:us-east:a/d2c50f33c43a44abb94280706332351d:deeabf25-a0d5-4c7b-9a89-18c5ff158017::,us-east,batch,2025-08-19T06:03:01.035Z,2025-08-19T06:20:27.332Z,ibm_fez,200,Grier Jones,,d2c50f33c43a44abb94280706332351d,,
b42a9409-36ae-4342-9b69-bb29cd903ed9,completed,crn:v1:bluemix:public:quantum-computing:us-east:a/d2c50f33c43a44abb94280706332351d:deeabf25-a0d5-4c7b-9a89-18c5ff158017::,us-east,batch,2025-08-19T06:03:01.021Z,2025-08-19T06:16:23.777Z,ibm_fez,265,Grier Jones,,d2c50f33c43a44abb94280706332351d,,
e27334fe-1820-4b26-9d58-12311453d024,completed,crn:v1:bluemix:public:quantum-computing:us-east:a/d2c50f33c43a44abb94280706332351d:deeabf25-a0d5-4c7b-9a89-18c5ff158017::,us-east,batch,2025-08-19T05:37:44.271Z,2025-08-19T06:02:48.974Z,ibm_fez,260,Grier Jones,,d2c50f33c43a44abb94280706332351d,,
3255bc8e-4391-454c-9bff-1dc103ddbd24,completed,crn:v1:bluemix:public:quantum-computing:us-east:a/d2c50f33c43a44abb94280706332351d:deeabf25-a0d5-4c7b-9a89-18c5ff158017::,us-east,batch,2025-08-19T05:37:44.249Z,2025-08-19T05:58:21.993Z,ibm_fez,260,Grier Jones,,d2c50f33c43a44abb94280706332351d,,
8a494761-f0f2-4fb9-865d-92bc5a2de68a,completed,crn:v1:bluemix:public:quantum-computing:us-east:a/d2c50f33c43a44abb94280706332351d:deeabf25-a0d5-4c7b-9a89-18c5ff158017::,us-east,batch,2025-08-19T05:37:44.247Z,2025-08-19T05:49:26.865Z,ibm_fez,284,Grier Jones,,d2c50f33c43a44abb94280706332351d,,
8156bc54-f1b5-4fb4-8e9a-c2d7c580b158,completed,crn:v1:bluemix:public:quantum-computing:us-east:a/d2c50f33c43a44abb94280706332351d:deeabf25-a0d5-4c7b-9a89-18c5ff158017::,us-east,batch,2025-08-19T05:37:44.246Z,2025-08-19T05:53:54.990Z,ibm_fez,261,Grier Jones,,d2c50f33c43a44abb94280706332351d,,
a7c91f4d-09ee-4f9d-944c-a40349a7391b,completed,crn:v1:bluemix:public:quantum-computing:us-east:a/d2c50f33c43a44abb94280706332351d:deeabf25-a0d5-4c7b-9a89-18c5ff158017::,us-east,batch,2025-08-19T05:37:44.088Z,2025-08-19T05:43:31.898Z,ibm_fez,213,Grier Jones,,d2c50f33c43a44abb94280706332351d,,
23585ef8-dced-47ff-b103-7bff9f44deb9,completed,crn:v1:bluemix:public:quantum-computing:us-east:a/d2c50f33c43a44abb94280706332351d:deeabf25-a0d5-4c7b-9a89-18c5ff158017::,us-east,batch,2025-08-19T05:07:00.621Z,2025-08-19T05:17:09.070Z,ibm_fez,274,Grier Jones,,d2c50f33c43a44abb94280706332351d,,
eac79f11-db5d-414f-83d7-ebf75cbe405c,completed,crn:v1:bluemix:public:quantum-computing:us-east:a/d2c50f33c43a44abb94280706332351d:deeabf25-a0d5-4c7b-9a89-18c5ff158017::,us-east,batch,2025-08-19T05:07:00.619Z,2025-08-19T05:24:01.022Z,ibm_fez,271,Grier Jones,,d2c50f33c43a44abb94280706332351d,,
92a84a83-a35a-4cd3-b53a-a74fbc6d3a06,completed,crn:v1:bluemix:public:quantum-computing:us-east:a/d2c50f33c43a44abb94280706332351d:deeabf25-a0d5-4c7b-9a89-18c5ff158017::,us-east,batch,2025-08-19T05:07:00.605Z,2025-08-19T05:29:52.682Z,ibm_fez,270,Grier Jones,,d2c50f33c43a44abb94280706332351d,,
22f95a29-00c2-49ba-94ae-d1b2bedae6c1,completed,crn:v1:bluemix:public:quantum-computing:us-east:a/d2c50f33c43a44abb94280706332351d:deeabf25-a0d5-4c7b-9a89-18c5ff158017::,us-east,batch,2025-08-19T05:07:00.577Z,2025-08-19T05:11:20.680Z,ibm_fez,202,Grier Jones,,d2c50f33c43a44abb94280706332351d,,
135c5a44-856a-408d-abc7-76cb475fdf9b,completed,crn:v1:bluemix:public:quantum-computing:us-east:a/d2c50f33c43a44abb94280706332351d:deeabf25-a0d5-4c7b-9a89-18c5ff158017::,us-east,batch,2025-08-19T05:07:00.574Z,2025-08-19T05:37:43.208Z,ibm_fez,285,Grier Jones,,d2c50f33c43a44abb94280706332351d,,
d2dd929a-029b-42e6-a966-e7bc1386bfe7,completed,crn:v1:bluemix:public:quantum-computing:us-east:a/d2c50f33c43a44abb94280706332351d:deeabf25-a0d5-4c7b-9a89-18c5ff158017::,us-east,batch,2025-08-19T04:43:02.435Z,2025-08-19T05:02:23.570Z,ibm_fez,260,Grier Jones,,d2c50f33c43a44abb94280706332351d,,
a096eb35-294b-4589-965a-ac9de6027e01,completed,crn:v1:bluemix:public:quantum-computing:us-east:a/d2c50f33c43a44abb94280706332351d:deeabf25-a0d5-4c7b-9a89-18c5ff158017::,us-east,batch,2025-08-19T04:43:02.427Z,2025-08-19T04:47:35.353Z,ibm_fez,206,Grier Jones,,d2c50f33c43a44abb94280706332351d,,
0a2c3012-fd9e-4b12-8ef8-6ecfe808b9e0,completed,crn:v1:bluemix:public:quantum-computing:us-east:a/d2c50f33c43a44abb94280706332351d:deeabf25-a0d5-4c7b-9a89-18c5ff158017::,us-east,batch,2025-08-19T04:43:02.391Z,2025-08-19T04:57:55.295Z,ibm_fez,260,Grier Jones,,d2c50f33c43a44abb94280706332351d,,
15e8bf53-0f10-408b-b2d1-2b0574f74f4d,completed,crn:v1:bluemix:public:quantum-computing:us-east:a/d2c50f33c43a44abb94280706332351d:deeabf25-a0d5-4c7b-9a89-18c5ff158017::,us-east,batch,2025-08-19T04:43:02.335Z,2025-08-19T05:06:49.940Z,ibm_fez,260,Grier Jones,,d2c50f33c43a44abb94280706332351d,,
2cba418e-110c-40bf-9bb6-edfc4002b0e7,completed,crn:v1:bluemix:public:quantum-computing:us-east:a/d2c50f33c43a44abb94280706332351d:deeabf25-a0d5-4c7b-9a89-18c5ff158017::,us-east,batch,2025-08-19T04:43:02.333Z,2025-08-19T04:53:27.383Z,ibm_fez,270,Grier Jones,,d2c50f33c43a44abb94280706332351d,,
c3ee4c9e-4994-4fd1-bbab-4ae1335ef3e2,completed,crn:v1:bluemix:public:quantum-computing:us-east:a/d2c50f33c43a44abb94280706332351d:deeabf25-a0d5-4c7b-9a89-18c5ff158017::,us-east,batch,2025-08-19T03:57:22.931Z,2025-08-19T04:36:23.899Z,ibm_fez,282,Grier Jones,,d2c50f33c43a44abb94280706332351d,,
bd96ca9a-9b2f-46b9-b32c-c306387d88eb,completed,crn:v1:bluemix:public:quantum-computing:us-east:a/d2c50f33c43a44abb94280706332351d:deeabf25-a0d5-4c7b-9a89-18c5ff158017::,us-east,batch,2025-08-19T03:57:22.884Z,2025-08-19T04:43:00.910Z,ibm_fez,271,Grier Jones,,d2c50f33c43a44abb94280706332351d,,
55004f3c-b198-46f5-9838-4b076e3fab34,completed,crn:v1:bluemix:public:quantum-computing:us-east:a/d2c50f33c43a44abb94280706332351d:deeabf25-a0d5-4c7b-9a89-18c5ff158017::,us-east,batch,2025-08-19T03:57:22.877Z,2025-08-19T04:28:36.397Z,ibm_fez,287,Grier Jones,,d2c50f33c43a44abb94280706332351d,,
be154d6e-3aab-4050-a83f-035c78f563b0,completed,crn:v1:bluemix:public:quantum-computing:us-east:a/d2c50f33c43a44abb94280706332351d:deeabf25-a0d5-4c7b-9a89-18c5ff158017::,us-east,batch,2025-08-19T03:57:22.869Z,2025-08-19T04:20:19.545Z,ibm_fez,295,Grier Jones,,d2c50f33c43a44abb94280706332351d,,
e39326b3-da1b-4e9d-9df5-c36a9e95b9af,completed,crn:v1:bluemix:public:quantum-computing:us-east:a/d2c50f33c43a44abb94280706332351d:deeabf25-a0d5-4c7b-9a89-18c5ff158017::,us-east,batch,2025-08-19T03:57:22.812Z,2025-08-19T04:04:36.346Z,ibm_fez,215,Grier Jones,,d2c50f33c43a44abb94280706332351d,,
fe2f4e41-d69e-42b9-a20b-85bd33e405e9,completed,crn:v1:bluemix:public:quantum-computing:us-east:a/d2c50f33c43a44abb94280706332351d:deeabf25-a0d5-4c7b-9a89-18c5ff158017::,us-east,batch,2025-08-19T03:34:21.033Z,2025-08-19T03:51:14.487Z,ibm_fez,260,Grier Jones,,d2c50f33c43a44abb94280706332351d,,
7905aa50-3959-40a2-b4df-9d6fa9de0598,completed,crn:v1:bluemix:public:quantum-computing:us-east:a/d2c50f33c43a44abb94280706332351d:deeabf25-a0d5-4c7b-9a89-18c5ff158017::,us-east,batch,2025-08-19T03:34:20.962Z,2025-08-19T03:46:47.490Z,ibm_fez,195,Grier Jones,,d2c50f33c43a44abb94280706332351d,,
2490aa5e-8970-401c-9727-32d247709aa2,completed,crn:v1:bluemix:public:quantum-computing:us-east:a/d2c50f33c43a44abb94280706332351d:deeabf25-a0d5-4c7b-9a89-18c5ff158017::,us-east,batch,2025-08-19T03:34:20.958Z,2025-08-19T03:43:24.329Z,ibm_fez,260,Grier Jones,,d2c50f33c43a44abb94280706332351d,,
0cb35bba-267c-482f-ae76-b2639b64c0b1,completed,crn:v1:bluemix:public:quantum-computing:us-east:a/d2c50f33c43a44abb94280706332351d:deeabf25-a0d5-4c7b-9a89-18c5ff158017::,us-east,batch,2025-08-19T03:34:20.951Z,2025-08-19T03:38:56.861Z,ibm_fez,260,Grier Jones,,d2c50f33c43a44abb94280706332351d,,
7c190e17-b793-4d32-9d74-be91f66f2835,completed,crn:v1:bluemix:public:quantum-computing:us-east:a/d2c50f33c43a44abb94280706332351d:deeabf25-a0d5-4c7b-9a89-18c5ff158017::,us-east,batch,2025-08-19T03:34:20.946Z,2025-08-19T03:57:21.004Z,ibm_fez,270,Grier Jones,,d2c50f33c43a44abb94280706332351d,,
db4f688a-cf27-47e0-8aab-e3b69afcf333,completed,crn:v1:bluemix:public:quantum-computing:us-east:a/d2c50f33c43a44abb94280706332351d:deeabf25-a0d5-4c7b-9a89-18c5ff158017::,us-east,batch,2025-08-19T03:12:54.998Z,2025-08-19T03:17:30.605Z,ibm_fez,261,Grier Jones,,d2c50f33c43a44abb94280706332351d,,
010b9ac5-b452-4e68-8216-75935e38b733,completed,crn:v1:bluemix:public:quantum-computing:us-east:a/d2c50f33c43a44abb94280706332351d:deeabf25-a0d5-4c7b-9a89-18c5ff158017::,us-east,batch,2025-08-19T03:12:54.996Z,2025-08-19T03:21:57.291Z,ibm_fez,260,Grier Jones,,d2c50f33c43a44abb94280706332351d,,
d6ab8bdd-c333-4f0c-890a-6de5c99da0f7,completed,crn:v1:bluemix:public:quantum-computing:us-east:a/d2c50f33c43a44abb94280706332351d:deeabf25-a0d5-4c7b-9a89-18c5ff158017::,us-east,batch,2025-08-19T03:12:54.966Z,2025-08-19T03:30:52.044Z,ibm_fez,260,Grier Jones,,d2c50f33c43a44abb94280706332351d,,
d2c69ea3-f928-4d09-89a3-d4c48b966ec2,completed,crn:v1:bluemix:public:quantum-computing:us-east:a/d2c50f33c43a44abb94280706332351d:deeabf25-a0d5-4c7b-9a89-18c5ff158017::,us-east,batch,2025-08-19T03:12:54.836Z,2025-08-19T03:34:14.873Z,ibm_fez,195,Grier Jones,,d2c50f33c43a44abb94280706332351d,,
91078873-7a96-41ed-91b1-180a798a4405,completed,crn:v1:bluemix:public:quantum-computing:us-east:a/d2c50f33c43a44abb94280706332351d:deeabf25-a0d5-4c7b-9a89-18c5ff158017::,us-east,batch,2025-08-19T03:12:54.832Z,2025-08-19T03:26:25.094Z,ibm_fez,261,Grier Jones,,d2c50f33c43a44abb94280706332351d,,
9e58bd9e-1e50-4b31-95ed-7a07a5515249,completed,crn:v1:bluemix:public:quantum-computing:us-east:a/d2c50f33c43a44abb94280706332351d:deeabf25-a0d5-4c7b-9a89-18c5ff158017::,us-east,batch,2025-08-19T02:45:39.176Z,2025-08-19T03:08:26.816Z,ibm_fez,195,Grier Jones,,d2c50f33c43a44abb94280706332351d,,
f7ed61a6-20f3-4b26-891b-160d9c665d3d,completed,crn:v1:bluemix:public:quantum-computing:us-east:a/d2c50f33c43a44abb94280706332351d:deeabf25-a0d5-4c7b-9a89-18c5ff158017::,us-east,batch,2025-08-19T02:45:39.174Z,2025-08-19T03:12:53.955Z,ibm_fez,260,Grier Jones,,d2c50f33c43a44abb94280706332351d,,
dd8422b2-f3ba-427e-aca5-adacd1694025,completed,crn:v1:bluemix:public:quantum-computing:us-east:a/d2c50f33c43a44abb94280706332351d:deeabf25-a0d5-4c7b-9a89-18c5ff158017::,us-east,batch,2025-08-19T02:45:39.173Z,2025-08-19T02:52:38.973Z,ibm_fez,277,Grier Jones,,d2c50f33c43a44abb94280706332351d,,
90c517ba-9e11-4139-8c66-bc957147146b,completed,crn:v1:bluemix:public:quantum-computing:us-east:a/d2c50f33c43a44abb94280706332351d:deeabf25-a0d5-4c7b-9a89-18c5ff158017::,us-east,batch,2025-08-19T02:45:39.001Z,2025-08-19T03:02:54.497Z,ibm_fez,261,Grier Jones,,d2c50f33c43a44abb94280706332351d,,
c415f4b5-5c52-4b71-b64a-d49ae6729279,completed,crn:v1:bluemix:public:quantum-computing:us-east:a/d2c50f33c43a44abb94280706332351d:deeabf25-a0d5-4c7b-9a89-18c5ff158017::,us-east,batch,2025-08-19T02:45:38.999Z,2025-08-19T02:58:27.116Z,ibm_fez,269,Grier Jones,,d2c50f33c43a44abb94280706332351d,,
ccc00e76-c8b8-412c-bd8e-39d08b53acda,completed,crn:v1:bluemix:public:quantum-computing:us-east:a/d2c50f33c43a44abb94280706332351d:deeabf25-a0d5-4c7b-9a89-18c5ff158017::,us-east,batch,2025-08-19T02:12:33.462Z,2025-08-19T02:45:34.475Z,ibm_fez,277,Grier Jones,,d2c50f33c43a44abb94280706332351d,,
e56205b1-1b18-4051-a9e6-a77c7c3c0f3a,completed,crn:v1:bluemix:public:quantum-computing:us-east:a/d2c50f33c43a44abb94280706332351d:deeabf25-a0d5-4c7b-9a89-18c5ff158017::,us-east,batch,2025-08-19T02:12:33.192Z,2025-08-19T02:27:29.578Z,ibm_fez,280,Grier Jones,,d2c50f33c43a44abb94280706332351d,,
5deb90c8-5b2e-4f98-b749-32eb5df8687f,completed,crn:v1:bluemix:public:quantum-computing:us-east:a/d2c50f33c43a44abb94280706332351d:deeabf25-a0d5-4c7b-9a89-18c5ff158017::,us-east,batch,2025-08-19T02:12:33.137Z,2025-08-19T02:20:23.191Z,ibm_fez,275,Grier Jones,,d2c50f33c43a44abb94280706332351d,,
c67c72d9-25ce-4b0d-b818-5331b12ed516,completed,crn:v1:bluemix:public:quantum-computing:us-east:a/d2c50f33c43a44abb94280706332351d:deeabf25-a0d5-4c7b-9a89-18c5ff158017::,us-east,batch,2025-08-19T02:12:33.107Z,2025-08-19T02:39:04.704Z,ibm_fez,216,Grier Jones,,d2c50f33c43a44abb94280706332351d,,
761ea1e5-b22d-49ab-b206-652bfaae4fb4,completed,crn:v1:bluemix:public:quantum-computing:us-east:a/d2c50f33c43a44abb94280706332351d:deeabf25-a0d5-4c7b-9a89-18c5ff158017::,us-east,batch,2025-08-19T02:12:33.101Z,2025-08-19T02:33:28.573Z,ibm_fez,270,Grier Jones,,d2c50f33c43a44abb94280706332351d,,
9d2d5f2e-fa0a-4d08-b984-5d86355139cd,completed,crn:v1:bluemix:public:quantum-computing:us-east:a/d2c50f33c43a44abb94280706332351d:deeabf25-a0d5-4c7b-9a89-18c5ff158017::,us-east,batch,2025-08-19T01:32:59.665Z,2025-08-19T01:59:41.095Z,ibm_fez,275,Grier Jones,,d2c50f33c43a44abb94280706332351d,,
0249d144-0289-4c9b-9a16-14b641ff4f26,completed,crn:v1:bluemix:public:quantum-computing:us-east:a/d2c50f33c43a44abb94280706332351d:deeabf25-a0d5-4c7b-9a89-18c5ff158017::,us-east,batch,2025-08-19T01:32:59.661Z,2025-08-19T01:46:57.908Z,ibm_fez,290,Grier Jones,,d2c50f33c43a44abb94280706332351d,,
c165902a-be9b-470c-b440-f0be8084b56f,completed,crn:v1:bluemix:public:quantum-computing:us-east:a/d2c50f33c43a44abb94280706332351d:deeabf25-a0d5-4c7b-9a89-18c5ff158017::,us-east,batch,2025-08-19T01:32:59.494Z,2025-08-19T01:52:39.064Z,ibm_fez,218,Grier Jones,,d2c50f33c43a44abb94280706332351d,,
712b20c0-432b-478f-815d-19708af45555,completed,crn:v1:bluemix:public:quantum-computing:us-east:a/d2c50f33c43a44abb94280706332351d:deeabf25-a0d5-4c7b-9a89-18c5ff158017::,us-east,batch,2025-08-19T01:32:59.453Z,2025-08-19T02:12:29.369Z,ibm_fez,307,Grier Jones,,d2c50f33c43a44abb94280706332351d,,
1bb2b350-043a-4fdb-b83e-70b17eace99b,completed,crn:v1:bluemix:public:quantum-computing:us-east:a/d2c50f33c43a44abb94280706332351d:deeabf25-a0d5-4c7b-9a89-18c5ff158017::,us-east,batch,2025-08-19T01:32:59.445Z,2025-08-19T01:37:58.619Z,ibm_fez,265,Grier Jones,,d2c50f33c43a44abb94280706332351d,,
9c033dc3-57a6-40f6-9f05-e57a94cbf3ce,completed,crn:v1:bluemix:public:quantum-computing:us-east:a/d2c50f33c43a44abb94280706332351d:deeabf25-a0d5-4c7b-9a89-18c5ff158017::,us-east,batch,2025-08-19T01:10:42.077Z,2025-08-19T01:18:43.150Z,ibm_fez,260,Grier Jones,,d2c50f33c43a44abb94280706332351d,,
9e5ea993-7f6e-42aa-8a1b-7ed985e2c574,completed,crn:v1:bluemix:public:quantum-computing:us-east:a/d2c50f33c43a44abb94280706332351d:deeabf25-a0d5-4c7b-9a89-18c5ff158017::,us-east,batch,2025-08-19T01:10:41.911Z,2025-08-19T01:28:30.395Z,ibm_fez,260,Grier Jones,,d2c50f33c43a44abb94280706332351d,,
3b0d048f-b9ca-445e-8b59-87f10fb32a7a,completed,crn:v1:bluemix:public:quantum-computing:us-east:a/d2c50f33c43a44abb94280706332351d:deeabf25-a0d5-4c7b-9a89-18c5ff158017::,us-east,batch,2025-08-19T01:10:41.890Z,2025-08-19T01:32:58.053Z,ibm_fez,260,Grier Jones,,d2c50f33c43a44abb94280706332351d,,
24991038-9164-41de-8e91-aa8ef9d88382,completed,crn:v1:bluemix:public:quantum-computing:us-east:a/d2c50f33c43a44abb94280706332351d:deeabf25-a0d5-4c7b-9a89-18c5ff158017::,us-east,batch,2025-08-19T01:10:41.877Z,2025-08-19T01:24:03.978Z,ibm_fez,260,Grier Jones,,d2c50f33c43a44abb94280706332351d,,
05306c2a-dea5-44c0-8124-5737b72cd401,completed,crn:v1:bluemix:public:quantum-computing:us-east:a/d2c50f33c43a44abb94280706332351d:deeabf25-a0d5-4c7b-9a89-18c5ff158017::,us-east,batch,2025-08-19T01:10:41.875Z,2025-08-19T01:14:15.283Z,ibm_fez,195,Grier Jones,,d2c50f33c43a44abb94280706332351d,,
94a1b4a7-8e0e-4d44-9775-43027847bf3d,completed,crn:v1:bluemix:public:quantum-computing:us-east:a/d2c50f33c43a44abb94280706332351d:deeabf25-a0d5-4c7b-9a89-18c5ff158017::,us-east,batch,2025-08-19T00:45:14.960Z,2025-08-19T00:56:47.820Z,ibm_fez,279,Grier Jones,,d2c50f33c43a44abb94280706332351d,,
d594da7f-fb88-4f8d-b4f3-c26a8d83946c,completed,crn:v1:bluemix:public:quantum-computing:us-east:a/d2c50f33c43a44abb94280706332351d:deeabf25-a0d5-4c7b-9a89-18c5ff158017::,us-east,batch,2025-08-19T00:45:14.956Z,2025-08-19T00:48:53.100Z,ibm_fez,195,Grier Jones,,d2c50f33c43a44abb94280706332351d,,
4e3d023c-caaa-4090-84b7-13c39d957f47,completed,crn:v1:bluemix:public:quantum-computing:us-east:a/d2c50f33c43a44abb94280706332351d:deeabf25-a0d5-4c7b-9a89-18c5ff158017::,us-east,batch,2025-08-19T00:45:14.885Z,2025-08-19T01:01:46.657Z,ibm_fez,265,Grier Jones,,d2c50f33c43a44abb94280706332351d,,
6ca1d199-17df-44d0-9f03-89c205b0daf8,completed,crn:v1:bluemix:public:quantum-computing:us-east:a/d2c50f33c43a44abb94280706332351d:deeabf25-a0d5-4c7b-9a89-18c5ff158017::,us-east,batch,2025-08-19T00:45:14.883Z,2025-08-19T01:10:41.133Z,ibm_fez,261,Grier Jones,,d2c50f33c43a44abb94280706332351d,,
19f6284a-4074-41b5-97e4-352ef3e16a4b,completed,crn:v1:bluemix:public:quantum-computing:us-east:a/d2c50f33c43a44abb94280706332351d:deeabf25-a0d5-4c7b-9a89-18c5ff158017::,us-east,batch,2025-08-19T00:45:14.872Z,2025-08-19T01:06:13.129Z,ibm_fez,260,Grier Jones,,d2c50f33c43a44abb94280706332351d,,
6d8c3fed-a4d3-4e5b-a13a-8bc44e1cfa9c,completed,crn:v1:bluemix:public:quantum-computing:us-east:a/d2c50f33c43a44abb94280706332351d:deeabf25-a0d5-4c7b-9a89-18c5ff158017::,us-east,batch,2025-08-19T00:18:20.860Z,2025-08-19T00:23:42.875Z,ibm_fez,265,Grier Jones,,d2c50f33c43a44abb94280706332351d,,
fd7ff6e5-411b-433d-9ebe-879d5c7b2c4d,completed,crn:v1:bluemix:public:quantum-computing:us-east:a/d2c50f33c43a44abb94280706332351d:deeabf25-a0d5-4c7b-9a89-18c5ff158017::,us-east,batch,2025-08-19T00:18:20.850Z,2025-08-19T00:40:45.039Z,ibm_fez,195,Grier Jones,,d2c50f33c43a44abb94280706332351d,,
9e4b7cb3-b2a4-4b76-94fc-f89195a9eaa8,completed,crn:v1:bluemix:public:quantum-computing:us-east:a/d2c50f33c43a44abb94280706332351d:deeabf25-a0d5-4c7b-9a89-18c5ff158017::,us-east,batch,2025-08-19T00:18:20.829Z,2025-08-19T00:45:14.018Z,ibm_fez,260,Grier Jones,,d2c50f33c43a44abb94280706332351d,,
1aa7ec5b-99a4-48a0-8064-43be7b63b628,completed,crn:v1:bluemix:public:quantum-computing:us-east:a/d2c50f33c43a44abb94280706332351d:deeabf25-a0d5-4c7b-9a89-18c5ff158017::,us-east,batch,2025-08-19T00:18:20.814Z,2025-08-19T00:30:45.565Z,ibm_fez,281,Grier Jones,,d2c50f33c43a44abb94280706332351d,,
2ec47a63-d557-46dd-8e89-7bc9da687e48,completed,crn:v1:bluemix:public:quantum-computing:us-east:a/d2c50f33c43a44abb94280706332351d:deeabf25-a0d5-4c7b-9a89-18c5ff158017::,us-east,batch,2025-08-19T00:18:20.779Z,2025-08-19T00:37:19.230Z,ibm_fez,276,Grier Jones,,d2c50f33c43a44abb94280706332351d,,
871d8292-af07-47f7-9738-6dc8cea10039,completed,crn:v1:bluemix:public:quantum-computing:us-east:a/d2c50f33c43a44abb94280706332351d:deeabf25-a0d5-4c7b-9a89-18c5ff158017::,us-east,batch,2025-08-18T23:55:32.805Z,2025-08-19T00:00:07.633Z,ibm_fez,260,Grier Jones,,d2c50f33c43a44abb94280706332351d,,
04ce25a3-5dea-4eb4-9b69-5595a27211fd,completed,crn:v1:bluemix:public:quantum-computing:us-east:a/d2c50f33c43a44abb94280706332351d:deeabf25-a0d5-4c7b-9a89-18c5ff158017::,us-east,batch,2025-08-18T23:55:32.797Z,2025-08-19T00:18:20.026Z,ibm_fez,260,Grier Jones,,d2c50f33c43a44abb94280706332351d,,
b5eb786b-a0de-470c-934f-bcce9adf606f,completed,crn:v1:bluemix:public:quantum-computing:us-east:a/d2c50f33c43a44abb94280706332351d:deeabf25-a0d5-4c7b-9a89-18c5ff158017::,us-east,batch,2025-08-18T23:55:32.703Z,2025-08-19T00:05:54.792Z,ibm_fez,266,Grier Jones,,d2c50f33c43a44abb94280706332351d,,
93431f7c-840e-4616-bba7-85943604b296,completed,crn:v1:bluemix:public:quantum-computing:us-east:a/d2c50f33c43a44abb94280706332351d:deeabf25-a0d5-4c7b-9a89-18c5ff158017::,us-east,batch,2025-08-18T23:55:32.698Z,2025-08-19T00:10:21.344Z,ibm_fez,260,Grier Jones,,d2c50f33c43a44abb94280706332351d,,
a94ada0c-1a4a-4e7c-b8b5-8c10baab1007,completed,crn:v1:bluemix:public:quantum-computing:us-east:a/d2c50f33c43a44abb94280706332351d:deeabf25-a0d5-4c7b-9a89-18c5ff158017::,us-east,batch,2025-08-18T23:55:32.698Z,2025-08-19T00:13:43.934Z,ibm_fez,195,Grier Jones,,d2c50f33c43a44abb94280706332351d,,
5badb747-89ae-44e7-91dd-73b687f79488,completed,crn:v1:bluemix:public:quantum-computing:us-east:a/d2c50f33c43a44abb94280706332351d:deeabf25-a0d5-4c7b-9a89-18c5ff158017::,us-east,batch,2025-08-18T23:32:47.349Z,2025-08-18T23:41:48.579Z,ibm_fez,260,Grier Jones,,d2c50f33c43a44abb94280706332351d,,
0d397cc8-2099-433e-a9dc-edfe27bf3261,completed,crn:v1:bluemix:public:quantum-computing:us-east:a/d2c50f33c43a44abb94280706332351d:deeabf25-a0d5-4c7b-9a89-18c5ff158017::,us-east,batch,2025-08-18T23:32:47.349Z,2025-08-18T23:37:21.062Z,ibm_fez,260,Grier Jones,,d2c50f33c43a44abb94280706332351d,,
1a2b37cf-bf7e-48d3-bd9c-4d770fd38e0e,completed,crn:v1:bluemix:public:quantum-computing:us-east:a/d2c50f33c43a44abb94280706332351d:deeabf25-a0d5-4c7b-9a89-18c5ff158017::,us-east,batch,2025-08-18T23:32:47.323Z,2025-08-18T23:47:41.067Z,ibm_fez,260,Grier Jones,,d2c50f33c43a44abb94280706332351d,,
e17b697e-cb1e-4636-b6f1-7612e6a2d578,completed,crn:v1:bluemix:public:quantum-computing:us-east:a/d2c50f33c43a44abb94280706332351d:deeabf25-a0d5-4c7b-9a89-18c5ff158017::,us-east,batch,2025-08-18T23:32:47.317Z,2025-08-18T23:51:03.386Z,ibm_fez,195,Grier Jones,,d2c50f33c43a44abb94280706332351d,,
4b40bcd3-9bb3-4611-b4db-5ee056cadb0e,completed,crn:v1:bluemix:public:quantum-computing:us-east:a/d2c50f33c43a44abb94280706332351d:deeabf25-a0d5-4c7b-9a89-18c5ff158017::,us-east,batch,2025-08-18T23:32:47.314Z,2025-08-18T23:55:30.231Z,ibm_fez,260,Grier Jones,,d2c50f33c43a44abb94280706332351d,,
4738423c-318a-4983-a218-ebed2930ef20,completed,crn:v1:bluemix:public:quantum-computing:us-east:a/d2c50f33c43a44abb94280706332351d:deeabf25-a0d5-4c7b-9a89-18c5ff158017::,us-east,batch,2025-08-18T23:06:16.945Z,2025-08-18T23:20:41.403Z,ibm_fez,277,Grier Jones,,d2c50f33c43a44abb94280706332351d,,
c1b6662d-199b-4ca1-8387-ca758bb9d2ac,completed,crn:v1:bluemix:public:quantum-computing:us-east:a/d2c50f33c43a44abb94280706332351d:deeabf25-a0d5-4c7b-9a89-18c5ff158017::,us-east,batch,2025-08-18T23:06:16.905Z,2025-08-18T23:32:37.632Z,ibm_fez,279,Grier Jones,,d2c50f33c43a44abb94280706332351d,,
7033fb32-6fc3-4180-b140-7aae147cfb1f,completed,crn:v1:bluemix:public:quantum-computing:us-east:a/d2c50f33c43a44abb94280706332351d:deeabf25-a0d5-4c7b-9a89-18c5ff158017::,us-east,batch,2025-08-18T23:06:16.871Z,2025-08-18T23:10:53.058Z,ibm_fez,261,Grier Jones,,d2c50f33c43a44abb94280706332351d,,
ba343732-ec69-4830-984c-f5a55675696b,completed,crn:v1:bluemix:public:quantum-computing:us-east:a/d2c50f33c43a44abb94280706332351d:deeabf25-a0d5-4c7b-9a89-18c5ff158017::,us-east,batch,2025-08-18T23:06:16.859Z,2025-08-18T23:14:59.616Z,ibm_fez,200,Grier Jones,,d2c50f33c43a44abb94280706332351d,,
5fe8461e-b014-4507-bcb7-9d140a2bb24b,completed,crn:v1:bluemix:public:quantum-computing:us-east:a/d2c50f33c43a44abb94280706332351d:deeabf25-a0d5-4c7b-9a89-18c5ff158017::,us-east,batch,2025-08-18T23:06:16.835Z,2025-08-18T23:27:00.813Z,ibm_fez,273,Grier Jones,,d2c50f33c43a44abb94280706332351d,,
2c31aa5b-8218-49aa-b1cf-48de45495902,completed,crn:v1:bluemix:public:quantum-computing:us-east:a/d2c50f33c43a44abb94280706332351d:deeabf25-a0d5-4c7b-9a89-18c5ff158017::,us-east,batch,2025-08-18T22:44:08.258Z,2025-08-18T22:52:32.684Z,ibm_fez,195,Grier Jones,,d2c50f33c43a44abb94280706332351d,,
cf1c5791-4e6c-4cf8-840b-9b8faa202762,completed,crn:v1:bluemix:public:quantum-computing:us-east:a/d2c50f33c43a44abb94280706332351d:deeabf25-a0d5-4c7b-9a89-18c5ff158017::,us-east,batch,2025-08-18T22:44:08.227Z,2025-08-18T22:49:01.812Z,ibm_fez,261,Grier Jones,,d2c50f33c43a44abb94280706332351d,,
6a75e603-8d85-4d28-a073-93c1d5290299,completed,crn:v1:bluemix:public:quantum-computing:us-east:a/d2c50f33c43a44abb94280706332351d:deeabf25-a0d5-4c7b-9a89-18c5ff158017::,us-east,batch,2025-08-18T22:44:08.227Z,2025-08-18T23:06:13.642Z,ibm_fez,260,Grier Jones,,d2c50f33c43a44abb94280706332351d,,
4a7215f1-a586-46f2-9c50-040f38d0ca88,completed,crn:v1:bluemix:public:quantum-computing:us-east:a/d2c50f33c43a44abb94280706332351d:deeabf25-a0d5-4c7b-9a89-18c5ff158017::,us-east,batch,2025-08-18T22:44:08.226Z,2025-08-18T23:01:36.419Z,ibm_fez,260,Grier Jones,,d2c50f33c43a44abb94280706332351d,,
e830466e-1fb2-4f64-9a02-7614296d03ca,completed,crn:v1:bluemix:public:quantum-computing:us-east:a/d2c50f33c43a44abb94280706332351d:deeabf25-a0d5-4c7b-9a89-18c5ff158017::,us-east,batch,2025-08-18T22:44:08.039Z,2025-08-18T22:57:08.723Z,ibm_fez,260,Grier Jones,,d2c50f33c43a44abb94280706332351d,,
5cc20bfc-1834-4031-9e08-1d3e7539acfa,completed,crn:v1:bluemix:public:quantum-computing:us-east:a/d2c50f33c43a44abb94280706332351d:deeabf25-a0d5-4c7b-9a89-18c5ff158017::,us-east,batch,2025-08-18T20:35:41.087Z,2025-08-18T22:39:09.937Z,ibm_fez,208,Grier Jones,,d2c50f33c43a44abb94280706332351d,,
f430d32e-ae8d-48fb-bc4d-79518f20186f,completed,crn:v1:bluemix:public:quantum-computing:us-east:a/d2c50f33c43a44abb94280706332351d:deeabf25-a0d5-4c7b-9a89-18c5ff158017::,us-east,batch,2025-08-18T20:35:41.009Z,2025-08-18T20:47:14.989Z,ibm_fez,289,Grier Jones,,d2c50f33c43a44abb94280706332351d,,
1112f538-b0d3-49a2-9c44-bb66eca93bcb,completed,crn:v1:bluemix:public:quantum-computing:us-east:a/d2c50f33c43a44abb94280706332351d:deeabf25-a0d5-4c7b-9a89-18c5ff158017::,us-east,batch,2025-08-18T20:35:41.000Z,2025-08-18T22:34:16.629Z,ibm_fez,270,Grier Jones,,d2c50f33c43a44abb94280706332351d,,
e022f720-c3d3-4663-b2e4-ae871b422797,completed,crn:v1:bluemix:public:quantum-computing:us-east:a/d2c50f33c43a44abb94280706332351d:deeabf25-a0d5-4c7b-9a89-18c5ff158017::,us-east,batch,2025-08-18T20:35:40.998Z,2025-08-18T22:22:11.980Z,ibm_fez,279,Grier Jones,,d2c50f33c43a44abb94280706332351d,,
599b7e3a-909e-455a-8493-f4b2fa6031c8,completed,crn:v1:bluemix:public:quantum-computing:us-east:a/d2c50f33c43a44abb94280706332351d:deeabf25-a0d5-4c7b-9a89-18c5ff158017::,us-east,batch,2025-08-18T20:35:40.850Z,2025-08-18T22:44:07.062Z,ibm_fez,265,Grier Jones,,d2c50f33c43a44abb94280706332351d,,
64d6c54a-311d-459e-8adf-b9e2ddaa5703,completed,crn:v1:bluemix:public:quantum-computing:us-east:a/d2c50f33c43a44abb94280706332351d:deeabf25-a0d5-4c7b-9a89-18c5ff158017::,us-east,batch,2025-08-18T20:02:16.440Z,2025-08-18T20:28:35.065Z,ibm_fez,275,Grier Jones,,d2c50f33c43a44abb94280706332351d,,
14d76435-a277-4ac3-9f0f-2868e940d8cf,completed,crn:v1:bluemix:public:quantum-computing:us-east:a/d2c50f33c43a44abb94280706332351d:deeabf25-a0d5-4c7b-9a89-18c5ff158017::,us-east,batch,2025-08-18T20:02:16.410Z,2025-08-18T20:22:09.185Z,ibm_fez,210,Grier Jones,,d2c50f33c43a44abb94280706332351d,,
03d07407-8e95-4de8-82b6-7cb086f704ff,completed,crn:v1:bluemix:public:quantum-computing:us-east:a/d2c50f33c43a44abb94280706332351d:deeabf25-a0d5-4c7b-9a89-18c5ff158017::,us-east,batch,2025-08-18T20:02:16.091Z,2025-08-18T20:16:45.655Z,ibm_fez,281,Grier Jones,,d2c50f33c43a44abb94280706332351d,,
c33e4d01-7ae3-4348-bb75-7ccaf0fb6c21,completed,crn:v1:bluemix:public:quantum-computing:us-east:a/d2c50f33c43a44abb94280706332351d:deeabf25-a0d5-4c7b-9a89-18c5ff158017::,us-east,batch,2025-08-18T20:02:16.090Z,2025-08-18T20:35:39.863Z,ibm_fez,277,Grier Jones,,d2c50f33c43a44abb94280706332351d,,
49d490b2-3f2f-4ea8-92ab-096c26fe8119,completed,crn:v1:bluemix:public:quantum-computing:us-east:a/d2c50f33c43a44abb94280706332351d:deeabf25-a0d5-4c7b-9a89-18c5ff158017::,us-east,batch,2025-08-18T20:02:16.086Z,2025-08-18T20:09:39.019Z,ibm_fez,275,Grier Jones,,d2c50f33c43a44abb94280706332351d,,
1dfa6837-8994-456e-aa63-44ca83d84ab3,completed,crn:v1:bluemix:public:quantum-computing:us-east:a/d2c50f33c43a44abb94280706332351d:deeabf25-a0d5-4c7b-9a89-18c5ff158017::,us-east,batch,2025-08-18T18:45:34.564Z,2025-08-18T19:01:28.087Z,ibm_fez,265,Grier Jones,,d2c50f33c43a44abb94280706332351d,,
0b0d057a-5c9c-4fc7-802f-20a8437f9883,completed,crn:v1:bluemix:public:quantum-computing:us-east:a/d2c50f33c43a44abb94280706332351d:deeabf25-a0d5-4c7b-9a89-18c5ff158017::,us-east,batch,2025-08-18T18:45:34.542Z,2025-08-18T18:51:09.723Z,ibm_fez,260,Grier Jones,,d2c50f33c43a44abb94280706332351d,,
b84729e4-ae16-42c4-b628-99fc3a12c1e0,completed,crn:v1:bluemix:public:quantum-computing:us-east:a/d2c50f33c43a44abb94280706332351d:deeabf25-a0d5-4c7b-9a89-18c5ff158017::,us-east,batch,2025-08-18T18:45:34.538Z,2025-08-18T20:02:12.387Z,ibm_fez,270,Grier Jones,,d2c50f33c43a44abb94280706332351d,,
0210c0d8-4a09-49e7-94b4-91673babc9e7,completed,crn:v1:bluemix:public:quantum-computing:us-east:a/d2c50f33c43a44abb94280706332351d:deeabf25-a0d5-4c7b-9a89-18c5ff158017::,us-east,batch,2025-08-18T18:45:34.004Z,2025-08-18T19:54:15.561Z,ibm_fez,280,Grier Jones,,d2c50f33c43a44abb94280706332351d,,
d43b01b9-4e2d-439e-90b2-511d8cfff546,completed,crn:v1:bluemix:public:quantum-computing:us-east:a/d2c50f33c43a44abb94280706332351d:deeabf25-a0d5-4c7b-9a89-18c5ff158017::,us-east,batch,2025-08-18T18:45:33.930Z,2025-08-18T18:55:46.176Z,ibm_fez,200,Grier Jones,,d2c50f33c43a44abb94280706332351d,,
8c2ae26c-1e0c-4a6b-8a73-53947235d233,completed,crn:v1:bluemix:public:quantum-computing:us-east:a/d2c50f33c43a44abb94280706332351d:deeabf25-a0d5-4c7b-9a89-18c5ff158017::,us-east,batch,2025-08-18T18:17:01.090Z,2025-08-18T18:24:04.630Z,ibm_fez,260,Grier Jones,,d2c50f33c43a44abb94280706332351d,,
d3c453cd-c507-467f-8224-6cbd9e6ce430,completed,crn:v1:bluemix:public:quantum-computing:us-east:a/d2c50f33c43a44abb94280706332351d:deeabf25-a0d5-4c7b-9a89-18c5ff158017::,us-east,batch,2025-08-18T18:17:01.080Z,2025-08-18T18:45:32.836Z,ibm_fez,260,Grier Jones,,d2c50f33c43a44abb94280706332351d,,
fbb2fb91-a716-4b6f-9c4f-90fe96576c65,completed,crn:v1:bluemix:public:quantum-computing:us-east:a/d2c50f33c43a44abb94280706332351d:deeabf25-a0d5-4c7b-9a89-18c5ff158017::,us-east,batch,2025-08-18T18:17:00.733Z,2025-08-18T18:30:55.921Z,ibm_fez,202,Grier Jones,,d2c50f33c43a44abb94280706332351d,,
4a2abe0c-4220-41e6-a167-c60777a9ed8d,completed,crn:v1:bluemix:public:quantum-computing:us-east:a/d2c50f33c43a44abb94280706332351d:deeabf25-a0d5-4c7b-9a89-18c5ff158017::,us-east,batch,2025-08-18T18:17:00.465Z,2025-08-18T18:40:49.665Z,ibm_fez,260,Grier Jones,,d2c50f33c43a44abb94280706332351d,,
a57a1f4a-c475-4b7f-b44e-b45a3a32c367,completed,crn:v1:bluemix:public:quantum-computing:us-east:a/d2c50f33c43a44abb94280706332351d:deeabf25-a0d5-4c7b-9a89-18c5ff158017::,us-east,batch,2025-08-18T18:17:00.458Z,2025-08-18T18:35:57.091Z,ibm_fez,260,Grier Jones,,d2c50f33c43a44abb94280706332351d,,
7f9f1a19-f18a-401b-af3d-a63c4cbfe9a7,completed,crn:v1:bluemix:public:quantum-computing:us-east:a/d2c50f33c43a44abb94280706332351d:deeabf25-a0d5-4c7b-9a89-18c5ff158017::,us-east,batch,2025-08-18T17:46:01.083Z,2025-08-18T18:00:07.160Z,ibm_fez,266,Grier Jones,,d2c50f33c43a44abb94280706332351d,,
92d55a2e-29d4-47c8-815b-c8e6f272e623,completed,crn:v1:bluemix:public:quantum-computing:us-east:a/d2c50f33c43a44abb94280706332351d:deeabf25-a0d5-4c7b-9a89-18c5ff158017::,us-east,batch,2025-08-18T17:46:00.920Z,2025-08-18T18:16:53.399Z,ibm_fez,270,Grier Jones,,d2c50f33c43a44abb94280706332351d,,
9c87be22-870c-4d0f-8c49-0155a81f08d7,completed,crn:v1:bluemix:public:quantum-computing:us-east:a/d2c50f33c43a44abb94280706332351d:deeabf25-a0d5-4c7b-9a89-18c5ff158017::,us-east,batch,2025-08-18T17:46:00.919Z,2025-08-18T18:10:24.355Z,ibm_fez,201,Grier Jones,,d2c50f33c43a44abb94280706332351d,,
93a9f542-ff13-4797-8514-f84819f9d207,completed,crn:v1:bluemix:public:quantum-computing:us-east:a/d2c50f33c43a44abb94280706332351d:deeabf25-a0d5-4c7b-9a89-18c5ff158017::,us-east,batch,2025-08-18T17:46:00.916Z,2025-08-18T17:53:57.056Z,ibm_fez,265,Grier Jones,,d2c50f33c43a44abb94280706332351d,,
f023651d-a539-4ec9-a569-ccd12fbd3bfb,completed,crn:v1:bluemix:public:quantum-computing:us-east:a/d2c50f33c43a44abb94280706332351d:deeabf25-a0d5-4c7b-9a89-18c5ff158017::,us-east,batch,2025-08-18T17:46:00.827Z,2025-08-18T18:05:09.918Z,ibm_fez,260,Grier Jones,,d2c50f33c43a44abb94280706332351d,,
e3e40df5-dd18-4ce2-b181-e16b6fed6e97,completed,crn:v1:bluemix:public:quantum-computing:us-east:a/d2c50f33c43a44abb94280706332351d:deeabf25-a0d5-4c7b-9a89-18c5ff158017::,us-east,batch,2025-08-18T14:48:45.440Z,2025-08-18T15:13:22.503Z,ibm_fez,265,Grier Jones,,d2c50f33c43a44abb94280706332351d,,
22486336-1b82-4286-ada9-e784a362077d,completed,crn:v1:bluemix:public:quantum-computing:us-east:a/d2c50f33c43a44abb94280706332351d:deeabf25-a0d5-4c7b-9a89-18c5ff158017::,us-east,batch,2025-08-18T14:48:45.433Z,2025-08-18T15:01:07.187Z,ibm_fez,265,Grier Jones,,d2c50f33c43a44abb94280706332351d,,
8f2c6226-ca74-4936-8c81-ccc54a6e1a59,completed,crn:v1:bluemix:public:quantum-computing:us-east:a/d2c50f33c43a44abb94280706332351d:deeabf25-a0d5-4c7b-9a89-18c5ff158017::,us-east,batch,2025-08-18T14:48:45.432Z,2025-08-18T17:45:53.863Z,ibm_fez,195,Grier Jones,,d2c50f33c43a44abb94280706332351d,,
ba64e9ee-6e4a-4823-a01d-6c1e8e83eca0,completed,crn:v1:bluemix:public:quantum-computing:us-east:a/d2c50f33c43a44abb94280706332351d:deeabf25-a0d5-4c7b-9a89-18c5ff158017::,us-east,batch,2025-08-18T14:48:45.394Z,2025-08-18T14:54:21.504Z,ibm_fez,266,Grier Jones,,d2c50f33c43a44abb94280706332351d,,
85e6c1de-3758-4918-b2b3-ee6923ff46ba,completed,crn:v1:bluemix:public:quantum-computing:us-east:a/d2c50f33c43a44abb94280706332351d:deeabf25-a0d5-4c7b-9a89-18c5ff158017::,us-east,batch,2025-08-18T14:48:45.390Z,2025-08-18T15:07:26.537Z,ibm_fez,271,Grier Jones,,d2c50f33c43a44abb94280706332351d,,
b7f4b151-4282-4689-a77d-ac6bc23abbed,completed,crn:v1:bluemix:public:quantum-computing:us-east:a/d2c50f33c43a44abb94280706332351d:deeabf25-a0d5-4c7b-9a89-18c5ff158017::,us-east,batch,2025-08-18T14:11:29.904Z,2025-08-18T14:48:42.316Z,ibm_fez,278,Grier Jones,,d2c50f33c43a44abb94280706332351d,,
83e84bca-fec6-4e61-a18c-d4bae7daf2a8,completed,crn:v1:bluemix:public:quantum-computing:us-east:a/d2c50f33c43a44abb94280706332351d:deeabf25-a0d5-4c7b-9a89-18c5ff158017::,us-east,batch,2025-08-18T14:11:29.850Z,2025-08-18T14:26:30.739Z,ibm_fez,270,Grier Jones,,d2c50f33c43a44abb94280706332351d,,
98162ec0-baf2-419f-b9c4-e921c05e00e0,completed,crn:v1:bluemix:public:quantum-computing:us-east:a/d2c50f33c43a44abb94280706332351d:deeabf25-a0d5-4c7b-9a89-18c5ff158017::,us-east,batch,2025-08-18T14:11:29.848Z,2025-08-18T14:19:57.085Z,ibm_fez,280,Grier Jones,,d2c50f33c43a44abb94280706332351d,,
c13b2e45-d210-49ba-8532-c006e285edea,completed,crn:v1:bluemix:public:quantum-computing:us-east:a/d2c50f33c43a44abb94280706332351d:deeabf25-a0d5-4c7b-9a89-18c5ff158017::,us-east,batch,2025-08-18T14:11:29.680Z,2025-08-18T14:41:00.249Z,ibm_fez,208,Grier Jones,,d2c50f33c43a44abb94280706332351d,,
76ea4f5b-789e-407c-8798-864df85c7176,completed,crn:v1:bluemix:public:quantum-computing:us-east:a/d2c50f33c43a44abb94280706332351d:deeabf25-a0d5-4c7b-9a89-18c5ff158017::,us-east,batch,2025-08-18T14:11:29.679Z,2025-08-18T14:33:41.842Z,ibm_fez,278,Grier Jones,,d2c50f33c43a44abb94280706332351d,,
c338d0f8-3634-4c85-baa2-8743590f3880,completed,crn:v1:bluemix:public:quantum-computing:us-east:a/d2c50f33c43a44abb94280706332351d:deeabf25-a0d5-4c7b-9a89-18c5ff158017::,us-east,batch,2025-08-18T13:39:21.409Z,2025-08-18T13:49:37.462Z,ibm_fez,265,Grier Jones,,d2c50f33c43a44abb94280706332351d,,
1c2149a9-c7fb-4db8-9daa-0ccf7983d8b3,completed,crn:v1:bluemix:public:quantum-computing:us-east:a/d2c50f33c43a44abb94280706332351d:deeabf25-a0d5-4c7b-9a89-18c5ff158017::,us-east,batch,2025-08-18T13:39:21.325Z,2025-08-18T14:11:28.846Z,ibm_fez,280,Grier Jones,,d2c50f33c43a44abb94280706332351d,,
1684b3f4-f58d-4f4e-84f0-aae7c72510ff,completed,crn:v1:bluemix:public:quantum-computing:us-east:a/d2c50f33c43a44abb94280706332351d:deeabf25-a0d5-4c7b-9a89-18c5ff158017::,us-east,batch,2025-08-18T13:39:21.321Z,2025-08-18T14:03:56.366Z,ibm_fez,284,Grier Jones,,d2c50f33c43a44abb94280706332351d,,
63fc360d-46c5-4823-858e-5c4e8cb9faad,completed,crn:v1:bluemix:public:quantum-computing:us-east:a/d2c50f33c43a44abb94280706332351d:deeabf25-a0d5-4c7b-9a89-18c5ff158017::,us-east,batch,2025-08-18T13:39:21.313Z,2025-08-18T13:44:22.657Z,ibm_fez,260,Grier Jones,,d2c50f33c43a44abb94280706332351d,,
dbf687f1-1e36-46bd-b7a6-fa4929e92f5a,completed,crn:v1:bluemix:public:quantum-computing:us-east:a/d2c50f33c43a44abb94280706332351d:deeabf25-a0d5-4c7b-9a89-18c5ff158017::,us-east,batch,2025-08-18T13:39:21.308Z,2025-08-18T13:54:57.762Z,ibm_fez,200,Grier Jones,,d2c50f33c43a44abb94280706332351d,,
89f56930-4393-462b-9203-64e472fb9192,completed,crn:v1:bluemix:public:quantum-computing:us-east:a/d2c50f33c43a44abb94280706332351d:deeabf25-a0d5-4c7b-9a89-18c5ff158017::,us-east,batch,2025-08-18T13:16:14.771Z,2025-08-18T13:25:45.579Z,ibm_fez,260,Grier Jones,,d2c50f33c43a44abb94280706332351d,,
2d2dacb8-3ab7-486c-9e4d-4e6eae311ffb,completed,crn:v1:bluemix:public:quantum-computing:us-east:a/d2c50f33c43a44abb94280706332351d:deeabf25-a0d5-4c7b-9a89-18c5ff158017::,us-east,batch,2025-08-18T13:16:14.551Z,2025-08-18T13:21:09.113Z,ibm_fez,260,Grier Jones,,d2c50f33c43a44abb94280706332351d,,
3119efc4-ba23-45ab-b238-d9cdef12e7cf,completed,crn:v1:bluemix:public:quantum-computing:us-east:a/d2c50f33c43a44abb94280706332351d:deeabf25-a0d5-4c7b-9a89-18c5ff158017::,us-east,batch,2025-08-18T13:16:14.547Z,2025-08-18T13:39:16.600Z,ibm_fez,260,Grier Jones,,d2c50f33c43a44abb94280706332351d,,
f8b42980-1975-4e27-b663-5c3bd390f500,completed,crn:v1:bluemix:public:quantum-computing:us-east:a/d2c50f33c43a44abb94280706332351d:deeabf25-a0d5-4c7b-9a89-18c5ff158017::,us-east,batch,2025-08-18T13:16:14.542Z,2025-08-18T13:29:18.424Z,ibm_fez,195,Grier Jones,,d2c50f33c43a44abb94280706332351d,,
714277f4-9cbd-4b97-bc97-7000d7b7a3ed,completed,crn:v1:bluemix:public:quantum-computing:us-east:a/d2c50f33c43a44abb94280706332351d:deeabf25-a0d5-4c7b-9a89-18c5ff158017::,us-east,batch,2025-08-18T13:16:14.428Z,2025-08-18T13:33:55.392Z,ibm_fez,260,Grier Jones,,d2c50f33c43a44abb94280706332351d,,
619d3557-c68f-4fe6-a1fc-6f201dcbf914,completed,crn:v1:bluemix:public:quantum-computing:us-east:a/d2c50f33c43a44abb94280706332351d:deeabf25-a0d5-4c7b-9a89-18c5ff158017::,us-east,batch,2025-08-18T12:49:08.193Z,2025-08-18T13:00:32.214Z,ibm_fez,260,Grier Jones,,d2c50f33c43a44abb94280706332351d,,
efdbfaae-856d-4667-b03e-8c4370ae0b67,completed,crn:v1:bluemix:public:quantum-computing:us-east:a/d2c50f33c43a44abb94280706332351d:deeabf25-a0d5-4c7b-9a89-18c5ff158017::,us-east,batch,2025-08-18T12:49:08.028Z,2025-08-18T13:07:39.736Z,ibm_fez,272,Grier Jones,,d2c50f33c43a44abb94280706332351d,,
9643ecca-33ce-45da-9bb4-085f0220894a,completed,crn:v1:bluemix:public:quantum-computing:us-east:a/d2c50f33c43a44abb94280706332351d:deeabf25-a0d5-4c7b-9a89-18c5ff158017::,us-east,batch,2025-08-18T12:49:07.995Z,2025-08-18T12:54:50.176Z,ibm_fez,271,Grier Jones,,d2c50f33c43a44abb94280706332351d,,
d788c9f8-ac9b-4ada-b8d9-cf57d04978b5,completed,crn:v1:bluemix:public:quantum-computing:us-east:a/d2c50f33c43a44abb94280706332351d:deeabf25-a0d5-4c7b-9a89-18c5ff158017::,us-east,batch,2025-08-18T12:49:07.969Z,2025-08-18T13:16:03.074Z,ibm_fez,195,Grier Jones,,d2c50f33c43a44abb94280706332351d,,
702e62e3-03c7-4771-9050-548f22828abb,completed,crn:v1:bluemix:public:quantum-computing:us-east:a/d2c50f33c43a44abb94280706332351d:deeabf25-a0d5-4c7b-9a89-18c5ff158017::,us-east,batch,2025-08-18T12:49:07.860Z,2025-08-18T13:12:39.775Z,ibm_fez,265,Grier Jones,,d2c50f33c43a44abb94280706332351d,,
1021b895-e12d-4918-b525-0182dcecfe13,completed,crn:v1:bluemix:public:quantum-computing:us-east:a/d2c50f33c43a44abb94280706332351d:deeabf25-a0d5-4c7b-9a89-18c5ff158017::,us-east,batch,2025-08-18T12:19:21.807Z,2025-08-18T12:38:20.118Z,ibm_fez,280,Grier Jones,,d2c50f33c43a44abb94280706332351d,,
b92e4de7-cfc9-4f43-9037-348ce6a68af7,completed,crn:v1:bluemix:public:quantum-computing:us-east:a/d2c50f33c43a44abb94280706332351d:deeabf25-a0d5-4c7b-9a89-18c5ff158017::,us-east,batch,2025-08-18T12:19:21.768Z,2025-08-18T12:44:03.296Z,ibm_fez,213,Grier Jones,,d2c50f33c43a44abb94280706332351d,,
5510d851-082e-41c6-98d4-90c0586cae1a,completed,crn:v1:bluemix:public:quantum-computing:us-east:a/d2c50f33c43a44abb94280706332351d:deeabf25-a0d5-4c7b-9a89-18c5ff158017::,us-east,batch,2025-08-18T12:19:21.759Z,2025-08-18T12:49:06.421Z,ibm_fez,261,Grier Jones,,d2c50f33c43a44abb94280706332351d,,
f654c898-9c23-4e94-8a9d-db4624f7e739,completed,crn:v1:bluemix:public:quantum-computing:us-east:a/d2c50f33c43a44abb94280706332351d:deeabf25-a0d5-4c7b-9a89-18c5ff158017::,us-east,batch,2025-08-18T12:19:21.752Z,2025-08-18T12:24:11.012Z,ibm_fez,260,Grier Jones,,d2c50f33c43a44abb94280706332351d,,
114f0d79-4c39-4a28-996c-04687ce1770e,completed,crn:v1:bluemix:public:quantum-computing:us-east:a/d2c50f33c43a44abb94280706332351d:deeabf25-a0d5-4c7b-9a89-18c5ff158017::,us-east,batch,2025-08-18T12:19:21.579Z,2025-08-18T12:29:47.730Z,ibm_fez,265,Grier Jones,,d2c50f33c43a44abb94280706332351d,,
0812856f-b86e-453f-bf9c-c4d4912260b2,completed,crn:v1:bluemix:public:quantum-computing:us-east:a/d2c50f33c43a44abb94280706332351d:deeabf25-a0d5-4c7b-9a89-18c5ff158017::,us-east,batch,2025-08-18T11:54:37.934Z,2025-08-18T11:59:45.376Z,ibm_fez,264,Grier Jones,,d2c50f33c43a44abb94280706332351d,,
1d128375-ab4c-4969-8cdc-fc6cde2da83b,completed,crn:v1:bluemix:public:quantum-computing:us-east:a/d2c50f33c43a44abb94280706332351d:deeabf25-a0d5-4c7b-9a89-18c5ff158017::,us-east,batch,2025-08-18T11:54:37.885Z,2025-08-18T12:19:19.026Z,ibm_fez,260,Grier Jones,,d2c50f33c43a44abb94280706332351d,,
e6d5bb4f-0fbb-4fe9-b421-2f90e705588e,completed,crn:v1:bluemix:public:quantum-computing:us-east:a/d2c50f33c43a44abb94280706332351d:deeabf25-a0d5-4c7b-9a89-18c5ff158017::,us-east,batch,2025-08-18T11:54:37.768Z,2025-08-18T12:14:52.114Z,ibm_fez,270,Grier Jones,,d2c50f33c43a44abb94280706332351d,,
bbc3e8d0-fa9a-4610-8db5-09f2fe533edd,completed,crn:v1:bluemix:public:quantum-computing:us-east:a/d2c50f33c43a44abb94280706332351d:deeabf25-a0d5-4c7b-9a89-18c5ff158017::,us-east,batch,2025-08-18T11:54:37.763Z,2025-08-18T12:08:01.365Z,ibm_fez,260,Grier Jones,,d2c50f33c43a44abb94280706332351d,,
61c15eec-fdb2-428f-9afc-edb16d3a27da,completed,crn:v1:bluemix:public:quantum-computing:us-east:a/d2c50f33c43a44abb94280706332351d:deeabf25-a0d5-4c7b-9a89-18c5ff158017::,us-east,batch,2025-08-18T11:54:37.760Z,2025-08-18T12:03:16.351Z,ibm_fez,195,Grier Jones,,d2c50f33c43a44abb94280706332351d,,
a18909ec-0fea-40b6-abbf-faa37e02a7ca,completed,crn:v1:bluemix:public:quantum-computing:us-east:a/d2c50f33c43a44abb94280706332351d:deeabf25-a0d5-4c7b-9a89-18c5ff158017::,us-east,batch,2025-08-15T17:13:48.842Z,2025-08-15T18:04:50.649Z,ibm_fez,301,Grier Jones,,d2c50f33c43a44abb94280706332351d,,
26014423-77a7-48b3-9335-853248216347,completed,crn:v1:bluemix:public:quantum-computing:us-east:a/d2c50f33c43a44abb94280706332351d:deeabf25-a0d5-4c7b-9a89-18c5ff158017::,us-east,batch,2025-08-15T17:13:48.813Z,2025-08-18T11:54:36.840Z,ibm_fez,260,Grier Jones,,d2c50f33c43a44abb94280706332351d,,
0e2f7753-1d33-455c-b3fc-356c743d6cc4,completed,crn:v1:bluemix:public:quantum-computing:us-east:a/d2c50f33c43a44abb94280706332351d:deeabf25-a0d5-4c7b-9a89-18c5ff158017::,us-east,batch,2025-08-15T17:13:48.746Z,2025-08-16T05:30:48.362Z,ibm_fez,223,Grier Jones,,d2c50f33c43a44abb94280706332351d,,
3a3bd5da-b193-4c1f-9058-e7b39757d13c,completed,crn:v1:bluemix:public:quantum-computing:us-east:a/d2c50f33c43a44abb94280706332351d:deeabf25-a0d5-4c7b-9a89-18c5ff158017::,us-east,batch,2025-08-15T17:13:48.732Z,2025-08-15T17:19:52.639Z,ibm_fez,270,Grier Jones,,d2c50f33c43a44abb94280706332351d,,
51bafcc8-6e56-4523-8341-a04fea31780e,completed,crn:v1:bluemix:public:quantum-computing:us-east:a/d2c50f33c43a44abb94280706332351d:deeabf25-a0d5-4c7b-9a89-18c5ff158017::,us-east,batch,2025-08-15T17:13:48.728Z,2025-08-15T17:27:22.165Z,ibm_fez,269,Grier Jones,,d2c50f33c43a44abb94280706332351d,,
e44ee94d-a2b2-49c4-b630-081ba42c14a5,completed,crn:v1:bluemix:public:quantum-computing:us-east:a/d2c50f33c43a44abb94280706332351d:deeabf25-a0d5-4c7b-9a89-18c5ff158017::,us-east,batch,2025-08-15T16:02:17.840Z,2025-08-15T16:14:47.030Z,ibm_fez,265,Grier Jones,,d2c50f33c43a44abb94280706332351d,,
9868f651-a7ea-49c5-aaca-0b75f8c12574,completed,crn:v1:bluemix:public:quantum-computing:us-east:a/d2c50f33c43a44abb94280706332351d:deeabf25-a0d5-4c7b-9a89-18c5ff158017::,us-east,batch,2025-08-15T16:02:17.838Z,2025-08-15T16:19:15.016Z,ibm_fez,260,Grier Jones,,d2c50f33c43a44abb94280706332351d,,
a1c9e765-2f72-4179-9647-d315ee9abb72,completed,crn:v1:bluemix:public:quantum-computing:us-east:a/d2c50f33c43a44abb94280706332351d:deeabf25-a0d5-4c7b-9a89-18c5ff158017::,us-east,batch,2025-08-15T16:02:17.829Z,2025-08-15T16:45:23.793Z,ibm_fez,266,Grier Jones,,d2c50f33c43a44abb94280706332351d,,
ca3bdeb3-7e8f-41f7-b07f-f154283533fd,completed,crn:v1:bluemix:public:quantum-computing:us-east:a/d2c50f33c43a44abb94280706332351d:deeabf25-a0d5-4c7b-9a89-18c5ff158017::,us-east,batch,2025-08-15T16:02:17.793Z,2025-08-15T17:13:34.355Z,ibm_fez,202,Grier Jones,,d2c50f33c43a44abb94280706332351d,,
bbd28a94-c68f-4112-83a4-e6743e610b78,completed,crn:v1:bluemix:public:quantum-computing:us-east:a/d2c50f33c43a44abb94280706332351d:deeabf25-a0d5-4c7b-9a89-18c5ff158017::,us-east,batch,2025-08-15T16:02:17.746Z,2025-08-15T16:08:20.917Z,ibm_fez,275,Grier Jones,,d2c50f33c43a44abb94280706332351d,,
282b3cba-5f9f-47a0-8330-9d4d91e2204c,completed,crn:v1:bluemix:public:quantum-computing:us-east:a/d2c50f33c43a44abb94280706332351d:deeabf25-a0d5-4c7b-9a89-18c5ff158017::,us-east,batch,2025-08-08T11:44:18.957Z,2025-08-15T21:59:47.615Z,ibm_fez,280,Grier Jones,,d2c50f33c43a44abb94280706332351d,,
7082d613-e329-49f9-b4e4-b94c6668b06a,completed,crn:v1:bluemix:public:quantum-computing:us-east:a/d2c50f33c43a44abb94280706332351d:deeabf25-a0d5-4c7b-9a89-18c5ff158017::,us-east,batch,2025-08-08T11:44:18.953Z,2025-08-15T23:52:54.636Z,ibm_fez,205,Grier Jones,,d2c50f33c43a44abb94280706332351d,,
d85ea79a-8a03-4846-a900-bff0b5a15d76,completed,crn:v1:bluemix:public:quantum-computing:us-east:a/d2c50f33c43a44abb94280706332351d:deeabf25-a0d5-4c7b-9a89-18c5ff158017::,us-east,batch,2025-08-08T11:44:18.953Z,2025-08-15T13:17:33.970Z,ibm_fez,264,Grier Jones,,d2c50f33c43a44abb94280706332351d,,
160399b5-6e8b-42dd-be56-0ac561b2d4d7,completed,crn:v1:bluemix:public:quantum-computing:us-east:a/d2c50f33c43a44abb94280706332351d:deeabf25-a0d5-4c7b-9a89-18c5ff158017::,us-east,batch,2025-08-08T11:44:18.738Z,2025-08-15T13:22:33.712Z,ibm_fez,265,Grier Jones,,d2c50f33c43a44abb94280706332351d,,
4b3634d9-4ee7-48e0-8c10-0c749bb00616,completed,crn:v1:bluemix:public:quantum-computing:us-east:a/d2c50f33c43a44abb94280706332351d:deeabf25-a0d5-4c7b-9a89-18c5ff158017::,us-east,batch,2025-08-08T11:44:18.389Z,2025-08-15T11:52:48.328Z,ibm_fez,195,Grier Jones,,d2c50f33c43a44abb94280706332351d,,
af1f7dd0-d076-4f30-a693-f10cde76f622,completed,crn:v1:bluemix:public:quantum-computing:us-east:a/d2c50f33c43a44abb94280706332351d:deeabf25-a0d5-4c7b-9a89-18c5ff158017::,us-east,batch,2025-08-08T11:21:49.173Z,2025-08-08T11:39:03.444Z,ibm_fez,261,Grier Jones,,d2c50f33c43a44abb94280706332351d,,
873aeedd-9d05-4a81-a5fd-5e0c63e21815,completed,crn:v1:bluemix:public:quantum-computing:us-east:a/d2c50f33c43a44abb94280706332351d:deeabf25-a0d5-4c7b-9a89-18c5ff158017::,us-east,batch,2025-08-08T11:21:48.717Z,2025-08-08T11:30:04.830Z,ibm_fez,260,Grier Jones,,d2c50f33c43a44abb94280706332351d,,
b8162608-86da-4267-ac8c-5667b36f32c5,completed,crn:v1:bluemix:public:quantum-computing:us-east:a/d2c50f33c43a44abb94280706332351d:deeabf25-a0d5-4c7b-9a89-18c5ff158017::,us-east,batch,2025-08-08T11:21:48.717Z,2025-08-08T19:55:27.463Z,ibm_fez,268,Grier Jones,,d2c50f33c43a44abb94280706332351d,,
2d88cdaa-01db-4d19-9965-cdbb4d32282e,completed,crn:v1:bluemix:public:quantum-computing:us-east:a/d2c50f33c43a44abb94280706332351d:deeabf25-a0d5-4c7b-9a89-18c5ff158017::,us-east,batch,2025-08-08T11:21:48.715Z,2025-08-08T11:34:33.723Z,ibm_fez,260,Grier Jones,,d2c50f33c43a44abb94280706332351d,,
92f10e6b-672f-4f73-b59a-9e671f4622ac,completed,crn:v1:bluemix:public:quantum-computing:us-east:a/d2c50f33c43a44abb94280706332351d:deeabf25-a0d5-4c7b-9a89-18c5ff158017::,us-east,batch,2025-08-08T11:21:48.680Z,2025-08-08T11:25:31.874Z,ibm_fez,195,Grier Jones,,d2c50f33c43a44abb94280706332351d,,
3879c47c-09b7-4825-9dbd-db83019d0ce2,completed,crn:v1:bluemix:public:quantum-computing:us-east:a/d2c50f33c43a44abb94280706332351d:deeabf25-a0d5-4c7b-9a89-18c5ff158017::,us-east,batch,2025-08-08T10:55:04.484Z,2025-08-08T11:21:46.695Z,ibm_fez,260,Grier Jones,,d2c50f33c43a44abb94280706332351d,,
622c76b3-00df-42b3-88aa-f7456c63dfb1,completed,crn:v1:bluemix:public:quantum-computing:us-east:a/d2c50f33c43a44abb94280706332351d:deeabf25-a0d5-4c7b-9a89-18c5ff158017::,us-east,batch,2025-08-08T10:55:04.277Z,2025-08-08T11:01:16.334Z,ibm_fez,267,Grier Jones,,d2c50f33c43a44abb94280706332351d,,
94f1cf26-8eaa-4253-9caa-845bec29a237,completed,crn:v1:bluemix:public:quantum-computing:us-east:a/d2c50f33c43a44abb94280706332351d:deeabf25-a0d5-4c7b-9a89-18c5ff158017::,us-east,batch,2025-08-08T10:55:04.243Z,2025-08-08T11:05:45.749Z,ibm_fez,261,Grier Jones,,d2c50f33c43a44abb94280706332351d,,
a84eb187-f5ff-45e3-9d26-56e9b5dabb31,completed,crn:v1:bluemix:public:quantum-computing:us-east:a/d2c50f33c43a44abb94280706332351d:deeabf25-a0d5-4c7b-9a89-18c5ff158017::,us-east,batch,2025-08-08T10:55:04.238Z,2025-08-08T11:17:17.308Z,ibm_fez,266,Grier Jones,,d2c50f33c43a44abb94280706332351d,,
6916bd22-f23c-49be-8c28-cc71584ec952,completed,crn:v1:bluemix:public:quantum-computing:us-east:a/d2c50f33c43a44abb94280706332351d:deeabf25-a0d5-4c7b-9a89-18c5ff158017::,us-east,batch,2025-08-08T10:55:04.237Z,2025-08-08T11:11:46.163Z,ibm_fez,212,Grier Jones,,d2c50f33c43a44abb94280706332351d,,
aa902063-03e6-4f77-a924-3db921704432,completed,crn:v1:bluemix:public:quantum-computing:us-east:a/d2c50f33c43a44abb94280706332351d:deeabf25-a0d5-4c7b-9a89-18c5ff158017::,us-east,batch,2025-08-08T10:17:45.143Z,2025-08-08T10:49:10.370Z,ibm_fez,276,Grier Jones,,d2c50f33c43a44abb94280706332351d,,
be08a787-697d-4d21-aea7-19316b9e14b0,completed,crn:v1:bluemix:public:quantum-computing:us-east:a/d2c50f33c43a44abb94280706332351d:deeabf25-a0d5-4c7b-9a89-18c5ff158017::,us-east,batch,2025-08-08T10:17:45.142Z,2025-08-08T10:54:55.369Z,ibm_fez,207,Grier Jones,,d2c50f33c43a44abb94280706332351d,,
168c9039-0201-4f6a-af00-15f280d4f868,completed,crn:v1:bluemix:public:quantum-computing:us-east:a/d2c50f33c43a44abb94280706332351d:deeabf25-a0d5-4c7b-9a89-18c5ff158017::,us-east,batch,2025-08-08T10:17:45.141Z,2025-08-08T10:25:44.112Z,ibm_fez,284,Grier Jones,,d2c50f33c43a44abb94280706332351d,,
8d78b4f7-b01a-4dbf-a9b1-d60814e80aa5,completed,crn:v1:bluemix:public:quantum-computing:us-east:a/d2c50f33c43a44abb94280706332351d:deeabf25-a0d5-4c7b-9a89-18c5ff158017::,us-east,batch,2025-08-08T10:17:45.140Z,2025-08-08T10:43:02.701Z,ibm_fez,281,Grier Jones,,d2c50f33c43a44abb94280706332351d,,
68f8e840-eba2-473f-8931-81d593d080bc,completed,crn:v1:bluemix:public:quantum-computing:us-east:a/d2c50f33c43a44abb94280706332351d:deeabf25-a0d5-4c7b-9a89-18c5ff158017::,us-east,batch,2025-08-08T10:17:45.139Z,2025-08-08T10:35:46.925Z,ibm_fez,275,Grier Jones,,d2c50f33c43a44abb94280706332351d,,
012d897a-0fab-445a-8fc9-5550ffe11334,completed,crn:v1:bluemix:public:quantum-computing:us-east:a/d2c50f33c43a44abb94280706332351d:deeabf25-a0d5-4c7b-9a89-18c5ff158017::,us-east,batch,2025-08-05T15:15:22.749Z,2025-08-08T10:02:48.962Z,ibm_fez,284,Grier Jones,,d2c50f33c43a44abb94280706332351d,,
de3fa265-1ba2-4058-93e4-adaa38d6721e,completed,crn:v1:bluemix:public:quantum-computing:us-east:a/d2c50f33c43a44abb94280706332351d:deeabf25-a0d5-4c7b-9a89-18c5ff158017::,us-east,batch,2025-08-05T15:15:22.695Z,2025-08-08T09:55:47.726Z,ibm_fez,213,Grier Jones,,d2c50f33c43a44abb94280706332351d,,
9379bb12-8ca6-4645-966f-a8a17e13c591,completed,crn:v1:bluemix:public:quantum-computing:us-east:a/d2c50f33c43a44abb94280706332351d:deeabf25-a0d5-4c7b-9a89-18c5ff158017::,us-east,batch,2025-08-05T15:15:22.661Z,2025-08-08T10:10:27.991Z,ibm_fez,288,Grier Jones,,d2c50f33c43a44abb94280706332351d,,
ee9de807-d902-47af-a677-491b1c780472,completed,crn:v1:bluemix:public:quantum-computing:us-east:a/d2c50f33c43a44abb94280706332351d:deeabf25-a0d5-4c7b-9a89-18c5ff158017::,us-east,batch,2025-08-05T15:15:22.645Z,2025-08-08T10:17:42.619Z,ibm_fez,273,Grier Jones,,d2c50f33c43a44abb94280706332351d,,
ff93f05d-6cac-4e35-9632-bfe2cdc7bd7d,completed,crn:v1:bluemix:public:quantum-computing:us-east:a/d2c50f33c43a44abb94280706332351d:deeabf25-a0d5-4c7b-9a89-18c5ff158017::,us-east,batch,2025-08-05T15:15:22.491Z,2025-08-08T09:42:07.998Z,ibm_fez,279,Grier Jones,,d2c50f33c43a44abb94280706332351d,,
6c204cec-3df5-4fa4-a834-1b93debd1023,completed,crn:v1:bluemix:public:quantum-computing:us-east:a/d2c50f33c43a44abb94280706332351d:deeabf25-a0d5-4c7b-9a89-18c5ff158017::,us-east,batch,2025-08-03T19:51:45.377Z,2025-08-03T19:59:15.446Z,ibm_fez,283,Grier Jones,,d2c50f33c43a44abb94280706332351d,,
dd817004-8a97-46b2-afdf-4e5bb0d3335a,completed,crn:v1:bluemix:public:quantum-computing:us-east:a/d2c50f33c43a44abb94280706332351d:deeabf25-a0d5-4c7b-9a89-18c5ff158017::,us-east,batch,2025-08-03T19:51:45.312Z,2025-08-03T20:30:08.282Z,ibm_fez,0,Grier Jones,,d2c50f33c43a44abb94280706332351d,,
33216ac8-ef80-4781-aab3-27d8329fc52e,completed,crn:v1:bluemix:public:quantum-computing:us-east:a/d2c50f33c43a44abb94280706332351d:deeabf25-a0d5-4c7b-9a89-18c5ff158017::,us-east,batch,2025-08-03T19:51:45.289Z,2025-08-03T20:24:25.276Z,ibm_fez,44,Grier Jones,,d2c50f33c43a44abb94280706332351d,,
d1f5a3d3-a769-4083-9f3a-c9c2950215ee,completed,crn:v1:bluemix:public:quantum-computing:us-east:a/d2c50f33c43a44abb94280706332351d:deeabf25-a0d5-4c7b-9a89-18c5ff158017::,us-east,batch,2025-08-03T19:51:45.288Z,2025-08-03T20:17:26.655Z,ibm_fez,283,Grier Jones,,d2c50f33c43a44abb94280706332351d,,
85fceb49-8482-42b9-a4aa-c2031e7871e5,completed,crn:v1:bluemix:public:quantum-computing:us-east:a/d2c50f33c43a44abb94280706332351d:deeabf25-a0d5-4c7b-9a89-18c5ff158017::,us-east,batch,2025-08-03T19:51:45.186Z,2025-08-03T20:06:44.798Z,ibm_fez,209,Grier Jones,,d2c50f33c43a44abb94280706332351d,,
1a740ec8-a96d-41ae-b2f8-f6c81fcb3d8c,completed,crn:v1:bluemix:public:quantum-computing:us-east:a/d2c50f33c43a44abb94280706332351d:deeabf25-a0d5-4c7b-9a89-18c5ff158017::,us-east,batch,2025-08-03T19:09:48.900Z,2025-08-03T19:51:44.351Z,ibm_fez,277,Grier Jones,,d2c50f33c43a44abb94280706332351d,,
42c402e7-1326-47d1-9aa0-52ab511ff35a,completed,crn:v1:bluemix:public:quantum-computing:us-east:a/d2c50f33c43a44abb94280706332351d:deeabf25-a0d5-4c7b-9a89-18c5ff158017::,us-east,batch,2025-08-03T19:09:48.884Z,2025-08-03T19:19:41.742Z,ibm_fez,195,Grier Jones,,d2c50f33c43a44abb94280706332351d,,
8890706f-e919-4aff-b093-76ace195787a,completed,crn:v1:bluemix:public:quantum-computing:us-east:a/d2c50f33c43a44abb94280706332351d:deeabf25-a0d5-4c7b-9a89-18c5ff158017::,us-east,batch,2025-08-03T19:09:48.408Z,2025-08-03T19:16:17.968Z,ibm_fez,260,Grier Jones,,d2c50f33c43a44abb94280706332351d,,
97249b4c-9342-4226-95d4-e78699fa9e42,completed,crn:v1:bluemix:public:quantum-computing:us-east:a/d2c50f33c43a44abb94280706332351d:deeabf25-a0d5-4c7b-9a89-18c5ff158017::,us-east,batch,2025-08-03T19:09:48.364Z,2025-08-03T19:30:51.053Z,ibm_fez,269,Grier Jones,,d2c50f33c43a44abb94280706332351d,,
205a3213-128f-411c-95b0-d5f08fed96fa,completed,crn:v1:bluemix:public:quantum-computing:us-east:a/d2c50f33c43a44abb94280706332351d:deeabf25-a0d5-4c7b-9a89-18c5ff158017::,us-east,batch,2025-08-03T19:09:48.361Z,2025-08-03T19:44:44.422Z,ibm_fez,295,Grier Jones,,d2c50f33c43a44abb94280706332351d,,
e66d1c95-5b33-44b7-9e2b-5ebe41de6845,completed,crn:v1:bluemix:public:quantum-computing:us-east:a/d2c50f33c43a44abb94280706332351d:deeabf25-a0d5-4c7b-9a89-18c5ff158017::,us-east,batch,2025-08-03T18:47:00.195Z,2025-08-03T19:06:15.210Z,ibm_fez,260,Grier Jones,,d2c50f33c43a44abb94280706332351d,,
e3e98114-2f11-4081-9cd0-11481b6760b5,completed,crn:v1:bluemix:public:quantum-computing:us-east:a/d2c50f33c43a44abb94280706332351d:deeabf25-a0d5-4c7b-9a89-18c5ff158017::,us-east,batch,2025-08-03T18:47:00.112Z,2025-08-03T19:09:41.660Z,ibm_fez,198,Grier Jones,,d2c50f33c43a44abb94280706332351d,,
c1f46454-dd38-4021-8fa1-f56d20da4b83,completed,crn:v1:bluemix:public:quantum-computing:us-east:a/d2c50f33c43a44abb94280706332351d:deeabf25-a0d5-4c7b-9a89-18c5ff158017::,us-east,batch,2025-08-03T18:47:00.109Z,2025-08-03T18:51:36.542Z,ibm_fez,260,Grier Jones,,d2c50f33c43a44abb94280706332351d,,
229384e6-f7a0-49c5-9cc8-2df48c7a5bfc,completed,crn:v1:bluemix:public:quantum-computing:us-east:a/d2c50f33c43a44abb94280706332351d:deeabf25-a0d5-4c7b-9a89-18c5ff158017::,us-east,batch,2025-08-03T18:47:00.101Z,2025-08-03T18:56:47.359Z,ibm_fez,266,Grier Jones,,d2c50f33c43a44abb94280706332351d,,
85942f6f-978d-444b-a940-b95d8f8f826e,completed,crn:v1:bluemix:public:quantum-computing:us-east:a/d2c50f33c43a44abb94280706332351d:deeabf25-a0d5-4c7b-9a89-18c5ff158017::,us-east,batch,2025-08-03T18:47:00.098Z,2025-08-03T19:01:46.977Z,ibm_fez,264,Grier Jones,,d2c50f33c43a44abb94280706332351d,,
e1343f63-212c-4556-a0ae-b978a79ca56c,completed,crn:v1:bluemix:public:quantum-computing:us-east:a/d2c50f33c43a44abb94280706332351d:deeabf25-a0d5-4c7b-9a89-18c5ff158017::,us-east,batch,2025-08-03T18:22:40.132Z,2025-08-03T18:43:27.476Z,ibm_fez,266,Grier Jones,,d2c50f33c43a44abb94280706332351d,,
5327c75d-5696-4102-944b-b1ab3fc5a9de,completed,crn:v1:bluemix:public:quantum-computing:us-east:a/d2c50f33c43a44abb94280706332351d:deeabf25-a0d5-4c7b-9a89-18c5ff158017::,us-east,batch,2025-08-03T18:22:40.127Z,2025-08-03T18:27:15.396Z,ibm_fez,260,Grier Jones,,d2c50f33c43a44abb94280706332351d,,
d94bb3f9-8cc9-47fc-85c9-e3efb9c17a71,completed,crn:v1:bluemix:public:quantum-computing:us-east:a/d2c50f33c43a44abb94280706332351d:deeabf25-a0d5-4c7b-9a89-18c5ff158017::,us-east,batch,2025-08-03T18:22:40.126Z,2025-08-03T18:38:11.535Z,ibm_fez,276,Grier Jones,,d2c50f33c43a44abb94280706332351d,,
7804b6a4-518c-4202-af05-ab4d0fcd6182,completed,crn:v1:bluemix:public:quantum-computing:us-east:a/d2c50f33c43a44abb94280706332351d:deeabf25-a0d5-4c7b-9a89-18c5ff158017::,us-east,batch,2025-08-03T18:22:40.006Z,2025-08-03T18:31:43.954Z,ibm_fez,260,Grier Jones,,d2c50f33c43a44abb94280706332351d,,
896163a0-ec63-4bf7-ab4c-a762cca2177a,completed,crn:v1:bluemix:public:quantum-computing:us-east:a/d2c50f33c43a44abb94280706332351d:deeabf25-a0d5-4c7b-9a89-18c5ff158017::,us-east,batch,2025-08-03T18:22:40.002Z,2025-08-03T18:46:51.438Z,ibm_fez,195,Grier Jones,,d2c50f33c43a44abb94280706332351d,,
22a06ab3-d12f-4a35-8127-039a3e3bdabd,completed,crn:v1:bluemix:public:quantum-computing:us-east:a/d2c50f33c43a44abb94280706332351d:deeabf25-a0d5-4c7b-9a89-18c5ff158017::,us-east,batch,2025-08-03T18:01:10.443Z,2025-08-03T18:09:06.822Z,ibm_fez,260,Grier Jones,,d2c50f33c43a44abb94280706332351d,,
cb73cbaa-6883-4e55-a541-ebfe32682ac0,completed,crn:v1:bluemix:public:quantum-computing:us-east:a/d2c50f33c43a44abb94280706332351d:deeabf25-a0d5-4c7b-9a89-18c5ff158017::,us-east,batch,2025-08-03T18:01:10.435Z,2025-08-03T18:18:08.230Z,ibm_fez,260,Grier Jones,,d2c50f33c43a44abb94280706332351d,,
2cf695ed-8197-4edb-8977-31fc0415ec7c,completed,crn:v1:bluemix:public:quantum-computing:us-east:a/d2c50f33c43a44abb94280706332351d:deeabf25-a0d5-4c7b-9a89-18c5ff158017::,us-east,batch,2025-08-03T18:01:10.433Z,2025-08-03T18:13:40.264Z,ibm_fez,260,Grier Jones,,d2c50f33c43a44abb94280706332351d,,
2cf7d75d-39d5-4e61-86b8-59d05ad695fc,completed,crn:v1:bluemix:public:quantum-computing:us-east:a/d2c50f33c43a44abb94280706332351d:deeabf25-a0d5-4c7b-9a89-18c5ff158017::,us-east,batch,2025-08-03T18:01:10.417Z,2025-08-03T18:04:38.313Z,ibm_fez,195,Grier Jones,,d2c50f33c43a44abb94280706332351d,,
bdad04db-ce8d-4b5c-9f1e-7b30fef36653,completed,crn:v1:bluemix:public:quantum-computing:us-east:a/d2c50f33c43a44abb94280706332351d:deeabf25-a0d5-4c7b-9a89-18c5ff158017::,us-east,batch,2025-08-03T18:01:10.416Z,2025-08-03T18:22:37.763Z,ibm_fez,260,Grier Jones,,d2c50f33c43a44abb94280706332351d,,
acf443a5-4435-47cf-a1d8-0f829f1efb8e,completed,crn:v1:bluemix:public:quantum-computing:us-east:a/d2c50f33c43a44abb94280706332351d:deeabf25-a0d5-4c7b-9a89-18c5ff158017::,us-east,batch,2025-08-03T17:38:06.217Z,2025-08-03T18:01:07.184Z,ibm_fez,199,Grier Jones,,d2c50f33c43a44abb94280706332351d,,
496f1a3d-325d-4edd-90ab-3ffcf0195092,completed,crn:v1:bluemix:public:quantum-computing:us-east:a/d2c50f33c43a44abb94280706332351d:deeabf25-a0d5-4c7b-9a89-18c5ff158017::,us-east,batch,2025-08-03T17:38:06.133Z,2025-08-03T17:42:39.330Z,ibm_fez,260,Grier Jones,,d2c50f33c43a44abb94280706332351d,,
91914909-b180-46c0-b352-28212c641893,completed,crn:v1:bluemix:public:quantum-computing:us-east:a/d2c50f33c43a44abb94280706332351d:deeabf25-a0d5-4c7b-9a89-18c5ff158017::,us-east,batch,2025-08-03T17:38:06.113Z,2025-08-03T17:53:12.066Z,ibm_fez,270,Grier Jones,,d2c50f33c43a44abb94280706332351d,,
3ed26ac7-3ded-48ed-891e-9fbac602986e,completed,crn:v1:bluemix:public:quantum-computing:us-east:a/d2c50f33c43a44abb94280706332351d:deeabf25-a0d5-4c7b-9a89-18c5ff158017::,us-east,batch,2025-08-03T17:38:05.973Z,2025-08-03T17:57:39.946Z,ibm_fez,260,Grier Jones,,d2c50f33c43a44abb94280706332351d,,
64263866-c185-4c2c-b62b-6508fe91e436,completed,crn:v1:bluemix:public:quantum-computing:us-east:a/d2c50f33c43a44abb94280706332351d:deeabf25-a0d5-4c7b-9a89-18c5ff158017::,us-east,batch,2025-08-03T17:38:05.971Z,2025-08-03T17:47:38.921Z,ibm_fez,264,Grier Jones,,d2c50f33c43a44abb94280706332351d,,
9080be79-cbca-4a98-b0f1-152288780e6c,completed,crn:v1:bluemix:public:quantum-computing:us-east:a/d2c50f33c43a44abb94280706332351d:deeabf25-a0d5-4c7b-9a89-18c5ff158017::,us-east,batch,2025-08-03T17:01:41.899Z,2025-08-03T17:38:00.004Z,ibm_fez,195,Grier Jones,,d2c50f33c43a44abb94280706332351d,,
606f1429-5c80-492b-a446-22b4cf9ccc90,completed,crn:v1:bluemix:public:quantum-computing:us-east:a/d2c50f33c43a44abb94280706332351d:deeabf25-a0d5-4c7b-9a89-18c5ff158017::,us-east,batch,2025-08-03T17:01:41.864Z,2025-08-03T17:34:20.013Z,ibm_fez,260,Grier Jones,,d2c50f33c43a44abb94280706332351d,,
3afe9fdd-ba14-4ba1-a7e4-a1ea912ac2ca,completed,crn:v1:bluemix:public:quantum-computing:us-east:a/d2c50f33c43a44abb94280706332351d:deeabf25-a0d5-4c7b-9a89-18c5ff158017::,us-east,batch,2025-08-03T17:01:41.860Z,2025-08-03T17:09:50.137Z,ibm_fez,281,Grier Jones,,d2c50f33c43a44abb94280706332351d,,
0518bdfb-970e-43b8-89a4-5668b014f777,completed,crn:v1:bluemix:public:quantum-computing:us-east:a/d2c50f33c43a44abb94280706332351d:deeabf25-a0d5-4c7b-9a89-18c5ff158017::,us-east,batch,2025-08-03T17:01:41.793Z,2025-08-03T17:29:35.392Z,ibm_fez,260,Grier Jones,,d2c50f33c43a44abb94280706332351d,,
fa6e4639-bc65-4408-8155-e3420292567b,completed,crn:v1:bluemix:public:quantum-computing:us-east:a/d2c50f33c43a44abb94280706332351d:deeabf25-a0d5-4c7b-9a89-18c5ff158017::,us-east,batch,2025-08-03T17:01:41.786Z,2025-08-03T17:24:52.232Z,ibm_fez,288,Grier Jones,,d2c50f33c43a44abb94280706332351d,,
2e1b96d5-4039-468a-a35f-6c9da5746d24,completed,crn:v1:bluemix:public:quantum-computing:us-east:a/d2c50f33c43a44abb94280706332351d:deeabf25-a0d5-4c7b-9a89-18c5ff158017::,us-east,batch,2025-08-03T16:09:54.490Z,2025-08-03T16:37:07.946Z,ibm_fez,282,Grier Jones,,d2c50f33c43a44abb94280706332351d,,
b9955b95-8edf-413c-af90-070feb62f737,completed,crn:v1:bluemix:public:quantum-computing:us-east:a/d2c50f33c43a44abb94280706332351d:deeabf25-a0d5-4c7b-9a89-18c5ff158017::,us-east,batch,2025-08-03T16:09:54.389Z,2025-08-03T16:51:53.584Z,ibm_fez,280,Grier Jones,,d2c50f33c43a44abb94280706332351d,,
19f1cebb-51a6-42a6-86be-da00dc341bd8,completed,crn:v1:bluemix:public:quantum-computing:us-east:a/d2c50f33c43a44abb94280706332351d:deeabf25-a0d5-4c7b-9a89-18c5ff158017::,us-east,batch,2025-08-03T16:09:54.387Z,2025-08-03T16:44:25.486Z,ibm_fez,268,Grier Jones,,d2c50f33c43a44abb94280706332351d,,
623c462b-07b2-445e-b66f-31918797cfd4,completed,crn:v1:bluemix:public:quantum-computing:us-east:a/d2c50f33c43a44abb94280706332351d:deeabf25-a0d5-4c7b-9a89-18c5ff158017::,us-east,batch,2025-08-03T16:09:54.375Z,2025-08-03T17:01:36.135Z,ibm_fez,211,Grier Jones,,d2c50f33c43a44abb94280706332351d,,
8229bd39-cbed-4394-9870-889907ff7695,completed,crn:v1:bluemix:public:quantum-computing:us-east:a/d2c50f33c43a44abb94280706332351d:deeabf25-a0d5-4c7b-9a89-18c5ff158017::,us-east,batch,2025-08-03T16:09:54.252Z,2025-08-03T16:20:39.376Z,ibm_fez,279,Grier Jones,,d2c50f33c43a44abb94280706332351d,,
d4623d8e-f73a-44f4-9949-76fc59863ec3,completed,crn:v1:bluemix:public:quantum-computing:us-east:a/d2c50f33c43a44abb94280706332351d:deeabf25-a0d5-4c7b-9a89-18c5ff158017::,us-east,batch,2025-08-03T15:38:30.268Z,2025-08-03T15:55:16.258Z,ibm_fez,205,Grier Jones,,d2c50f33c43a44abb94280706332351d,,
7abcf56c-02ee-47b0-8c46-f48168d08675,completed,crn:v1:bluemix:public:quantum-computing:us-east:a/d2c50f33c43a44abb94280706332351d:deeabf25-a0d5-4c7b-9a89-18c5ff158017::,us-east,batch,2025-08-03T15:38:30.260Z,2025-08-03T15:50:11.026Z,ibm_fez,260,Grier Jones,,d2c50f33c43a44abb94280706332351d,,
e326f6c9-f315-4ba0-ad15-5c69605e11a8,completed,crn:v1:bluemix:public:quantum-computing:us-east:a/d2c50f33c43a44abb94280706332351d:deeabf25-a0d5-4c7b-9a89-18c5ff158017::,us-east,batch,2025-08-03T15:38:30.243Z,2025-08-03T15:45:43.126Z,ibm_fez,265,Grier Jones,,d2c50f33c43a44abb94280706332351d,,
1282ff79-6641-4d0d-8dc8-ca9ba9275d86,completed,crn:v1:bluemix:public:quantum-computing:us-east:a/d2c50f33c43a44abb94280706332351d:deeabf25-a0d5-4c7b-9a89-18c5ff158017::,us-east,batch,2025-08-03T15:38:30.219Z,2025-08-03T16:02:17.596Z,ibm_fez,277,Grier Jones,,d2c50f33c43a44abb94280706332351d,,
9d86e45b-dd13-4acd-a66e-4a84a2252093,completed,crn:v1:bluemix:public:quantum-computing:us-east:a/d2c50f33c43a44abb94280706332351d:deeabf25-a0d5-4c7b-9a89-18c5ff158017::,us-east,batch,2025-08-03T15:38:30.185Z,2025-08-03T16:09:52.876Z,ibm_fez,280,Grier Jones,,d2c50f33c43a44abb94280706332351d,,
143e0093-236a-4345-9821-df9fbc944c4a,completed,crn:v1:bluemix:public:quantum-computing:us-east:a/d2c50f33c43a44abb94280706332351d:deeabf25-a0d5-4c7b-9a89-18c5ff158017::,us-east,batch,2025-08-03T15:15:13.993Z,2025-08-03T15:20:31.351Z,ibm_fez,264,Grier Jones,,d2c50f33c43a44abb94280706332351d,,
acd6bb34-9bd0-4302-9422-8edd36805030,completed,crn:v1:bluemix:public:quantum-computing:us-east:a/d2c50f33c43a44abb94280706332351d:deeabf25-a0d5-4c7b-9a89-18c5ff158017::,us-east,batch,2025-08-03T15:15:13.993Z,2025-08-03T15:33:57.877Z,ibm_fez,265,Grier Jones,,d2c50f33c43a44abb94280706332351d,,
23c57639-0c7a-4a76-820a-1107f1f64f3b,completed,crn:v1:bluemix:public:quantum-computing:us-east:a/d2c50f33c43a44abb94280706332351d:deeabf25-a0d5-4c7b-9a89-18c5ff158017::,us-east,batch,2025-08-03T15:15:13.932Z,2025-08-03T15:29:24.281Z,ibm_fez,201,Grier Jones,,d2c50f33c43a44abb94280706332351d,,
205b7423-d3ef-4b99-8b91-8c59a8e8d1a3,completed,crn:v1:bluemix:public:quantum-computing:us-east:a/d2c50f33c43a44abb94280706332351d:deeabf25-a0d5-4c7b-9a89-18c5ff158017::,us-east,batch,2025-08-03T15:15:13.930Z,2025-08-03T15:38:28.729Z,ibm_fez,262,Grier Jones,,d2c50f33c43a44abb94280706332351d,,
8f4ee896-7110-45dc-b8d8-7a9b1a200973,completed,crn:v1:bluemix:public:quantum-computing:us-east:a/d2c50f33c43a44abb94280706332351d:deeabf25-a0d5-4c7b-9a89-18c5ff158017::,us-east,batch,2025-08-03T15:15:13.930Z,2025-08-03T15:25:40.867Z,ibm_fez,265,Grier Jones,,d2c50f33c43a44abb94280706332351d,,
dd0563ed-5557-4b08-a4cf-d6bec10e89bf,completed,crn:v1:bluemix:public:quantum-computing:us-east:a/d2c50f33c43a44abb94280706332351d:deeabf25-a0d5-4c7b-9a89-18c5ff158017::,us-east,batch,2025-08-03T14:47:55.547Z,2025-08-03T14:55:52.374Z,ibm_fez,261,Grier Jones,,d2c50f33c43a44abb94280706332351d,,
2017c8c1-c021-450d-b3e5-0d32ae6c843a,completed,crn:v1:bluemix:public:quantum-computing:us-east:a/d2c50f33c43a44abb94280706332351d:deeabf25-a0d5-4c7b-9a89-18c5ff158017::,us-east,batch,2025-08-03T14:47:54.443Z,2025-08-03T15:15:09.503Z,ibm_fez,270,Grier Jones,,d2c50f33c43a44abb94280706332351d,,
eb0495c8-0cde-44c3-947d-de459f9fdf65,completed,crn:v1:bluemix:public:quantum-computing:us-east:a/d2c50f33c43a44abb94280706332351d:deeabf25-a0d5-4c7b-9a89-18c5ff158017::,us-east,batch,2025-08-03T14:47:54.431Z,2025-08-03T14:51:22.695Z,ibm_fez,195,Grier Jones,,d2c50f33c43a44abb94280706332351d,,
1077cae0-fdc1-4f94-af46-3b36d24c6c64,completed,crn:v1:bluemix:public:quantum-computing:us-east:a/d2c50f33c43a44abb94280706332351d:deeabf25-a0d5-4c7b-9a89-18c5ff158017::,us-east,batch,2025-08-03T14:47:54.397Z,2025-08-03T15:08:22.086Z,ibm_fez,272,Grier Jones,,d2c50f33c43a44abb94280706332351d,,
582ef430-506c-46bb-b4eb-4ec7059f422b,completed,crn:v1:bluemix:public:quantum-computing:us-east:a/d2c50f33c43a44abb94280706332351d:deeabf25-a0d5-4c7b-9a89-18c5ff158017::,us-east,batch,2025-08-03T14:47:54.394Z,2025-08-03T15:01:44.106Z,ibm_fez,271,Grier Jones,,d2c50f33c43a44abb94280706332351d,,
5aa47aeb-b732-4396-b5e3-6a9f7adde8c4,completed,crn:v1:bluemix:public:quantum-computing:us-east:a/d2c50f33c43a44abb94280706332351d:deeabf25-a0d5-4c7b-9a89-18c5ff158017::,us-east,batch,2025-08-03T14:23:42.747Z,2025-08-03T14:41:58.953Z,ibm_fez,207,Grier Jones,,d2c50f33c43a44abb94280706332351d,,
5995d254-d86c-456e-b338-5fdb9f351aa4,completed,crn:v1:bluemix:public:quantum-computing:us-east:a/d2c50f33c43a44abb94280706332351d:deeabf25-a0d5-4c7b-9a89-18c5ff158017::,us-east,batch,2025-08-03T14:23:42.733Z,2025-08-03T14:32:47.321Z,ibm_fez,260,Grier Jones,,d2c50f33c43a44abb94280706332351d,,
9eb2d5d5-0d27-4bc3-8319-7ddce4933127,completed,crn:v1:bluemix:public:quantum-computing:us-east:a/d2c50f33c43a44abb94280706332351d:deeabf25-a0d5-4c7b-9a89-18c5ff158017::,us-east,batch,2025-08-03T14:23:42.733Z,2025-08-03T14:47:51.131Z,ibm_fez,271,Grier Jones,,d2c50f33c43a44abb94280706332351d,,
1e4787ae-744b-4d9a-a61a-3aadcfce6f86,completed,crn:v1:bluemix:public:quantum-computing:us-east:a/d2c50f33c43a44abb94280706332351d:deeabf25-a0d5-4c7b-9a89-18c5ff158017::,us-east,batch,2025-08-03T14:23:42.733Z,2025-08-03T14:28:19.000Z,ibm_fez,260,Grier Jones,,d2c50f33c43a44abb94280706332351d,,
4ee4999d-dc0e-488f-80ef-2a96e682d7ae,completed,crn:v1:bluemix:public:quantum-computing:us-east:a/d2c50f33c43a44abb94280706332351d:deeabf25-a0d5-4c7b-9a89-18c5ff158017::,us-east,batch,2025-08-03T14:23:42.641Z,2025-08-03T14:37:15.191Z,ibm_fez,260,Grier Jones,,d2c50f33c43a44abb94280706332351d,,
c556c548-c948-4af5-9c6e-e65f14a08832,completed,crn:v1:bluemix:public:quantum-computing:us-east:a/d2c50f33c43a44abb94280706332351d:deeabf25-a0d5-4c7b-9a89-18c5ff158017::,us-east,batch,2025-08-03T13:59:40.503Z,2025-08-03T14:14:29.749Z,ibm_fez,260,Grier Jones,,d2c50f33c43a44abb94280706332351d,,
b7441ec8-f62d-4c8d-8ff2-4a8b26f7715a,completed,crn:v1:bluemix:public:quantum-computing:us-east:a/d2c50f33c43a44abb94280706332351d:deeabf25-a0d5-4c7b-9a89-18c5ff158017::,us-east,batch,2025-08-03T13:59:40.488Z,2025-08-03T14:19:12.348Z,ibm_fez,263,Grier Jones,,d2c50f33c43a44abb94280706332351d,,
9b61f010-9f4a-4d5e-9f2b-9c10862f6bb2,completed,crn:v1:bluemix:public:quantum-computing:us-east:a/d2c50f33c43a44abb94280706332351d:deeabf25-a0d5-4c7b-9a89-18c5ff158017::,us-east,batch,2025-08-03T13:59:40.453Z,2025-08-03T14:23:41.178Z,ibm_fez,260,Grier Jones,,d2c50f33c43a44abb94280706332351d,,
e0e8fb02-2e4e-4bee-8269-a83dc80f32b2,completed,crn:v1:bluemix:public:quantum-computing:us-east:a/d2c50f33c43a44abb94280706332351d:deeabf25-a0d5-4c7b-9a89-18c5ff158017::,us-east,batch,2025-08-03T13:59:40.435Z,2025-08-03T14:10:00.735Z,ibm_fez,200,Grier Jones,,d2c50f33c43a44abb94280706332351d,,
865f00be-a4a8-4fa9-9421-4e0f6195cba2,completed,crn:v1:bluemix:public:quantum-computing:us-east:a/d2c50f33c43a44abb94280706332351d:deeabf25-a0d5-4c7b-9a89-18c5ff158017::,us-east,batch,2025-08-03T13:59:40.372Z,2025-08-03T14:04:57.146Z,ibm_fez,264,Grier Jones,,d2c50f33c43a44abb94280706332351d,,
ab8bcf2b-a0fa-4b5d-b284-8f8e91f2505a,completed,crn:v1:bluemix:public:quantum-computing:us-east:a/d2c50f33c43a44abb94280706332351d:deeabf25-a0d5-4c7b-9a89-18c5ff158017::,us-east,batch,2025-08-03T13:16:46.179Z,2025-08-03T13:33:15.650Z,ibm_fez,260,Grier Jones,,d2c50f33c43a44abb94280706332351d,,
34f967e7-4d3b-4424-a93a-16c8693568ab,completed,crn:v1:bluemix:public:quantum-computing:us-east:a/d2c50f33c43a44abb94280706332351d:deeabf25-a0d5-4c7b-9a89-18c5ff158017::,us-east,batch,2025-08-03T13:16:46.134Z,2025-08-03T13:59:38.861Z,ibm_fez,264,Grier Jones,,d2c50f33c43a44abb94280706332351d,,
73b6c344-d260-4703-8772-9aebdf0ad8c7,completed,crn:v1:bluemix:public:quantum-computing:us-east:a/d2c50f33c43a44abb94280706332351d:deeabf25-a0d5-4c7b-9a89-18c5ff158017::,us-east,batch,2025-08-03T13:16:46.074Z,2025-08-03T13:54:39.171Z,ibm_fez,195,Grier Jones,,d2c50f33c43a44abb94280706332351d,,
804eeecc-285d-4138-88f7-15ee64b17daa,completed,crn:v1:bluemix:public:quantum-computing:us-east:a/d2c50f33c43a44abb94280706332351d:deeabf25-a0d5-4c7b-9a89-18c5ff158017::,us-east,batch,2025-08-03T13:16:46.072Z,2025-08-03T13:22:23.572Z,ibm_fez,269,Grier Jones,,d2c50f33c43a44abb94280706332351d,,
656f0dd6-837a-45d3-844e-049b621c6aa7,completed,crn:v1:bluemix:public:quantum-computing:us-east:a/d2c50f33c43a44abb94280706332351d:deeabf25-a0d5-4c7b-9a89-18c5ff158017::,us-east,batch,2025-08-03T13:16:46.062Z,2025-08-03T13:46:34.792Z,ibm_fez,260,Grier Jones,,d2c50f33c43a44abb94280706332351d,,
e42e7eb3-3e21-463b-a2b4-ff1d03cbcd87,completed,crn:v1:bluemix:public:quantum-computing:us-east:a/d2c50f33c43a44abb94280706332351d:deeabf25-a0d5-4c7b-9a89-18c5ff158017::,us-east,batch,2025-08-03T12:14:25.389Z,2025-08-03T12:21:15.314Z,ibm_fez,279,Grier Jones,,d2c50f33c43a44abb94280706332351d,,
7ef576da-e330-4756-95d6-6a9850396170,completed,crn:v1:bluemix:public:quantum-computing:us-east:a/d2c50f33c43a44abb94280706332351d:deeabf25-a0d5-4c7b-9a89-18c5ff158017::,us-east,batch,2025-08-03T12:14:25.387Z,2025-08-03T12:46:42.634Z,ibm_fez,206,Grier Jones,,d2c50f33c43a44abb94280706332351d,,
e602f340-a19f-4e13-8c72-0d2643c26319,completed,crn:v1:bluemix:public:quantum-computing:us-east:a/d2c50f33c43a44abb94280706332351d:deeabf25-a0d5-4c7b-9a89-18c5ff158017::,us-east,batch,2025-08-03T12:14:25.383Z,2025-08-03T13:16:45.031Z,ibm_fez,270,Grier Jones,,d2c50f33c43a44abb94280706332351d,,
95b5cf11-d8f2-41cc-a3f4-2f62c8f67377,completed,crn:v1:bluemix:public:quantum-computing:us-east:a/d2c50f33c43a44abb94280706332351d:deeabf25-a0d5-4c7b-9a89-18c5ff158017::,us-east,batch,2025-08-03T12:14:25.374Z,2025-08-03T13:03:33.367Z,ibm_fez,279,Grier Jones,,d2c50f33c43a44abb94280706332351d,,
a7f22868-0ff9-49d7-a8fd-3f08c2a10bc0,completed,crn:v1:bluemix:public:quantum-computing:us-east:a/d2c50f33c43a44abb94280706332351d:deeabf25-a0d5-4c7b-9a89-18c5ff158017::,us-east,batch,2025-08-03T12:14:25.370Z,2025-08-03T13:10:51.159Z,ibm_fez,280,Grier Jones,,d2c50f33c43a44abb94280706332351d,,
a3c7b987-bff1-4dc7-9f1c-a83bf0fae42f,completed,crn:v1:bluemix:public:quantum-computing:us-east:a/d2c50f33c43a44abb94280706332351d:deeabf25-a0d5-4c7b-9a89-18c5ff158017::,us-east,batch,2025-08-03T11:41:07.835Z,2025-08-03T11:45:15.112Z,ibm_fez,195,Grier Jones,,d2c50f33c43a44abb94280706332351d,,
3d0e0382-5587-407d-b5e6-b259af274f34,completed,crn:v1:bluemix:public:quantum-computing:us-east:a/d2c50f33c43a44abb94280706332351d:deeabf25-a0d5-4c7b-9a89-18c5ff158017::,us-east,batch,2025-08-03T11:41:07.831Z,2025-08-03T11:49:45.282Z,ibm_fez,263,Grier Jones,,d2c50f33c43a44abb94280706332351d,,
4e8953d9-d2d7-4885-bbb8-8876d713822c,completed,crn:v1:bluemix:public:quantum-computing:us-east:a/d2c50f33c43a44abb94280706332351d:deeabf25-a0d5-4c7b-9a89-18c5ff158017::,us-east,batch,2025-08-03T11:41:07.802Z,2025-08-03T12:14:20.728Z,ibm_fez,277,Grier Jones,,d2c50f33c43a44abb94280706332351d,,
617f7019-a82e-4b65-ad09-db00c8372f10,completed,crn:v1:bluemix:public:quantum-computing:us-east:a/d2c50f33c43a44abb94280706332351d:deeabf25-a0d5-4c7b-9a89-18c5ff158017::,us-east,batch,2025-08-03T11:41:07.799Z,2025-08-03T11:56:22.981Z,ibm_fez,265,Grier Jones,,d2c50f33c43a44abb94280706332351d,,
02c99503-c167-47b3-a6d3-039477602350,completed,crn:v1:bluemix:public:quantum-computing:us-east:a/d2c50f33c43a44abb94280706332351d:deeabf25-a0d5-4c7b-9a89-18c5ff158017::,us-east,batch,2025-08-03T11:41:07.718Z,2025-08-03T12:04:56.066Z,ibm_fez,283,Grier Jones,,d2c50f33c43a44abb94280706332351d,,
11c6bd9e-467d-4c67-b949-31f81a32344f,completed,crn:v1:bluemix:public:quantum-computing:us-east:a/d2c50f33c43a44abb94280706332351d:deeabf25-a0d5-4c7b-9a89-18c5ff158017::,us-east,batch,2025-08-03T11:18:05.492Z,2025-08-03T11:35:57.117Z,ibm_fez,265,Grier Jones,,d2c50f33c43a44abb94280706332351d,,
72ab723a-baac-4cbe-a99e-9f88b83f54f6,completed,crn:v1:bluemix:public:quantum-computing:us-east:a/d2c50f33c43a44abb94280706332351d:deeabf25-a0d5-4c7b-9a89-18c5ff158017::,us-east,batch,2025-08-03T11:18:05.485Z,2025-08-03T11:41:06.825Z,ibm_fez,265,Grier Jones,,d2c50f33c43a44abb94280706332351d,,
93acf56e-4caa-4505-a516-649ccf9a3188,completed,crn:v1:bluemix:public:quantum-computing:us-east:a/d2c50f33c43a44abb94280706332351d:deeabf25-a0d5-4c7b-9a89-18c5ff158017::,us-east,batch,2025-08-03T11:18:05.423Z,2025-08-03T11:30:47.382Z,ibm_fez,260,Grier Jones,,d2c50f33c43a44abb94280706332351d,,
b0f9d50f-bae4-4702-baa9-5d5a3eb66750,completed,crn:v1:bluemix:public:quantum-computing:us-east:a/d2c50f33c43a44abb94280706332351d:deeabf25-a0d5-4c7b-9a89-18c5ff158017::,us-east,batch,2025-08-03T11:18:05.123Z,2025-08-03T11:26:04.396Z,ibm_fez,195,Grier Jones,,d2c50f33c43a44abb94280706332351d,,
7955e9d1-1790-4a84-b8ef-5423e48f1654,completed,crn:v1:bluemix:public:quantum-computing:us-east:a/d2c50f33c43a44abb94280706332351d:deeabf25-a0d5-4c7b-9a89-18c5ff158017::,us-east,batch,2025-08-03T11:18:05.108Z,2025-08-03T11:22:40.662Z,ibm_fez,261,Grier Jones,,d2c50f33c43a44abb94280706332351d,,
d03bc170-8422-4af4-a505-f8d851eb7880,completed,crn:v1:bluemix:public:quantum-computing:us-east:a/d2c50f33c43a44abb94280706332351d:deeabf25-a0d5-4c7b-9a89-18c5ff158017::,us-east,batch,2025-08-03T10:55:12.949Z,2025-08-03T10:59:58.540Z,ibm_fez,260,Grier Jones,,d2c50f33c43a44abb94280706332351d,,
1ac94d16-c3a1-4ae1-9369-47546d8ff543,completed,crn:v1:bluemix:public:quantum-computing:us-east:a/d2c50f33c43a44abb94280706332351d:deeabf25-a0d5-4c7b-9a89-18c5ff158017::,us-east,batch,2025-08-03T10:55:12.861Z,2025-08-03T11:05:10.398Z,ibm_fez,260,Grier Jones,,d2c50f33c43a44abb94280706332351d,,
aba4d082-940e-4ebc-b620-9222b76209c5,completed,crn:v1:bluemix:public:quantum-computing:us-east:a/d2c50f33c43a44abb94280706332351d:deeabf25-a0d5-4c7b-9a89-18c5ff158017::,us-east,batch,2025-08-03T10:55:12.794Z,2025-08-03T11:13:27.830Z,ibm_fez,195,Grier Jones,,d2c50f33c43a44abb94280706332351d,,
0fe56d97-89f6-4e64-aebd-ca0fb5aae456,completed,crn:v1:bluemix:public:quantum-computing:us-east:a/d2c50f33c43a44abb94280706332351d:deeabf25-a0d5-4c7b-9a89-18c5ff158017::,us-east,batch,2025-08-03T10:55:12.780Z,2025-08-03T11:09:39.122Z,ibm_fez,260,Grier Jones,,d2c50f33c43a44abb94280706332351d,,
2aee77aa-78bf-4507-9761-b2053a2b8f79,completed,crn:v1:bluemix:public:quantum-computing:us-east:a/d2c50f33c43a44abb94280706332351d:deeabf25-a0d5-4c7b-9a89-18c5ff158017::,us-east,batch,2025-08-03T10:55:12.766Z,2025-08-03T11:18:04.152Z,ibm_fez,260,Grier Jones,,d2c50f33c43a44abb94280706332351d,,
42cd3cb9-755b-4d03-9e84-4b28941edb73,completed,crn:v1:bluemix:public:quantum-computing:us-east:a/d2c50f33c43a44abb94280706332351d:deeabf25-a0d5-4c7b-9a89-18c5ff158017::,us-east,batch,2025-08-03T10:24:34.664Z,2025-08-03T10:40:52.393Z,ibm_fez,263,Grier Jones,,d2c50f33c43a44abb94280706332351d,,
c766c3c4-14c6-4940-be64-b2b8b1b4e9d0,completed,crn:v1:bluemix:public:quantum-computing:us-east:a/d2c50f33c43a44abb94280706332351d:deeabf25-a0d5-4c7b-9a89-18c5ff158017::,us-east,batch,2025-08-03T10:24:34.652Z,2025-08-03T10:36:20.912Z,ibm_fez,283,Grier Jones,,d2c50f33c43a44abb94280706332351d,,
92998f87-c5d6-457b-8450-951e458c77d3,completed,crn:v1:bluemix:public:quantum-computing:us-east:a/d2c50f33c43a44abb94280706332351d:deeabf25-a0d5-4c7b-9a89-18c5ff158017::,us-east,batch,2025-08-03T10:24:34.591Z,2025-08-03T10:55:06.095Z,ibm_fez,213,Grier Jones,,d2c50f33c43a44abb94280706332351d,,
2780ef78-1239-4078-b447-52ad8020bb75,completed,crn:v1:bluemix:public:quantum-computing:us-east:a/d2c50f33c43a44abb94280706332351d:deeabf25-a0d5-4c7b-9a89-18c5ff158017::,us-east,batch,2025-08-03T10:24:34.565Z,2025-08-03T10:50:36.346Z,ibm_fez,270,Grier Jones,,d2c50f33c43a44abb94280706332351d,,
ee52b71d-4ce3-4119-83b3-cd68106518f4,completed,crn:v1:bluemix:public:quantum-computing:us-east:a/d2c50f33c43a44abb94280706332351d:deeabf25-a0d5-4c7b-9a89-18c5ff158017::,us-east,batch,2025-08-03T10:24:34.540Z,2025-08-03T10:45:39.579Z,ibm_fez,264,Grier Jones,,d2c50f33c43a44abb94280706332351d,,
3ccdfcc8-7bbc-409c-bdc9-f81035d8e987,completed,crn:v1:bluemix:public:quantum-computing:us-east:a/d2c50f33c43a44abb94280706332351d:deeabf25-a0d5-4c7b-9a89-18c5ff158017::,us-east,batch,2025-08-03T09:57:51.723Z,2025-08-03T10:24:33.610Z,ibm_fez,265,Grier Jones,,d2c50f33c43a44abb94280706332351d,,
d7ccc3a4-5b2a-4a11-aa3d-08162bcf1f28,completed,crn:v1:bluemix:public:quantum-computing:us-east:a/d2c50f33c43a44abb94280706332351d:deeabf25-a0d5-4c7b-9a89-18c5ff158017::,us-east,batch,2025-08-03T09:57:51.722Z,2025-08-03T10:09:17.869Z,ibm_fez,199,Grier Jones,,d2c50f33c43a44abb94280706332351d,,
70c83a0b-d86b-43ba-bdbd-40a5c594af65,completed,crn:v1:bluemix:public:quantum-computing:us-east:a/d2c50f33c43a44abb94280706332351d:deeabf25-a0d5-4c7b-9a89-18c5ff158017::,us-east,batch,2025-08-03T09:57:51.704Z,2025-08-03T10:19:19.371Z,ibm_fez,260,Grier Jones,,d2c50f33c43a44abb94280706332351d,,
944301bd-953d-4e26-9d45-84a17d9fdd50,completed,crn:v1:bluemix:public:quantum-computing:us-east:a/d2c50f33c43a44abb94280706332351d:deeabf25-a0d5-4c7b-9a89-18c5ff158017::,us-east,batch,2025-08-03T09:57:51.669Z,2025-08-03T10:14:49.951Z,ibm_fez,266,Grier Jones,,d2c50f33c43a44abb94280706332351d,,
f38be5f1-3c9d-48e5-ae42-747d5fb28857,completed,crn:v1:bluemix:public:quantum-computing:us-east:a/d2c50f33c43a44abb94280706332351d:deeabf25-a0d5-4c7b-9a89-18c5ff158017::,us-east,batch,2025-08-03T09:57:51.667Z,2025-08-03T10:04:44.720Z,ibm_fez,260,Grier Jones,,d2c50f33c43a44abb94280706332351d,,
0c98651c-4109-42ea-bd5f-becffabb2202,completed,crn:v1:bluemix:public:quantum-computing:us-east:a/d2c50f33c43a44abb94280706332351d:deeabf25-a0d5-4c7b-9a89-18c5ff158017::,us-east,batch,2025-08-03T09:24:01.473Z,2025-08-03T09:53:22.030Z,ibm_fez,197,Grier Jones,,d2c50f33c43a44abb94280706332351d,,
7e496a40-b75a-4551-952b-1f217196bc12,completed,crn:v1:bluemix:public:quantum-computing:us-east:a/d2c50f33c43a44abb94280706332351d:deeabf25-a0d5-4c7b-9a89-18c5ff158017::,us-east,batch,2025-08-03T09:24:01.457Z,2025-08-03T09:30:28.024Z,ibm_fez,260,Grier Jones,,d2c50f33c43a44abb94280706332351d,,
91e6e47c-423f-4e5b-aca0-d3a6a842879f,completed,crn:v1:bluemix:public:quantum-computing:us-east:a/d2c50f33c43a44abb94280706332351d:deeabf25-a0d5-4c7b-9a89-18c5ff158017::,us-east,batch,2025-08-03T09:24:01.453Z,2025-08-03T09:42:09.470Z,ibm_fez,282,Grier Jones,,d2c50f33c43a44abb94280706332351d,,
dbffd433-efc4-4895-a179-b1393d1f76cf,completed,crn:v1:bluemix:public:quantum-computing:us-east:a/d2c50f33c43a44abb94280706332351d:deeabf25-a0d5-4c7b-9a89-18c5ff158017::,us-east,batch,2025-08-03T09:24:01.428Z,2025-08-03T09:49:56.157Z,ibm_fez,260,Grier Jones,,d2c50f33c43a44abb94280706332351d,,
95a0656e-e8f2-46ac-98d8-8d9802707047,completed,crn:v1:bluemix:public:quantum-computing:us-east:a/d2c50f33c43a44abb94280706332351d:deeabf25-a0d5-4c7b-9a89-18c5ff158017::,us-east,batch,2025-08-03T09:24:01.397Z,2025-08-03T09:57:50.635Z,ibm_fez,260,Grier Jones,,d2c50f33c43a44abb94280706332351d,,
136cae99-465d-4c1b-9a71-47500b195d17,completed,crn:v1:bluemix:public:quantum-computing:us-east:a/d2c50f33c43a44abb94280706332351d:deeabf25-a0d5-4c7b-9a89-18c5ff158017::,us-east,batch,2025-08-03T05:27:21.864Z,2025-08-03T09:16:23.517Z,ibm_fez,285,Grier Jones,,d2c50f33c43a44abb94280706332351d,,
1d8e7577-19c9-43c6-85c7-8d102a7b9462,completed,crn:v1:bluemix:public:quantum-computing:us-east:a/d2c50f33c43a44abb94280706332351d:deeabf25-a0d5-4c7b-9a89-18c5ff158017::,us-east,batch,2025-08-03T05:27:21.838Z,2025-08-03T05:40:09.431Z,ibm_fez,195,Grier Jones,,d2c50f33c43a44abb94280706332351d,,
d53d33dd-7f90-430b-9776-eafe062038cc,completed,crn:v1:bluemix:public:quantum-computing:us-east:a/d2c50f33c43a44abb94280706332351d:deeabf25-a0d5-4c7b-9a89-18c5ff158017::,us-east,batch,2025-08-03T05:27:21.816Z,2025-08-03T05:36:45.608Z,ibm_fez,260,Grier Jones,,d2c50f33c43a44abb94280706332351d,,
da72a661-703e-4c1d-bd4f-80c179066350,completed,crn:v1:bluemix:public:quantum-computing:us-east:a/d2c50f33c43a44abb94280706332351d:deeabf25-a0d5-4c7b-9a89-18c5ff158017::,us-east,batch,2025-08-03T05:27:21.788Z,2025-08-03T09:24:00.520Z,ibm_fez,270,Grier Jones,,d2c50f33c43a44abb94280706332351d,,
2ee8a3e6-02a6-4bce-9828-9d1ad5558eb1,completed,crn:v1:bluemix:public:quantum-computing:us-east:a/d2c50f33c43a44abb94280706332351d:deeabf25-a0d5-4c7b-9a89-18c5ff158017::,us-east,batch,2025-08-03T05:27:21.781Z,2025-08-03T05:32:11.399Z,ibm_fez,260,Grier Jones,,d2c50f33c43a44abb94280706332351d,,
706da22f-151a-4a03-a370-6077f7a62609,completed,crn:v1:bluemix:public:quantum-computing:us-east:a/d2c50f33c43a44abb94280706332351d:deeabf25-a0d5-4c7b-9a89-18c5ff158017::,us-east,batch,2025-08-03T05:05:31.809Z,2025-08-03T05:27:19.279Z,ibm_fez,260,Grier Jones,,d2c50f33c43a44abb94280706332351d,,
c3d6401e-430b-4bfb-a53c-66773ba9d5c4,completed,crn:v1:bluemix:public:quantum-computing:us-east:a/d2c50f33c43a44abb94280706332351d:deeabf25-a0d5-4c7b-9a89-18c5ff158017::,us-east,batch,2025-08-03T05:05:30.657Z,2025-08-03T05:22:34.856Z,ibm_fez,195,Grier Jones,,d2c50f33c43a44abb94280706332351d,,
6e83ed5e-0f05-4905-8715-2775843aca22,completed,crn:v1:bluemix:public:quantum-computing:us-east:a/d2c50f33c43a44abb94280706332351d:deeabf25-a0d5-4c7b-9a89-18c5ff158017::,us-east,batch,2025-08-03T05:05:30.593Z,2025-08-03T05:10:06.502Z,ibm_fez,260,Grier Jones,,d2c50f33c43a44abb94280706332351d,,
50be73ec-fc15-4c4d-ab73-1b0d1af2ffa8,completed,crn:v1:bluemix:public:quantum-computing:us-east:a/d2c50f33c43a44abb94280706332351d:deeabf25-a0d5-4c7b-9a89-18c5ff158017::,us-east,batch,2025-08-03T05:05:30.444Z,2025-08-03T05:19:05.694Z,ibm_fez,260,Grier Jones,,d2c50f33c43a44abb94280706332351d,,
bf3b30e2-4e66-4211-b59e-7426b0f06863,completed,crn:v1:bluemix:public:quantum-computing:us-east:a/d2c50f33c43a44abb94280706332351d:deeabf25-a0d5-4c7b-9a89-18c5ff158017::,us-east,batch,2025-08-03T05:05:30.432Z,2025-08-03T05:14:36.411Z,ibm_fez,261,Grier Jones,,d2c50f33c43a44abb94280706332351d,,
6a96ccde-9a66-4eb6-aff5-63d2383ceb61,completed,crn:v1:bluemix:public:quantum-computing:us-east:a/d2c50f33c43a44abb94280706332351d:deeabf25-a0d5-4c7b-9a89-18c5ff158017::,us-east,batch,2025-08-03T04:25:59.481Z,2025-08-03T04:44:57.964Z,ibm_fez,288,Grier Jones,,d2c50f33c43a44abb94280706332351d,,
90e5da3f-e24b-4b03-9472-f12abf8135b9,completed,crn:v1:bluemix:public:quantum-computing:us-east:a/d2c50f33c43a44abb94280706332351d:deeabf25-a0d5-4c7b-9a89-18c5ff158017::,us-east,batch,2025-08-03T04:25:59.474Z,2025-08-03T05:05:29.108Z,ibm_fez,265,Grier Jones,,d2c50f33c43a44abb94280706332351d,,
9bb83895-bfa8-4eab-b386-e11f9eee3cfb,completed,crn:v1:bluemix:public:quantum-computing:us-east:a/d2c50f33c43a44abb94280706332351d:deeabf25-a0d5-4c7b-9a89-18c5ff158017::,us-east,batch,2025-08-03T04:25:59.473Z,2025-08-03T04:51:48.742Z,ibm_fez,272,Grier Jones,,d2c50f33c43a44abb94280706332351d,,
5f2e1ae8-9300-446b-92d4-7491af74e6f2,completed,crn:v1:bluemix:public:quantum-computing:us-east:a/d2c50f33c43a44abb94280706332351d:deeabf25-a0d5-4c7b-9a89-18c5ff158017::,us-east,batch,2025-08-03T04:25:59.473Z,2025-08-03T04:57:03.787Z,ibm_fez,260,Grier Jones,,d2c50f33c43a44abb94280706332351d,,
ee3f20bd-17cd-475c-bbae-893c30d455ee,completed,crn:v1:bluemix:public:quantum-computing:us-east:a/d2c50f33c43a44abb94280706332351d:deeabf25-a0d5-4c7b-9a89-18c5ff158017::,us-east,batch,2025-08-03T04:25:59.473Z,2025-08-03T05:00:28.723Z,ibm_fez,195,Grier Jones,,d2c50f33c43a44abb94280706332351d,,
0fd8f92d-5522-412d-8a92-efe86582d61e,completed,crn:v1:bluemix:public:quantum-computing:us-east:a/d2c50f33c43a44abb94280706332351d:deeabf25-a0d5-4c7b-9a89-18c5ff158017::,us-east,batch,2025-08-03T03:32:21.665Z,2025-08-03T04:25:53.723Z,ibm_fez,210,Grier Jones,,d2c50f33c43a44abb94280706332351d,,
7985eca0-f084-46a3-aa47-32e8d93c90ed,completed,crn:v1:bluemix:public:quantum-computing:us-east:a/d2c50f33c43a44abb94280706332351d:deeabf25-a0d5-4c7b-9a89-18c5ff158017::,us-east,batch,2025-08-03T03:32:21.661Z,2025-08-03T04:05:43.062Z,ibm_fez,271,Grier Jones,,d2c50f33c43a44abb94280706332351d,,
4cf3864d-f550-4f29-811c-f65a424b6f58,completed,crn:v1:bluemix:public:quantum-computing:us-east:a/d2c50f33c43a44abb94280706332351d:deeabf25-a0d5-4c7b-9a89-18c5ff158017::,us-east,batch,2025-08-03T03:32:21.396Z,2025-08-03T03:44:35.523Z,ibm_fez,288,Grier Jones,,d2c50f33c43a44abb94280706332351d,,
15b8b867-a099-4436-a1b2-2004ebc0b7ec,completed,crn:v1:bluemix:public:quantum-computing:us-east:a/d2c50f33c43a44abb94280706332351d:deeabf25-a0d5-4c7b-9a89-18c5ff158017::,us-east,batch,2025-08-03T03:32:21.392Z,2025-08-03T03:58:37.976Z,ibm_fez,285,Grier Jones,,d2c50f33c43a44abb94280706332351d,,
86a66ef0-e364-4189-8a75-ac5b50b1d7e9,completed,crn:v1:bluemix:public:quantum-computing:us-east:a/d2c50f33c43a44abb94280706332351d:deeabf25-a0d5-4c7b-9a89-18c5ff158017::,us-east,batch,2025-08-03T03:32:21.378Z,2025-08-03T04:16:45.365Z,ibm_fez,280,Grier Jones,,d2c50f33c43a44abb94280706332351d,,
b963dec0-7e26-4554-9179-1c9db79e9cb2,completed,crn:v1:bluemix:public:quantum-computing:us-east:a/d2c50f33c43a44abb94280706332351d:deeabf25-a0d5-4c7b-9a89-18c5ff158017::,us-east,batch,2025-08-02T23:39:32.257Z,2025-08-03T03:17:18.739Z,ibm_fez,279,Grier Jones,,d2c50f33c43a44abb94280706332351d,,
8f9288bc-5b81-494b-85ae-7bbb7c115719,completed,crn:v1:bluemix:public:quantum-computing:us-east:a/d2c50f33c43a44abb94280706332351d:deeabf25-a0d5-4c7b-9a89-18c5ff158017::,us-east,batch,2025-08-02T23:39:32.252Z,2025-08-03T03:32:17.929Z,ibm_fez,274,Grier Jones,,d2c50f33c43a44abb94280706332351d,,
61914836-7ecb-477c-85ec-e6119a6c9f17,completed,crn:v1:bluemix:public:quantum-computing:us-east:a/d2c50f33c43a44abb94280706332351d:deeabf25-a0d5-4c7b-9a89-18c5ff158017::,us-east,batch,2025-08-02T23:39:32.121Z,2025-08-03T00:11:04.186Z,ibm_fez,288,Grier Jones,,d2c50f33c43a44abb94280706332351d,,
2a7632d9-a1e5-444e-924c-2920345eff0a,completed,crn:v1:bluemix:public:quantum-computing:us-east:a/d2c50f33c43a44abb94280706332351d:deeabf25-a0d5-4c7b-9a89-18c5ff158017::,us-east,batch,2025-08-02T23:39:32.070Z,2025-08-03T00:01:32.238Z,ibm_fez,200,Grier Jones,,d2c50f33c43a44abb94280706332351d,,
b8bc60df-69b5-404f-a8c8-8efdcf8b127d,completed,crn:v1:bluemix:public:quantum-computing:us-east:a/d2c50f33c43a44abb94280706332351d:deeabf25-a0d5-4c7b-9a89-18c5ff158017::,us-east,batch,2025-08-02T23:39:32.034Z,2025-08-02T23:56:08.037Z,ibm_fez,282,Grier Jones,,d2c50f33c43a44abb94280706332351d,,
216659c8-c72a-46cc-9302-8d850f5ba05c,completed,crn:v1:bluemix:public:quantum-computing:us-east:a/d2c50f33c43a44abb94280706332351d:deeabf25-a0d5-4c7b-9a89-18c5ff158017::,us-east,batch,2025-08-02T23:16:36.548Z,2025-08-02T23:24:39.005Z,ibm_fez,260,Grier Jones,,d2c50f33c43a44abb94280706332351d,,
0634d4c0-7452-49c5-abf2-c7ed60a11d86,completed,crn:v1:bluemix:public:quantum-computing:us-east:a/d2c50f33c43a44abb94280706332351d:deeabf25-a0d5-4c7b-9a89-18c5ff158017::,us-east,batch,2025-08-02T23:16:36.431Z,2025-08-02T23:34:20.462Z,ibm_fez,261,Grier Jones,,d2c50f33c43a44abb94280706332351d,,
e0554ccb-13d1-4feb-b09f-c74aad3ac783,completed,crn:v1:bluemix:public:quantum-computing:us-east:a/d2c50f33c43a44abb94280706332351d:deeabf25-a0d5-4c7b-9a89-18c5ff158017::,us-east,batch,2025-08-02T23:16:36.423Z,2025-08-02T23:39:28.746Z,ibm_fez,265,Grier Jones,,d2c50f33c43a44abb94280706332351d,,
1e6cd61a-f1cc-4e18-9ada-d4e61c4f95ef,completed,crn:v1:bluemix:public:quantum-computing:us-east:a/d2c50f33c43a44abb94280706332351d:deeabf25-a0d5-4c7b-9a89-18c5ff158017::,us-east,batch,2025-08-02T23:16:36.266Z,2025-08-02T23:20:10.587Z,ibm_fez,195,Grier Jones,,d2c50f33c43a44abb94280706332351d,,
8a3dfd5b-4c88-41f1-87e9-da9b79ef6400,completed,crn:v1:bluemix:public:quantum-computing:us-east:a/d2c50f33c43a44abb94280706332351d:deeabf25-a0d5-4c7b-9a89-18c5ff158017::,us-east,batch,2025-08-02T23:16:36.264Z,2025-08-02T23:29:51.590Z,ibm_fez,260,Grier Jones,,d2c50f33c43a44abb94280706332351d,,
cf13cdb4-7451-4ead-bbd6-faa0c67bc59d,completed,crn:v1:bluemix:public:quantum-computing:us-east:a/d2c50f33c43a44abb94280706332351d:deeabf25-a0d5-4c7b-9a89-18c5ff158017::,us-east,batch,2025-08-02T22:51:08.922Z,2025-08-02T22:56:30.086Z,ibm_fez,267,Grier Jones,,d2c50f33c43a44abb94280706332351d,,
ec3bc44f-e7b2-46e7-aa4f-52c9a9b8c1aa,completed,crn:v1:bluemix:public:quantum-computing:us-east:a/d2c50f33c43a44abb94280706332351d:deeabf25-a0d5-4c7b-9a89-18c5ff158017::,us-east,batch,2025-08-02T22:51:08.918Z,2025-08-02T23:01:57.360Z,ibm_fez,214,Grier Jones,,d2c50f33c43a44abb94280706332351d,,
0c1c1ba9-abe4-4287-ba60-fce969e850ab,completed,crn:v1:bluemix:public:quantum-computing:us-east:a/d2c50f33c43a44abb94280706332351d:deeabf25-a0d5-4c7b-9a89-18c5ff158017::,us-east,batch,2025-08-02T22:51:08.705Z,2025-08-02T23:06:26.098Z,ibm_fez,260,Grier Jones,,d2c50f33c43a44abb94280706332351d,,
32fe9db6-6d31-4d3c-87db-3a4ec5a03868,completed,crn:v1:bluemix:public:quantum-computing:us-east:a/d2c50f33c43a44abb94280706332351d:deeabf25-a0d5-4c7b-9a89-18c5ff158017::,us-east,batch,2025-08-02T22:51:08.704Z,2025-08-02T23:16:34.219Z,ibm_fez,264,Grier Jones,,d2c50f33c43a44abb94280706332351d,,
41dc5af6-f2ce-41df-8b00-3cb65f03ebcf,completed,crn:v1:bluemix:public:quantum-computing:us-east:a/d2c50f33c43a44abb94280706332351d:deeabf25-a0d5-4c7b-9a89-18c5ff158017::,us-east,batch,2025-08-02T22:51:08.695Z,2025-08-02T23:10:56.850Z,ibm_fez,263,Grier Jones,,d2c50f33c43a44abb94280706332351d,,
d139f033-c0b7-49ae-9a07-f4ddd62853cb,completed,crn:v1:bluemix:public:quantum-computing:us-east:a/d2c50f33c43a44abb94280706332351d:deeabf25-a0d5-4c7b-9a89-18c5ff158017::,us-east,batch,2025-08-02T22:23:57.925Z,2025-08-02T22:46:39.223Z,ibm_fez,269,Grier Jones,,d2c50f33c43a44abb94280706332351d,,
4fef0675-cac5-4fef-9c8c-32f098a93983,completed,crn:v1:bluemix:public:quantum-computing:us-east:a/d2c50f33c43a44abb94280706332351d:deeabf25-a0d5-4c7b-9a89-18c5ff158017::,us-east,batch,2025-08-02T22:23:57.915Z,2025-08-02T22:29:59.288Z,ibm_fez,269,Grier Jones,,d2c50f33c43a44abb94280706332351d,,
82eefde8-6bf7-4f21-80c1-598383f487e4,completed,crn:v1:bluemix:public:quantum-computing:us-east:a/d2c50f33c43a44abb94280706332351d:deeabf25-a0d5-4c7b-9a89-18c5ff158017::,us-east,batch,2025-08-02T22:23:57.915Z,2025-08-02T22:35:39.184Z,ibm_fez,209,Grier Jones,,d2c50f33c43a44abb94280706332351d,,
de6caf72-6e37-45fa-9329-392c683c524c,completed,crn:v1:bluemix:public:quantum-computing:us-east:a/d2c50f33c43a44abb94280706332351d:deeabf25-a0d5-4c7b-9a89-18c5ff158017::,us-east,batch,2025-08-02T22:23:57.874Z,2025-08-02T22:51:07.388Z,ibm_fez,260,Grier Jones,,d2c50f33c43a44abb94280706332351d,,
664ad4bc-61cd-40ef-a011-5c0f4b97edcb,completed,crn:v1:bluemix:public:quantum-computing:us-east:a/d2c50f33c43a44abb94280706332351d:deeabf25-a0d5-4c7b-9a89-18c5ff158017::,us-east,batch,2025-08-02T22:23:57.823Z,2025-08-02T22:41:37.136Z,ibm_fez,276,Grier Jones,,d2c50f33c43a44abb94280706332351d,,
d59a90e1-837d-4e42-9884-911d85310e78,completed,crn:v1:bluemix:public:quantum-computing:us-east:a/d2c50f33c43a44abb94280706332351d:deeabf25-a0d5-4c7b-9a89-18c5ff158017::,us-east,batch,2025-08-02T21:59:51.432Z,2025-08-02T22:23:56.765Z,ibm_fez,261,Grier Jones,,d2c50f33c43a44abb94280706332351d,,
a179438b-2a4b-4831-89f2-c0fa20266979,completed,crn:v1:bluemix:public:quantum-computing:us-east:a/d2c50f33c43a44abb94280706332351d:deeabf25-a0d5-4c7b-9a89-18c5ff158017::,us-east,batch,2025-08-02T21:59:51.306Z,2025-08-02T22:19:19.580Z,ibm_fez,260,Grier Jones,,d2c50f33c43a44abb94280706332351d,,
ea668d84-5cd3-4267-9d86-49c2b4b69929,completed,crn:v1:bluemix:public:quantum-computing:us-east:a/d2c50f33c43a44abb94280706332351d:deeabf25-a0d5-4c7b-9a89-18c5ff158017::,us-east,batch,2025-08-02T21:59:51.263Z,2025-08-02T22:05:05.670Z,ibm_fez,272,Grier Jones,,d2c50f33c43a44abb94280706332351d,,
e7d5ad0d-a324-4a13-92ac-70b9ead98ff4,completed,crn:v1:bluemix:public:quantum-computing:us-east:a/d2c50f33c43a44abb94280706332351d:deeabf25-a0d5-4c7b-9a89-18c5ff158017::,us-east,batch,2025-08-02T21:59:51.259Z,2025-08-02T22:14:50.832Z,ibm_fez,219,Grier Jones,,d2c50f33c43a44abb94280706332351d,,
d629304a-3f1f-4387-b38e-06e9da2cdb51,completed,crn:v1:bluemix:public:quantum-computing:us-east:a/d2c50f33c43a44abb94280706332351d:deeabf25-a0d5-4c7b-9a89-18c5ff158017::,us-east,batch,2025-08-02T21:59:51.230Z,2025-08-02T22:10:18.910Z,ibm_fez,272,Grier Jones,,d2c50f33c43a44abb94280706332351d,,
fc73eb38-e991-4fe3-8a8b-65feab10b539,completed,crn:v1:bluemix:public:quantum-computing:us-east:a/d2c50f33c43a44abb94280706332351d:deeabf25-a0d5-4c7b-9a89-18c5ff158017::,us-east,batch,2025-08-02T21:36:37.307Z,2025-08-02T21:45:15.446Z,ibm_fez,195,Grier Jones,,d2c50f33c43a44abb94280706332351d,,
e57d29a7-b808-486b-bf26-f43adb24965d,completed,crn:v1:bluemix:public:quantum-computing:us-east:a/d2c50f33c43a44abb94280706332351d:deeabf25-a0d5-4c7b-9a89-18c5ff158017::,us-east,batch,2025-08-02T21:36:37.184Z,2025-08-02T21:41:51.278Z,ibm_fez,264,Grier Jones,,d2c50f33c43a44abb94280706332351d,,
28d88ad4-960a-4195-9c2f-abc14f190cec,completed,crn:v1:bluemix:public:quantum-computing:us-east:a/d2c50f33c43a44abb94280706332351d:deeabf25-a0d5-4c7b-9a89-18c5ff158017::,us-east,batch,2025-08-02T21:36:37.178Z,2025-08-02T21:59:47.438Z,ibm_fez,263,Grier Jones,,d2c50f33c43a44abb94280706332351d,,
d9ccf177-28ce-4ee5-ab07-fb5e97fab557,completed,crn:v1:bluemix:public:quantum-computing:us-east:a/d2c50f33c43a44abb94280706332351d:deeabf25-a0d5-4c7b-9a89-18c5ff158017::,us-east,batch,2025-08-02T21:36:37.105Z,2025-08-02T21:50:47.391Z,ibm_fez,269,Grier Jones,,d2c50f33c43a44abb94280706332351d,,
9317d99f-4f2d-416b-8024-f2ee9cd11f94,completed,crn:v1:bluemix:public:quantum-computing:us-east:a/d2c50f33c43a44abb94280706332351d:deeabf25-a0d5-4c7b-9a89-18c5ff158017::,us-east,batch,2025-08-02T21:36:37.099Z,2025-08-02T21:55:15.642Z,ibm_fez,260,Grier Jones,,d2c50f33c43a44abb94280706332351d,,
54a4fb94-22fc-48eb-8446-9580072dabac,completed,crn:v1:bluemix:public:quantum-computing:us-east:a/d2c50f33c43a44abb94280706332351d:deeabf25-a0d5-4c7b-9a89-18c5ff158017::,us-east,batch,2025-08-02T21:13:06.191Z,2025-08-02T21:21:11.244Z,ibm_fez,196,Grier Jones,,d2c50f33c43a44abb94280706332351d,,
822ac78a-a74f-4260-a1d3-acd72d9c9c05,completed,crn:v1:bluemix:public:quantum-computing:us-east:a/d2c50f33c43a44abb94280706332351d:deeabf25-a0d5-4c7b-9a89-18c5ff158017::,us-east,batch,2025-08-02T21:13:06.169Z,2025-08-02T21:26:20.819Z,ibm_fez,265,Grier Jones,,d2c50f33c43a44abb94280706332351d,,
e0214485-2718-4882-841f-106c5b97ff4e,completed,crn:v1:bluemix:public:quantum-computing:us-east:a/d2c50f33c43a44abb94280706332351d:deeabf25-a0d5-4c7b-9a89-18c5ff158017::,us-east,batch,2025-08-02T21:13:06.168Z,2025-08-02T21:36:32.428Z,ibm_fez,262,Grier Jones,,d2c50f33c43a44abb94280706332351d,,
22b45a12-ff1e-4ce0-8f3d-d2e930447151,completed,crn:v1:bluemix:public:quantum-computing:us-east:a/d2c50f33c43a44abb94280706332351d:deeabf25-a0d5-4c7b-9a89-18c5ff158017::,us-east,batch,2025-08-02T21:13:06.136Z,2025-08-02T21:17:42.901Z,ibm_fez,260,Grier Jones,,d2c50f33c43a44abb94280706332351d,,
8d0984d5-42ac-403d-b5b8-82d4866d8eb8,completed,crn:v1:bluemix:public:quantum-computing:us-east:a/d2c50f33c43a44abb94280706332351d:deeabf25-a0d5-4c7b-9a89-18c5ff158017::,us-east,batch,2025-08-02T21:13:06.069Z,2025-08-02T21:31:30.846Z,ibm_fez,264,Grier Jones,,d2c50f33c43a44abb94280706332351d,,
0d51b367-1999-41b7-9aac-d096f64218d7,completed,crn:v1:bluemix:public:quantum-computing:us-east:a/d2c50f33c43a44abb94280706332351d:deeabf25-a0d5-4c7b-9a89-18c5ff158017::,us-east,batch,2025-08-02T16:43:41.625Z,2025-08-02T20:06:28.346Z,ibm_fez,199,Grier Jones,,d2c50f33c43a44abb94280706332351d,,
15df8a51-8bd8-4a5c-a6b4-5816d22e6455,completed,crn:v1:bluemix:public:quantum-computing:us-east:a/d2c50f33c43a44abb94280706332351d:deeabf25-a0d5-4c7b-9a89-18c5ff158017::,us-east,batch,2025-08-02T16:43:41.623Z,2025-08-02T16:59:57.928Z,ibm_fez,260,Grier Jones,,d2c50f33c43a44abb94280706332351d,,
3c9d28e2-fbec-4c63-9998-63b704be917a,completed,crn:v1:bluemix:public:quantum-computing:us-east:a/d2c50f33c43a44abb94280706332351d:deeabf25-a0d5-4c7b-9a89-18c5ff158017::,us-east,batch,2025-08-02T16:43:41.396Z,2025-08-02T21:13:04.181Z,ibm_fez,265,Grier Jones,,d2c50f33c43a44abb94280706332351d,,
3bcc8f63-2ed9-4b3e-be21-08f0fcc0acb0,completed,crn:v1:bluemix:public:quantum-computing:us-east:a/d2c50f33c43a44abb94280706332351d:deeabf25-a0d5-4c7b-9a89-18c5ff158017::,us-east,batch,2025-08-02T16:43:41.389Z,2025-08-02T16:54:42.736Z,ibm_fez,260,Grier Jones,,d2c50f33c43a44abb94280706332351d,,
a166e506-f0ca-4728-8833-c78d491e2e7a,completed,crn:v1:bluemix:public:quantum-computing:us-east:a/d2c50f33c43a44abb94280706332351d:deeabf25-a0d5-4c7b-9a89-18c5ff158017::,us-east,batch,2025-08-02T16:43:41.385Z,2025-08-02T17:04:26.009Z,ibm_fez,260,Grier Jones,,d2c50f33c43a44abb94280706332351d,,
34cf6ee1-4ac0-4b75-a2d4-43fe9b00a06e,completed,crn:v1:bluemix:public:quantum-computing:us-east:a/d2c50f33c43a44abb94280706332351d:deeabf25-a0d5-4c7b-9a89-18c5ff158017::,us-east,batch,2025-08-02T16:19:33.918Z,2025-08-02T16:43:38.052Z,ibm_fez,195,Grier Jones,,d2c50f33c43a44abb94280706332351d,,
196cd88d-5619-40da-8ba8-fb049bd41525,completed,crn:v1:bluemix:public:quantum-computing:us-east:a/d2c50f33c43a44abb94280706332351d:deeabf25-a0d5-4c7b-9a89-18c5ff158017::,us-east,batch,2025-08-02T16:19:26.992Z,2025-08-02T16:35:44.486Z,ibm_fez,260,Grier Jones,,d2c50f33c43a44abb94280706332351d,,
f96f3e69-a049-4c23-96bf-a75059ac4fbf,completed,crn:v1:bluemix:public:quantum-computing:us-east:a/d2c50f33c43a44abb94280706332351d:deeabf25-a0d5-4c7b-9a89-18c5ff158017::,us-east,batch,2025-08-02T16:19:26.962Z,2025-08-02T16:26:44.461Z,ibm_fez,260,Grier Jones,,d2c50f33c43a44abb94280706332351d,,
1f697a97-8ef0-4335-9b02-7dcfff0a0d13,completed,crn:v1:bluemix:public:quantum-computing:us-east:a/d2c50f33c43a44abb94280706332351d:deeabf25-a0d5-4c7b-9a89-18c5ff158017::,us-east,batch,2025-08-02T16:19:26.955Z,2025-08-02T16:40:13.907Z,ibm_fez,261,Grier Jones,,d2c50f33c43a44abb94280706332351d,,
dc8e6242-0df7-4f01-a2d6-52dc29a66cd7,completed,crn:v1:bluemix:public:quantum-computing:us-east:a/d2c50f33c43a44abb94280706332351d:deeabf25-a0d5-4c7b-9a89-18c5ff158017::,us-east,batch,2025-08-02T16:19:26.877Z,2025-08-02T16:31:15.598Z,ibm_fez,263,Grier Jones,,d2c50f33c43a44abb94280706332351d,,
b2632f14-a160-4b3f-8359-44a0a7f54f15,completed,crn:v1:bluemix:public:quantum-computing:us-east:a/d2c50f33c43a44abb94280706332351d:deeabf25-a0d5-4c7b-9a89-18c5ff158017::,us-east,batch,2025-08-02T15:42:25.188Z,2025-08-02T16:01:49.181Z,ibm_fez,260,Grier Jones,,d2c50f33c43a44abb94280706332351d,,
ec7a1bf1-1734-4c26-a881-71f077ff253e,completed,crn:v1:bluemix:public:quantum-computing:us-east:a/d2c50f33c43a44abb94280706332351d:deeabf25-a0d5-4c7b-9a89-18c5ff158017::,us-east,batch,2025-08-02T15:42:25.156Z,2025-08-02T16:19:23.166Z,ibm_fez,269,Grier Jones,,d2c50f33c43a44abb94280706332351d,,
24371042-2e73-4db2-8a67-3582c6fa5c3c,completed,crn:v1:bluemix:public:quantum-computing:us-east:a/d2c50f33c43a44abb94280706332351d:deeabf25-a0d5-4c7b-9a89-18c5ff158017::,us-east,batch,2025-08-02T15:42:25.113Z,2025-08-02T16:09:22.705Z,ibm_fez,274,Grier Jones,,d2c50f33c43a44abb94280706332351d,,
6ff391d4-ee56-42b6-99cd-eb7a4da83704,completed,crn:v1:bluemix:public:quantum-computing:us-east:a/d2c50f33c43a44abb94280706332351d:deeabf25-a0d5-4c7b-9a89-18c5ff158017::,us-east,batch,2025-08-02T15:42:25.100Z,2025-08-02T15:57:12.759Z,ibm_fez,276,Grier Jones,,d2c50f33c43a44abb94280706332351d,,
e110ded1-4208-4ee0-9560-8ea2754f29fa,completed,crn:v1:bluemix:public:quantum-computing:us-east:a/d2c50f33c43a44abb94280706332351d:deeabf25-a0d5-4c7b-9a89-18c5ff158017::,us-east,batch,2025-08-02T15:42:25.077Z,2025-08-02T15:46:33.354Z,ibm_fez,203,Grier Jones,,d2c50f33c43a44abb94280706332351d,,
e4df030d-e3f2-437e-b8f6-abe9a257b27b,completed,crn:v1:bluemix:public:quantum-computing:us-east:a/d2c50f33c43a44abb94280706332351d:deeabf25-a0d5-4c7b-9a89-18c5ff158017::,us-east,batch,2025-08-02T15:14:41.812Z,2025-08-02T15:37:18.575Z,ibm_fez,260,Grier Jones,,d2c50f33c43a44abb94280706332351d,,
4b2277fa-b2ff-41da-9849-4dec0ebb57f3,completed,crn:v1:bluemix:public:quantum-computing:us-east:a/d2c50f33c43a44abb94280706332351d:deeabf25-a0d5-4c7b-9a89-18c5ff158017::,us-east,batch,2025-08-02T15:14:41.811Z,2025-08-02T15:32:50.677Z,ibm_fez,261,Grier Jones,,d2c50f33c43a44abb94280706332351d,,
320f2ce8-abd7-4002-93c0-36bec31b2981,completed,crn:v1:bluemix:public:quantum-computing:us-east:a/d2c50f33c43a44abb94280706332351d:deeabf25-a0d5-4c7b-9a89-18c5ff158017::,us-east,batch,2025-08-02T15:14:41.778Z,2025-08-02T15:28:21.621Z,ibm_fez,200,Grier Jones,,d2c50f33c43a44abb94280706332351d,,
0838af1d-9560-4ced-93e5-bfb653501962,completed,crn:v1:bluemix:public:quantum-computing:us-east:a/d2c50f33c43a44abb94280706332351d:deeabf25-a0d5-4c7b-9a89-18c5ff158017::,us-east,batch,2025-08-02T15:14:41.778Z,2025-08-02T15:19:18.633Z,ibm_fez,260,Grier Jones,,d2c50f33c43a44abb94280706332351d,,
7c6dc4b4-5592-4636-9cbb-2dff43c92433,completed,crn:v1:bluemix:public:quantum-computing:us-east:a/d2c50f33c43a44abb94280706332351d:deeabf25-a0d5-4c7b-9a89-18c5ff158017::,us-east,batch,2025-08-02T15:14:41.772Z,2025-08-02T15:42:23.975Z,ibm_fez,268,Grier Jones,,d2c50f33c43a44abb94280706332351d,,
d0988021-ca91-441d-827e-7a1ae3f8b39a,completed,crn:v1:bluemix:public:quantum-computing:us-east:a/d2c50f33c43a44abb94280706332351d:deeabf25-a0d5-4c7b-9a89-18c5ff158017::,us-east,batch,2025-08-02T14:39:50.462Z,2025-08-02T15:14:39.356Z,ibm_fez,273,Grier Jones,,d2c50f33c43a44abb94280706332351d,,
a0cf881a-fee4-4c1b-b529-c5c5f2c9e8cb,completed,crn:v1:bluemix:public:quantum-computing:us-east:a/d2c50f33c43a44abb94280706332351d:deeabf25-a0d5-4c7b-9a89-18c5ff158017::,us-east,batch,2025-08-02T14:39:50.435Z,2025-08-02T14:49:56.870Z,ibm_fez,271,Grier Jones,,d2c50f33c43a44abb94280706332351d,,
5ab475e6-75cf-4346-8814-77af4206dff5,completed,crn:v1:bluemix:public:quantum-computing:us-east:a/d2c50f33c43a44abb94280706332351d:deeabf25-a0d5-4c7b-9a89-18c5ff158017::,us-east,batch,2025-08-02T14:39:50.258Z,2025-08-02T14:43:19.090Z,ibm_fez,195,Grier Jones,,d2c50f33c43a44abb94280706332351d,,
c95cc156-0c2b-42c9-878f-ade212cb88ea,completed,crn:v1:bluemix:public:quantum-computing:us-east:a/d2c50f33c43a44abb94280706332351d:deeabf25-a0d5-4c7b-9a89-18c5ff158017::,us-east,batch,2025-08-02T14:39:50.253Z,2025-08-02T14:56:00.123Z,ibm_fez,270,Grier Jones,,d2c50f33c43a44abb94280706332351d,,
8dab4e52-9b65-4682-b234-92f512d421d1,completed,crn:v1:bluemix:public:quantum-computing:us-east:a/d2c50f33c43a44abb94280706332351d:deeabf25-a0d5-4c7b-9a89-18c5ff158017::,us-east,batch,2025-08-02T14:39:50.253Z,2025-08-02T15:05:44.283Z,ibm_fez,264,Grier Jones,,d2c50f33c43a44abb94280706332351d,,
cc55febc-2bc2-4b50-b0ae-d0436cb14dd7,completed,crn:v1:bluemix:public:quantum-computing:us-east:a/d2c50f33c43a44abb94280706332351d:deeabf25-a0d5-4c7b-9a89-18c5ff158017::,us-east,batch,2025-08-02T14:08:40.643Z,2025-08-02T14:39:48.850Z,ibm_fez,278,Grier Jones,,d2c50f33c43a44abb94280706332351d,,
2473af18-44d4-44e9-8438-8a84cdd22c18,completed,crn:v1:bluemix:public:quantum-computing:us-east:a/d2c50f33c43a44abb94280706332351d:deeabf25-a0d5-4c7b-9a89-18c5ff158017::,us-east,batch,2025-08-02T14:08:40.640Z,2025-08-02T14:25:48.869Z,ibm_fez,260,Grier Jones,,d2c50f33c43a44abb94280706332351d,,
9d64a45a-34d7-404a-a905-c95308c71fa1,completed,crn:v1:bluemix:public:quantum-computing:us-east:a/d2c50f33c43a44abb94280706332351d:deeabf25-a0d5-4c7b-9a89-18c5ff158017::,us-east,batch,2025-08-02T14:08:40.626Z,2025-08-02T14:21:20.945Z,ibm_fez,269,Grier Jones,,d2c50f33c43a44abb94280706332351d,,
80d42483-c228-4d39-a661-b9d9a6ee6125,completed,crn:v1:bluemix:public:quantum-computing:us-east:a/d2c50f33c43a44abb94280706332351d:deeabf25-a0d5-4c7b-9a89-18c5ff158017::,us-east,batch,2025-08-02T14:08:40.625Z,2025-08-02T14:30:49.824Z,ibm_fez,209,Grier Jones,,d2c50f33c43a44abb94280706332351d,,
c1b61581-aada-4313-a3e4-f21b1ec12527,completed,crn:v1:bluemix:public:quantum-computing:us-east:a/d2c50f33c43a44abb94280706332351d:deeabf25-a0d5-4c7b-9a89-18c5ff158017::,us-east,batch,2025-08-02T14:08:40.620Z,2025-08-02T14:15:24.951Z,ibm_fez,279,Grier Jones,,d2c50f33c43a44abb94280706332351d,,
74724c49-0951-4d9d-aab2-73f57d9d2784,completed,crn:v1:bluemix:public:quantum-computing:us-east:a/d2c50f33c43a44abb94280706332351d:deeabf25-a0d5-4c7b-9a89-18c5ff158017::,us-east,batch,2025-08-02T13:37:38.395Z,2025-08-02T13:55:56.665Z,ibm_fez,266,Grier Jones,,d2c50f33c43a44abb94280706332351d,,
6063b509-f333-4a15-b387-6c86f6635c8c,completed,crn:v1:bluemix:public:quantum-computing:us-east:a/d2c50f33c43a44abb94280706332351d:deeabf25-a0d5-4c7b-9a89-18c5ff158017::,us-east,batch,2025-08-02T13:37:38.370Z,2025-08-02T13:50:30.334Z,ibm_fez,204,Grier Jones,,d2c50f33c43a44abb94280706332351d,,
8087dbf2-35d7-442d-b59c-9497035d8271,completed,crn:v1:bluemix:public:quantum-computing:us-east:a/d2c50f33c43a44abb94280706332351d:deeabf25-a0d5-4c7b-9a89-18c5ff158017::,us-east,batch,2025-08-02T13:37:38.363Z,2025-08-02T14:02:31.440Z,ibm_fez,280,Grier Jones,,d2c50f33c43a44abb94280706332351d,,
388795f0-b672-4dab-b038-a06bc9cb12e5,completed,crn:v1:bluemix:public:quantum-computing:us-east:a/d2c50f33c43a44abb94280706332351d:deeabf25-a0d5-4c7b-9a89-18c5ff158017::,us-east,batch,2025-08-02T13:37:38.362Z,2025-08-02T13:46:00.743Z,ibm_fez,290,Grier Jones,,d2c50f33c43a44abb94280706332351d,,
eeaf24df-8308-4956-b1e8-4bb26ac01ec7,completed,crn:v1:bluemix:public:quantum-computing:us-east:a/d2c50f33c43a44abb94280706332351d:deeabf25-a0d5-4c7b-9a89-18c5ff158017::,us-east,batch,2025-08-02T13:37:38.358Z,2025-08-02T14:08:39.620Z,ibm_fez,269,Grier Jones,,d2c50f33c43a44abb94280706332351d,,
3b049ec1-8856-4740-9e69-3d7f3f69b22c,completed,crn:v1:bluemix:public:quantum-computing:us-east:a/d2c50f33c43a44abb94280706332351d:deeabf25-a0d5-4c7b-9a89-18c5ff158017::,us-east,batch,2025-08-02T12:59:17.678Z,2025-08-02T13:12:44.321Z,ibm_fez,274,Grier Jones,,d2c50f33c43a44abb94280706332351d,,
6456743b-6b60-47d2-893e-544640e81c70,completed,crn:v1:bluemix:public:quantum-computing:us-east:a/d2c50f33c43a44abb94280706332351d:deeabf25-a0d5-4c7b-9a89-18c5ff158017::,us-east,batch,2025-08-02T12:59:17.645Z,2025-08-02T13:30:44.602Z,ibm_fez,211,Grier Jones,,d2c50f33c43a44abb94280706332351d,,
34aad9bc-face-4bfa-8ff3-d4866eda64b6,completed,crn:v1:bluemix:public:quantum-computing:us-east:a/d2c50f33c43a44abb94280706332351d:deeabf25-a0d5-4c7b-9a89-18c5ff158017::,us-east,batch,2025-08-02T12:59:17.624Z,2025-08-02T13:19:59.994Z,ibm_fez,281,Grier Jones,,d2c50f33c43a44abb94280706332351d,,
c0b17140-e993-41d0-8d04-468daf29aeff,completed,crn:v1:bluemix:public:quantum-computing:us-east:a/d2c50f33c43a44abb94280706332351d:deeabf25-a0d5-4c7b-9a89-18c5ff158017::,us-east,batch,2025-08-02T12:59:17.617Z,2025-08-02T13:37:35.235Z,ibm_fez,276,Grier Jones,,d2c50f33c43a44abb94280706332351d,,
3ffef76a-9bdf-4aea-9a27-aaf5c86b884d,completed,crn:v1:bluemix:public:quantum-computing:us-east:a/d2c50f33c43a44abb94280706332351d:deeabf25-a0d5-4c7b-9a89-18c5ff158017::,us-east,batch,2025-08-02T12:59:17.610Z,2025-08-02T13:24:58.200Z,ibm_fez,266,Grier Jones,,d2c50f33c43a44abb94280706332351d,,
fe192eac-8099-4a7f-86e3-62dd0af8668d,completed,crn:v1:bluemix:public:quantum-computing:us-east:a/d2c50f33c43a44abb94280706332351d:deeabf25-a0d5-4c7b-9a89-18c5ff158017::,us-east,batch,2025-08-02T12:13:32.356Z,2025-08-02T12:26:55.430Z,ibm_fez,279,Grier Jones,,d2c50f33c43a44abb94280706332351d,,
da064519-2f20-48f4-9853-b5667bef5c8e,completed,crn:v1:bluemix:public:quantum-computing:us-east:a/d2c50f33c43a44abb94280706332351d:deeabf25-a0d5-4c7b-9a89-18c5ff158017::,us-east,batch,2025-08-02T12:13:32.284Z,2025-08-02T12:20:01.413Z,ibm_fez,213,Grier Jones,,d2c50f33c43a44abb94280706332351d,,
b79807ea-4065-4205-8ebe-9afe7d8fbe91,completed,crn:v1:bluemix:public:quantum-computing:us-east:a/d2c50f33c43a44abb94280706332351d:deeabf25-a0d5-4c7b-9a89-18c5ff158017::,us-east,batch,2025-08-02T12:13:32.282Z,2025-08-02T12:51:52.499Z,ibm_fez,265,Grier Jones,,d2c50f33c43a44abb94280706332351d,,
665aa0c6-d911-4df6-9865-8f9471f468f6,completed,crn:v1:bluemix:public:quantum-computing:us-east:a/d2c50f33c43a44abb94280706332351d:deeabf25-a0d5-4c7b-9a89-18c5ff158017::,us-east,batch,2025-08-02T12:13:32.281Z,2025-08-02T12:32:35.619Z,ibm_fez,270,Grier Jones,,d2c50f33c43a44abb94280706332351d,,
c4e09fd7-82de-42f0-9f93-f3d3aeff083a,completed,crn:v1:bluemix:public:quantum-computing:us-east:a/d2c50f33c43a44abb94280706332351d:deeabf25-a0d5-4c7b-9a89-18c5ff158017::,us-east,batch,2025-08-02T12:13:32.280Z,2025-08-02T12:59:15.285Z,ibm_fez,271,Grier Jones,,d2c50f33c43a44abb94280706332351d,,
6398feb0-3c24-4850-9768-e9c75ef4c519,completed,crn:v1:bluemix:public:quantum-computing:us-east:a/d2c50f33c43a44abb94280706332351d:deeabf25-a0d5-4c7b-9a89-18c5ff158017::,us-east,batch,2025-08-02T11:39:15.126Z,2025-08-02T12:00:32.672Z,ibm_fez,281,Grier Jones,,d2c50f33c43a44abb94280706332351d,,
4dca5988-1e05-4f3a-8da4-5ace959e5dd1,completed,crn:v1:bluemix:public:quantum-computing:us-east:a/d2c50f33c43a44abb94280706332351d:deeabf25-a0d5-4c7b-9a89-18c5ff158017::,us-east,batch,2025-08-02T11:39:15.122Z,2025-08-02T12:07:24.250Z,ibm_fez,279,Grier Jones,,d2c50f33c43a44abb94280706332351d,,
4be840ef-ceec-4b25-be5e-c5d3223782d8,completed,crn:v1:bluemix:public:quantum-computing:us-east:a/d2c50f33c43a44abb94280706332351d:deeabf25-a0d5-4c7b-9a89-18c5ff158017::,us-east,batch,2025-08-02T11:39:15.122Z,2025-08-02T12:13:27.665Z,ibm_fez,269,Grier Jones,,d2c50f33c43a44abb94280706332351d,,
a52f6d27-989e-4f62-99c2-4a6d4e108bb5,completed,crn:v1:bluemix:public:quantum-computing:us-east:a/d2c50f33c43a44abb94280706332351d:deeabf25-a0d5-4c7b-9a89-18c5ff158017::,us-east,batch,2025-08-02T11:39:15.116Z,2025-08-02T11:46:32.641Z,ibm_fez,210,Grier Jones,,d2c50f33c43a44abb94280706332351d,,
50fe195d-c403-49e5-9df5-62345ef1a544,completed,crn:v1:bluemix:public:quantum-computing:us-east:a/d2c50f33c43a44abb94280706332351d:deeabf25-a0d5-4c7b-9a89-18c5ff158017::,us-east,batch,2025-08-02T11:39:15.110Z,2025-08-02T11:53:27.004Z,ibm_fez,280,Grier Jones,,d2c50f33c43a44abb94280706332351d,,
ca522318-93bd-444b-9c67-f3676764828d,completed,crn:v1:bluemix:public:quantum-computing:us-east:a/d2c50f33c43a44abb94280706332351d:deeabf25-a0d5-4c7b-9a89-18c5ff158017::,us-east,batch,2025-08-02T10:33:05.592Z,2025-08-02T11:39:12.777Z,ibm_fez,281,Grier Jones,,d2c50f33c43a44abb94280706332351d,,
5a914882-38b9-48c5-980b-36ec0a6b4cfa,completed,crn:v1:bluemix:public:quantum-computing:us-east:a/d2c50f33c43a44abb94280706332351d:deeabf25-a0d5-4c7b-9a89-18c5ff158017::,us-east,batch,2025-08-02T10:33:05.559Z,2025-08-02T11:30:14.230Z,ibm_fez,277,Grier Jones,,d2c50f33c43a44abb94280706332351d,,
d37cbd95-7d7b-4490-b0ce-baf63a4db320,completed,crn:v1:bluemix:public:quantum-computing:us-east:a/d2c50f33c43a44abb94280706332351d:deeabf25-a0d5-4c7b-9a89-18c5ff158017::,us-east,batch,2025-08-02T10:33:05.516Z,2025-08-02T11:15:49.596Z,ibm_fez,282,Grier Jones,,d2c50f33c43a44abb94280706332351d,,
81845ef9-3d68-4db3-8d87-3bd2e5ea9f7d,completed,crn:v1:bluemix:public:quantum-computing:us-east:a/d2c50f33c43a44abb94280706332351d:deeabf25-a0d5-4c7b-9a89-18c5ff158017::,us-east,batch,2025-08-02T10:33:05.500Z,2025-08-02T11:21:14.626Z,ibm_fez,203,Grier Jones,,d2c50f33c43a44abb94280706332351d,,
b4131cb4-cf21-47fb-af9f-ebe850f68fea,completed,crn:v1:bluemix:public:quantum-computing:us-east:a/d2c50f33c43a44abb94280706332351d:deeabf25-a0d5-4c7b-9a89-18c5ff158017::,us-east,batch,2025-08-02T10:33:05.332Z,2025-08-02T11:03:12.510Z,ibm_fez,291,Grier Jones,,d2c50f33c43a44abb94280706332351d,,
04246d4b-b57e-496c-9a6f-97d69ae47f17,completed,crn:v1:bluemix:public:quantum-computing:us-east:a/d2c50f33c43a44abb94280706332351d:deeabf25-a0d5-4c7b-9a89-18c5ff158017::,us-east,batch,2025-08-02T09:59:21.936Z,2025-08-02T10:33:03.136Z,ibm_fez,284,Grier Jones,,d2c50f33c43a44abb94280706332351d,,
b0ffd5f8-4761-46a5-9595-c1291e9ffbc6,completed,crn:v1:bluemix:public:quantum-computing:us-east:a/d2c50f33c43a44abb94280706332351d:deeabf25-a0d5-4c7b-9a89-18c5ff158017::,us-east,batch,2025-08-02T09:59:21.925Z,2025-08-02T10:16:18.463Z,ibm_fez,283,Grier Jones,,d2c50f33c43a44abb94280706332351d,,
e09b2042-8327-4af7-8f54-e8a275c0e853,completed,crn:v1:bluemix:public:quantum-computing:us-east:a/d2c50f33c43a44abb94280706332351d:deeabf25-a0d5-4c7b-9a89-18c5ff158017::,us-east,batch,2025-08-02T09:59:21.888Z,2025-08-02T10:02:51.401Z,ibm_fez,195,Grier Jones,,d2c50f33c43a44abb94280706332351d,,
5a1b3fbc-5d35-4fd5-abe2-87da71a1d918,completed,crn:v1:bluemix:public:quantum-computing:us-east:a/d2c50f33c43a44abb94280706332351d:deeabf25-a0d5-4c7b-9a89-18c5ff158017::,us-east,batch,2025-08-02T09:59:21.857Z,2025-08-02T10:25:43.767Z,ibm_fez,291,Grier Jones,,d2c50f33c43a44abb94280706332351d,,
372f70c9-e8da-4549-89c9-0865a84dccbf,completed,crn:v1:bluemix:public:quantum-computing:us-east:a/d2c50f33c43a44abb94280706332351d:deeabf25-a0d5-4c7b-9a89-18c5ff158017::,us-east,batch,2025-08-02T09:59:21.848Z,2025-08-02T10:07:59.070Z,ibm_fez,264,Grier Jones,,d2c50f33c43a44abb94280706332351d,,
96375c73-f422-4acc-86af-1552c2348444,completed,crn:v1:bluemix:public:quantum-computing:us-east:a/d2c50f33c43a44abb94280706332351d:deeabf25-a0d5-4c7b-9a89-18c5ff158017::,us-east,batch,2025-08-02T09:32:38.495Z,2025-08-02T09:52:44.892Z,ibm_fez,260,Grier Jones,,d2c50f33c43a44abb94280706332351d,,
1857a3a5-07a7-4c31-ad33-dbe108e4c33b,completed,crn:v1:bluemix:public:quantum-computing:us-east:a/d2c50f33c43a44abb94280706332351d:deeabf25-a0d5-4c7b-9a89-18c5ff158017::,us-east,batch,2025-08-02T09:32:38.494Z,2025-08-02T09:59:20.183Z,ibm_fez,265,Grier Jones,,d2c50f33c43a44abb94280706332351d,,
67bb73ad-9ae1-46b2-9f60-3e9153e953de,completed,crn:v1:bluemix:public:quantum-computing:us-east:a/d2c50f33c43a44abb94280706332351d:deeabf25-a0d5-4c7b-9a89-18c5ff158017::,us-east,batch,2025-08-02T09:32:38.452Z,2025-08-02T09:43:22.310Z,ibm_fez,261,Grier Jones,,d2c50f33c43a44abb94280706332351d,,
053f253f-df82-4d90-8e64-fde7a715aebf,completed,crn:v1:bluemix:public:quantum-computing:us-east:a/d2c50f33c43a44abb94280706332351d:deeabf25-a0d5-4c7b-9a89-18c5ff158017::,us-east,batch,2025-08-02T09:32:38.435Z,2025-08-02T09:36:26.246Z,ibm_fez,195,Grier Jones,,d2c50f33c43a44abb94280706332351d,,
d262846f-359e-4a90-b41f-cdc4e4ebdfc0,completed,crn:v1:bluemix:public:quantum-computing:us-east:a/d2c50f33c43a44abb94280706332351d:deeabf25-a0d5-4c7b-9a89-18c5ff158017::,us-east,batch,2025-08-02T09:32:38.433Z,2025-08-02T09:48:16.723Z,ibm_fez,260,Grier Jones,,d2c50f33c43a44abb94280706332351d,,
5238fa62-948f-4203-b1d5-fbca753e6c88,completed,crn:v1:bluemix:public:quantum-computing:us-east:a/d2c50f33c43a44abb94280706332351d:deeabf25-a0d5-4c7b-9a89-18c5ff158017::,us-east,batch,2025-08-02T09:03:50.174Z,2025-08-02T09:15:34.384Z,ibm_fez,271,Grier Jones,,d2c50f33c43a44abb94280706332351d,,
3b469612-44c0-4247-9723-1f763f4aebe4,completed,crn:v1:bluemix:public:quantum-computing:us-east:a/d2c50f33c43a44abb94280706332351d:deeabf25-a0d5-4c7b-9a89-18c5ff158017::,us-east,batch,2025-08-02T09:03:50.161Z,2025-08-02T09:20:03.710Z,ibm_fez,260,Grier Jones,,d2c50f33c43a44abb94280706332351d,,
4d3a01fe-87d8-486d-977d-aba95aa23320,completed,crn:v1:bluemix:public:quantum-computing:us-east:a/d2c50f33c43a44abb94280706332351d:deeabf25-a0d5-4c7b-9a89-18c5ff158017::,us-east,batch,2025-08-02T09:03:50.155Z,2025-08-02T09:08:46.859Z,ibm_fez,268,Grier Jones,,d2c50f33c43a44abb94280706332351d,,
573d5cc8-f17e-40ef-93e5-8940e6cc5cf3,completed,crn:v1:bluemix:public:quantum-computing:us-east:a/d2c50f33c43a44abb94280706332351d:deeabf25-a0d5-4c7b-9a89-18c5ff158017::,us-east,batch,2025-08-02T09:03:50.145Z,2025-08-02T09:32:37.345Z,ibm_fez,291,Grier Jones,,d2c50f33c43a44abb94280706332351d,,
e7115d18-d61e-43d3-b034-3255cf715851,completed,crn:v1:bluemix:public:quantum-computing:us-east:a/d2c50f33c43a44abb94280706332351d:deeabf25-a0d5-4c7b-9a89-18c5ff158017::,us-east,batch,2025-08-02T09:03:50.139Z,2025-08-02T09:25:28.657Z,ibm_fez,210,Grier Jones,,d2c50f33c43a44abb94280706332351d,,
58626271-7e1e-4342-a290-a34f1fd7859c,completed,crn:v1:bluemix:public:quantum-computing:us-east:a/d2c50f33c43a44abb94280706332351d:deeabf25-a0d5-4c7b-9a89-18c5ff158017::,us-east,batch,2025-08-02T08:40:03.935Z,2025-08-02T08:45:23.126Z,ibm_fez,265,Grier Jones,,d2c50f33c43a44abb94280706332351d,,
84792061-92dd-484f-a041-75464e60e8b8,completed,crn:v1:bluemix:public:quantum-computing:us-east:a/d2c50f33c43a44abb94280706332351d:deeabf25-a0d5-4c7b-9a89-18c5ff158017::,us-east,batch,2025-08-02T08:40:03.838Z,2025-08-02T08:58:27.508Z,ibm_fez,198,Grier Jones,,d2c50f33c43a44abb94280706332351d,,
ef85b002-466c-452c-8cdc-082f655c382f,completed,crn:v1:bluemix:public:quantum-computing:us-east:a/d2c50f33c43a44abb94280706332351d:deeabf25-a0d5-4c7b-9a89-18c5ff158017::,us-east,batch,2025-08-02T08:40:03.830Z,2025-08-02T09:03:45.306Z,ibm_fez,267,Grier Jones,,d2c50f33c43a44abb94280706332351d,,
2aa3b932-fcb7-41b1-8a68-bdfb2a5d1846,completed,crn:v1:bluemix:public:quantum-computing:us-east:a/d2c50f33c43a44abb94280706332351d:deeabf25-a0d5-4c7b-9a89-18c5ff158017::,us-east,batch,2025-08-02T08:40:03.829Z,2025-08-02T08:50:32.648Z,ibm_fez,264,Grier Jones,,d2c50f33c43a44abb94280706332351d,,
a4cea9ca-cab0-4249-8f16-9eb857ee47cf,completed,crn:v1:bluemix:public:quantum-computing:us-east:a/d2c50f33c43a44abb94280706332351d:deeabf25-a0d5-4c7b-9a89-18c5ff158017::,us-east,batch,2025-08-02T08:40:03.820Z,2025-08-02T08:55:00.996Z,ibm_fez,261,Grier Jones,,d2c50f33c43a44abb94280706332351d,,
2962d6c2-65e5-4886-a72d-2e5867c8a9bb,completed,crn:v1:bluemix:public:quantum-computing:us-east:a/d2c50f33c43a44abb94280706332351d:deeabf25-a0d5-4c7b-9a89-18c5ff158017::,us-east,batch,2025-08-02T08:17:13.097Z,2025-08-02T08:20:42.764Z,ibm_fez,195,Grier Jones,,d2c50f33c43a44abb94280706332351d,,
6683e1e8-7a22-45d7-ba8c-65e4c550eb09,completed,crn:v1:bluemix:public:quantum-computing:us-east:a/d2c50f33c43a44abb94280706332351d:deeabf25-a0d5-4c7b-9a89-18c5ff158017::,us-east,batch,2025-08-02T08:17:12.900Z,2025-08-02T08:29:59.698Z,ibm_fez,260,Grier Jones,,d2c50f33c43a44abb94280706332351d,,
a855cd66-4c9c-4178-8793-a5cde67ebea0,completed,crn:v1:bluemix:public:quantum-computing:us-east:a/d2c50f33c43a44abb94280706332351d:deeabf25-a0d5-4c7b-9a89-18c5ff158017::,us-east,batch,2025-08-02T08:17:12.900Z,2025-08-02T08:34:29.204Z,ibm_fez,260,Grier Jones,,d2c50f33c43a44abb94280706332351d,,
b5096e64-ae56-4e85-bd35-8a75fd644e17,completed,crn:v1:bluemix:public:quantum-computing:us-east:a/d2c50f33c43a44abb94280706332351d:deeabf25-a0d5-4c7b-9a89-18c5ff158017::,us-east,batch,2025-08-02T08:17:12.897Z,2025-08-02T08:40:01.659Z,ibm_fez,266,Grier Jones,,d2c50f33c43a44abb94280706332351d,,
fadcb092-e942-47f2-a400-7fa720f07d81,completed,crn:v1:bluemix:public:quantum-computing:us-east:a/d2c50f33c43a44abb94280706332351d:deeabf25-a0d5-4c7b-9a89-18c5ff158017::,us-east,batch,2025-08-02T08:17:12.846Z,2025-08-02T08:25:31.129Z,ibm_fez,265,Grier Jones,,d2c50f33c43a44abb94280706332351d,,
3943a441-2ed9-4cef-abe2-b2f56b2423c1,completed,crn:v1:bluemix:public:quantum-computing:us-east:a/d2c50f33c43a44abb94280706332351d:deeabf25-a0d5-4c7b-9a89-18c5ff158017::,us-east,batch,2025-08-02T07:49:36.262Z,2025-08-02T08:04:11.213Z,ibm_fez,260,Grier Jones,,d2c50f33c43a44abb94280706332351d,,
a7306296-c94b-4d9d-b729-884ca9ab900a,completed,crn:v1:bluemix:public:quantum-computing:us-east:a/d2c50f33c43a44abb94280706332351d:deeabf25-a0d5-4c7b-9a89-18c5ff158017::,us-east,batch,2025-08-02T07:49:36.258Z,2025-08-02T08:17:06.938Z,ibm_fez,195,Grier Jones,,d2c50f33c43a44abb94280706332351d,,
ccade27a-2f66-42b3-bbf1-dd39a4f4db9a,completed,crn:v1:bluemix:public:quantum-computing:us-east:a/d2c50f33c43a44abb94280706332351d:deeabf25-a0d5-4c7b-9a89-18c5ff158017::,us-east,batch,2025-08-02T07:49:36.201Z,2025-08-02T08:13:43.465Z,ibm_fez,262,Grier Jones,,d2c50f33c43a44abb94280706332351d,,
66f3782d-02f6-49e2-a05e-a0f094d14643,completed,crn:v1:bluemix:public:quantum-computing:us-east:a/d2c50f33c43a44abb94280706332351d:deeabf25-a0d5-4c7b-9a89-18c5ff158017::,us-east,batch,2025-08-02T07:49:36.201Z,2025-08-02T08:09:13.926Z,ibm_fez,260,Grier Jones,,d2c50f33c43a44abb94280706332351d,,
b57310c1-03c2-47dc-803b-cca291d518e9,completed,crn:v1:bluemix:public:quantum-computing:us-east:a/d2c50f33c43a44abb94280706332351d:deeabf25-a0d5-4c7b-9a89-18c5ff158017::,us-east,batch,2025-08-02T07:49:36.196Z,2025-08-02T07:59:36.604Z,ibm_fez,260,Grier Jones,,d2c50f33c43a44abb94280706332351d,,
be9723ac-b191-4d96-a259-716ec1033c71,completed,crn:v1:bluemix:public:quantum-computing:us-east:a/d2c50f33c43a44abb94280706332351d:deeabf25-a0d5-4c7b-9a89-18c5ff158017::,us-east,batch,2025-08-02T07:27:32.824Z,2025-08-02T07:35:47.921Z,ibm_fez,195,Grier Jones,,d2c50f33c43a44abb94280706332351d,,
2bc47e48-bc50-438f-b65f-18d6460dc9b8,completed,crn:v1:bluemix:public:quantum-computing:us-east:a/d2c50f33c43a44abb94280706332351d:deeabf25-a0d5-4c7b-9a89-18c5ff158017::,us-east,batch,2025-08-02T07:27:32.644Z,2025-08-02T07:45:06.235Z,ibm_fez,260,Grier Jones,,d2c50f33c43a44abb94280706332351d,,
460b01d7-4ade-4111-9f13-d859cd28a6ac,completed,crn:v1:bluemix:public:quantum-computing:us-east:a/d2c50f33c43a44abb94280706332351d:deeabf25-a0d5-4c7b-9a89-18c5ff158017::,us-east,batch,2025-08-02T07:27:32.562Z,2025-08-02T07:49:34.398Z,ibm_fez,260,Grier Jones,,d2c50f33c43a44abb94280706332351d,,
766fab68-e214-4721-8ab4-32e2a2f0e83c,completed,crn:v1:bluemix:public:quantum-computing:us-east:a/d2c50f33c43a44abb94280706332351d:deeabf25-a0d5-4c7b-9a89-18c5ff158017::,us-east,batch,2025-08-02T07:27:32.556Z,2025-08-02T07:32:23.437Z,ibm_fez,264,Grier Jones,,d2c50f33c43a44abb94280706332351d,,
7762c989-12e6-4acf-a7fb-043ae2e8f1be,completed,crn:v1:bluemix:public:quantum-computing:us-east:a/d2c50f33c43a44abb94280706332351d:deeabf25-a0d5-4c7b-9a89-18c5ff158017::,us-east,batch,2025-08-02T07:27:32.552Z,2025-08-02T07:40:34.391Z,ibm_fez,267,Grier Jones,,d2c50f33c43a44abb94280706332351d,,
d7318447-1441-4894-b2ee-ab62efcadabf,completed,crn:v1:bluemix:public:quantum-computing:us-east:a/d2c50f33c43a44abb94280706332351d:deeabf25-a0d5-4c7b-9a89-18c5ff158017::,us-east,batch,2025-08-02T06:58:44.103Z,2025-08-02T07:23:59.320Z,ibm_fez,266,Grier Jones,,d2c50f33c43a44abb94280706332351d,,
e5e1fe28-1296-40c3-992e-9c0db878bca7,completed,crn:v1:bluemix:public:quantum-computing:us-east:a/d2c50f33c43a44abb94280706332351d:deeabf25-a0d5-4c7b-9a89-18c5ff158017::,us-east,batch,2025-08-02T06:58:44.094Z,2025-08-02T07:07:27.564Z,ibm_fez,260,Grier Jones,,d2c50f33c43a44abb94280706332351d,,
6e4d477c-1995-4ce0-ba63-568358a73c0a,completed,crn:v1:bluemix:public:quantum-computing:us-east:a/d2c50f33c43a44abb94280706332351d:deeabf25-a0d5-4c7b-9a89-18c5ff158017::,us-east,batch,2025-08-02T06:58:44.088Z,2025-08-02T07:18:47.598Z,ibm_fez,260,Grier Jones,,d2c50f33c43a44abb94280706332351d,,
b6c32aec-0502-49c1-837c-f6b7ffaabf07,completed,crn:v1:bluemix:public:quantum-computing:us-east:a/d2c50f33c43a44abb94280706332351d:deeabf25-a0d5-4c7b-9a89-18c5ff158017::,us-east,batch,2025-08-02T06:58:44.079Z,2025-08-02T07:14:18.954Z,ibm_fez,260,Grier Jones,,d2c50f33c43a44abb94280706332351d,,
a19b6758-2709-41c6-8c9a-822bd093234a,completed,crn:v1:bluemix:public:quantum-computing:us-east:a/d2c50f33c43a44abb94280706332351d:deeabf25-a0d5-4c7b-9a89-18c5ff158017::,us-east,batch,2025-08-02T06:58:44.058Z,2025-08-02T07:27:25.136Z,ibm_fez,197,Grier Jones,,d2c50f33c43a44abb94280706332351d,,
30558a3c-0dce-495d-8433-e00de29612db,completed,crn:v1:bluemix:public:quantum-computing:us-east:a/d2c50f33c43a44abb94280706332351d:deeabf25-a0d5-4c7b-9a89-18c5ff158017::,us-east,batch,2025-08-02T06:36:37.593Z,2025-08-02T06:45:44.567Z,ibm_fez,260,Grier Jones,,d2c50f33c43a44abb94280706332351d,,
8e4504f1-34e8-4fcd-afc7-245c51a99ab8,completed,crn:v1:bluemix:public:quantum-computing:us-east:a/d2c50f33c43a44abb94280706332351d:deeabf25-a0d5-4c7b-9a89-18c5ff158017::,us-east,batch,2025-08-02T06:36:37.593Z,2025-08-02T06:54:11.076Z,ibm_fez,260,Grier Jones,,d2c50f33c43a44abb94280706332351d,,
7aa254e4-ec9a-4b01-b30d-6c6d8abcb674,completed,crn:v1:bluemix:public:quantum-computing:us-east:a/d2c50f33c43a44abb94280706332351d:deeabf25-a0d5-4c7b-9a89-18c5ff158017::,us-east,batch,2025-08-02T06:36:37.444Z,2025-08-02T06:58:40.785Z,ibm_fez,261,Grier Jones,,d2c50f33c43a44abb94280706332351d,,
dba27e16-590c-4655-a562-a8b7cebccfef,completed,crn:v1:bluemix:public:quantum-computing:us-east:a/d2c50f33c43a44abb94280706332351d:deeabf25-a0d5-4c7b-9a89-18c5ff158017::,us-east,batch,2025-08-02T06:36:37.344Z,2025-08-02T06:49:42.817Z,ibm_fez,202,Grier Jones,,d2c50f33c43a44abb94280706332351d,,
0977d196-ea2d-4f58-8463-7b9a2f414233,completed,crn:v1:bluemix:public:quantum-computing:us-east:a/d2c50f33c43a44abb94280706332351d:deeabf25-a0d5-4c7b-9a89-18c5ff158017::,us-east,batch,2025-08-02T06:36:37.288Z,2025-08-02T06:41:15.969Z,ibm_fez,262,Grier Jones,,d2c50f33c43a44abb94280706332351d,,
3736d740-600f-4568-9329-8f10ecd7d3dd,completed,crn:v1:bluemix:public:quantum-computing:us-east:a/d2c50f33c43a44abb94280706332351d:deeabf25-a0d5-4c7b-9a89-18c5ff158017::,us-east,batch,2025-08-02T06:08:04.100Z,2025-08-02T06:20:00.311Z,ibm_fez,205,Grier Jones,,d2c50f33c43a44abb94280706332351d,,
fe1b1d90-2919-48ef-ac18-45c4b91ae9a5,completed,crn:v1:bluemix:public:quantum-computing:us-east:a/d2c50f33c43a44abb94280706332351d:deeabf25-a0d5-4c7b-9a89-18c5ff158017::,us-east,batch,2025-08-02T06:08:03.935Z,2025-08-02T06:36:34.927Z,ibm_fez,260,Grier Jones,,d2c50f33c43a44abb94280706332351d,,
482b7fd7-6e87-426b-8ed7-05b7f66b7120,completed,crn:v1:bluemix:public:quantum-computing:us-east:a/d2c50f33c43a44abb94280706332351d:deeabf25-a0d5-4c7b-9a89-18c5ff158017::,us-east,batch,2025-08-02T06:08:03.934Z,2025-08-02T06:12:40.264Z,ibm_fez,260,Grier Jones,,d2c50f33c43a44abb94280706332351d,,
274d0ffb-f502-4366-b99c-b50a3dfeb29a,completed,crn:v1:bluemix:public:quantum-computing:us-east:a/d2c50f33c43a44abb94280706332351d:deeabf25-a0d5-4c7b-9a89-18c5ff158017::,us-east,batch,2025-08-02T06:08:03.932Z,2025-08-02T06:27:33.740Z,ibm_fez,260,Grier Jones,,d2c50f33c43a44abb94280706332351d,,
b0e0ffb1-b647-4714-b9f4-5e0da8390d11,completed,crn:v1:bluemix:public:quantum-computing:us-east:a/d2c50f33c43a44abb94280706332351d:deeabf25-a0d5-4c7b-9a89-18c5ff158017::,us-east,batch,2025-08-02T06:08:03.931Z,2025-08-02T06:32:05.847Z,ibm_fez,263,Grier Jones,,d2c50f33c43a44abb94280706332351d,,
ba30ce37-8113-4b23-a801-807e54791f17,completed,crn:v1:bluemix:public:quantum-computing:us-east:a/d2c50f33c43a44abb94280706332351d:deeabf25-a0d5-4c7b-9a89-18c5ff158017::,us-east,batch,2025-08-02T05:40:05.307Z,2025-08-02T06:03:30.328Z,ibm_fez,261,Grier Jones,,d2c50f33c43a44abb94280706332351d,,
0e4c0890-05bc-4cd7-9d45-1800daa10996,completed,crn:v1:bluemix:public:quantum-computing:us-east:a/d2c50f33c43a44abb94280706332351d:deeabf25-a0d5-4c7b-9a89-18c5ff158017::,us-east,batch,2025-08-02T05:40:05.302Z,2025-08-02T05:54:32.211Z,ibm_fez,199,Grier Jones,,d2c50f33c43a44abb94280706332351d,,
05655c5b-2a1d-4db0-88b9-c8cfc1b363c6,completed,crn:v1:bluemix:public:quantum-computing:us-east:a/d2c50f33c43a44abb94280706332351d:deeabf25-a0d5-4c7b-9a89-18c5ff158017::,us-east,batch,2025-08-02T05:40:05.300Z,2025-08-02T06:07:58.904Z,ibm_fez,261,Grier Jones,,d2c50f33c43a44abb94280706332351d,,
da9a54fa-bae6-4e65-8a7c-be4f87a38eed,completed,crn:v1:bluemix:public:quantum-computing:us-east:a/d2c50f33c43a44abb94280706332351d:deeabf25-a0d5-4c7b-9a89-18c5ff158017::,us-east,batch,2025-08-02T05:40:05.275Z,2025-08-02T05:59:01.633Z,ibm_fez,261,Grier Jones,,d2c50f33c43a44abb94280706332351d,,
f2950a54-a07a-4a49-ba2a-84b2f30a0786,completed,crn:v1:bluemix:public:quantum-computing:us-east:a/d2c50f33c43a44abb94280706332351d:deeabf25-a0d5-4c7b-9a89-18c5ff158017::,us-east,batch,2025-08-02T05:40:05.263Z,2025-08-02T05:49:35.709Z,ibm_fez,283,Grier Jones,,d2c50f33c43a44abb94280706332351d,,
bb1171be-94ca-4005-8445-bd7bbcc3bd4d,completed,crn:v1:bluemix:public:quantum-computing:us-east:a/d2c50f33c43a44abb94280706332351d:deeabf25-a0d5-4c7b-9a89-18c5ff158017::,us-east,batch,2025-08-02T05:03:55.447Z,2025-08-02T05:17:45.442Z,ibm_fez,260,Grier Jones,,d2c50f33c43a44abb94280706332351d,,
34510e72-0b13-4fe1-a0f4-7c25cc18140e,completed,crn:v1:bluemix:public:quantum-computing:us-east:a/d2c50f33c43a44abb94280706332351d:deeabf25-a0d5-4c7b-9a89-18c5ff158017::,us-east,batch,2025-08-02T05:03:55.441Z,2025-08-02T05:39:58.308Z,ibm_fez,203,Grier Jones,,d2c50f33c43a44abb94280706332351d,,
974a217a-0a4d-4a11-be1f-999d35a8a8b0,completed,crn:v1:bluemix:public:quantum-computing:us-east:a/d2c50f33c43a44abb94280706332351d:deeabf25-a0d5-4c7b-9a89-18c5ff158017::,us-east,batch,2025-08-02T05:03:55.400Z,2025-08-02T05:32:38.872Z,ibm_fez,281,Grier Jones,,d2c50f33c43a44abb94280706332351d,,
81e96de3-606a-4eff-8fe0-f41c72d500d8,completed,crn:v1:bluemix:public:quantum-computing:us-east:a/d2c50f33c43a44abb94280706332351d:deeabf25-a0d5-4c7b-9a89-18c5ff158017::,us-east,batch,2025-08-02T05:03:55.364Z,2025-08-02T05:12:26.812Z,ibm_fez,264,Grier Jones,,d2c50f33c43a44abb94280706332351d,,
4e46545e-35b4-420c-b626-eb78bd438feb,completed,crn:v1:bluemix:public:quantum-computing:us-east:a/d2c50f33c43a44abb94280706332351d:deeabf25-a0d5-4c7b-9a89-18c5ff158017::,us-east,batch,2025-08-02T05:03:55.364Z,2025-08-02T05:24:40.346Z,ibm_fez,277,Grier Jones,,d2c50f33c43a44abb94280706332351d,,
adce7776-1c7d-4e8d-8df7-13d444bd9894,completed,crn:v1:bluemix:public:quantum-computing:us-east:a/d2c50f33c43a44abb94280706332351d:deeabf25-a0d5-4c7b-9a89-18c5ff158017::,us-east,batch,2025-08-02T04:27:36.329Z,2025-08-02T04:49:50.284Z,ibm_fez,261,Grier Jones,,d2c50f33c43a44abb94280706332351d,,
e46f72fe-9e94-4976-b25f-031e7f59c8df,completed,crn:v1:bluemix:public:quantum-computing:us-east:a/d2c50f33c43a44abb94280706332351d:deeabf25-a0d5-4c7b-9a89-18c5ff158017::,us-east,batch,2025-08-02T04:27:36.329Z,2025-08-02T04:54:21.651Z,ibm_fez,195,Grier Jones,,d2c50f33c43a44abb94280706332351d,,
e3f96c27-5731-4552-af45-cd1511848652,completed,crn:v1:bluemix:public:quantum-computing:us-east:a/d2c50f33c43a44abb94280706332351d:deeabf25-a0d5-4c7b-9a89-18c5ff158017::,us-east,batch,2025-08-02T04:27:35.727Z,2025-08-02T04:44:09.442Z,ibm_fez,260,Grier Jones,,d2c50f33c43a44abb94280706332351d,,
edc9f672-6680-4714-b7e5-9733bc2f724a,completed,crn:v1:bluemix:public:quantum-computing:us-east:a/d2c50f33c43a44abb94280706332351d:deeabf25-a0d5-4c7b-9a89-18c5ff158017::,us-east,batch,2025-08-02T04:27:35.545Z,2025-08-02T05:03:54.456Z,ibm_fez,265,Grier Jones,,d2c50f33c43a44abb94280706332351d,,
0bc043ca-ca59-4caf-830b-55e51803a43c,completed,crn:v1:bluemix:public:quantum-computing:us-east:a/d2c50f33c43a44abb94280706332351d:deeabf25-a0d5-4c7b-9a89-18c5ff158017::,us-east,batch,2025-08-02T04:27:35.519Z,2025-08-02T04:39:40.893Z,ibm_fez,279,Grier Jones,,d2c50f33c43a44abb94280706332351d,,
03535579-a782-4287-b978-68612b89b401,completed,crn:v1:bluemix:public:quantum-computing:us-east:a/d2c50f33c43a44abb94280706332351d:deeabf25-a0d5-4c7b-9a89-18c5ff158017::,us-east,batch,2025-08-02T03:47:48.061Z,2025-08-02T04:01:46.362Z,ibm_fez,209,Grier Jones,,d2c50f33c43a44abb94280706332351d,,
cf4c79d5-59fd-4b3b-ada1-18797ae532b7,completed,crn:v1:bluemix:public:quantum-computing:us-east:a/d2c50f33c43a44abb94280706332351d:deeabf25-a0d5-4c7b-9a89-18c5ff158017::,us-east,batch,2025-08-02T03:47:48.030Z,2025-08-02T04:16:46.548Z,ibm_fez,293,Grier Jones,,d2c50f33c43a44abb94280706332351d,,
913d6770-2d1f-46b4-bfeb-4a74c15ae2d4,completed,crn:v1:bluemix:public:quantum-computing:us-east:a/d2c50f33c43a44abb94280706332351d:deeabf25-a0d5-4c7b-9a89-18c5ff158017::,us-east,batch,2025-08-02T03:47:48.016Z,2025-08-02T03:55:10.269Z,ibm_fez,274,Grier Jones,,d2c50f33c43a44abb94280706332351d,,
92edabef-df65-445e-bf17-b9b99ef1cbb1,completed,crn:v1:bluemix:public:quantum-computing:us-east:a/d2c50f33c43a44abb94280706332351d:deeabf25-a0d5-4c7b-9a89-18c5ff158017::,us-east,batch,2025-08-02T03:47:48.008Z,2025-08-02T04:07:08.446Z,ibm_fez,265,Grier Jones,,d2c50f33c43a44abb94280706332351d,,
52840eb8-f222-4e9e-af4c-7d31d5cadbeb,completed,crn:v1:bluemix:public:quantum-computing:us-east:a/d2c50f33c43a44abb94280706332351d:deeabf25-a0d5-4c7b-9a89-18c5ff158017::,us-east,batch,2025-08-02T03:47:48.005Z,2025-08-02T04:27:33.727Z,ibm_fez,265,Grier Jones,,d2c50f33c43a44abb94280706332351d,,
700f064f-849e-448c-8ddf-ed01c02c0a01,completed,crn:v1:bluemix:public:quantum-computing:us-east:a/d2c50f33c43a44abb94280706332351d:deeabf25-a0d5-4c7b-9a89-18c5ff158017::,us-east,batch,2025-08-02T03:14:06.150Z,2025-08-02T03:37:23.417Z,ibm_fez,265,Grier Jones,,d2c50f33c43a44abb94280706332351d,,
a03b4cf5-0904-44d1-84bd-db1b38567137,completed,crn:v1:bluemix:public:quantum-computing:us-east:a/d2c50f33c43a44abb94280706332351d:deeabf25-a0d5-4c7b-9a89-18c5ff158017::,us-east,batch,2025-08-02T03:14:06.148Z,2025-08-02T03:42:44.275Z,ibm_fez,265,Grier Jones,,d2c50f33c43a44abb94280706332351d,,
5484868a-68a6-49b2-96e2-6c28e82200a8,completed,crn:v1:bluemix:public:quantum-computing:us-east:a/d2c50f33c43a44abb94280706332351d:deeabf25-a0d5-4c7b-9a89-18c5ff158017::,us-east,batch,2025-08-02T03:14:06.107Z,2025-08-02T03:47:40.625Z,ibm_fez,201,Grier Jones,,d2c50f33c43a44abb94280706332351d,,
abd4803c-0113-4030-8764-208a2e6f4fff,completed,crn:v1:bluemix:public:quantum-computing:us-east:a/d2c50f33c43a44abb94280706332351d:deeabf25-a0d5-4c7b-9a89-18c5ff158017::,us-east,batch,2025-08-02T03:14:06.104Z,2025-08-02T03:31:48.440Z,ibm_fez,264,Grier Jones,,d2c50f33c43a44abb94280706332351d,,
1e339322-ceda-4f42-a9cf-8769f0573dcc,completed,crn:v1:bluemix:public:quantum-computing:us-east:a/d2c50f33c43a44abb94280706332351d:deeabf25-a0d5-4c7b-9a89-18c5ff158017::,us-east,batch,2025-08-02T03:14:05.960Z,2025-08-02T03:25:44.749Z,ibm_fez,260,Grier Jones,,d2c50f33c43a44abb94280706332351d,,
a7cdc2a1-46e3-4167-9f60-e6d35ad4458b,completed,crn:v1:bluemix:public:quantum-computing:us-east:a/d2c50f33c43a44abb94280706332351d:deeabf25-a0d5-4c7b-9a89-18c5ff158017::,us-east,batch,2025-08-02T02:50:13.900Z,2025-08-02T03:02:47.567Z,ibm_fez,260,Grier Jones,,d2c50f33c43a44abb94280706332351d,,
3a9b1496-5df8-49dd-9768-7a0704a4c462,completed,crn:v1:bluemix:public:quantum-computing:us-east:a/d2c50f33c43a44abb94280706332351d:deeabf25-a0d5-4c7b-9a89-18c5ff158017::,us-east,batch,2025-08-02T02:50:13.895Z,2025-08-02T03:07:55.320Z,ibm_fez,264,Grier Jones,,d2c50f33c43a44abb94280706332351d,,
03a9769b-e3fe-445f-b613-c19074489c92,completed,crn:v1:bluemix:public:quantum-computing:us-east:a/d2c50f33c43a44abb94280706332351d:deeabf25-a0d5-4c7b-9a89-18c5ff158017::,us-east,batch,2025-08-02T02:50:13.893Z,2025-08-02T02:58:18.974Z,ibm_fez,196,Grier Jones,,d2c50f33c43a44abb94280706332351d,,
d3e45c77-bced-4801-835e-59026b8eb205,completed,crn:v1:bluemix:public:quantum-computing:us-east:a/d2c50f33c43a44abb94280706332351d:deeabf25-a0d5-4c7b-9a89-18c5ff158017::,us-east,batch,2025-08-02T02:50:13.691Z,2025-08-02T03:14:01.209Z,ibm_fez,280,Grier Jones,,d2c50f33c43a44abb94280706332351d,,
16d5577f-9b01-4585-8843-a23e9b520c56,completed,crn:v1:bluemix:public:quantum-computing:us-east:a/d2c50f33c43a44abb94280706332351d:deeabf25-a0d5-4c7b-9a89-18c5ff158017::,us-east,batch,2025-08-02T02:50:13.679Z,2025-08-02T02:54:54.138Z,ibm_fez,260,Grier Jones,,d2c50f33c43a44abb94280706332351d,,
e36bbe64-145a-4025-a252-84d72953245f,completed,crn:v1:bluemix:public:quantum-computing:us-east:a/d2c50f33c43a44abb94280706332351d:deeabf25-a0d5-4c7b-9a89-18c5ff158017::,us-east,batch,2025-08-02T02:07:14.670Z,2025-08-02T02:16:59.458Z,ibm_fez,204,Grier Jones,,d2c50f33c43a44abb94280706332351d,,
1867befb-ec44-4543-aa1d-fdaa2d3bb561,completed,crn:v1:bluemix:public:quantum-computing:us-east:a/d2c50f33c43a44abb94280706332351d:deeabf25-a0d5-4c7b-9a89-18c5ff158017::,us-east,batch,2025-08-02T02:07:14.659Z,2025-08-02T02:43:54.220Z,ibm_fez,280,Grier Jones,,d2c50f33c43a44abb94280706332351d,,
42ebd0cd-17c0-417c-b7df-0cd2cae2e536,completed,crn:v1:bluemix:public:quantum-computing:us-east:a/d2c50f33c43a44abb94280706332351d:deeabf25-a0d5-4c7b-9a89-18c5ff158017::,us-east,batch,2025-08-02T02:07:14.650Z,2025-08-02T02:50:12.679Z,ibm_fez,275,Grier Jones,,d2c50f33c43a44abb94280706332351d,,
de91741d-d982-4176-ab3b-0e62bbf56c9d,completed,crn:v1:bluemix:public:quantum-computing:us-east:a/d2c50f33c43a44abb94280706332351d:deeabf25-a0d5-4c7b-9a89-18c5ff158017::,us-east,batch,2025-08-02T02:07:14.634Z,2025-08-02T02:27:36.394Z,ibm_fez,277,Grier Jones,,d2c50f33c43a44abb94280706332351d,,
717848a0-2c8e-45a3-8825-c20b97bd55bd,completed,crn:v1:bluemix:public:quantum-computing:us-east:a/d2c50f33c43a44abb94280706332351d:deeabf25-a0d5-4c7b-9a89-18c5ff158017::,us-east,batch,2025-08-02T02:07:14.633Z,2025-08-02T02:36:26.639Z,ibm_fez,278,Grier Jones,,d2c50f33c43a44abb94280706332351d,,
46813d3d-b6cc-428f-9607-eb1ff53221a4,completed,crn:v1:bluemix:public:quantum-computing:us-east:a/d2c50f33c43a44abb94280706332351d:deeabf25-a0d5-4c7b-9a89-18c5ff158017::,us-east,batch,2025-08-02T01:29:14.590Z,2025-08-02T02:07:12.080Z,ibm_fez,285,Grier Jones,,d2c50f33c43a44abb94280706332351d,,
812ee2ad-2bdb-46d8-928f-afb4c92e1813,completed,crn:v1:bluemix:public:quantum-computing:us-east:a/d2c50f33c43a44abb94280706332351d:deeabf25-a0d5-4c7b-9a89-18c5ff158017::,us-east,batch,2025-08-02T01:29:14.588Z,2025-08-02T01:43:40.963Z,ibm_fez,269,Grier Jones,,d2c50f33c43a44abb94280706332351d,,
10fbffe3-5330-4e42-a4e8-156bbc121238,completed,crn:v1:bluemix:public:quantum-computing:us-east:a/d2c50f33c43a44abb94280706332351d:deeabf25-a0d5-4c7b-9a89-18c5ff158017::,us-east,batch,2025-08-02T01:29:14.581Z,2025-08-02T01:33:51.935Z,ibm_fez,264,Grier Jones,,d2c50f33c43a44abb94280706332351d,,
83847744-7ede-4fa5-bfa6-b8265f44b970,completed,crn:v1:bluemix:public:quantum-computing:us-east:a/d2c50f33c43a44abb94280706332351d:deeabf25-a0d5-4c7b-9a89-18c5ff158017::,us-east,batch,2025-08-02T01:29:14.576Z,2025-08-02T01:53:42.728Z,ibm_fez,278,Grier Jones,,d2c50f33c43a44abb94280706332351d,,
42175721-1f57-4c67-a77a-fa7753ba15c8,completed,crn:v1:bluemix:public:quantum-computing:us-east:a/d2c50f33c43a44abb94280706332351d:deeabf25-a0d5-4c7b-9a89-18c5ff158017::,us-east,batch,2025-08-02T01:29:14.562Z,2025-08-02T01:59:30.606Z,ibm_fez,213,Grier Jones,,d2c50f33c43a44abb94280706332351d,,
bf1319e8-2e4b-4a91-8d20-61b97280ea23,completed,crn:v1:bluemix:public:quantum-computing:us-east:a/d2c50f33c43a44abb94280706332351d:deeabf25-a0d5-4c7b-9a89-18c5ff158017::,us-east,batch,2025-08-02T01:01:13.759Z,2025-08-02T01:06:38.646Z,ibm_fez,265,Grier Jones,,d2c50f33c43a44abb94280706332351d,,
1ceb520b-b575-447a-abe0-71fcc8d70d19,completed,crn:v1:bluemix:public:quantum-computing:us-east:a/d2c50f33c43a44abb94280706332351d:deeabf25-a0d5-4c7b-9a89-18c5ff158017::,us-east,batch,2025-08-02T01:01:13.751Z,2025-08-02T01:16:19.153Z,ibm_fez,265,Grier Jones,,d2c50f33c43a44abb94280706332351d,,
2074f648-61cd-4ffa-a97e-867914d20881,completed,crn:v1:bluemix:public:quantum-computing:us-east:a/d2c50f33c43a44abb94280706332351d:deeabf25-a0d5-4c7b-9a89-18c5ff158017::,us-east,batch,2025-08-02T01:01:13.631Z,2025-08-02T01:11:08.440Z,ibm_fez,260,Grier Jones,,d2c50f33c43a44abb94280706332351d,,
50770ce6-c147-4d71-a2e0-3cb7e6f7485d,completed,crn:v1:bluemix:public:quantum-computing:us-east:a/d2c50f33c43a44abb94280706332351d:deeabf25-a0d5-4c7b-9a89-18c5ff158017::,us-east,batch,2025-08-02T01:01:13.352Z,2025-08-02T01:29:08.490Z,ibm_fez,195,Grier Jones,,d2c50f33c43a44abb94280706332351d,,
cf2d44dc-61c7-4803-a242-e66586e52569,completed,crn:v1:bluemix:public:quantum-computing:us-east:a/d2c50f33c43a44abb94280706332351d:deeabf25-a0d5-4c7b-9a89-18c5ff158017::,us-east,batch,2025-08-02T01:01:13.348Z,2025-08-02T01:22:27.973Z,ibm_fez,264,Grier Jones,,d2c50f33c43a44abb94280706332351d,,
269dd99f-4e19-473f-a646-c7d96c0107d5,completed,crn:v1:bluemix:public:quantum-computing:us-east:a/d2c50f33c43a44abb94280706332351d:deeabf25-a0d5-4c7b-9a89-18c5ff158017::,us-east,batch,2025-08-02T00:26:51.023Z,2025-08-02T00:37:55.389Z,ibm_fez,260,Grier Jones,,d2c50f33c43a44abb94280706332351d,,
17850dcd-1dd8-4b9e-9a4d-4da46b39da15,completed,crn:v1:bluemix:public:quantum-computing:us-east:a/d2c50f33c43a44abb94280706332351d:deeabf25-a0d5-4c7b-9a89-18c5ff158017::,us-east,batch,2025-08-02T00:26:51.022Z,2025-08-02T00:43:39.950Z,ibm_fez,269,Grier Jones,,d2c50f33c43a44abb94280706332351d,,
07378927-0031-4f63-829c-8ba124bcf484,completed,crn:v1:bluemix:public:quantum-computing:us-east:a/d2c50f33c43a44abb94280706332351d:deeabf25-a0d5-4c7b-9a89-18c5ff158017::,us-east,batch,2025-08-02T00:26:50.945Z,2025-08-02T00:53:12.625Z,ibm_fez,290,Grier Jones,,d2c50f33c43a44abb94280706332351d,,
c5e33488-37c1-4915-bd12-33d49d57d6e2,completed,crn:v1:bluemix:public:quantum-computing:us-east:a/d2c50f33c43a44abb94280706332351d:deeabf25-a0d5-4c7b-9a89-18c5ff158017::,us-east,batch,2025-08-02T00:26:50.940Z,2025-08-02T01:01:11.093Z,ibm_fez,271,Grier Jones,,d2c50f33c43a44abb94280706332351d,,
a824eb12-d089-4fb9-aaa0-404905591f11,completed,crn:v1:bluemix:public:quantum-computing:us-east:a/d2c50f33c43a44abb94280706332351d:deeabf25-a0d5-4c7b-9a89-18c5ff158017::,us-east,batch,2025-08-02T00:26:50.932Z,2025-08-02T00:33:27.893Z,ibm_fez,212,Grier Jones,,d2c50f33c43a44abb94280706332351d,,
15cd8a4f-7607-412e-9f9a-beb7605ddaa4,completed,crn:v1:bluemix:public:quantum-computing:us-east:a/d2c50f33c43a44abb94280706332351d:deeabf25-a0d5-4c7b-9a89-18c5ff158017::,us-east,batch,2025-08-01T23:37:18.364Z,2025-08-01T23:41:54.976Z,ibm_fez,222,Grier Jones,,d2c50f33c43a44abb94280706332351d,,
8ed756df-17f3-4d14-8413-4951cdd04d07,completed,crn:v1:bluemix:public:quantum-computing:us-east:a/d2c50f33c43a44abb94280706332351d:deeabf25-a0d5-4c7b-9a89-18c5ff158017::,us-east,batch,2025-08-01T23:37:18.350Z,2025-08-02T00:26:49.639Z,ibm_fez,297,Grier Jones,,d2c50f33c43a44abb94280706332351d,,
149104a3-a478-43ab-a29f-6bff71bf6ebf,completed,crn:v1:bluemix:public:quantum-computing:us-east:a/d2c50f33c43a44abb94280706332351d:deeabf25-a0d5-4c7b-9a89-18c5ff158017::,us-east,batch,2025-08-01T23:37:18.303Z,2025-08-02T00:10:39.541Z,ibm_fez,293,Grier Jones,,d2c50f33c43a44abb94280706332351d,,
c2ee6c9b-f5af-4026-86c2-449f12e8b6e1,completed,crn:v1:bluemix:public:quantum-computing:us-east:a/d2c50f33c43a44abb94280706332351d:deeabf25-a0d5-4c7b-9a89-18c5ff158017::,us-east,batch,2025-08-01T23:37:18.302Z,2025-08-02T00:16:57.719Z,ibm_fez,296,Grier Jones,,d2c50f33c43a44abb94280706332351d,,
13036abe-3717-4cb7-b1b1-dda466caf852,completed,crn:v1:bluemix:public:quantum-computing:us-east:a/d2c50f33c43a44abb94280706332351d:deeabf25-a0d5-4c7b-9a89-18c5ff158017::,us-east,batch,2025-08-01T23:37:18.299Z,2025-08-02T00:04:25.531Z,ibm_fez,293,Grier Jones,,d2c50f33c43a44abb94280706332351d,,
bbad607a-1961-4e2a-acbd-cc6cab411519,completed,crn:v1:bluemix:public:quantum-computing:us-east:a/d2c50f33c43a44abb94280706332351d:deeabf25-a0d5-4c7b-9a89-18c5ff158017::,us-east,batch,2025-08-01T22:46:15.366Z,2025-08-01T23:37:17.175Z,ibm_fez,297,Grier Jones,,d2c50f33c43a44abb94280706332351d,,
be833a2b-be5e-4a43-b892-889890e79fb6,completed,crn:v1:bluemix:public:quantum-computing:us-east:a/d2c50f33c43a44abb94280706332351d:deeabf25-a0d5-4c7b-9a89-18c5ff158017::,us-east,batch,2025-08-01T22:46:15.335Z,2025-08-01T23:31:17.157Z,ibm_fez,297,Grier Jones,,d2c50f33c43a44abb94280706332351d,,
da186f3f-213c-4352-8e27-6632a1e13a34,completed,crn:v1:bluemix:public:quantum-computing:us-east:a/d2c50f33c43a44abb94280706332351d:deeabf25-a0d5-4c7b-9a89-18c5ff158017::,us-east,batch,2025-08-01T22:46:15.137Z,2025-08-01T23:21:39.100Z,ibm_fez,204,Grier Jones,,d2c50f33c43a44abb94280706332351d,,
c18e2b99-5746-4cde-a934-b6d1cbbec17a,completed,crn:v1:bluemix:public:quantum-computing:us-east:a/d2c50f33c43a44abb94280706332351d:deeabf25-a0d5-4c7b-9a89-18c5ff158017::,us-east,batch,2025-08-01T22:46:14.733Z,2025-08-01T23:05:41.783Z,ibm_fez,289,Grier Jones,,d2c50f33c43a44abb94280706332351d,,
7c71eb46-d426-443d-8a63-47046d5f1d36,completed,crn:v1:bluemix:public:quantum-computing:us-east:a/d2c50f33c43a44abb94280706332351d:deeabf25-a0d5-4c7b-9a89-18c5ff158017::,us-east,batch,2025-08-01T22:46:14.703Z,2025-08-01T22:57:43.863Z,ibm_fez,280,Grier Jones,,d2c50f33c43a44abb94280706332351d,,
33d71559-fb30-49b2-b358-54fb1a657119,completed,crn:v1:bluemix:public:quantum-computing:us-east:a/d2c50f33c43a44abb94280706332351d:deeabf25-a0d5-4c7b-9a89-18c5ff158017::,us-east,batch,2025-08-01T21:57:33.266Z,2025-08-01T22:06:30.658Z,ibm_fez,293,Grier Jones,,d2c50f33c43a44abb94280706332351d,,
f1bad541-61c2-416b-948b-4f18e62159ac,completed,crn:v1:bluemix:public:quantum-computing:us-east:a/d2c50f33c43a44abb94280706332351d:deeabf25-a0d5-4c7b-9a89-18c5ff158017::,us-east,batch,2025-08-01T21:57:32.920Z,2025-08-01T22:25:31.508Z,ibm_fez,215,Grier Jones,,d2c50f33c43a44abb94280706332351d,,
4cb82369-022d-47dd-973d-5e876608d636,completed,crn:v1:bluemix:public:quantum-computing:us-east:a/d2c50f33c43a44abb94280706332351d:deeabf25-a0d5-4c7b-9a89-18c5ff158017::,us-east,batch,2025-08-01T21:57:32.917Z,2025-08-01T22:16:00.622Z,ibm_fez,290,Grier Jones,,d2c50f33c43a44abb94280706332351d,,
63d0af2a-d9bb-46ac-ae0e-4b715d2d2edc,completed,crn:v1:bluemix:public:quantum-computing:us-east:a/d2c50f33c43a44abb94280706332351d:deeabf25-a0d5-4c7b-9a89-18c5ff158017::,us-east,batch,2025-08-01T21:57:32.893Z,2025-08-01T22:34:33.593Z,ibm_fez,299,Grier Jones,,d2c50f33c43a44abb94280706332351d,,
6c08d7d7-729b-4fa2-bda1-4657b8b34947,completed,crn:v1:bluemix:public:quantum-computing:us-east:a/d2c50f33c43a44abb94280706332351d:deeabf25-a0d5-4c7b-9a89-18c5ff158017::,us-east,batch,2025-08-01T21:57:32.893Z,2025-08-01T22:46:13.597Z,ibm_fez,293,Grier Jones,,d2c50f33c43a44abb94280706332351d,,
c9134d76-9d90-4bdb-a095-4cdc91087e2b,completed,crn:v1:bluemix:public:quantum-computing:us-east:a/d2c50f33c43a44abb94280706332351d:deeabf25-a0d5-4c7b-9a89-18c5ff158017::,us-east,batch,2025-08-01T20:15:57.042Z,2025-08-01T21:40:10.319Z,ibm_fez,292,Grier Jones,,d2c50f33c43a44abb94280706332351d,,
91efdf17-cdfc-4447-bfe5-3bcf5cf7f45b,completed,crn:v1:bluemix:public:quantum-computing:us-east:a/d2c50f33c43a44abb94280706332351d:deeabf25-a0d5-4c7b-9a89-18c5ff158017::,us-east,batch,2025-08-01T20:15:57.040Z,2025-08-01T21:51:21.134Z,ibm_fez,295,Grier Jones,,d2c50f33c43a44abb94280706332351d,,
e1c6eb3e-c676-4315-ac95-756aaada176c,completed,crn:v1:bluemix:public:quantum-computing:us-east:a/d2c50f33c43a44abb94280706332351d:deeabf25-a0d5-4c7b-9a89-18c5ff158017::,us-east,batch,2025-08-01T20:15:57.034Z,2025-08-01T21:31:40.361Z,ibm_fez,292,Grier Jones,,d2c50f33c43a44abb94280706332351d,,
31b702ca-9952-47dc-a4be-9db3feb63601,completed,crn:v1:bluemix:public:quantum-computing:us-east:a/d2c50f33c43a44abb94280706332351d:deeabf25-a0d5-4c7b-9a89-18c5ff158017::,us-east,batch,2025-08-01T20:15:57.029Z,2025-08-01T21:57:26.959Z,ibm_fez,213,Grier Jones,,d2c50f33c43a44abb94280706332351d,,
f1117751-5a95-4eeb-84ea-d3f627723d9d,completed,crn:v1:bluemix:public:quantum-computing:us-east:a/d2c50f33c43a44abb94280706332351d:deeabf25-a0d5-4c7b-9a89-18c5ff158017::,us-east,batch,2025-08-01T20:15:56.987Z,2025-08-01T20:32:46.253Z,ibm_fez,292,Grier Jones,,d2c50f33c43a44abb94280706332351d,,
8184bca1-5ef8-495a-b0da-2b06895adeea,completed,crn:v1:bluemix:public:quantum-computing:us-east:a/d2c50f33c43a44abb94280706332351d:deeabf25-a0d5-4c7b-9a89-18c5ff158017::,us-east,batch,2025-08-01T19:40:15.565Z,2025-08-01T19:58:14.865Z,ibm_fez,260,Grier Jones,,d2c50f33c43a44abb94280706332351d,,
42f111dc-f1a8-4f04-a78a-3d943ba26655,completed,crn:v1:bluemix:public:quantum-computing:us-east:a/d2c50f33c43a44abb94280706332351d:deeabf25-a0d5-4c7b-9a89-18c5ff158017::,us-east,batch,2025-08-01T19:40:15.360Z,2025-08-01T19:48:44.611Z,ibm_fez,261,Grier Jones,,d2c50f33c43a44abb94280706332351d,,
ac907419-8e37-4f25-9077-a1d9fe3c76e3,completed,crn:v1:bluemix:public:quantum-computing:us-east:a/d2c50f33c43a44abb94280706332351d:deeabf25-a0d5-4c7b-9a89-18c5ff158017::,us-east,batch,2025-08-01T19:40:15.355Z,2025-08-01T19:43:50.521Z,ibm_fez,195,Grier Jones,,d2c50f33c43a44abb94280706332351d,,
9e728763-3cc8-4ef8-a29e-c88aef87ba82,completed,crn:v1:bluemix:public:quantum-computing:us-east:a/d2c50f33c43a44abb94280706332351d:deeabf25-a0d5-4c7b-9a89-18c5ff158017::,us-east,batch,2025-08-01T19:40:15.351Z,2025-08-01T19:53:27.749Z,ibm_fez,260,Grier Jones,,d2c50f33c43a44abb94280706332351d,,
4c1778c1-f947-49c8-9ebe-cdb85feb372f,completed,crn:v1:bluemix:public:quantum-computing:us-east:a/d2c50f33c43a44abb94280706332351d:deeabf25-a0d5-4c7b-9a89-18c5ff158017::,us-east,batch,2025-08-01T19:40:15.308Z,2025-08-01T20:15:54.454Z,ibm_fez,283,Grier Jones,,d2c50f33c43a44abb94280706332351d,,
cd72966a-5f7b-4389-b442-164b0365feea,completed,crn:v1:bluemix:public:quantum-computing:us-east:a/d2c50f33c43a44abb94280706332351d:deeabf25-a0d5-4c7b-9a89-18c5ff158017::,us-east,batch,2025-08-01T19:17:26.390Z,2025-08-01T19:22:07.810Z,ibm_fez,260,Grier Jones,,d2c50f33c43a44abb94280706332351d,,
483ab755-90d4-4dbb-b7e2-593eedbb5a87,completed,crn:v1:bluemix:public:quantum-computing:us-east:a/d2c50f33c43a44abb94280706332351d:deeabf25-a0d5-4c7b-9a89-18c5ff158017::,us-east,batch,2025-08-01T19:17:26.385Z,2025-08-01T19:27:06.717Z,ibm_fez,260,Grier Jones,,d2c50f33c43a44abb94280706332351d,,
f6d570c1-ec94-4f04-995f-6859693f9885,completed,crn:v1:bluemix:public:quantum-computing:us-east:a/d2c50f33c43a44abb94280706332351d:deeabf25-a0d5-4c7b-9a89-18c5ff158017::,us-east,batch,2025-08-01T19:17:26.383Z,2025-08-01T19:35:40.574Z,ibm_fez,195,Grier Jones,,d2c50f33c43a44abb94280706332351d,,
8068adda-3b5f-4545-bd8f-e10a329f6557,completed,crn:v1:bluemix:public:quantum-computing:us-east:a/d2c50f33c43a44abb94280706332351d:deeabf25-a0d5-4c7b-9a89-18c5ff158017::,us-east,batch,2025-08-01T19:17:26.363Z,2025-08-01T19:40:12.573Z,ibm_fez,260,Grier Jones,,d2c50f33c43a44abb94280706332351d,,
fdc85e45-e079-431c-b12e-d518dd628fc3,completed,crn:v1:bluemix:public:quantum-computing:us-east:a/d2c50f33c43a44abb94280706332351d:deeabf25-a0d5-4c7b-9a89-18c5ff158017::,us-east,batch,2025-08-01T19:17:26.348Z,2025-08-01T19:32:09.415Z,ibm_fez,265,Grier Jones,,d2c50f33c43a44abb94280706332351d,,
56c31b3f-8d5a-4043-83aa-acf0a3646b14,completed,crn:v1:bluemix:public:quantum-computing:us-east:a/d2c50f33c43a44abb94280706332351d:deeabf25-a0d5-4c7b-9a89-18c5ff158017::,us-east,batch,2025-08-01T18:53:53.907Z,2025-08-01T19:17:25.175Z,ibm_fez,261,Grier Jones,,d2c50f33c43a44abb94280706332351d,,
a933ccb0-9f4a-4199-9f0b-c6d2eacb7e7e,completed,crn:v1:bluemix:public:quantum-computing:us-east:a/d2c50f33c43a44abb94280706332351d:deeabf25-a0d5-4c7b-9a89-18c5ff158017::,us-east,batch,2025-08-01T18:53:53.886Z,2025-08-01T19:12:51.350Z,ibm_fez,260,Grier Jones,,d2c50f33c43a44abb94280706332351d,,
349ec21f-7b8d-456e-b7f4-c2cd543733c5,completed,crn:v1:bluemix:public:quantum-computing:us-east:a/d2c50f33c43a44abb94280706332351d:deeabf25-a0d5-4c7b-9a89-18c5ff158017::,us-east,batch,2025-08-01T18:53:52.403Z,2025-08-01T19:04:47.213Z,ibm_fez,260,Grier Jones,,d2c50f33c43a44abb94280706332351d,,
2f73c367-1f23-493b-b448-cb05dea18cf7,completed,crn:v1:bluemix:public:quantum-computing:us-east:a/d2c50f33c43a44abb94280706332351d:deeabf25-a0d5-4c7b-9a89-18c5ff158017::,us-east,batch,2025-08-01T18:53:52.401Z,2025-08-01T19:08:19.572Z,ibm_fez,195,Grier Jones,,d2c50f33c43a44abb94280706332351d,,
fd14f7d5-b2de-4c43-809e-ea24231de204,completed,crn:v1:bluemix:public:quantum-computing:us-east:a/d2c50f33c43a44abb94280706332351d:deeabf25-a0d5-4c7b-9a89-18c5ff158017::,us-east,batch,2025-08-01T18:53:52.352Z,2025-08-01T19:00:10.586Z,ibm_fez,265,Grier Jones,,d2c50f33c43a44abb94280706332351d,,
ea128137-b605-43ed-b4c0-5a3ef80dfb6f,completed,crn:v1:bluemix:public:quantum-computing:us-east:a/d2c50f33c43a44abb94280706332351d:deeabf25-a0d5-4c7b-9a89-18c5ff158017::,us-east,batch,2025-08-01T18:18:47.070Z,2025-08-01T18:53:46.355Z,ibm_fez,201,Grier Jones,,d2c50f33c43a44abb94280706332351d,,
0acadc90-4507-4a3d-b059-06c7e37512b7,completed,crn:v1:bluemix:public:quantum-computing:us-east:a/d2c50f33c43a44abb94280706332351d:deeabf25-a0d5-4c7b-9a89-18c5ff158017::,us-east,batch,2025-08-01T18:18:47.067Z,2025-08-01T18:39:29.727Z,ibm_fez,261,Grier Jones,,d2c50f33c43a44abb94280706332351d,,
ed35aba1-21b1-4bc0-b863-c047967a8958,completed,crn:v1:bluemix:public:quantum-computing:us-east:a/d2c50f33c43a44abb94280706332351d:deeabf25-a0d5-4c7b-9a89-18c5ff158017::,us-east,batch,2025-08-01T18:18:47.060Z,2025-08-01T18:33:46.068Z,ibm_fez,265,Grier Jones,,d2c50f33c43a44abb94280706332351d,,
c1973661-2869-4298-8dc6-592ee383ba2c,completed,crn:v1:bluemix:public:quantum-computing:us-east:a/d2c50f33c43a44abb94280706332351d:deeabf25-a0d5-4c7b-9a89-18c5ff158017::,us-east,batch,2025-08-01T18:18:46.863Z,2025-08-01T18:46:55.626Z,ibm_fez,274,Grier Jones,,d2c50f33c43a44abb94280706332351d,,
e627dc77-e54d-489f-91f3-c30ed6441765,completed,crn:v1:bluemix:public:quantum-computing:us-east:a/d2c50f33c43a44abb94280706332351d:deeabf25-a0d5-4c7b-9a89-18c5ff158017::,us-east,batch,2025-08-01T18:18:46.862Z,2025-08-01T18:27:24.569Z,ibm_fez,273,Grier Jones,,d2c50f33c43a44abb94280706332351d,,
ea7f5986-f544-40a1-a3a5-fe4bf349eea3,completed,crn:v1:bluemix:public:quantum-computing:us-east:a/d2c50f33c43a44abb94280706332351d:deeabf25-a0d5-4c7b-9a89-18c5ff158017::,us-east,batch,2025-08-01T17:25:17.483Z,2025-08-01T17:40:10.382Z,ibm_fez,270,Grier Jones,,d2c50f33c43a44abb94280706332351d,,
dcbebcd3-2a9f-407f-97d2-62a76771d42b,completed,crn:v1:bluemix:public:quantum-computing:us-east:a/d2c50f33c43a44abb94280706332351d:deeabf25-a0d5-4c7b-9a89-18c5ff158017::,us-east,batch,2025-08-01T17:25:17.469Z,2025-08-01T18:08:01.705Z,ibm_fez,276,Grier Jones,,d2c50f33c43a44abb94280706332351d,,
e06026f9-164c-4901-9231-4231dc73e273,completed,crn:v1:bluemix:public:quantum-computing:us-east:a/d2c50f33c43a44abb94280706332351d:deeabf25-a0d5-4c7b-9a89-18c5ff158017::,us-east,batch,2025-08-01T17:25:17.435Z,2025-08-01T18:12:13.244Z,ibm_fez,195,Grier Jones,,d2c50f33c43a44abb94280706332351d,,
fe756ec2-bda2-4d3e-bc69-dcb68226c1ce,completed,crn:v1:bluemix:public:quantum-computing:us-east:a/d2c50f33c43a44abb94280706332351d:deeabf25-a0d5-4c7b-9a89-18c5ff158017::,us-east,batch,2025-08-01T17:25:17.322Z,2025-08-01T17:32:00.879Z,ibm_fez,278,Grier Jones,,d2c50f33c43a44abb94280706332351d,,
995c2c86-e0ce-4e8b-be8d-cf95bce71f4d,completed,crn:v1:bluemix:public:quantum-computing:us-east:a/d2c50f33c43a44abb94280706332351d:deeabf25-a0d5-4c7b-9a89-18c5ff158017::,us-east,batch,2025-08-01T17:25:17.317Z,2025-08-01T18:18:45.948Z,ibm_fez,271,Grier Jones,,d2c50f33c43a44abb94280706332351d,,
f5438183-13fd-4ccd-aec4-9c5c136d2aa9,completed,crn:v1:bluemix:public:quantum-computing:us-east:a/d2c50f33c43a44abb94280706332351d:deeabf25-a0d5-4c7b-9a89-18c5ff158017::,us-east,batch,2025-08-01T16:49:16.283Z,2025-08-01T17:25:08.725Z,ibm_fez,201,Grier Jones,,d2c50f33c43a44abb94280706332351d,,
8d1f6d1b-d1f2-4f4f-a823-39425c65aea0,completed,crn:v1:bluemix:public:quantum-computing:us-east:a/d2c50f33c43a44abb94280706332351d:deeabf25-a0d5-4c7b-9a89-18c5ff158017::,us-east,batch,2025-08-01T16:49:16.221Z,2025-08-01T16:55:36.943Z,ibm_fez,269,Grier Jones,,d2c50f33c43a44abb94280706332351d,,
38a418c9-6129-42ab-8673-71a34211f130,completed,crn:v1:bluemix:public:quantum-computing:us-east:a/d2c50f33c43a44abb94280706332351d:deeabf25-a0d5-4c7b-9a89-18c5ff158017::,us-east,batch,2025-08-01T16:49:16.144Z,2025-08-01T17:07:42.629Z,ibm_fez,270,Grier Jones,,d2c50f33c43a44abb94280706332351d,,
2f61f3db-e3e4-4a17-92e4-df729af044c1,completed,crn:v1:bluemix:public:quantum-computing:us-east:a/d2c50f33c43a44abb94280706332351d:deeabf25-a0d5-4c7b-9a89-18c5ff158017::,us-east,batch,2025-08-01T16:49:16.143Z,2025-08-01T17:20:47.494Z,ibm_fez,274,Grier Jones,,d2c50f33c43a44abb94280706332351d,,
4bb977dd-2a9a-486a-9076-4ff6476e7422,completed,crn:v1:bluemix:public:quantum-computing:us-east:a/d2c50f33c43a44abb94280706332351d:deeabf25-a0d5-4c7b-9a89-18c5ff158017::,us-east,batch,2025-08-01T16:49:16.057Z,2025-08-01T17:14:36.056Z,ibm_fez,275,Grier Jones,,d2c50f33c43a44abb94280706332351d,,
153cfac5-2592-4c36-939d-a893c6a9e1ce,completed,crn:v1:bluemix:public:quantum-computing:us-east:a/d2c50f33c43a44abb94280706332351d:deeabf25-a0d5-4c7b-9a89-18c5ff158017::,us-east,batch,2025-08-01T14:11:49.090Z,2025-08-01T16:49:14.069Z,ibm_fez,278,Grier Jones,,d2c50f33c43a44abb94280706332351d,,
4633ea5f-570e-4f6c-978f-f78ce857b78e,completed,crn:v1:bluemix:public:quantum-computing:us-east:a/d2c50f33c43a44abb94280706332351d:deeabf25-a0d5-4c7b-9a89-18c5ff158017::,us-east,batch,2025-08-01T14:11:48.457Z,2025-08-01T15:45:49.854Z,ibm_fez,293,Grier Jones,,d2c50f33c43a44abb94280706332351d,,
c9010ef2-c2e5-441f-9775-96606873b067,completed,crn:v1:bluemix:public:quantum-computing:us-east:a/d2c50f33c43a44abb94280706332351d:deeabf25-a0d5-4c7b-9a89-18c5ff158017::,us-east,batch,2025-08-01T14:11:48.428Z,2025-08-01T15:36:09.722Z,ibm_fez,294,Grier Jones,,d2c50f33c43a44abb94280706332351d,,
f6adfffc-b880-451b-b843-354c0037ed51,completed,crn:v1:bluemix:public:quantum-computing:us-east:a/d2c50f33c43a44abb94280706332351d:deeabf25-a0d5-4c7b-9a89-18c5ff158017::,us-east,batch,2025-08-01T14:11:48.411Z,2025-08-01T15:22:09.860Z,ibm_fez,272,Grier Jones,,d2c50f33c43a44abb94280706332351d,,
74b8fbde-e14e-4dc1-b863-d1fefb937295,completed,crn:v1:bluemix:public:quantum-computing:us-east:a/d2c50f33c43a44abb94280706332351d:deeabf25-a0d5-4c7b-9a89-18c5ff158017::,us-east,batch,2025-08-01T14:11:48.409Z,2025-08-01T16:41:25.053Z,ibm_fez,210,Grier Jones,,d2c50f33c43a44abb94280706332351d,,
cf7463d1-679b-4e9a-884b-58f206d961b0,completed,crn:v1:bluemix:public:quantum-computing:us-east:a/d2c50f33c43a44abb94280706332351d:deeabf25-a0d5-4c7b-9a89-18c5ff158017::,us-east,batch,2025-08-01T00:22:31.628Z,2025-08-01T05:41:57.525Z,ibm_fez,284,Grier Jones,,d2c50f33c43a44abb94280706332351d,,
1459177f-005c-4350-a33c-480074e16416,completed,crn:v1:bluemix:public:quantum-computing:us-east:a/d2c50f33c43a44abb94280706332351d:deeabf25-a0d5-4c7b-9a89-18c5ff158017::,us-east,batch,2025-08-01T00:22:30.732Z,2025-08-01T04:48:58.879Z,ibm_fez,169,Grier Jones,,d2c50f33c43a44abb94280706332351d,,
e41f63ed-f2cc-4368-a41c-ef476b07497b,completed,crn:v1:bluemix:public:quantum-computing:us-east:a/d2c50f33c43a44abb94280706332351d:deeabf25-a0d5-4c7b-9a89-18c5ff158017::,us-east,batch,2025-08-01T00:22:30.589Z,2025-08-01T04:32:10.242Z,ibm_fez,301,Grier Jones,,d2c50f33c43a44abb94280706332351d,,
4a0bb7b2-379a-4c39-81ba-5dcf27ce024c,completed,crn:v1:bluemix:public:quantum-computing:us-east:a/d2c50f33c43a44abb94280706332351d:deeabf25-a0d5-4c7b-9a89-18c5ff158017::,us-east,batch,2025-08-01T00:22:30.455Z,2025-08-01T00:30:04.674Z,ibm_fez,20,Grier Jones,,d2c50f33c43a44abb94280706332351d,,
b32c846c-620b-4804-8749-d115c7c8ded3,completed,crn:v1:bluemix:public:quantum-computing:us-east:a/d2c50f33c43a44abb94280706332351d:deeabf25-a0d5-4c7b-9a89-18c5ff158017::,us-east,batch,2025-08-01T00:22:30.451Z,2025-08-01T05:26:05.957Z,ibm_fez,216,Grier Jones,,d2c50f33c43a44abb94280706332351d,,
17c5d7a4-e27c-47ee-91cc-75d0dc0b5e08,completed,crn:v1:bluemix:public:quantum-computing:us-east:a/d2c50f33c43a44abb94280706332351d:deeabf25-a0d5-4c7b-9a89-18c5ff158017::,us-east,batch,2025-07-31T23:59:13.995Z,2025-08-01T00:17:59.309Z,ibm_fez,260,Grier Jones,,d2c50f33c43a44abb94280706332351d,,
d158c1d9-f7ec-4c4a-84fc-1dcba3891f19,completed,crn:v1:bluemix:public:quantum-computing:us-east:a/d2c50f33c43a44abb94280706332351d:deeabf25-a0d5-4c7b-9a89-18c5ff158017::,us-east,batch,2025-07-31T23:59:13.983Z,2025-08-01T00:10:02.295Z,ibm_fez,261,Grier Jones,,d2c50f33c43a44abb94280706332351d,,
5bf5f998-5556-4f77-9bfb-f5ad7f6b0784,completed,crn:v1:bluemix:public:quantum-computing:us-east:a/d2c50f33c43a44abb94280706332351d:deeabf25-a0d5-4c7b-9a89-18c5ff158017::,us-east,batch,2025-07-31T23:59:13.983Z,2025-08-01T00:05:31.573Z,ibm_fez,260,Grier Jones,,d2c50f33c43a44abb94280706332351d,,
1fc78a41-2b36-49e7-9a91-7e38407f8dc1,completed,crn:v1:bluemix:public:quantum-computing:us-east:a/d2c50f33c43a44abb94280706332351d:deeabf25-a0d5-4c7b-9a89-18c5ff158017::,us-east,batch,2025-07-31T23:59:13.942Z,2025-08-01T00:22:29.353Z,ibm_fez,261,Grier Jones,,d2c50f33c43a44abb94280706332351d,,
8af0abb4-f960-47c7-999c-f205ab05248f,completed,crn:v1:bluemix:public:quantum-computing:us-east:a/d2c50f33c43a44abb94280706332351d:deeabf25-a0d5-4c7b-9a89-18c5ff158017::,us-east,batch,2025-07-31T23:59:13.939Z,2025-08-01T00:13:27.162Z,ibm_fez,195,Grier Jones,,d2c50f33c43a44abb94280706332351d,,
80f0cf78-a703-47a3-b29d-e1f006d06dbc,completed,crn:v1:bluemix:public:quantum-computing:us-east:a/d2c50f33c43a44abb94280706332351d:deeabf25-a0d5-4c7b-9a89-18c5ff158017::,us-east,batch,2025-07-31T23:32:32.420Z,2025-07-31T23:45:56.788Z,ibm_fez,260,Grier Jones,,d2c50f33c43a44abb94280706332351d,,
38a9a5b8-f20c-44aa-be3d-389d60c922e0,completed,crn:v1:bluemix:public:quantum-computing:us-east:a/d2c50f33c43a44abb94280706332351d:deeabf25-a0d5-4c7b-9a89-18c5ff158017::,us-east,batch,2025-07-31T23:32:32.419Z,2025-07-31T23:55:30.697Z,ibm_fez,260,Grier Jones,,d2c50f33c43a44abb94280706332351d,,
de7d5777-b95d-4136-a1ef-a720db20ccf3,completed,crn:v1:bluemix:public:quantum-computing:us-east:a/d2c50f33c43a44abb94280706332351d:deeabf25-a0d5-4c7b-9a89-18c5ff158017::,us-east,batch,2025-07-31T23:32:32.327Z,2025-07-31T23:59:08.393Z,ibm_fez,195,Grier Jones,,d2c50f33c43a44abb94280706332351d,,
103d4c37-830e-48e4-9154-948e00e73f03,completed,crn:v1:bluemix:public:quantum-computing:us-east:a/d2c50f33c43a44abb94280706332351d:deeabf25-a0d5-4c7b-9a89-18c5ff158017::,us-east,batch,2025-07-31T23:32:32.327Z,2025-07-31T23:41:19.617Z,ibm_fez,266,Grier Jones,,d2c50f33c43a44abb94280706332351d,,
b6f3f788-ffe3-47aa-86c5-317faac869d0,completed,crn:v1:bluemix:public:quantum-computing:us-east:a/d2c50f33c43a44abb94280706332351d:deeabf25-a0d5-4c7b-9a89-18c5ff158017::,us-east,batch,2025-07-31T23:32:32.291Z,2025-07-31T23:50:36.591Z,ibm_fez,260,Grier Jones,,d2c50f33c43a44abb94280706332351d,,
e8dcff2a-1b0d-4eca-a147-378e5944df4e,completed,crn:v1:bluemix:public:quantum-computing:us-east:a/d2c50f33c43a44abb94280706332351d:deeabf25-a0d5-4c7b-9a89-18c5ff158017::,us-east,batch,2025-07-29T14:50:19.003Z,2025-07-29T15:26:34.598Z,ibm_fez,267,Grier Jones,,d2c50f33c43a44abb94280706332351d,,
86067dd7-6b07-43d0-b703-9bb0e7ff30eb,completed,crn:v1:bluemix:public:quantum-computing:us-east:a/d2c50f33c43a44abb94280706332351d:deeabf25-a0d5-4c7b-9a89-18c5ff158017::,us-east,batch,2025-07-29T14:50:18.977Z,2025-07-31T23:32:31.234Z,ibm_fez,278,Grier Jones,,d2c50f33c43a44abb94280706332351d,,
f7f0363f-1e54-4fec-af18-39efb4f808f5,completed,crn:v1:bluemix:public:quantum-computing:us-east:a/d2c50f33c43a44abb94280706332351d:deeabf25-a0d5-4c7b-9a89-18c5ff158017::,us-east,batch,2025-07-29T14:50:18.970Z,2025-07-31T23:21:32.801Z,ibm_fez,265,Grier Jones,,d2c50f33c43a44abb94280706332351d,,
5e99fdd1-1ea5-4337-9221-9e3e602dd558,completed,crn:v1:bluemix:public:quantum-computing:us-east:a/d2c50f33c43a44abb94280706332351d:deeabf25-a0d5-4c7b-9a89-18c5ff158017::,us-east,batch,2025-07-29T14:50:18.853Z,2025-07-29T15:19:57.491Z,ibm_fez,281,Grier Jones,,d2c50f33c43a44abb94280706332351d,,
acf82eb6-41bd-45de-8acf-ef800c3a15cd,completed,crn:v1:bluemix:public:quantum-computing:us-east:a/d2c50f33c43a44abb94280706332351d:deeabf25-a0d5-4c7b-9a89-18c5ff158017::,us-east,batch,2025-07-29T14:50:18.690Z,2025-07-29T15:38:05.580Z,ibm_fez,196,Grier Jones,,d2c50f33c43a44abb94280706332351d,,
d25fba9c-2842-4c88-b034-90d0755a2bb8,completed,crn:v1:bluemix:public:quantum-computing:us-east:a/d2c50f33c43a44abb94280706332351d:deeabf25-a0d5-4c7b-9a89-18c5ff158017::,us-east,batch,2025-07-29T09:52:52.829Z,2025-07-29T09:57:29.819Z,ibm_fez,258,Grier Jones,,d2c50f33c43a44abb94280706332351d,,
1440c680-dc51-4d7f-b451-c63221a811bf,completed,crn:v1:bluemix:public:quantum-computing:us-east:a/d2c50f33c43a44abb94280706332351d:deeabf25-a0d5-4c7b-9a89-18c5ff158017::,us-east,batch,2025-07-29T09:52:52.819Z,2025-07-29T10:07:18.539Z,ibm_fez,264,Grier Jones,,d2c50f33c43a44abb94280706332351d,,
b2ca7ba9-4ecb-49a7-b2d9-d307f917321f,completed,crn:v1:bluemix:public:quantum-computing:us-east:a/d2c50f33c43a44abb94280706332351d:deeabf25-a0d5-4c7b-9a89-18c5ff158017::,us-east,batch,2025-07-29T09:52:52.415Z,2025-07-29T10:20:49.966Z,ibm_fez,195,Grier Jones,,d2c50f33c43a44abb94280706332351d,,
88f60535-7896-422c-b936-6006d76542f7,completed,crn:v1:bluemix:public:quantum-computing:us-east:a/d2c50f33c43a44abb94280706332351d:deeabf25-a0d5-4c7b-9a89-18c5ff158017::,us-east,batch,2025-07-29T09:52:52.388Z,2025-07-29T10:17:26.189Z,ibm_fez,195,Grier Jones,,d2c50f33c43a44abb94280706332351d,,
e1750e44-f8d0-4509-b954-5374c945ae26,completed,crn:v1:bluemix:public:quantum-computing:us-east:a/d2c50f33c43a44abb94280706332351d:deeabf25-a0d5-4c7b-9a89-18c5ff158017::,us-east,batch,2025-07-29T09:52:52.385Z,2025-07-29T10:01:56.016Z,ibm_fez,257,Grier Jones,,d2c50f33c43a44abb94280706332351d,,
63bf483d-9e30-4904-b8bc-b9c2b698a3b7,completed,crn:v1:bluemix:public:quantum-computing:us-east:a/d2c50f33c43a44abb94280706332351d:deeabf25-a0d5-4c7b-9a89-18c5ff158017::,us-east,batch,2025-07-29T09:18:07.270Z,2025-07-29T09:35:16.138Z,ibm_fez,260,Grier Jones,,d2c50f33c43a44abb94280706332351d,,
9e47b9b8-8824-4bed-9146-c078727b3e5c,completed,crn:v1:bluemix:public:quantum-computing:us-east:a/d2c50f33c43a44abb94280706332351d:deeabf25-a0d5-4c7b-9a89-18c5ff158017::,us-east,batch,2025-07-29T09:18:07.144Z,2025-07-29T09:23:00.546Z,ibm_fez,260,Grier Jones,,d2c50f33c43a44abb94280706332351d,,
013e72d9-1d12-484d-8681-052a7c8a60bc,completed,crn:v1:bluemix:public:quantum-computing:us-east:a/d2c50f33c43a44abb94280706332351d:deeabf25-a0d5-4c7b-9a89-18c5ff158017::,us-east,batch,2025-07-29T09:18:07.143Z,2025-07-29T09:48:24.333Z,ibm_fez,195,Grier Jones,,d2c50f33c43a44abb94280706332351d,,
9688c11e-4e28-4ee6-9030-3bcd97a7de8b,completed,crn:v1:bluemix:public:quantum-computing:us-east:a/d2c50f33c43a44abb94280706332351d:deeabf25-a0d5-4c7b-9a89-18c5ff158017::,us-east,batch,2025-07-29T09:18:07.141Z,2025-07-29T09:52:51.205Z,ibm_fez,259,Grier Jones,,d2c50f33c43a44abb94280706332351d,,
7f7fe403-1d74-48e6-aac4-0c2ec8b5348f,completed,crn:v1:bluemix:public:quantum-computing:us-east:a/d2c50f33c43a44abb94280706332351d:deeabf25-a0d5-4c7b-9a89-18c5ff158017::,us-east,batch,2025-07-29T09:18:07.141Z,2025-07-29T09:27:35.888Z,ibm_fez,260,Grier Jones,,d2c50f33c43a44abb94280706332351d,,
45857e3c-15c0-46bb-a22c-977997a35870,completed,crn:v1:bluemix:public:quantum-computing:us-east:a/d2c50f33c43a44abb94280706332351d:deeabf25-a0d5-4c7b-9a89-18c5ff158017::,us-east,batch,2025-07-29T08:54:46.780Z,2025-07-29T09:00:15.809Z,ibm_fez,271,Grier Jones,,d2c50f33c43a44abb94280706332351d,,
4cbc9468-51b4-4bdc-8b4e-2433cb105ca7,completed,crn:v1:bluemix:public:quantum-computing:us-east:a/d2c50f33c43a44abb94280706332351d:deeabf25-a0d5-4c7b-9a89-18c5ff158017::,us-east,batch,2025-07-29T08:54:46.779Z,2025-07-29T09:08:35.126Z,ibm_fez,195,Grier Jones,,d2c50f33c43a44abb94280706332351d,,
1d9e33b4-4bac-46ce-b133-970ba5e4d574,completed,crn:v1:bluemix:public:quantum-computing:us-east:a/d2c50f33c43a44abb94280706332351d:deeabf25-a0d5-4c7b-9a89-18c5ff158017::,us-east,batch,2025-07-29T08:54:46.774Z,2025-07-29T09:05:12.481Z,ibm_fez,264,Grier Jones,,d2c50f33c43a44abb94280706332351d,,
a693390b-4b49-43c0-b8cc-ade93dce8fca,completed,crn:v1:bluemix:public:quantum-computing:us-east:a/d2c50f33c43a44abb94280706332351d:deeabf25-a0d5-4c7b-9a89-18c5ff158017::,us-east,batch,2025-07-29T08:54:46.754Z,2025-07-29T09:18:06.165Z,ibm_fez,264,Grier Jones,,d2c50f33c43a44abb94280706332351d,,
9b8264c3-ea22-49d0-b62b-f788505cd806,completed,crn:v1:bluemix:public:quantum-computing:us-east:a/d2c50f33c43a44abb94280706332351d:deeabf25-a0d5-4c7b-9a89-18c5ff158017::,us-east,batch,2025-07-29T08:54:46.715Z,2025-07-29T09:13:03.041Z,ibm_fez,260,Grier Jones,,d2c50f33c43a44abb94280706332351d,,
3be33b97-1091-4b6e-ac20-8bee6045a4e6,completed,crn:v1:bluemix:public:quantum-computing:us-east:a/d2c50f33c43a44abb94280706332351d:deeabf25-a0d5-4c7b-9a89-18c5ff158017::,us-east,batch,2025-07-29T08:09:52.104Z,2025-07-29T08:15:26.875Z,ibm_fez,199,Grier Jones,,d2c50f33c43a44abb94280706332351d,,
57fae846-7af5-417a-ae34-7e38a60b9e7a,completed,crn:v1:bluemix:public:quantum-computing:us-east:a/d2c50f33c43a44abb94280706332351d:deeabf25-a0d5-4c7b-9a89-18c5ff158017::,us-east,batch,2025-07-29T08:09:52.102Z,2025-07-29T08:49:01.994Z,ibm_fez,264,Grier Jones,,d2c50f33c43a44abb94280706332351d,,
65c39624-09fa-47db-a9f0-69467a1cea8f,completed,crn:v1:bluemix:public:quantum-computing:us-east:a/d2c50f33c43a44abb94280706332351d:deeabf25-a0d5-4c7b-9a89-18c5ff158017::,us-east,batch,2025-07-29T08:09:52.100Z,2025-07-29T08:40:40.758Z,ibm_fez,259,Grier Jones,,d2c50f33c43a44abb94280706332351d,,
1c2fee7a-21f2-48f9-861f-fddb98b9cca7,completed,crn:v1:bluemix:public:quantum-computing:us-east:a/d2c50f33c43a44abb94280706332351d:deeabf25-a0d5-4c7b-9a89-18c5ff158017::,us-east,batch,2025-07-29T08:09:52.031Z,2025-07-29T08:26:53.304Z,ibm_fez,264,Grier Jones,,d2c50f33c43a44abb94280706332351d,,
25c21a87-87bf-4106-a6ab-85b1e03540e3,completed,crn:v1:bluemix:public:quantum-computing:us-east:a/d2c50f33c43a44abb94280706332351d:deeabf25-a0d5-4c7b-9a89-18c5ff158017::,us-east,batch,2025-07-29T08:09:51.991Z,2025-07-29T08:54:44.790Z,ibm_fez,271,Grier Jones,,d2c50f33c43a44abb94280706332351d,,
bd552a8f-b62a-4226-ad0c-470155130031,completed,crn:v1:bluemix:public:quantum-computing:us-east:a/d2c50f33c43a44abb94280706332351d:deeabf25-a0d5-4c7b-9a89-18c5ff158017::,us-east,batch,2025-07-29T07:40:08.840Z,2025-07-29T08:09:48.176Z,ibm_fez,272,Grier Jones,,d2c50f33c43a44abb94280706332351d,,
0c6e3db5-aeaf-4c14-a310-65cbad5f47c3,completed,crn:v1:bluemix:public:quantum-computing:us-east:a/d2c50f33c43a44abb94280706332351d:deeabf25-a0d5-4c7b-9a89-18c5ff158017::,us-east,batch,2025-07-29T07:40:08.617Z,2025-07-29T08:03:27.845Z,ibm_fez,264,Grier Jones,,d2c50f33c43a44abb94280706332351d,,
fdf469c9-aac5-4226-bc06-80e75d319e26,completed,crn:v1:bluemix:public:quantum-computing:us-east:a/d2c50f33c43a44abb94280706332351d:deeabf25-a0d5-4c7b-9a89-18c5ff158017::,us-east,batch,2025-07-29T07:40:08.616Z,2025-07-29T07:58:12.112Z,ibm_fez,277,Grier Jones,,d2c50f33c43a44abb94280706332351d,,
9b7a6fc2-1a45-47ab-8691-e6366243296f,completed,crn:v1:bluemix:public:quantum-computing:us-east:a/d2c50f33c43a44abb94280706332351d:deeabf25-a0d5-4c7b-9a89-18c5ff158017::,us-east,batch,2025-07-29T07:40:08.612Z,2025-07-29T07:46:21.211Z,ibm_fez,209,Grier Jones,,d2c50f33c43a44abb94280706332351d,,
5776b474-9f4d-48c0-9855-8d40f477b0a9,completed,crn:v1:bluemix:public:quantum-computing:us-east:a/d2c50f33c43a44abb94280706332351d:deeabf25-a0d5-4c7b-9a89-18c5ff158017::,us-east,batch,2025-07-29T07:40:08.579Z,2025-07-29T07:51:49.182Z,ibm_fez,263,Grier Jones,,d2c50f33c43a44abb94280706332351d,,
ab713343-7074-4bcb-9bd4-a42d25e6d3d5,completed,crn:v1:bluemix:public:quantum-computing:us-east:a/d2c50f33c43a44abb94280706332351d:deeabf25-a0d5-4c7b-9a89-18c5ff158017::,us-east,batch,2025-07-29T06:43:08.136Z,2025-07-29T07:11:24.253Z,ibm_fez,273,Grier Jones,,d2c50f33c43a44abb94280706332351d,,
22b5f835-82d8-419f-98ea-e6aa1d21c769,completed,crn:v1:bluemix:public:quantum-computing:us-east:a/d2c50f33c43a44abb94280706332351d:deeabf25-a0d5-4c7b-9a89-18c5ff158017::,us-east,batch,2025-07-29T06:43:08.118Z,2025-07-29T07:40:07.704Z,ibm_fez,277,Grier Jones,,d2c50f33c43a44abb94280706332351d,,
2a81062b-bac2-4c8f-8014-7fe6cad3a8c6,completed,crn:v1:bluemix:public:quantum-computing:us-east:a/d2c50f33c43a44abb94280706332351d:deeabf25-a0d5-4c7b-9a89-18c5ff158017::,us-east,batch,2025-07-29T06:43:08.090Z,2025-07-29T07:04:24.241Z,ibm_fez,199,Grier Jones,,d2c50f33c43a44abb94280706332351d,,
aa4895fa-dcc4-42c7-9443-ab7163968a39,completed,crn:v1:bluemix:public:quantum-computing:us-east:a/d2c50f33c43a44abb94280706332351d:deeabf25-a0d5-4c7b-9a89-18c5ff158017::,us-east,batch,2025-07-29T06:43:08.080Z,2025-07-29T06:58:57.577Z,ibm_fez,285,Grier Jones,,d2c50f33c43a44abb94280706332351d,,
05e014fa-9b15-4950-b163-faafb03e29e7,completed,crn:v1:bluemix:public:quantum-computing:us-east:a/d2c50f33c43a44abb94280706332351d:deeabf25-a0d5-4c7b-9a89-18c5ff158017::,us-east,batch,2025-07-29T06:43:08.071Z,2025-07-29T07:21:10.354Z,ibm_fez,275,Grier Jones,,d2c50f33c43a44abb94280706332351d,,
d9b2e6fe-3beb-4315-a9fc-0f8b0b2bd4a7,completed,crn:v1:bluemix:public:quantum-computing:us-east:a/d2c50f33c43a44abb94280706332351d:deeabf25-a0d5-4c7b-9a89-18c5ff158017::,us-east,batch,2025-07-29T06:07:23.910Z,2025-07-29T06:19:00.987Z,ibm_fez,263,Grier Jones,,d2c50f33c43a44abb94280706332351d,,
6cd1c71a-34a8-411f-8103-3389e8136b0d,completed,crn:v1:bluemix:public:quantum-computing:us-east:a/d2c50f33c43a44abb94280706332351d:deeabf25-a0d5-4c7b-9a89-18c5ff158017::,us-east,batch,2025-07-29T06:07:23.876Z,2025-07-29T06:32:57.070Z,ibm_fez,259,Grier Jones,,d2c50f33c43a44abb94280706332351d,,
ccb2f1b3-603e-40fb-b812-c7a7edf6eddd,completed,crn:v1:bluemix:public:quantum-computing:us-east:a/d2c50f33c43a44abb94280706332351d:deeabf25-a0d5-4c7b-9a89-18c5ff158017::,us-east,batch,2025-07-29T06:07:23.865Z,2025-07-29T06:37:24.211Z,ibm_fez,260,Grier Jones,,d2c50f33c43a44abb94280706332351d,,
5d6679ba-4c2f-4796-a064-ee966972ba25,completed,crn:v1:bluemix:public:quantum-computing:us-east:a/d2c50f33c43a44abb94280706332351d:deeabf25-a0d5-4c7b-9a89-18c5ff158017::,us-east,batch,2025-07-29T06:07:23.865Z,2025-07-29T06:43:01.800Z,ibm_fez,200,Grier Jones,,d2c50f33c43a44abb94280706332351d,,
a857b327-969f-4fb7-9f89-d884a60b6bec,completed,crn:v1:bluemix:public:quantum-computing:us-east:a/d2c50f33c43a44abb94280706332351d:deeabf25-a0d5-4c7b-9a89-18c5ff158017::,us-east,batch,2025-07-29T06:07:23.855Z,2025-07-29T06:27:43.516Z,ibm_fez,272,Grier Jones,,d2c50f33c43a44abb94280706332351d,,
670c82dc-1348-4739-a9af-9c956541c03e,completed,crn:v1:bluemix:public:quantum-computing:us-east:a/d2c50f33c43a44abb94280706332351d:deeabf25-a0d5-4c7b-9a89-18c5ff158017::,us-east,batch,2025-07-29T05:42:45.876Z,2025-07-29T06:07:22.888Z,ibm_fez,258,Grier Jones,,d2c50f33c43a44abb94280706332351d,,
0fbfb21e-3b31-42af-b1d4-bd1481b171b3,completed,crn:v1:bluemix:public:quantum-computing:us-east:a/d2c50f33c43a44abb94280706332351d:deeabf25-a0d5-4c7b-9a89-18c5ff158017::,us-east,batch,2025-07-29T05:42:45.872Z,2025-07-29T06:02:55.943Z,ibm_fez,257,Grier Jones,,d2c50f33c43a44abb94280706332351d,,
748c2b2a-6e4d-4520-b4c1-2318890117cb,completed,crn:v1:bluemix:public:quantum-computing:us-east:a/d2c50f33c43a44abb94280706332351d:deeabf25-a0d5-4c7b-9a89-18c5ff158017::,us-east,batch,2025-07-29T05:42:45.862Z,2025-07-29T05:50:39.571Z,ibm_fez,260,Grier Jones,,d2c50f33c43a44abb94280706332351d,,
257d5343-f607-4bfa-88da-d2a5864f076f,completed,crn:v1:bluemix:public:quantum-computing:us-east:a/d2c50f33c43a44abb94280706332351d:deeabf25-a0d5-4c7b-9a89-18c5ff158017::,us-east,batch,2025-07-29T05:42:45.861Z,2025-07-29T05:58:29.766Z,ibm_fez,194,Grier Jones,,d2c50f33c43a44abb94280706332351d,,
0e8b6a71-b93f-4091-b4ff-ee9626d7da8f,completed,crn:v1:bluemix:public:quantum-computing:us-east:a/d2c50f33c43a44abb94280706332351d:deeabf25-a0d5-4c7b-9a89-18c5ff158017::,us-east,batch,2025-07-29T05:42:45.842Z,2025-07-29T05:55:07.192Z,ibm_fez,259,Grier Jones,,d2c50f33c43a44abb94280706332351d,,
4ee2ff05-f881-4e4c-89ae-f4bdbd95e3f8,completed,crn:v1:bluemix:public:quantum-computing:us-east:a/d2c50f33c43a44abb94280706332351d:deeabf25-a0d5-4c7b-9a89-18c5ff158017::,us-east,batch,2025-07-29T05:09:06.452Z,2025-07-29T05:36:31.765Z,ibm_fez,265,Grier Jones,,d2c50f33c43a44abb94280706332351d,,
3b098b65-b43c-4da7-bf99-6e3deadb6de9,completed,crn:v1:bluemix:public:quantum-computing:us-east:a/d2c50f33c43a44abb94280706332351d:deeabf25-a0d5-4c7b-9a89-18c5ff158017::,us-east,batch,2025-07-29T05:09:06.418Z,2025-07-29T05:42:43.905Z,ibm_fez,266,Grier Jones,,d2c50f33c43a44abb94280706332351d,,
672b8205-1f71-4100-b377-b8eca86b51f0,completed,crn:v1:bluemix:public:quantum-computing:us-east:a/d2c50f33c43a44abb94280706332351d:deeabf25-a0d5-4c7b-9a89-18c5ff158017::,us-east,batch,2025-07-29T05:09:06.415Z,2025-07-29T05:12:38.467Z,ibm_fez,193,Grier Jones,,d2c50f33c43a44abb94280706332351d,,
8cce033b-d9a7-4f8b-99da-6c3c37ebdc8a,completed,crn:v1:bluemix:public:quantum-computing:us-east:a/d2c50f33c43a44abb94280706332351d:deeabf25-a0d5-4c7b-9a89-18c5ff158017::,us-east,batch,2025-07-29T05:09:06.414Z,2025-07-29T05:23:41.267Z,ibm_fez,264,Grier Jones,,d2c50f33c43a44abb94280706332351d,,
ed87709a-c2af-4434-bb9c-80574dac3d69,completed,crn:v1:bluemix:public:quantum-computing:us-east:a/d2c50f33c43a44abb94280706332351d:deeabf25-a0d5-4c7b-9a89-18c5ff158017::,us-east,batch,2025-07-29T05:09:06.406Z,2025-07-29T05:18:17.244Z,ibm_fez,266,Grier Jones,,d2c50f33c43a44abb94280706332351d,,
cb957871-9def-4df5-899a-9dce94d30131,completed,crn:v1:bluemix:public:quantum-computing:us-east:a/d2c50f33c43a44abb94280706332351d:deeabf25-a0d5-4c7b-9a89-18c5ff158017::,us-east,batch,2025-07-29T04:22:11.138Z,2025-07-29T04:40:17.752Z,ibm_fez,269,Grier Jones,,d2c50f33c43a44abb94280706332351d,,
37113b08-17e2-45b3-bfc2-af8e8f200f98,completed,crn:v1:bluemix:public:quantum-computing:us-east:a/d2c50f33c43a44abb94280706332351d:deeabf25-a0d5-4c7b-9a89-18c5ff158017::,us-east,batch,2025-07-29T04:22:11.138Z,2025-07-29T04:34:09.860Z,ibm_fez,268,Grier Jones,,d2c50f33c43a44abb94280706332351d,,
eca051f4-fe90-47d2-9cf1-e58449a35bb7,completed,crn:v1:bluemix:public:quantum-computing:us-east:a/d2c50f33c43a44abb94280706332351d:deeabf25-a0d5-4c7b-9a89-18c5ff158017::,us-east,batch,2025-07-29T04:22:11.135Z,2025-07-29T05:09:04.036Z,ibm_fez,258,Grier Jones,,d2c50f33c43a44abb94280706332351d,,
9e653b49-c3dd-4e50-9c10-5a2dec080df4,completed,crn:v1:bluemix:public:quantum-computing:us-east:a/d2c50f33c43a44abb94280706332351d:deeabf25-a0d5-4c7b-9a89-18c5ff158017::,us-east,batch,2025-07-29T04:22:11.120Z,2025-07-29T04:26:30.723Z,ibm_fez,200,Grier Jones,,d2c50f33c43a44abb94280706332351d,,
de5cc5da-7281-487e-92c2-62af9d5641cc,completed,crn:v1:bluemix:public:quantum-computing:us-east:a/d2c50f33c43a44abb94280706332351d:deeabf25-a0d5-4c7b-9a89-18c5ff158017::,us-east,batch,2025-07-29T04:22:11.117Z,2025-07-29T04:45:29.715Z,ibm_fez,263,Grier Jones,,d2c50f33c43a44abb94280706332351d,,
26361da5-90a8-434a-a1af-852e048e56b1,completed,crn:v1:bluemix:public:quantum-computing:us-east:a/d2c50f33c43a44abb94280706332351d:deeabf25-a0d5-4c7b-9a89-18c5ff158017::,us-east,batch,2025-07-29T03:53:18.758Z,2025-07-29T04:02:23.908Z,ibm_fez,258,Grier Jones,,d2c50f33c43a44abb94280706332351d,,
01ef67e9-1783-4c23-a510-85a491f73248,completed,crn:v1:bluemix:public:quantum-computing:us-east:a/d2c50f33c43a44abb94280706332351d:deeabf25-a0d5-4c7b-9a89-18c5ff158017::,us-east,batch,2025-07-29T03:53:18.748Z,2025-07-29T04:22:08.806Z,ibm_fez,269,Grier Jones,,d2c50f33c43a44abb94280706332351d,,
cf706fda-34d0-47d6-b831-cebe229d2a75,completed,crn:v1:bluemix:public:quantum-computing:us-east:a/d2c50f33c43a44abb94280706332351d:deeabf25-a0d5-4c7b-9a89-18c5ff158017::,us-east,batch,2025-07-29T03:53:18.747Z,2025-07-29T03:59:00.091Z,ibm_fez,259,Grier Jones,,d2c50f33c43a44abb94280706332351d,,
dab22414-dab9-4099-9aae-10f70ebd3e2f,completed,crn:v1:bluemix:public:quantum-computing:us-east:a/d2c50f33c43a44abb94280706332351d:deeabf25-a0d5-4c7b-9a89-18c5ff158017::,us-east,batch,2025-07-29T03:53:18.747Z,2025-07-29T04:12:04.305Z,ibm_fez,259,Grier Jones,,d2c50f33c43a44abb94280706332351d,,
5e95bc81-23b2-4e43-ba95-7e505c49fbe7,completed,crn:v1:bluemix:public:quantum-computing:us-east:a/d2c50f33c43a44abb94280706332351d:deeabf25-a0d5-4c7b-9a89-18c5ff158017::,us-east,batch,2025-07-29T03:53:18.721Z,2025-07-29T04:15:27.163Z,ibm_fez,194,Grier Jones,,d2c50f33c43a44abb94280706332351d,,
606b3051-59fa-444a-a2d0-2ad3f55a5332,completed,crn:v1:bluemix:public:quantum-computing:us-east:a/d2c50f33c43a44abb94280706332351d:deeabf25-a0d5-4c7b-9a89-18c5ff158017::,us-east,batch,2025-07-29T03:25:11.668Z,2025-07-29T03:39:56.111Z,ibm_fez,263,Grier Jones,,d2c50f33c43a44abb94280706332351d,,
28ae21e1-64f9-4ff4-8521-14e2d5b998b1,completed,crn:v1:bluemix:public:quantum-computing:us-east:a/d2c50f33c43a44abb94280706332351d:deeabf25-a0d5-4c7b-9a89-18c5ff158017::,us-east,batch,2025-07-29T03:25:11.660Z,2025-07-29T03:53:15.354Z,ibm_fez,260,Grier Jones,,d2c50f33c43a44abb94280706332351d,,
fe59718d-6933-4fc2-a441-cc511029ee1f,completed,crn:v1:bluemix:public:quantum-computing:us-east:a/d2c50f33c43a44abb94280706332351d:deeabf25-a0d5-4c7b-9a89-18c5ff158017::,us-east,batch,2025-07-29T03:25:11.647Z,2025-07-29T03:48:48.358Z,ibm_fez,195,Grier Jones,,d2c50f33c43a44abb94280706332351d,,
137b8b5a-24ca-409f-90e1-debed14505c0,completed,crn:v1:bluemix:public:quantum-computing:us-east:a/d2c50f33c43a44abb94280706332351d:deeabf25-a0d5-4c7b-9a89-18c5ff158017::,us-east,batch,2025-07-29T03:25:11.624Z,2025-07-29T03:34:58.063Z,ibm_fez,272,Grier Jones,,d2c50f33c43a44abb94280706332351d,,
12e72aff-7fd2-420c-a3d9-778620a650b0,completed,crn:v1:bluemix:public:quantum-computing:us-east:a/d2c50f33c43a44abb94280706332351d:deeabf25-a0d5-4c7b-9a89-18c5ff158017::,us-east,batch,2025-07-29T03:25:11.620Z,2025-07-29T03:45:08.511Z,ibm_fez,263,Grier Jones,,d2c50f33c43a44abb94280706332351d,,
27dee9c8-6d6d-4c8d-8dcb-a2e4a1005dae,completed,crn:v1:bluemix:public:quantum-computing:us-east:a/d2c50f33c43a44abb94280706332351d:deeabf25-a0d5-4c7b-9a89-18c5ff158017::,us-east,batch,2025-07-29T02:53:00.467Z,2025-07-29T03:07:08.270Z,ibm_fez,269,Grier Jones,,d2c50f33c43a44abb94280706332351d,,
b0b6fdb6-cc00-4ef7-ad87-6146df3726c0,completed,crn:v1:bluemix:public:quantum-computing:us-east:a/d2c50f33c43a44abb94280706332351d:deeabf25-a0d5-4c7b-9a89-18c5ff158017::,us-east,batch,2025-07-29T02:53:00.454Z,2025-07-29T03:20:56.483Z,ibm_fez,276,Grier Jones,,d2c50f33c43a44abb94280706332351d,,
6c20cb1f-6c46-4d55-b12a-30713fa3458d,completed,crn:v1:bluemix:public:quantum-computing:us-east:a/d2c50f33c43a44abb94280706332351d:deeabf25-a0d5-4c7b-9a89-18c5ff158017::,us-east,batch,2025-07-29T02:53:00.400Z,2025-07-29T03:00:05.472Z,ibm_fez,269,Grier Jones,,d2c50f33c43a44abb94280706332351d,,
5168dcda-eab6-4a11-a3ac-432298592948,completed,crn:v1:bluemix:public:quantum-computing:us-east:a/d2c50f33c43a44abb94280706332351d:deeabf25-a0d5-4c7b-9a89-18c5ff158017::,us-east,batch,2025-07-29T02:53:00.316Z,2025-07-29T03:14:14.499Z,ibm_fez,266,Grier Jones,,d2c50f33c43a44abb94280706332351d,,
80b4ec02-ea38-433d-82a2-0ce5cf96620d,completed,crn:v1:bluemix:public:quantum-computing:us-east:a/d2c50f33c43a44abb94280706332351d:deeabf25-a0d5-4c7b-9a89-18c5ff158017::,us-east,batch,2025-07-29T02:53:00.315Z,2025-07-29T03:25:03.381Z,ibm_fez,198,Grier Jones,,d2c50f33c43a44abb94280706332351d,,
1d186b23-10ef-4b49-918f-269453c4f18c,completed,crn:v1:bluemix:public:quantum-computing:us-east:a/d2c50f33c43a44abb94280706332351d:deeabf25-a0d5-4c7b-9a89-18c5ff158017::,us-east,batch,2025-07-29T02:10:41.370Z,2025-07-29T02:34:10.839Z,ibm_fez,277,Grier Jones,,d2c50f33c43a44abb94280706332351d,,
d2426098-56c3-4042-819a-86569c38a493,completed,crn:v1:bluemix:public:quantum-computing:us-east:a/d2c50f33c43a44abb94280706332351d:deeabf25-a0d5-4c7b-9a89-18c5ff158017::,us-east,batch,2025-07-29T02:10:41.320Z,2025-07-29T02:45:14.323Z,ibm_fez,276,Grier Jones,,d2c50f33c43a44abb94280706332351d,,
b6f4853c-fab9-4019-913b-88910ac31906,completed,crn:v1:bluemix:public:quantum-computing:us-east:a/d2c50f33c43a44abb94280706332351d:deeabf25-a0d5-4c7b-9a89-18c5ff158017::,us-east,batch,2025-07-29T02:10:41.291Z,2025-07-29T02:25:55.689Z,ibm_fez,207,Grier Jones,,d2c50f33c43a44abb94280706332351d,,
6e6336e9-fdaa-49f5-8328-44048101f365,completed,crn:v1:bluemix:public:quantum-computing:us-east:a/d2c50f33c43a44abb94280706332351d:deeabf25-a0d5-4c7b-9a89-18c5ff158017::,us-east,batch,2025-07-29T02:10:41.255Z,2025-07-29T02:52:56.679Z,ibm_fez,269,Grier Jones,,d2c50f33c43a44abb94280706332351d,,
ddb35a4a-4eec-46a7-84c4-96e595f129b0,completed,crn:v1:bluemix:public:quantum-computing:us-east:a/d2c50f33c43a44abb94280706332351d:deeabf25-a0d5-4c7b-9a89-18c5ff158017::,us-east,batch,2025-07-29T02:10:41.252Z,2025-07-29T02:18:52.273Z,ibm_fez,278,Grier Jones,,d2c50f33c43a44abb94280706332351d,,
6f483a26-ea0e-4c41-9f59-94763e83e41b,completed,crn:v1:bluemix:public:quantum-computing:us-east:a/d2c50f33c43a44abb94280706332351d:deeabf25-a0d5-4c7b-9a89-18c5ff158017::,us-east,batch,2025-07-29T01:43:17.779Z,2025-07-29T02:04:02.188Z,ibm_fez,272,Grier Jones,,d2c50f33c43a44abb94280706332351d,,
59e4c4fb-f686-4b13-9f91-b8f19a7426fb,completed,crn:v1:bluemix:public:quantum-computing:us-east:a/d2c50f33c43a44abb94280706332351d:deeabf25-a0d5-4c7b-9a89-18c5ff158017::,us-east,batch,2025-07-29T01:43:17.776Z,2025-07-29T01:56:54.224Z,ibm_fez,267,Grier Jones,,d2c50f33c43a44abb94280706332351d,,
eae0a9e3-4ef2-490d-ab43-9d051adf735f,completed,crn:v1:bluemix:public:quantum-computing:us-east:a/d2c50f33c43a44abb94280706332351d:deeabf25-a0d5-4c7b-9a89-18c5ff158017::,us-east,batch,2025-07-29T01:43:17.774Z,2025-07-29T01:51:09.751Z,ibm_fez,256,Grier Jones,,d2c50f33c43a44abb94280706332351d,,
4165c789-c448-471f-8bff-6951b884a808,completed,crn:v1:bluemix:public:quantum-computing:us-east:a/d2c50f33c43a44abb94280706332351d:deeabf25-a0d5-4c7b-9a89-18c5ff158017::,us-east,batch,2025-07-29T01:43:17.770Z,2025-07-29T02:10:40.445Z,ibm_fez,271,Grier Jones,,d2c50f33c43a44abb94280706332351d,,
26a6339a-1a41-4bce-b2e3-0cce0487bbf0,completed,crn:v1:bluemix:public:quantum-computing:us-east:a/d2c50f33c43a44abb94280706332351d:deeabf25-a0d5-4c7b-9a89-18c5ff158017::,us-east,batch,2025-07-29T01:43:17.429Z,2025-07-29T01:46:44.451Z,ibm_fez,193,Grier Jones,,d2c50f33c43a44abb94280706332351d,,
a20ff0af-f667-41f8-b3e3-d920d3b0090d,completed,crn:v1:bluemix:public:quantum-computing:us-east:a/d2c50f33c43a44abb94280706332351d:deeabf25-a0d5-4c7b-9a89-18c5ff158017::,us-east,batch,2025-07-29T01:21:03.683Z,2025-07-29T01:43:16.040Z,ibm_fez,257,Grier Jones,,d2c50f33c43a44abb94280706332351d,,
494213f4-aede-4d46-9ba9-d132744f3a99,completed,crn:v1:bluemix:public:quantum-computing:us-east:a/d2c50f33c43a44abb94280706332351d:deeabf25-a0d5-4c7b-9a89-18c5ff158017::,us-east,batch,2025-07-29T01:21:03.478Z,2025-07-29T01:33:35.180Z,ibm_fez,256,Grier Jones,,d2c50f33c43a44abb94280706332351d,,
41883a76-aa1b-4a3b-8652-dcb05332bc9c,completed,crn:v1:bluemix:public:quantum-computing:us-east:a/d2c50f33c43a44abb94280706332351d:deeabf25-a0d5-4c7b-9a89-18c5ff158017::,us-east,batch,2025-07-29T01:21:03.324Z,2025-07-29T01:38:05.737Z,ibm_fez,256,Grier Jones,,d2c50f33c43a44abb94280706332351d,,
7e871f5c-f98b-488e-b8da-a125d204ca6e,completed,crn:v1:bluemix:public:quantum-computing:us-east:a/d2c50f33c43a44abb94280706332351d:deeabf25-a0d5-4c7b-9a89-18c5ff158017::,us-east,batch,2025-07-29T01:21:03.288Z,2025-07-29T01:29:05.560Z,ibm_fez,192,Grier Jones,,d2c50f33c43a44abb94280706332351d,,
5b6393e0-ac82-4b7f-89b6-c4eff5a6a253,completed,crn:v1:bluemix:public:quantum-computing:us-east:a/d2c50f33c43a44abb94280706332351d:deeabf25-a0d5-4c7b-9a89-18c5ff158017::,us-east,batch,2025-07-29T01:21:03.244Z,2025-07-29T01:25:40.472Z,ibm_fez,256,Grier Jones,,d2c50f33c43a44abb94280706332351d,,
3e6aee20-1d63-4f61-ae64-02c1ce490383,completed,crn:v1:bluemix:public:quantum-computing:us-east:a/d2c50f33c43a44abb94280706332351d:deeabf25-a0d5-4c7b-9a89-18c5ff158017::,us-east,batch,2025-07-29T00:56:52.959Z,2025-07-29T01:12:03.393Z,ibm_fez,257,Grier Jones,,d2c50f33c43a44abb94280706332351d,,
09ed28a7-f579-46f7-b08d-3b5a60088576,completed,crn:v1:bluemix:public:quantum-computing:us-east:a/d2c50f33c43a44abb94280706332351d:deeabf25-a0d5-4c7b-9a89-18c5ff158017::,us-east,batch,2025-07-29T00:56:52.926Z,2025-07-29T01:16:31.859Z,ibm_fez,259,Grier Jones,,d2c50f33c43a44abb94280706332351d,,
c9b77746-3890-42ad-b392-9eac46f6fa8b,completed,crn:v1:bluemix:public:quantum-computing:us-east:a/d2c50f33c43a44abb94280706332351d:deeabf25-a0d5-4c7b-9a89-18c5ff158017::,us-east,batch,2025-07-29T00:56:52.920Z,2025-07-29T01:04:14.730Z,ibm_fez,277,Grier Jones,,d2c50f33c43a44abb94280706332351d,,
18eaf02f-62ba-4895-87f7-a8bed29abe7a,completed,crn:v1:bluemix:public:quantum-computing:us-east:a/d2c50f33c43a44abb94280706332351d:deeabf25-a0d5-4c7b-9a89-18c5ff158017::,us-east,batch,2025-07-29T00:56:52.893Z,2025-07-29T01:07:36.983Z,ibm_fez,194,Grier Jones,,d2c50f33c43a44abb94280706332351d,,
612fa30e-b92f-4210-ae32-756cf2556742,completed,crn:v1:bluemix:public:quantum-computing:us-east:a/d2c50f33c43a44abb94280706332351d:deeabf25-a0d5-4c7b-9a89-18c5ff158017::,us-east,batch,2025-07-29T00:56:52.887Z,2025-07-29T01:21:00.588Z,ibm_fez,257,Grier Jones,,d2c50f33c43a44abb94280706332351d,,
c4a9ab51-f79a-422b-96a5-0ed4562991e2,completed,crn:v1:bluemix:public:quantum-computing:us-east:a/d2c50f33c43a44abb94280706332351d:deeabf25-a0d5-4c7b-9a89-18c5ff158017::,us-east,batch,2025-07-29T00:24:57.381Z,2025-07-29T00:56:51.291Z,ibm_fez,271,Grier Jones,,d2c50f33c43a44abb94280706332351d,,
e1fc7300-d87e-4d40-a7a8-47b3ff18a783,completed,crn:v1:bluemix:public:quantum-computing:us-east:a/d2c50f33c43a44abb94280706332351d:deeabf25-a0d5-4c7b-9a89-18c5ff158017::,us-east,batch,2025-07-29T00:24:57.377Z,2025-07-29T00:30:20.498Z,ibm_fez,263,Grier Jones,,d2c50f33c43a44abb94280706332351d,,
e1741a58-bcc0-40dc-8877-8932b4e4e27d,completed,crn:v1:bluemix:public:quantum-computing:us-east:a/d2c50f33c43a44abb94280706332351d:deeabf25-a0d5-4c7b-9a89-18c5ff158017::,us-east,batch,2025-07-29T00:24:57.374Z,2025-07-29T00:49:28.154Z,ibm_fez,279,Grier Jones,,d2c50f33c43a44abb94280706332351d,,
fcb47d1d-5c88-4edc-9bc0-0b3686b8307f,completed,crn:v1:bluemix:public:quantum-computing:us-east:a/d2c50f33c43a44abb94280706332351d:deeabf25-a0d5-4c7b-9a89-18c5ff158017::,us-east,batch,2025-07-29T00:24:57.315Z,2025-07-29T00:40:29.060Z,ibm_fez,195,Grier Jones,,d2c50f33c43a44abb94280706332351d,,
fabff48e-6b2e-4586-97d4-43ab43a04fa8,completed,crn:v1:bluemix:public:quantum-computing:us-east:a/d2c50f33c43a44abb94280706332351d:deeabf25-a0d5-4c7b-9a89-18c5ff158017::,us-east,batch,2025-07-29T00:24:57.277Z,2025-07-29T00:35:28.903Z,ibm_fez,264,Grier Jones,,d2c50f33c43a44abb94280706332351d,,
9e5ec9f6-3350-4e49-8fbb-a2aa32c64511,completed,crn:v1:bluemix:public:quantum-computing:us-east:a/d2c50f33c43a44abb94280706332351d:deeabf25-a0d5-4c7b-9a89-18c5ff158017::,us-east,batch,2025-07-28T15:46:59.740Z,2025-07-29T00:16:09.315Z,ibm_fez,267,Grier Jones,,d2c50f33c43a44abb94280706332351d,,
e7cba85a-b95a-4eed-b5e4-9df4c07c8ef5,completed,crn:v1:bluemix:public:quantum-computing:us-east:a/d2c50f33c43a44abb94280706332351d:deeabf25-a0d5-4c7b-9a89-18c5ff158017::,us-east,batch,2025-07-28T15:46:59.699Z,2025-07-29T00:09:22.674Z,ibm_fez,258,Grier Jones,,d2c50f33c43a44abb94280706332351d,,
aae037b6-93e9-426f-83be-f73d7f98218a,completed,crn:v1:bluemix:public:quantum-computing:us-east:a/d2c50f33c43a44abb94280706332351d:deeabf25-a0d5-4c7b-9a89-18c5ff158017::,us-east,batch,2025-07-28T15:46:59.698Z,2025-07-29T00:24:49.359Z,ibm_fez,194,Grier Jones,,d2c50f33c43a44abb94280706332351d,,
7c221817-9b17-48ce-9273-610f0b4a71c4,completed,crn:v1:bluemix:public:quantum-computing:us-east:a/d2c50f33c43a44abb94280706332351d:deeabf25-a0d5-4c7b-9a89-18c5ff158017::,us-east,batch,2025-07-28T15:46:59.690Z,2025-07-29T00:03:43.635Z,ibm_fez,287,Grier Jones,,d2c50f33c43a44abb94280706332351d,,
555ddfc0-6f4e-454b-8566-446b1ad6f533,completed,crn:v1:bluemix:public:quantum-computing:us-east:a/d2c50f33c43a44abb94280706332351d:deeabf25-a0d5-4c7b-9a89-18c5ff158017::,us-east,batch,2025-07-28T15:46:59.663Z,2025-07-29T00:21:26.133Z,ibm_fez,269,Grier Jones,,d2c50f33c43a44abb94280706332351d,,
6c14bb47-7323-4419-85eb-ac2b7937f05b,completed,crn:v1:bluemix:public:quantum-computing:us-east:a/d2c50f33c43a44abb94280706332351d:deeabf25-a0d5-4c7b-9a89-18c5ff158017::,us-east,batch,2025-07-28T15:05:06.355Z,2025-07-28T15:34:51.301Z,ibm_fez,279,Grier Jones,,d2c50f33c43a44abb94280706332351d,,
8bc41211-913e-4e70-bc62-6f8b545bcfd4,completed,crn:v1:bluemix:public:quantum-computing:us-east:a/d2c50f33c43a44abb94280706332351d:deeabf25-a0d5-4c7b-9a89-18c5ff158017::,us-east,batch,2025-07-28T15:05:06.283Z,2025-07-28T15:09:11.579Z,ibm_fez,199,Grier Jones,,d2c50f33c43a44abb94280706332351d,,
ebaf1a77-1914-4ce3-8d7b-e71a65ff74ae,completed,crn:v1:bluemix:public:quantum-computing:us-east:a/d2c50f33c43a44abb94280706332351d:deeabf25-a0d5-4c7b-9a89-18c5ff158017::,us-east,batch,2025-07-28T15:05:06.090Z,2025-07-28T15:46:58.640Z,ibm_fez,291,Grier Jones,,d2c50f33c43a44abb94280706332351d,,
bca5874a-f774-4724-90ac-4b102b041725,completed,crn:v1:bluemix:public:quantum-computing:us-east:a/d2c50f33c43a44abb94280706332351d:deeabf25-a0d5-4c7b-9a89-18c5ff158017::,us-east,batch,2025-07-28T15:05:05.952Z,2025-07-28T15:22:58.953Z,ibm_fez,264,Grier Jones,,d2c50f33c43a44abb94280706332351d,,
b3a10f95-cc3f-4606-a793-08a31a8e7051,completed,crn:v1:bluemix:public:quantum-computing:us-east:a/d2c50f33c43a44abb94280706332351d:deeabf25-a0d5-4c7b-9a89-18c5ff158017::,us-east,batch,2025-07-28T15:05:05.951Z,2025-07-28T15:14:28.917Z,ibm_fez,259,Grier Jones,,d2c50f33c43a44abb94280706332351d,,
9d293f7f-ca01-44c3-8751-803bd144dbc7,completed,crn:v1:bluemix:public:quantum-computing:us-east:a/d2c50f33c43a44abb94280706332351d:deeabf25-a0d5-4c7b-9a89-18c5ff158017::,us-east,batch,2025-07-28T07:49:44.853Z,2025-07-28T08:09:45.725Z,ibm_fez,198,Grier Jones,,d2c50f33c43a44abb94280706332351d,,
4c0ab94e-c9f5-4ac0-8d41-f004b9099768,completed,crn:v1:bluemix:public:quantum-computing:us-east:a/d2c50f33c43a44abb94280706332351d:deeabf25-a0d5-4c7b-9a89-18c5ff158017::,us-east,batch,2025-07-28T07:49:44.853Z,2025-07-28T08:13:17.581Z,ibm_fez,192,Grier Jones,,d2c50f33c43a44abb94280706332351d,,
13620d3d-89be-49ec-90c7-f64f2f01d557,completed,crn:v1:bluemix:public:quantum-computing:us-east:a/d2c50f33c43a44abb94280706332351d:deeabf25-a0d5-4c7b-9a89-18c5ff158017::,us-east,batch,2025-07-28T07:49:44.763Z,2025-07-28T08:20:53.495Z,ibm_fez,268,Grier Jones,,d2c50f33c43a44abb94280706332351d,,
19a0742d-293f-4f89-9d80-a37b9e56a085,completed,crn:v1:bluemix:public:quantum-computing:us-east:a/d2c50f33c43a44abb94280706332351d:deeabf25-a0d5-4c7b-9a89-18c5ff158017::,us-east,batch,2025-07-28T07:49:44.735Z,2025-07-28T07:59:40.272Z,ibm_fez,260,Grier Jones,,d2c50f33c43a44abb94280706332351d,,
5e7dba2b-d5eb-49bd-b87a-4e833987b5f2,completed,crn:v1:bluemix:public:quantum-computing:us-east:a/d2c50f33c43a44abb94280706332351d:deeabf25-a0d5-4c7b-9a89-18c5ff158017::,us-east,batch,2025-07-28T07:49:44.734Z,2025-07-28T07:54:28.725Z,ibm_fez,256,Grier Jones,,d2c50f33c43a44abb94280706332351d,,
c3f20711-6c50-4278-8e65-d85a13617465,completed,crn:v1:bluemix:public:quantum-computing:us-east:a/d2c50f33c43a44abb94280706332351d:deeabf25-a0d5-4c7b-9a89-18c5ff158017::,us-east,batch,2025-07-28T07:27:16.591Z,2025-07-28T07:32:34.344Z,ibm_fez,256,Grier Jones,,d2c50f33c43a44abb94280706332351d,,
9dab134e-f9c4-4271-a940-7066b490edc3,completed,crn:v1:bluemix:public:quantum-computing:us-east:a/d2c50f33c43a44abb94280706332351d:deeabf25-a0d5-4c7b-9a89-18c5ff158017::,us-east,batch,2025-07-28T07:27:16.562Z,2025-07-28T07:46:09.898Z,ibm_fez,257,Grier Jones,,d2c50f33c43a44abb94280706332351d,,
e997c2c9-78d5-4df6-94d3-9866e2cb86e0,completed,crn:v1:bluemix:public:quantum-computing:us-east:a/d2c50f33c43a44abb94280706332351d:deeabf25-a0d5-4c7b-9a89-18c5ff158017::,us-east,batch,2025-07-28T07:27:16.518Z,2025-07-28T07:41:38.323Z,ibm_fez,258,Grier Jones,,d2c50f33c43a44abb94280706332351d,,
8dfc16fb-4ca5-4464-9382-18a1ba9ed0c6,completed,crn:v1:bluemix:public:quantum-computing:us-east:a/d2c50f33c43a44abb94280706332351d:deeabf25-a0d5-4c7b-9a89-18c5ff158017::,us-east,batch,2025-07-28T07:27:16.515Z,2025-07-28T07:49:37.767Z,ibm_fez,192,Grier Jones,,d2c50f33c43a44abb94280706332351d,,
3f26d365-cc41-4de8-874a-1cff765e69d5,completed,crn:v1:bluemix:public:quantum-computing:us-east:a/d2c50f33c43a44abb94280706332351d:deeabf25-a0d5-4c7b-9a89-18c5ff158017::,us-east,batch,2025-07-28T07:27:16.436Z,2025-07-28T07:37:06.777Z,ibm_fez,259,Grier Jones,,d2c50f33c43a44abb94280706332351d,,
38fafb8a-206e-4283-9644-72e8ad8b898f,completed,crn:v1:bluemix:public:quantum-computing:us-east:a/d2c50f33c43a44abb94280706332351d:deeabf25-a0d5-4c7b-9a89-18c5ff158017::,us-east,batch,2025-07-28T06:51:07.781Z,2025-07-28T07:20:09.733Z,ibm_fez,276,Grier Jones,,d2c50f33c43a44abb94280706332351d,,
aa704c2f-a1fb-403d-a971-c0d075ec8327,completed,crn:v1:bluemix:public:quantum-computing:us-east:a/d2c50f33c43a44abb94280706332351d:deeabf25-a0d5-4c7b-9a89-18c5ff158017::,us-east,batch,2025-07-28T06:51:07.726Z,2025-07-28T07:12:14.053Z,ibm_fez,278,Grier Jones,,d2c50f33c43a44abb94280706332351d,,
bae72f43-3aee-4a5a-b735-db74128b4ab2,completed,crn:v1:bluemix:public:quantum-computing:us-east:a/d2c50f33c43a44abb94280706332351d:deeabf25-a0d5-4c7b-9a89-18c5ff158017::,us-east,batch,2025-07-28T06:51:07.714Z,2025-07-28T07:27:11.898Z,ibm_fez,266,Grier Jones,,d2c50f33c43a44abb94280706332351d,,
fb253d42-a6f4-4067-8c92-519cc541d9df,completed,crn:v1:bluemix:public:quantum-computing:us-east:a/d2c50f33c43a44abb94280706332351d:deeabf25-a0d5-4c7b-9a89-18c5ff158017::,us-east,batch,2025-07-28T06:51:07.703Z,2025-07-28T07:03:04.721Z,ibm_fez,269,Grier Jones,,d2c50f33c43a44abb94280706332351d,,
1b773321-852c-43f7-a240-84ce6c446f37,completed,crn:v1:bluemix:public:quantum-computing:us-east:a/d2c50f33c43a44abb94280706332351d:deeabf25-a0d5-4c7b-9a89-18c5ff158017::,us-east,batch,2025-07-28T06:51:07.701Z,2025-07-28T06:55:32.130Z,ibm_fez,200,Grier Jones,,d2c50f33c43a44abb94280706332351d,,
ff48efbf-918a-4837-b8fd-3d86d47e5850,completed,crn:v1:bluemix:public:quantum-computing:us-east:a/d2c50f33c43a44abb94280706332351d:deeabf25-a0d5-4c7b-9a89-18c5ff158017::,us-east,batch,2025-07-28T06:26:22.802Z,2025-07-28T06:46:42.413Z,ibm_fez,261,Grier Jones,,d2c50f33c43a44abb94280706332351d,,
b198eeda-cfd5-4566-a807-f24ea14537fd,completed,crn:v1:bluemix:public:quantum-computing:us-east:a/d2c50f33c43a44abb94280706332351d:deeabf25-a0d5-4c7b-9a89-18c5ff158017::,us-east,batch,2025-07-28T06:26:22.799Z,2025-07-28T06:51:06.708Z,ibm_fez,256,Grier Jones,,d2c50f33c43a44abb94280706332351d,,
c0348dea-81fb-47a1-95aa-92a7e30d23a8,completed,crn:v1:bluemix:public:quantum-computing:us-east:a/d2c50f33c43a44abb94280706332351d:deeabf25-a0d5-4c7b-9a89-18c5ff158017::,us-east,batch,2025-07-28T06:26:16.487Z,2025-07-28T06:37:11.842Z,ibm_fez,262,Grier Jones,,d2c50f33c43a44abb94280706332351d,,
356e94fd-a27c-48bd-9962-5c69039f643d,completed,crn:v1:bluemix:public:quantum-computing:us-east:a/d2c50f33c43a44abb94280706332351d:deeabf25-a0d5-4c7b-9a89-18c5ff158017::,us-east,batch,2025-07-28T06:26:16.477Z,2025-07-28T06:40:33.532Z,ibm_fez,193,Grier Jones,,d2c50f33c43a44abb94280706332351d,,
66a4fc40-4616-40c9-a7cc-d68477b561e4,completed,crn:v1:bluemix:public:quantum-computing:us-east:a/d2c50f33c43a44abb94280706332351d:deeabf25-a0d5-4c7b-9a89-18c5ff158017::,us-east,batch,2025-07-28T06:26:15.424Z,2025-07-28T06:30:54.718Z,ibm_fez,256,Grier Jones,,d2c50f33c43a44abb94280706332351d,,
5f72ad84-4185-42ce-adb9-88d8f7a26e7c,completed,crn:v1:bluemix:public:quantum-computing:us-east:a/d2c50f33c43a44abb94280706332351d:deeabf25-a0d5-4c7b-9a89-18c5ff158017::,us-east,batch,2025-07-28T05:53:22.076Z,2025-07-28T06:14:59.402Z,ibm_fez,260,Grier Jones,,d2c50f33c43a44abb94280706332351d,,
fa6c9025-0870-453f-984e-6194ccf5d5e6,completed,crn:v1:bluemix:public:quantum-computing:us-east:a/d2c50f33c43a44abb94280706332351d:deeabf25-a0d5-4c7b-9a89-18c5ff158017::,us-east,batch,2025-07-28T05:53:21.252Z,2025-07-28T06:26:09.594Z,ibm_fez,192,Grier Jones,,d2c50f33c43a44abb94280706332351d,,
6953382b-9bbd-45a8-863e-581b8b7d0e80,completed,crn:v1:bluemix:public:quantum-computing:us-east:a/d2c50f33c43a44abb94280706332351d:deeabf25-a0d5-4c7b-9a89-18c5ff158017::,us-east,batch,2025-07-28T05:53:21.248Z,2025-07-28T06:19:30.331Z,ibm_fez,258,Grier Jones,,d2c50f33c43a44abb94280706332351d,,
71acbff6-13f5-40f4-9141-b257df7dca24,completed,crn:v1:bluemix:public:quantum-computing:us-east:a/d2c50f33c43a44abb94280706332351d:deeabf25-a0d5-4c7b-9a89-18c5ff158017::,us-east,batch,2025-07-28T05:53:21.248Z,2025-07-28T06:09:32.338Z,ibm_fez,275,Grier Jones,,d2c50f33c43a44abb94280706332351d,,
5f92bab5-d9d0-4e5d-9089-97f2d788d2ae,completed,crn:v1:bluemix:public:quantum-computing:us-east:a/d2c50f33c43a44abb94280706332351d:deeabf25-a0d5-4c7b-9a89-18c5ff158017::,us-east,batch,2025-07-28T05:53:21.242Z,2025-07-28T06:01:33.083Z,ibm_fez,273,Grier Jones,,d2c50f33c43a44abb94280706332351d,,
c477a7ee-0839-4821-adbe-40fb89a4e6ac,completed,crn:v1:bluemix:public:quantum-computing:us-east:a/d2c50f33c43a44abb94280706332351d:deeabf25-a0d5-4c7b-9a89-18c5ff158017::,us-east,batch,2025-07-28T05:27:37.170Z,2025-07-28T05:53:18.095Z,ibm_fez,262,Grier Jones,,d2c50f33c43a44abb94280706332351d,,
ab6e6f2c-bdb5-4509-8890-fe8762de3e44,completed,crn:v1:bluemix:public:quantum-computing:us-east:a/d2c50f33c43a44abb94280706332351d:deeabf25-a0d5-4c7b-9a89-18c5ff158017::,us-east,batch,2025-07-28T05:27:37.041Z,2025-07-28T05:32:54.556Z,ibm_fez,262,Grier Jones,,d2c50f33c43a44abb94280706332351d,,
b99deaf3-c730-45cc-87da-c6718acff193,completed,crn:v1:bluemix:public:quantum-computing:us-east:a/d2c50f33c43a44abb94280706332351d:deeabf25-a0d5-4c7b-9a89-18c5ff158017::,us-east,batch,2025-07-28T05:27:37.029Z,2025-07-28T05:43:33.919Z,ibm_fez,199,Grier Jones,,d2c50f33c43a44abb94280706332351d,,
0af5a7f3-6a7e-4909-a4ac-62a50d248da4,completed,crn:v1:bluemix:public:quantum-computing:us-east:a/d2c50f33c43a44abb94280706332351d:deeabf25-a0d5-4c7b-9a89-18c5ff158017::,us-east,batch,2025-07-28T05:27:37.012Z,2025-07-28T05:39:09.489Z,ibm_fez,271,Grier Jones,,d2c50f33c43a44abb94280706332351d,,
cc14677f-6e83-4e4a-b522-b7ce9c50876c,completed,crn:v1:bluemix:public:quantum-computing:us-east:a/d2c50f33c43a44abb94280706332351d:deeabf25-a0d5-4c7b-9a89-18c5ff158017::,us-east,batch,2025-07-28T05:27:36.995Z,2025-07-28T05:48:33.974Z,ibm_fez,262,Grier Jones,,d2c50f33c43a44abb94280706332351d,,
bb370259-99c1-44c3-a781-d6d2093a6b43,completed,crn:v1:bluemix:public:quantum-computing:us-east:a/d2c50f33c43a44abb94280706332351d:deeabf25-a0d5-4c7b-9a89-18c5ff158017::,us-east,batch,2025-07-28T04:02:40.608Z,2025-07-28T05:27:28.887Z,ibm_fez,197,Grier Jones,,d2c50f33c43a44abb94280706332351d,,
63167383-4fbf-471f-bbca-4b8530a9adc6,completed,crn:v1:bluemix:public:quantum-computing:us-east:a/d2c50f33c43a44abb94280706332351d:deeabf25-a0d5-4c7b-9a89-18c5ff158017::,us-east,batch,2025-07-28T04:02:40.591Z,2025-07-28T05:23:04.766Z,ibm_fez,266,Grier Jones,,d2c50f33c43a44abb94280706332351d,,
6049f3b3-346e-4459-bf74-fb4d8bfc0867,completed,crn:v1:bluemix:public:quantum-computing:us-east:a/d2c50f33c43a44abb94280706332351d:deeabf25-a0d5-4c7b-9a89-18c5ff158017::,us-east,batch,2025-07-28T04:02:40.497Z,2025-07-28T04:52:54.588Z,ibm_fez,276,Grier Jones,,d2c50f33c43a44abb94280706332351d,,
5e5a4b9a-2efa-42f7-b9f0-d9541b7959cb,completed,crn:v1:bluemix:public:quantum-computing:us-east:a/d2c50f33c43a44abb94280706332351d:deeabf25-a0d5-4c7b-9a89-18c5ff158017::,us-east,batch,2025-07-28T04:02:40.493Z,2025-07-28T04:31:45.999Z,ibm_fez,281,Grier Jones,,d2c50f33c43a44abb94280706332351d,,
4f7702e4-4bbf-4d0a-bf1f-3c84267338c9,completed,crn:v1:bluemix:public:quantum-computing:us-east:a/d2c50f33c43a44abb94280706332351d:deeabf25-a0d5-4c7b-9a89-18c5ff158017::,us-east,batch,2025-07-28T04:02:40.489Z,2025-07-28T05:03:05.590Z,ibm_fez,267,Grier Jones,,d2c50f33c43a44abb94280706332351d,,
90109a9d-e37c-4271-b8e3-4303209e6205,completed,crn:v1:bluemix:public:quantum-computing:us-east:a/d2c50f33c43a44abb94280706332351d:deeabf25-a0d5-4c7b-9a89-18c5ff158017::,us-east,batch,2025-07-28T02:36:14.835Z,2025-07-28T03:44:46.077Z,ibm_fez,278,Grier Jones,,d2c50f33c43a44abb94280706332351d,,
2daa5202-bd45-450f-9c5a-fbfc4ee5d40d,completed,crn:v1:bluemix:public:quantum-computing:us-east:a/d2c50f33c43a44abb94280706332351d:deeabf25-a0d5-4c7b-9a89-18c5ff158017::,us-east,batch,2025-07-28T02:36:14.828Z,2025-07-28T02:49:09.056Z,ibm_fez,192,Grier Jones,,d2c50f33c43a44abb94280706332351d,,
3e03da03-6fc6-4f01-822e-73e19c665534,completed,crn:v1:bluemix:public:quantum-computing:us-east:a/d2c50f33c43a44abb94280706332351d:deeabf25-a0d5-4c7b-9a89-18c5ff158017::,us-east,batch,2025-07-28T02:36:14.790Z,2025-07-28T04:02:37.297Z,ibm_fez,280,Grier Jones,,d2c50f33c43a44abb94280706332351d,,
dfc0ad25-342f-4f21-bfb9-9ca141d11dc8,completed,crn:v1:bluemix:public:quantum-computing:us-east:a/d2c50f33c43a44abb94280706332351d:deeabf25-a0d5-4c7b-9a89-18c5ff158017::,us-east,batch,2025-07-28T02:36:14.788Z,2025-07-28T03:12:35.487Z,ibm_fez,275,Grier Jones,,d2c50f33c43a44abb94280706332351d,,
6eb42812-a974-4389-bed1-11e9827825d5,completed,crn:v1:bluemix:public:quantum-computing:us-east:a/d2c50f33c43a44abb94280706332351d:deeabf25-a0d5-4c7b-9a89-18c5ff158017::,us-east,batch,2025-07-28T02:36:14.781Z,2025-07-28T03:25:08.744Z,ibm_fez,275,Grier Jones,,d2c50f33c43a44abb94280706332351d,,
927a2088-cd4a-4384-9a9f-aeb7a4c6ae81,completed,crn:v1:bluemix:public:quantum-computing:us-east:a/d2c50f33c43a44abb94280706332351d:deeabf25-a0d5-4c7b-9a89-18c5ff158017::,us-east,batch,2025-07-28T02:03:44.549Z,2025-07-28T02:31:41.458Z,ibm_fez,261,Grier Jones,,d2c50f33c43a44abb94280706332351d,,
9ccdbfc4-e30c-4859-85b5-a53554a2908d,completed,crn:v1:bluemix:public:quantum-computing:us-east:a/d2c50f33c43a44abb94280706332351d:deeabf25-a0d5-4c7b-9a89-18c5ff158017::,us-east,batch,2025-07-28T02:03:44.534Z,2025-07-28T02:18:42.546Z,ibm_fez,262,Grier Jones,,d2c50f33c43a44abb94280706332351d,,
c176eff1-a591-4b05-8be7-0e00d130f538,completed,crn:v1:bluemix:public:quantum-computing:us-east:a/d2c50f33c43a44abb94280706332351d:deeabf25-a0d5-4c7b-9a89-18c5ff158017::,us-east,batch,2025-07-28T02:03:44.341Z,2025-07-28T02:27:12.043Z,ibm_fez,256,Grier Jones,,d2c50f33c43a44abb94280706332351d,,
11f27a24-1e4b-4dd2-afb3-625d999515d8,completed,crn:v1:bluemix:public:quantum-computing:us-east:a/d2c50f33c43a44abb94280706332351d:deeabf25-a0d5-4c7b-9a89-18c5ff158017::,us-east,batch,2025-07-28T02:03:44.330Z,2025-07-28T02:36:09.864Z,ibm_fez,259,Grier Jones,,d2c50f33c43a44abb94280706332351d,,
55918a7e-9ded-4dbc-81d3-c8b9d144cf91,completed,crn:v1:bluemix:public:quantum-computing:us-east:a/d2c50f33c43a44abb94280706332351d:deeabf25-a0d5-4c7b-9a89-18c5ff158017::,us-east,batch,2025-07-28T02:03:44.328Z,2025-07-28T02:22:47.215Z,ibm_fez,198,Grier Jones,,d2c50f33c43a44abb94280706332351d,,
40497736-af68-4822-bc4a-dbad2dadba12,completed,crn:v1:bluemix:public:quantum-computing:us-east:a/d2c50f33c43a44abb94280706332351d:deeabf25-a0d5-4c7b-9a89-18c5ff158017::,us-east,batch,2025-07-28T01:36:52.392Z,2025-07-28T01:48:55.129Z,ibm_fez,192,Grier Jones,,d2c50f33c43a44abb94280706332351d,,
4964ba68-24bf-44ca-8a66-b3da0bed8324,completed,crn:v1:bluemix:public:quantum-computing:us-east:a/d2c50f33c43a44abb94280706332351d:deeabf25-a0d5-4c7b-9a89-18c5ff158017::,us-east,batch,2025-07-28T01:36:52.381Z,2025-07-28T02:03:41.694Z,ibm_fez,260,Grier Jones,,d2c50f33c43a44abb94280706332351d,,
4d2cf4ed-edd6-49ff-bea9-ff0bf9b7f3fb,completed,crn:v1:bluemix:public:quantum-computing:us-east:a/d2c50f33c43a44abb94280706332351d:deeabf25-a0d5-4c7b-9a89-18c5ff158017::,us-east,batch,2025-07-28T01:36:52.280Z,2025-07-28T01:58:27.874Z,ibm_fez,261,Grier Jones,,d2c50f33c43a44abb94280706332351d,,
c4cfc586-5dd5-422e-8d89-e3638a3ef6aa,completed,crn:v1:bluemix:public:quantum-computing:us-east:a/d2c50f33c43a44abb94280706332351d:deeabf25-a0d5-4c7b-9a89-18c5ff158017::,us-east,batch,2025-07-28T01:36:52.279Z,2025-07-28T01:53:21.324Z,ibm_fez,257,Grier Jones,,d2c50f33c43a44abb94280706332351d,,
82228018-1d2b-4fe9-8e4b-30c8d2c7847d,completed,crn:v1:bluemix:public:quantum-computing:us-east:a/d2c50f33c43a44abb94280706332351d:deeabf25-a0d5-4c7b-9a89-18c5ff158017::,us-east,batch,2025-07-28T01:36:52.277Z,2025-07-28T01:44:20.133Z,ibm_fez,273,Grier Jones,,d2c50f33c43a44abb94280706332351d,,
94defb76-e93f-4f85-a857-f9e3f18fc0fa,completed,crn:v1:bluemix:public:quantum-computing:us-east:a/d2c50f33c43a44abb94280706332351d:deeabf25-a0d5-4c7b-9a89-18c5ff158017::,us-east,batch,2025-07-28T01:10:24.779Z,2025-07-28T01:28:58.354Z,ibm_fez,267,Grier Jones,,d2c50f33c43a44abb94280706332351d,,
e695d84b-50fe-48c5-9e17-990b35b51f48,completed,crn:v1:bluemix:public:quantum-computing:us-east:a/d2c50f33c43a44abb94280706332351d:deeabf25-a0d5-4c7b-9a89-18c5ff158017::,us-east,batch,2025-07-28T01:10:23.893Z,2025-07-28T01:33:23.934Z,ibm_fez,257,Grier Jones,,d2c50f33c43a44abb94280706332351d,,
37992cf0-0370-411e-b50e-b6c9b0cdfed1,completed,crn:v1:bluemix:public:quantum-computing:us-east:a/d2c50f33c43a44abb94280706332351d:deeabf25-a0d5-4c7b-9a89-18c5ff158017::,us-east,batch,2025-07-28T01:10:23.883Z,2025-07-28T01:23:07.657Z,ibm_fez,268,Grier Jones,,d2c50f33c43a44abb94280706332351d,,
edc087ee-cb40-4cab-a3ab-d8a31bf54527,completed,crn:v1:bluemix:public:quantum-computing:us-east:a/d2c50f33c43a44abb94280706332351d:deeabf25-a0d5-4c7b-9a89-18c5ff158017::,us-east,batch,2025-07-28T01:10:23.808Z,2025-07-28T01:16:05.599Z,ibm_fez,261,Grier Jones,,d2c50f33c43a44abb94280706332351d,,
e12560a9-e847-4130-9536-77e8c4c41922,completed,crn:v1:bluemix:public:quantum-computing:us-east:a/d2c50f33c43a44abb94280706332351d:deeabf25-a0d5-4c7b-9a89-18c5ff158017::,us-east,batch,2025-07-28T01:10:23.790Z,2025-07-28T01:36:45.754Z,ibm_fez,192,Grier Jones,,d2c50f33c43a44abb94280706332351d,,
1e28afce-3a29-4fc1-8340-64e4a38b0796,completed,crn:v1:bluemix:public:quantum-computing:us-east:a/d2c50f33c43a44abb94280706332351d:deeabf25-a0d5-4c7b-9a89-18c5ff158017::,us-east,batch,2025-07-28T00:37:28.844Z,2025-07-28T00:53:36.598Z,ibm_fez,265,Grier Jones,,d2c50f33c43a44abb94280706332351d,,
cbdb36a7-f82b-4671-9f6a-1fc5b3a70670,completed,crn:v1:bluemix:public:quantum-computing:us-east:a/d2c50f33c43a44abb94280706332351d:deeabf25-a0d5-4c7b-9a89-18c5ff158017::,us-east,batch,2025-07-28T00:37:28.762Z,2025-07-28T00:58:03.332Z,ibm_fez,258,Grier Jones,,d2c50f33c43a44abb94280706332351d,,
a2e5fb96-47bb-4261-822e-19517173aa3e,completed,crn:v1:bluemix:public:quantum-computing:us-east:a/d2c50f33c43a44abb94280706332351d:deeabf25-a0d5-4c7b-9a89-18c5ff158017::,us-east,batch,2025-07-28T00:37:28.697Z,2025-07-28T01:01:27.143Z,ibm_fez,193,Grier Jones,,d2c50f33c43a44abb94280706332351d,,
ad11a47a-a611-4c07-a30f-71acfc490edf,completed,crn:v1:bluemix:public:quantum-computing:us-east:a/d2c50f33c43a44abb94280706332351d:deeabf25-a0d5-4c7b-9a89-18c5ff158017::,us-east,batch,2025-07-28T00:37:28.607Z,2025-07-28T01:05:53.301Z,ibm_fez,257,Grier Jones,,d2c50f33c43a44abb94280706332351d,,
9f1fe234-8500-4a81-ac7b-c51fde7a286d,completed,crn:v1:bluemix:public:quantum-computing:us-east:a/d2c50f33c43a44abb94280706332351d:deeabf25-a0d5-4c7b-9a89-18c5ff158017::,us-east,batch,2025-07-28T00:37:28.602Z,2025-07-28T01:10:21.783Z,ibm_fez,260,Grier Jones,,d2c50f33c43a44abb94280706332351d,,
975e184a-0f79-4f78-b5d1-30f8bc5c1fbb,completed,crn:v1:bluemix:public:quantum-computing:us-east:a/d2c50f33c43a44abb94280706332351d:deeabf25-a0d5-4c7b-9a89-18c5ff158017::,us-east,batch,2025-07-28T00:09:24.987Z,2025-07-28T00:18:57.229Z,ibm_fez,261,Grier Jones,,d2c50f33c43a44abb94280706332351d,,
82e90e4d-f24a-4f59-ac2a-52e0f455c5c3,completed,crn:v1:bluemix:public:quantum-computing:us-east:a/d2c50f33c43a44abb94280706332351d:deeabf25-a0d5-4c7b-9a89-18c5ff158017::,us-east,batch,2025-07-28T00:09:24.936Z,2025-07-28T00:13:56.708Z,ibm_fez,256,Grier Jones,,d2c50f33c43a44abb94280706332351d,,
77659d1f-b0f3-4edd-9193-79b8d02ddecd,completed,crn:v1:bluemix:public:quantum-computing:us-east:a/d2c50f33c43a44abb94280706332351d:deeabf25-a0d5-4c7b-9a89-18c5ff158017::,us-east,batch,2025-07-28T00:09:24.933Z,2025-07-28T00:32:09.894Z,ibm_fez,256,Grier Jones,,d2c50f33c43a44abb94280706332351d,,
fe36dcb7-12bb-4833-8c01-07b6ea6f14e5,completed,crn:v1:bluemix:public:quantum-computing:us-east:a/d2c50f33c43a44abb94280706332351d:deeabf25-a0d5-4c7b-9a89-18c5ff158017::,us-east,batch,2025-07-28T00:09:24.932Z,2025-07-28T00:37:15.549Z,ibm_fez,257,Grier Jones,,d2c50f33c43a44abb94280706332351d,,
c5490eff-f5c5-49e0-9b05-27bc59008ecd,completed,crn:v1:bluemix:public:quantum-computing:us-east:a/d2c50f33c43a44abb94280706332351d:deeabf25-a0d5-4c7b-9a89-18c5ff158017::,us-east,batch,2025-07-28T00:09:24.896Z,2025-07-28T00:22:35.840Z,ibm_fez,192,Grier Jones,,d2c50f33c43a44abb94280706332351d,,
10a9cea3-5575-4d57-9bac-b27a40b08a2b,completed,crn:v1:bluemix:public:quantum-computing:us-east:a/d2c50f33c43a44abb94280706332351d:deeabf25-a0d5-4c7b-9a89-18c5ff158017::,us-east,batch,2025-07-27T23:48:13.279Z,2025-07-27T23:57:10.905Z,ibm_fez,256,Grier Jones,,d2c50f33c43a44abb94280706332351d,,
f191ee8f-a441-4619-bda5-c66096eb9a6d,completed,crn:v1:bluemix:public:quantum-computing:us-east:a/d2c50f33c43a44abb94280706332351d:deeabf25-a0d5-4c7b-9a89-18c5ff158017::,us-east,batch,2025-07-27T23:48:13.274Z,2025-07-28T00:04:58.300Z,ibm_fez,256,Grier Jones,,d2c50f33c43a44abb94280706332351d,,
46be24bb-7fca-4292-a16d-d263e79beb23,completed,crn:v1:bluemix:public:quantum-computing:us-east:a/d2c50f33c43a44abb94280706332351d:deeabf25-a0d5-4c7b-9a89-18c5ff158017::,us-east,batch,2025-07-27T23:48:13.210Z,2025-07-28T00:09:23.363Z,ibm_fez,256,Grier Jones,,d2c50f33c43a44abb94280706332351d,,
875dde8f-96c2-4ba3-88fa-417c01859f5f,completed,crn:v1:bluemix:public:quantum-computing:us-east:a/d2c50f33c43a44abb94280706332351d:deeabf25-a0d5-4c7b-9a89-18c5ff158017::,us-east,batch,2025-07-27T23:48:13.145Z,2025-07-27T23:52:44.916Z,ibm_fez,256,Grier Jones,,d2c50f33c43a44abb94280706332351d,,
19f4a8e0-0ae6-4c94-84c9-b411b562b7da,completed,crn:v1:bluemix:public:quantum-computing:us-east:a/d2c50f33c43a44abb94280706332351d:deeabf25-a0d5-4c7b-9a89-18c5ff158017::,us-east,batch,2025-07-27T23:48:13.116Z,2025-07-28T00:00:32.966Z,ibm_fez,193,Grier Jones,,d2c50f33c43a44abb94280706332351d,,
56e68339-b77e-40e4-8e9a-16daf979dfd3,completed,crn:v1:bluemix:public:quantum-computing:us-east:a/d2c50f33c43a44abb94280706332351d:deeabf25-a0d5-4c7b-9a89-18c5ff158017::,us-east,batch,2025-07-27T23:23:29.515Z,2025-07-27T23:29:51.153Z,ibm_fez,272,Grier Jones,,d2c50f33c43a44abb94280706332351d,,
69c4a537-d593-4421-97af-67c06b0c0bff,completed,crn:v1:bluemix:public:quantum-computing:us-east:a/d2c50f33c43a44abb94280706332351d:deeabf25-a0d5-4c7b-9a89-18c5ff158017::,us-east,batch,2025-07-27T23:23:29.512Z,2025-07-27T23:44:28.791Z,ibm_fez,262,Grier Jones,,d2c50f33c43a44abb94280706332351d,,
65d16d3d-69fc-45e3-a3b5-b061d9fc5d3c,completed,crn:v1:bluemix:public:quantum-computing:us-east:a/d2c50f33c43a44abb94280706332351d:deeabf25-a0d5-4c7b-9a89-18c5ff158017::,us-east,batch,2025-07-27T23:23:29.413Z,2025-07-27T23:48:07.475Z,ibm_fez,197,Grier Jones,,d2c50f33c43a44abb94280706332351d,,
b2633a25-47ea-455a-9a67-eadb84bc82df,completed,crn:v1:bluemix:public:quantum-computing:us-east:a/d2c50f33c43a44abb94280706332351d:deeabf25-a0d5-4c7b-9a89-18c5ff158017::,us-east,batch,2025-07-27T23:23:29.356Z,2025-07-27T23:35:33.333Z,ibm_fez,266,Grier Jones,,d2c50f33c43a44abb94280706332351d,,
ea38b791-eaea-432f-b943-3bc046737e83,completed,crn:v1:bluemix:public:quantum-computing:us-east:a/d2c50f33c43a44abb94280706332351d:deeabf25-a0d5-4c7b-9a89-18c5ff158017::,us-east,batch,2025-07-27T23:23:29.355Z,2025-07-27T23:39:58.480Z,ibm_fez,256,Grier Jones,,d2c50f33c43a44abb94280706332351d,,
9508f855-1c82-49b2-849d-96760516b6c1,completed,crn:v1:bluemix:public:quantum-computing:us-east:a/d2c50f33c43a44abb94280706332351d:deeabf25-a0d5-4c7b-9a89-18c5ff158017::,us-east,batch,2025-07-27T22:54:27.026Z,2025-07-27T23:04:04.549Z,ibm_fez,263,Grier Jones,,d2c50f33c43a44abb94280706332351d,,
5d575ce7-63b7-4cd0-8e9a-1e5b0cb5abe4,completed,crn:v1:bluemix:public:quantum-computing:us-east:a/d2c50f33c43a44abb94280706332351d:deeabf25-a0d5-4c7b-9a89-18c5ff158017::,us-east,batch,2025-07-27T22:54:26.354Z,2025-07-27T23:10:41.789Z,ibm_fez,270,Grier Jones,,d2c50f33c43a44abb94280706332351d,,
6ac74fe9-a893-43eb-aefd-23c831a75226,completed,crn:v1:bluemix:public:quantum-computing:us-east:a/d2c50f33c43a44abb94280706332351d:deeabf25-a0d5-4c7b-9a89-18c5ff158017::,us-east,batch,2025-07-27T22:54:26.352Z,2025-07-27T23:23:27.206Z,ibm_fez,276,Grier Jones,,d2c50f33c43a44abb94280706332351d,,
3b26f497-7eff-4d7d-922a-59f9e5a9a48b,completed,crn:v1:bluemix:public:quantum-computing:us-east:a/d2c50f33c43a44abb94280706332351d:deeabf25-a0d5-4c7b-9a89-18c5ff158017::,us-east,batch,2025-07-27T22:54:26.349Z,2025-07-27T23:16:04.281Z,ibm_fez,261,Grier Jones,,d2c50f33c43a44abb94280706332351d,,
675c3801-6192-459f-8ae6-2ff6b393418a,completed,crn:v1:bluemix:public:quantum-computing:us-east:a/d2c50f33c43a44abb94280706332351d:deeabf25-a0d5-4c7b-9a89-18c5ff158017::,us-east,batch,2025-07-27T22:54:26.032Z,2025-07-27T22:58:38.113Z,ibm_fez,196,Grier Jones,,d2c50f33c43a44abb94280706332351d,,
9d63f1b3-15df-4862-a6db-86916ef0d00f,completed,crn:v1:bluemix:public:quantum-computing:us-east:a/d2c50f33c43a44abb94280706332351d:deeabf25-a0d5-4c7b-9a89-18c5ff158017::,us-east,batch,2025-07-27T22:04:26.889Z,2025-07-27T22:41:19.327Z,ibm_fez,217,Grier Jones,,d2c50f33c43a44abb94280706332351d,,
2a5c945d-46bc-43c0-a973-8513a4aa8be3,completed,crn:v1:bluemix:public:quantum-computing:us-east:a/d2c50f33c43a44abb94280706332351d:deeabf25-a0d5-4c7b-9a89-18c5ff158017::,us-east,batch,2025-07-27T22:04:26.886Z,2025-07-27T22:12:12.537Z,ibm_fez,275,Grier Jones,,d2c50f33c43a44abb94280706332351d,,
75f0e6ac-8cef-458e-9458-9471326eabfe,completed,crn:v1:bluemix:public:quantum-computing:us-east:a/d2c50f33c43a44abb94280706332351d:deeabf25-a0d5-4c7b-9a89-18c5ff158017::,us-east,batch,2025-07-27T22:04:26.779Z,2025-07-27T22:46:46.818Z,ibm_fez,262,Grier Jones,,d2c50f33c43a44abb94280706332351d,,
22c51a7f-0c09-431b-883b-c26e3f1b2143,completed,crn:v1:bluemix:public:quantum-computing:us-east:a/d2c50f33c43a44abb94280706332351d:deeabf25-a0d5-4c7b-9a89-18c5ff158017::,us-east,batch,2025-07-27T22:04:26.773Z,2025-07-27T22:25:24.519Z,ibm_fez,275,Grier Jones,,d2c50f33c43a44abb94280706332351d,,
8db94ac5-b1e1-42e6-80dc-05b04c9d0ef4,completed,crn:v1:bluemix:public:quantum-computing:us-east:a/d2c50f33c43a44abb94280706332351d:deeabf25-a0d5-4c7b-9a89-18c5ff158017::,us-east,batch,2025-07-27T22:04:26.678Z,2025-07-27T22:54:23.401Z,ibm_fez,276,Grier Jones,,d2c50f33c43a44abb94280706332351d,,
5dde2ee1-6134-4e44-a100-cd8d78cd0c1a,completed,crn:v1:bluemix:public:quantum-computing:us-east:a/d2c50f33c43a44abb94280706332351d:deeabf25-a0d5-4c7b-9a89-18c5ff158017::,us-east,batch,2025-07-27T21:22:41.062Z,2025-07-27T21:34:30.592Z,ibm_fez,203,Grier Jones,,d2c50f33c43a44abb94280706332351d,,
37d02a77-21c8-4d5b-85fd-132633796515,completed,crn:v1:bluemix:public:quantum-computing:us-east:a/d2c50f33c43a44abb94280706332351d:deeabf25-a0d5-4c7b-9a89-18c5ff158017::,us-east,batch,2025-07-27T21:22:40.950Z,2025-07-27T21:56:29.284Z,ibm_fez,270,Grier Jones,,d2c50f33c43a44abb94280706332351d,,
cc1a2ed9-a1ee-4f5d-a059-471a0bf6c590,completed,crn:v1:bluemix:public:quantum-computing:us-east:a/d2c50f33c43a44abb94280706332351d:deeabf25-a0d5-4c7b-9a89-18c5ff158017::,us-east,batch,2025-07-27T21:22:40.945Z,2025-07-27T22:04:24.712Z,ibm_fez,266,Grier Jones,,d2c50f33c43a44abb94280706332351d,,
3bddb042-6ab7-41d7-8293-b7c9da3a8a39,completed,crn:v1:bluemix:public:quantum-computing:us-east:a/d2c50f33c43a44abb94280706332351d:deeabf25-a0d5-4c7b-9a89-18c5ff158017::,us-east,batch,2025-07-27T21:22:40.943Z,2025-07-27T21:49:33.679Z,ibm_fez,267,Grier Jones,,d2c50f33c43a44abb94280706332351d,,
4eafb554-1300-4cae-8570-c4f98a05faed,completed,crn:v1:bluemix:public:quantum-computing:us-east:a/d2c50f33c43a44abb94280706332351d:deeabf25-a0d5-4c7b-9a89-18c5ff158017::,us-east,batch,2025-07-27T21:22:40.926Z,2025-07-27T21:28:18.506Z,ibm_fez,261,Grier Jones,,d2c50f33c43a44abb94280706332351d,,
c1029e8b-df5e-4b38-ae16-196ea14d66ca,completed,crn:v1:bluemix:public:quantum-computing:us-east:a/d2c50f33c43a44abb94280706332351d:deeabf25-a0d5-4c7b-9a89-18c5ff158017::,us-east,batch,2025-07-27T20:55:11.300Z,2025-07-27T21:14:13.264Z,ibm_fez,206,Grier Jones,,d2c50f33c43a44abb94280706332351d,,
7cd0a481-04e9-4dab-b1b3-d0af9c234872,completed,crn:v1:bluemix:public:quantum-computing:us-east:a/d2c50f33c43a44abb94280706332351d:deeabf25-a0d5-4c7b-9a89-18c5ff158017::,us-east,batch,2025-07-27T20:55:11.300Z,2025-07-27T21:09:16.173Z,ibm_fez,261,Grier Jones,,d2c50f33c43a44abb94280706332351d,,
e32b9a95-f5e2-4918-a7b5-f13bd8925258,completed,crn:v1:bluemix:public:quantum-computing:us-east:a/d2c50f33c43a44abb94280706332351d:deeabf25-a0d5-4c7b-9a89-18c5ff158017::,us-east,batch,2025-07-27T20:55:11.283Z,2025-07-27T20:59:44.163Z,ibm_fez,256,Grier Jones,,d2c50f33c43a44abb94280706332351d,,
b31da0e5-5648-425a-ae73-45f83084d129,completed,crn:v1:bluemix:public:quantum-computing:us-east:a/d2c50f33c43a44abb94280706332351d:deeabf25-a0d5-4c7b-9a89-18c5ff158017::,us-east,batch,2025-07-27T20:55:11.223Z,2025-07-27T21:04:11.073Z,ibm_fez,259,Grier Jones,,d2c50f33c43a44abb94280706332351d,,
bc81c765-2b9b-478a-8146-acf8d2e9ae2b,completed,crn:v1:bluemix:public:quantum-computing:us-east:a/d2c50f33c43a44abb94280706332351d:deeabf25-a0d5-4c7b-9a89-18c5ff158017::,us-east,batch,2025-07-27T20:55:11.220Z,2025-07-27T21:22:38.640Z,ibm_fez,270,Grier Jones,,d2c50f33c43a44abb94280706332351d,,
131e2db8-d7af-47a7-ac87-c367eb85ee8d,completed,crn:v1:bluemix:public:quantum-computing:us-east:a/d2c50f33c43a44abb94280706332351d:deeabf25-a0d5-4c7b-9a89-18c5ff158017::,us-east,batch,2025-07-27T20:29:48.485Z,2025-07-27T20:45:39.994Z,ibm_fez,266,Grier Jones,,d2c50f33c43a44abb94280706332351d,,
5acf2ea0-7213-4048-91a8-14dda9b34471,completed,crn:v1:bluemix:public:quantum-computing:us-east:a/d2c50f33c43a44abb94280706332351d:deeabf25-a0d5-4c7b-9a89-18c5ff158017::,us-east,batch,2025-07-27T20:29:48.475Z,2025-07-27T20:55:05.303Z,ibm_fez,195,Grier Jones,,d2c50f33c43a44abb94280706332351d,,
cc935b4e-0a94-4102-b04d-c5e864a5cafb,completed,crn:v1:bluemix:public:quantum-computing:us-east:a/d2c50f33c43a44abb94280706332351d:deeabf25-a0d5-4c7b-9a89-18c5ff158017::,us-east,batch,2025-07-27T20:29:48.392Z,2025-07-27T20:35:02.184Z,ibm_fez,256,Grier Jones,,d2c50f33c43a44abb94280706332351d,,
25179187-3a1e-46e7-af17-81f1434928c0,completed,crn:v1:bluemix:public:quantum-computing:us-east:a/d2c50f33c43a44abb94280706332351d:deeabf25-a0d5-4c7b-9a89-18c5ff158017::,us-east,batch,2025-07-27T20:29:48.365Z,2025-07-27T20:39:27.276Z,ibm_fez,257,Grier Jones,,d2c50f33c43a44abb94280706332351d,,
21c8b498-5df7-4893-a49b-bfa7441f6654,completed,crn:v1:bluemix:public:quantum-computing:us-east:a/d2c50f33c43a44abb94280706332351d:deeabf25-a0d5-4c7b-9a89-18c5ff158017::,us-east,batch,2025-07-27T20:29:48.364Z,2025-07-27T20:50:58.636Z,ibm_fez,261,Grier Jones,,d2c50f33c43a44abb94280706332351d,,
6e3cb477-6dbb-4fd5-b08a-79e9ffc13fe1,completed,crn:v1:bluemix:public:quantum-computing:us-east:a/d2c50f33c43a44abb94280706332351d:deeabf25-a0d5-4c7b-9a89-18c5ff158017::,us-east,batch,2025-07-27T19:53:30.630Z,2025-07-27T20:07:16.913Z,ibm_fez,198,Grier Jones,,d2c50f33c43a44abb94280706332351d,,
d5d6f297-55f3-4434-9328-7cfdbbbcc3c5,completed,crn:v1:bluemix:public:quantum-computing:us-east:a/d2c50f33c43a44abb94280706332351d:deeabf25-a0d5-4c7b-9a89-18c5ff158017::,us-east,batch,2025-07-27T19:53:30.609Z,2025-07-27T20:29:47.491Z,ibm_fez,261,Grier Jones,,d2c50f33c43a44abb94280706332351d,,
388805e4-1302-4823-ae2f-e06725f376c9,completed,crn:v1:bluemix:public:quantum-computing:us-east:a/d2c50f33c43a44abb94280706332351d:deeabf25-a0d5-4c7b-9a89-18c5ff158017::,us-east,batch,2025-07-27T19:53:30.596Z,2025-07-27T20:17:51.469Z,ibm_fez,256,Grier Jones,,d2c50f33c43a44abb94280706332351d,,
0652fbbf-cf4f-4b48-aaea-df2554a90a84,completed,crn:v1:bluemix:public:quantum-computing:us-east:a/d2c50f33c43a44abb94280706332351d:deeabf25-a0d5-4c7b-9a89-18c5ff158017::,us-east,batch,2025-07-27T19:53:30.566Z,2025-07-27T20:13:25.711Z,ibm_fez,261,Grier Jones,,d2c50f33c43a44abb94280706332351d,,
afce28b4-175c-4f84-8668-619285c7a3ed,completed,crn:v1:bluemix:public:quantum-computing:us-east:a/d2c50f33c43a44abb94280706332351d:deeabf25-a0d5-4c7b-9a89-18c5ff158017::,us-east,batch,2025-07-27T19:53:30.561Z,2025-07-27T20:23:31.332Z,ibm_fez,263,Grier Jones,,d2c50f33c43a44abb94280706332351d,,
356e3768-0ebc-405c-ac08-a54b8e3f94e1,completed,crn:v1:bluemix:public:quantum-computing:us-east:a/d2c50f33c43a44abb94280706332351d:deeabf25-a0d5-4c7b-9a89-18c5ff158017::,us-east,batch,2025-07-27T19:14:46.567Z,2025-07-27T19:25:51.841Z,ibm_fez,260,Grier Jones,,d2c50f33c43a44abb94280706332351d,,
e426c77f-12ce-47aa-8f91-7e486d727e29,completed,crn:v1:bluemix:public:quantum-computing:us-east:a/d2c50f33c43a44abb94280706332351d:deeabf25-a0d5-4c7b-9a89-18c5ff158017::,us-east,batch,2025-07-27T19:14:46.554Z,2025-07-27T19:48:22.249Z,ibm_fez,192,Grier Jones,,d2c50f33c43a44abb94280706332351d,,
1a432aeb-5c54-4ba9-b573-f9b9bd2baab9,completed,crn:v1:bluemix:public:quantum-computing:us-east:a/d2c50f33c43a44abb94280706332351d:deeabf25-a0d5-4c7b-9a89-18c5ff158017::,us-east,batch,2025-07-27T19:14:46.520Z,2025-07-27T19:53:29.547Z,ibm_fez,262,Grier Jones,,d2c50f33c43a44abb94280706332351d,,
d06e306c-588f-4763-9cf2-bd8285a0d521,completed,crn:v1:bluemix:public:quantum-computing:us-east:a/d2c50f33c43a44abb94280706332351d:deeabf25-a0d5-4c7b-9a89-18c5ff158017::,us-east,batch,2025-07-27T19:14:46.517Z,2025-07-27T19:31:02.827Z,ibm_fez,264,Grier Jones,,d2c50f33c43a44abb94280706332351d,,
4d20890a-abc7-453f-b4fd-e99ecce5ccaa,completed,crn:v1:bluemix:public:quantum-computing:us-east:a/d2c50f33c43a44abb94280706332351d:deeabf25-a0d5-4c7b-9a89-18c5ff158017::,us-east,batch,2025-07-27T19:14:46.511Z,2025-07-27T19:45:01.292Z,ibm_fez,261,Grier Jones,,d2c50f33c43a44abb94280706332351d,,
9019072e-5a46-4fba-a333-d4974dbd2c8d,completed,crn:v1:bluemix:public:quantum-computing:us-east:a/d2c50f33c43a44abb94280706332351d:deeabf25-a0d5-4c7b-9a89-18c5ff158017::,us-east,batch,2025-07-27T18:52:19.876Z,2025-07-27T19:14:43.143Z,ibm_fez,256,Grier Jones,,d2c50f33c43a44abb94280706332351d,,
74b2e640-a31a-43ae-a6f4-a205874ab37b,completed,crn:v1:bluemix:public:quantum-computing:us-east:a/d2c50f33c43a44abb94280706332351d:deeabf25-a0d5-4c7b-9a89-18c5ff158017::,us-east,batch,2025-07-27T18:52:19.863Z,2025-07-27T19:05:48.635Z,ibm_fez,257,Grier Jones,,d2c50f33c43a44abb94280706332351d,,
e898e724-f8fe-4cf5-bd99-227c6df1e4de,completed,crn:v1:bluemix:public:quantum-computing:us-east:a/d2c50f33c43a44abb94280706332351d:deeabf25-a0d5-4c7b-9a89-18c5ff158017::,us-east,batch,2025-07-27T18:52:19.741Z,2025-07-27T19:10:19.105Z,ibm_fez,258,Grier Jones,,d2c50f33c43a44abb94280706332351d,,
992c699e-96a6-4472-8417-7e444ae640b9,completed,crn:v1:bluemix:public:quantum-computing:us-east:a/d2c50f33c43a44abb94280706332351d:deeabf25-a0d5-4c7b-9a89-18c5ff158017::,us-east,batch,2025-07-27T18:52:19.714Z,2025-07-27T19:01:18.685Z,ibm_fez,192,Grier Jones,,d2c50f33c43a44abb94280706332351d,,
93d6557e-7b05-46a0-912d-3e7c58e9f0e3,completed,crn:v1:bluemix:public:quantum-computing:us-east:a/d2c50f33c43a44abb94280706332351d:deeabf25-a0d5-4c7b-9a89-18c5ff158017::,us-east,batch,2025-07-27T18:52:19.712Z,2025-07-27T18:57:52.584Z,ibm_fez,261,Grier Jones,,d2c50f33c43a44abb94280706332351d,,
576e9331-1049-42d0-85a1-f615596ae719,completed,crn:v1:bluemix:public:quantum-computing:us-east:a/d2c50f33c43a44abb94280706332351d:deeabf25-a0d5-4c7b-9a89-18c5ff158017::,us-east,batch,2025-07-27T18:29:53.717Z,2025-07-27T18:42:08.162Z,ibm_fez,256,Grier Jones,,d2c50f33c43a44abb94280706332351d,,
e2fe0261-cd85-486a-b03c-6d005417b273,completed,crn:v1:bluemix:public:quantum-computing:us-east:a/d2c50f33c43a44abb94280706332351d:deeabf25-a0d5-4c7b-9a89-18c5ff158017::,us-east,batch,2025-07-27T18:29:53.716Z,2025-07-27T18:52:19.048Z,ibm_fez,256,Grier Jones,,d2c50f33c43a44abb94280706332351d,,
818d1c13-4038-434f-b99a-936a07f1cea3,completed,crn:v1:bluemix:public:quantum-computing:us-east:a/d2c50f33c43a44abb94280706332351d:deeabf25-a0d5-4c7b-9a89-18c5ff158017::,us-east,batch,2025-07-27T18:29:53.351Z,2025-07-27T18:47:54.834Z,ibm_fez,256,Grier Jones,,d2c50f33c43a44abb94280706332351d,,
d03ea8bc-d149-46ea-b4b2-217cf5c88da5,completed,crn:v1:bluemix:public:quantum-computing:us-east:a/d2c50f33c43a44abb94280706332351d:deeabf25-a0d5-4c7b-9a89-18c5ff158017::,us-east,batch,2025-07-27T18:29:53.275Z,2025-07-27T18:34:23.093Z,ibm_fez,256,Grier Jones,,d2c50f33c43a44abb94280706332351d,,
7fb3e35b-6509-4630-87b4-7eaf52e6f89a,completed,crn:v1:bluemix:public:quantum-computing:us-east:a/d2c50f33c43a44abb94280706332351d:deeabf25-a0d5-4c7b-9a89-18c5ff158017::,us-east,batch,2025-07-27T18:29:53.272Z,2025-07-27T18:37:44.188Z,ibm_fez,192,Grier Jones,,d2c50f33c43a44abb94280706332351d,,
d86b5403-5fe4-40f2-9db6-820cce290ed5,completed,crn:v1:bluemix:public:quantum-computing:us-east:a/d2c50f33c43a44abb94280706332351d:deeabf25-a0d5-4c7b-9a89-18c5ff158017::,us-east,batch,2025-07-27T18:05:07.069Z,2025-07-27T18:17:10.731Z,ibm_fez,264,Grier Jones,,d2c50f33c43a44abb94280706332351d,,
73fae648-080d-4fe6-97e5-f3050c815594,completed,crn:v1:bluemix:public:quantum-computing:us-east:a/d2c50f33c43a44abb94280706332351d:deeabf25-a0d5-4c7b-9a89-18c5ff158017::,us-east,batch,2025-07-27T18:05:06.856Z,2025-07-27T18:29:46.323Z,ibm_fez,192,Grier Jones,,d2c50f33c43a44abb94280706332351d,,
33eed9d7-3e1e-4606-9e56-019017db1c6b,completed,crn:v1:bluemix:public:quantum-computing:us-east:a/d2c50f33c43a44abb94280706332351d:deeabf25-a0d5-4c7b-9a89-18c5ff158017::,us-east,batch,2025-07-27T18:05:06.625Z,2025-07-27T18:11:44.948Z,ibm_fez,256,Grier Jones,,d2c50f33c43a44abb94280706332351d,,
4c00e976-cab4-4ca8-99d6-d8ec91c5676d,completed,crn:v1:bluemix:public:quantum-computing:us-east:a/d2c50f33c43a44abb94280706332351d:deeabf25-a0d5-4c7b-9a89-18c5ff158017::,us-east,batch,2025-07-27T18:05:06.621Z,2025-07-27T18:21:58.632Z,ibm_fez,256,Grier Jones,,d2c50f33c43a44abb94280706332351d,,
767e632c-bc24-4eb0-91df-cfb9a8824564,completed,crn:v1:bluemix:public:quantum-computing:us-east:a/d2c50f33c43a44abb94280706332351d:deeabf25-a0d5-4c7b-9a89-18c5ff158017::,us-east,batch,2025-07-27T18:05:06.609Z,2025-07-27T18:26:23.123Z,ibm_fez,256,Grier Jones,,d2c50f33c43a44abb94280706332351d,,
98dce9db-b343-4583-9f29-e28e976e303c,completed,crn:v1:bluemix:public:quantum-computing:us-east:a/d2c50f33c43a44abb94280706332351d:deeabf25-a0d5-4c7b-9a89-18c5ff158017::,us-east,batch,2025-07-27T17:30:49.460Z,2025-07-27T17:38:41.453Z,ibm_fez,260,Grier Jones,,d2c50f33c43a44abb94280706332351d,,
f07e7600-92b9-4d0f-8306-5628cd0dde69,completed,crn:v1:bluemix:public:quantum-computing:us-east:a/d2c50f33c43a44abb94280706332351d:deeabf25-a0d5-4c7b-9a89-18c5ff158017::,us-east,batch,2025-07-27T17:30:49.459Z,2025-07-27T17:48:13.132Z,ibm_fez,274,Grier Jones,,d2c50f33c43a44abb94280706332351d,,
e53af00d-129b-4c27-b99c-2efb79adb77f,completed,crn:v1:bluemix:public:quantum-computing:us-east:a/d2c50f33c43a44abb94280706332351d:deeabf25-a0d5-4c7b-9a89-18c5ff158017::,us-east,batch,2025-07-27T17:30:49.212Z,2025-07-27T18:00:17.546Z,ibm_fez,268,Grier Jones,,d2c50f33c43a44abb94280706332351d,,
bb28396f-110d-4e93-bfd2-64b459255edf,completed,crn:v1:bluemix:public:quantum-computing:us-east:a/d2c50f33c43a44abb94280706332351d:deeabf25-a0d5-4c7b-9a89-18c5ff158017::,us-east,batch,2025-07-27T17:30:49.126Z,2025-07-27T18:05:01.981Z,ibm_fez,256,Grier Jones,,d2c50f33c43a44abb94280706332351d,,
6c331dca-a849-426e-ab0b-0f41a36bc08d,completed,crn:v1:bluemix:public:quantum-computing:us-east:a/d2c50f33c43a44abb94280706332351d:deeabf25-a0d5-4c7b-9a89-18c5ff158017::,us-east,batch,2025-07-27T17:30:49.109Z,2025-07-27T17:52:32.835Z,ibm_fez,192,Grier Jones,,d2c50f33c43a44abb94280706332351d,,
a584d09c-4027-4bac-8aa3-8484f403bf61,completed,crn:v1:bluemix:public:quantum-computing:us-east:a/d2c50f33c43a44abb94280706332351d:deeabf25-a0d5-4c7b-9a89-18c5ff158017::,us-east,batch,2025-07-27T16:49:18.735Z,2025-07-27T17:11:11.979Z,ibm_fez,294,Grier Jones,,d2c50f33c43a44abb94280706332351d,,
4cf39ece-5cf6-4788-9708-4a12ee73b340,completed,crn:v1:bluemix:public:quantum-computing:us-east:a/d2c50f33c43a44abb94280706332351d:deeabf25-a0d5-4c7b-9a89-18c5ff158017::,us-east,batch,2025-07-27T16:49:18.732Z,2025-07-27T17:16:35.842Z,ibm_fez,195,Grier Jones,,d2c50f33c43a44abb94280706332351d,,
8aeefa1c-c3ed-4a8f-92b7-60b5ba79d105,completed,crn:v1:bluemix:public:quantum-computing:us-east:a/d2c50f33c43a44abb94280706332351d:deeabf25-a0d5-4c7b-9a89-18c5ff158017::,us-east,batch,2025-07-27T16:49:18.727Z,2025-07-27T17:30:47.975Z,ibm_fez,261,Grier Jones,,d2c50f33c43a44abb94280706332351d,,
957c5c11-c549-45b3-8dd5-ad8f967991ef,completed,crn:v1:bluemix:public:quantum-computing:us-east:a/d2c50f33c43a44abb94280706332351d:deeabf25-a0d5-4c7b-9a89-18c5ff158017::,us-east,batch,2025-07-27T16:49:18.326Z,2025-07-27T17:02:10.301Z,ibm_fez,289,Grier Jones,,d2c50f33c43a44abb94280706332351d,,
5ae5ad15-4b72-4d79-b2e1-923e3bc75692,completed,crn:v1:bluemix:public:quantum-computing:us-east:a/d2c50f33c43a44abb94280706332351d:deeabf25-a0d5-4c7b-9a89-18c5ff158017::,us-east,batch,2025-07-27T16:49:18.215Z,2025-07-27T17:22:50.880Z,ibm_fez,260,Grier Jones,,d2c50f33c43a44abb94280706332351d,,
c066ddb3-50fb-4c8f-8b6c-b17121d4801d,completed,crn:v1:bluemix:public:quantum-computing:us-east:a/d2c50f33c43a44abb94280706332351d:deeabf25-a0d5-4c7b-9a89-18c5ff158017::,us-east,batch,2025-07-27T16:09:33.628Z,2025-07-27T16:30:12.167Z,ibm_fez,216,Grier Jones,,d2c50f33c43a44abb94280706332351d,,
33d76372-a4da-4a33-8de6-b73c987ba531,completed,crn:v1:bluemix:public:quantum-computing:us-east:a/d2c50f33c43a44abb94280706332351d:deeabf25-a0d5-4c7b-9a89-18c5ff158017::,us-east,batch,2025-07-27T16:09:33.611Z,2025-07-27T16:49:15.870Z,ibm_fez,289,Grier Jones,,d2c50f33c43a44abb94280706332351d,,
641b65fa-8389-437d-9914-5854e4e91b13,completed,crn:v1:bluemix:public:quantum-computing:us-east:a/d2c50f33c43a44abb94280706332351d:deeabf25-a0d5-4c7b-9a89-18c5ff158017::,us-east,batch,2025-07-27T16:09:33.600Z,2025-07-27T16:39:01.245Z,ibm_fez,292,Grier Jones,,d2c50f33c43a44abb94280706332351d,,
1c434b11-8124-46be-8271-62d7ea1a25b5,completed,crn:v1:bluemix:public:quantum-computing:us-east:a/d2c50f33c43a44abb94280706332351d:deeabf25-a0d5-4c7b-9a89-18c5ff158017::,us-east,batch,2025-07-27T16:09:33.599Z,2025-07-27T16:25:08.930Z,ibm_fez,288,Grier Jones,,d2c50f33c43a44abb94280706332351d,,
bddf9f31-0019-48ef-b9b9-edd10edb2fdf,completed,crn:v1:bluemix:public:quantum-computing:us-east:a/d2c50f33c43a44abb94280706332351d:deeabf25-a0d5-4c7b-9a89-18c5ff158017::,us-east,batch,2025-07-27T16:09:33.598Z,2025-07-27T16:17:28.053Z,ibm_fez,291,Grier Jones,,d2c50f33c43a44abb94280706332351d,,
e19919c0-a1ac-43a5-a7b8-3612e0d9f267,completed,crn:v1:bluemix:public:quantum-computing:us-east:a/d2c50f33c43a44abb94280706332351d:deeabf25-a0d5-4c7b-9a89-18c5ff158017::,us-east,batch,2025-07-27T15:26:52.844Z,2025-07-27T15:57:03.230Z,ibm_fez,219,Grier Jones,,d2c50f33c43a44abb94280706332351d,,
fa5c5c22-38ff-4cb5-857a-d90f4c0eeaba,completed,crn:v1:bluemix:public:quantum-computing:us-east:a/d2c50f33c43a44abb94280706332351d:deeabf25-a0d5-4c7b-9a89-18c5ff158017::,us-east,batch,2025-07-27T15:26:52.842Z,2025-07-27T16:09:31.493Z,ibm_fez,288,Grier Jones,,d2c50f33c43a44abb94280706332351d,,
dc1f4393-d72b-4fdb-b30b-755c67972b55,completed,crn:v1:bluemix:public:quantum-computing:us-east:a/d2c50f33c43a44abb94280706332351d:deeabf25-a0d5-4c7b-9a89-18c5ff158017::,us-east,batch,2025-07-27T15:26:52.775Z,2025-07-27T15:51:15.106Z,ibm_fez,290,Grier Jones,,d2c50f33c43a44abb94280706332351d,,
06866db3-292a-4543-a44e-c070970b9a64,completed,crn:v1:bluemix:public:quantum-computing:us-east:a/d2c50f33c43a44abb94280706332351d:deeabf25-a0d5-4c7b-9a89-18c5ff158017::,us-east,batch,2025-07-27T15:26:52.678Z,2025-07-27T15:38:55.671Z,ibm_fez,301,Grier Jones,,d2c50f33c43a44abb94280706332351d,,
e7d7eeaa-6df8-48a3-a192-e7f17acd911a,completed,crn:v1:bluemix:public:quantum-computing:us-east:a/d2c50f33c43a44abb94280706332351d:deeabf25-a0d5-4c7b-9a89-18c5ff158017::,us-east,batch,2025-07-27T15:26:52.647Z,2025-07-27T16:03:19.490Z,ibm_fez,289,Grier Jones,,d2c50f33c43a44abb94280706332351d,,
96d99fa4-03f0-4723-9300-6699a6246684,completed,crn:v1:bluemix:public:quantum-computing:us-east:a/d2c50f33c43a44abb94280706332351d:deeabf25-a0d5-4c7b-9a89-18c5ff158017::,us-east,batch,2025-07-27T15:03:05.642Z,2025-07-27T15:06:44.267Z,ibm_fez,192,Grier Jones,,d2c50f33c43a44abb94280706332351d,,
18ebd7ff-9ce5-4d32-8249-587d4a536f34,completed,crn:v1:bluemix:public:quantum-computing:us-east:a/d2c50f33c43a44abb94280706332351d:deeabf25-a0d5-4c7b-9a89-18c5ff158017::,us-east,batch,2025-07-27T15:03:05.634Z,2025-07-27T15:16:03.271Z,ibm_fez,256,Grier Jones,,d2c50f33c43a44abb94280706332351d,,
d359d836-d3d7-4322-b1f2-70209f73ae62,completed,crn:v1:bluemix:public:quantum-computing:us-east:a/d2c50f33c43a44abb94280706332351d:deeabf25-a0d5-4c7b-9a89-18c5ff158017::,us-east,batch,2025-07-27T15:03:05.616Z,2025-07-27T15:11:18.961Z,ibm_fez,256,Grier Jones,,d2c50f33c43a44abb94280706332351d,,
ebe0967d-4eab-4de8-a48f-552d6279e3dd,completed,crn:v1:bluemix:public:quantum-computing:us-east:a/d2c50f33c43a44abb94280706332351d:deeabf25-a0d5-4c7b-9a89-18c5ff158017::,us-east,batch,2025-07-27T15:03:05.569Z,2025-07-27T15:20:47.122Z,ibm_fez,256,Grier Jones,,d2c50f33c43a44abb94280706332351d,,
8e6f08ed-0eef-4b86-870c-74c601b3bef1,completed,crn:v1:bluemix:public:quantum-computing:us-east:a/d2c50f33c43a44abb94280706332351d:deeabf25-a0d5-4c7b-9a89-18c5ff158017::,us-east,batch,2025-07-27T15:03:05.565Z,2025-07-27T15:26:50.709Z,ibm_fez,260,Grier Jones,,d2c50f33c43a44abb94280706332351d,,
48b9dc80-90b3-4d19-8329-2938680cf886,completed,crn:v1:bluemix:public:quantum-computing:us-east:a/d2c50f33c43a44abb94280706332351d:deeabf25-a0d5-4c7b-9a89-18c5ff158017::,us-east,batch,2025-07-27T14:40:39.660Z,2025-07-27T14:59:12.118Z,ibm_fez,256,Grier Jones,,d2c50f33c43a44abb94280706332351d,,
487309d4-be01-4a95-a7df-d3bb579c6e13,completed,crn:v1:bluemix:public:quantum-computing:us-east:a/d2c50f33c43a44abb94280706332351d:deeabf25-a0d5-4c7b-9a89-18c5ff158017::,us-east,batch,2025-07-27T14:40:39.655Z,2025-07-27T14:45:17.963Z,ibm_fez,256,Grier Jones,,d2c50f33c43a44abb94280706332351d,,
6de8aa3a-5154-45b3-a352-28eb86f33e7d,completed,crn:v1:bluemix:public:quantum-computing:us-east:a/d2c50f33c43a44abb94280706332351d:deeabf25-a0d5-4c7b-9a89-18c5ff158017::,us-east,batch,2025-07-27T14:40:39.646Z,2025-07-27T15:02:58.227Z,ibm_fez,192,Grier Jones,,d2c50f33c43a44abb94280706332351d,,
14d58677-8e67-4124-ae31-e6acfb3de4a8,completed,crn:v1:bluemix:public:quantum-computing:us-east:a/d2c50f33c43a44abb94280706332351d:deeabf25-a0d5-4c7b-9a89-18c5ff158017::,us-east,batch,2025-07-27T14:40:39.603Z,2025-07-27T14:49:53.359Z,ibm_fez,256,Grier Jones,,d2c50f33c43a44abb94280706332351d,,
3c9c0fb5-ba2b-4f1d-bd8e-6df48ddd85ca,completed,crn:v1:bluemix:public:quantum-computing:us-east:a/d2c50f33c43a44abb94280706332351d:deeabf25-a0d5-4c7b-9a89-18c5ff158017::,us-east,batch,2025-07-27T14:40:39.597Z,2025-07-27T14:54:27.228Z,ibm_fez,257,Grier Jones,,d2c50f33c43a44abb94280706332351d,,
15b6afa7-8bc9-4dcf-8063-9ede903cdcbe,completed,crn:v1:bluemix:public:quantum-computing:us-east:a/d2c50f33c43a44abb94280706332351d:deeabf25-a0d5-4c7b-9a89-18c5ff158017::,us-east,batch,2025-07-27T14:15:59.382Z,2025-07-27T14:31:15.294Z,ibm_fez,261,Grier Jones,,d2c50f33c43a44abb94280706332351d,,
721745c0-08db-4b2b-a730-dad2dfdca9f2,completed,crn:v1:bluemix:public:quantum-computing:us-east:a/d2c50f33c43a44abb94280706332351d:deeabf25-a0d5-4c7b-9a89-18c5ff158017::,us-east,batch,2025-07-27T14:15:59.312Z,2025-07-27T14:35:39.233Z,ibm_fez,256,Grier Jones,,d2c50f33c43a44abb94280706332351d,,
311c8738-339f-4777-ae7a-fe3599bb0561,completed,crn:v1:bluemix:public:quantum-computing:us-east:a/d2c50f33c43a44abb94280706332351d:deeabf25-a0d5-4c7b-9a89-18c5ff158017::,us-east,batch,2025-07-27T14:15:59.308Z,2025-07-27T14:25:44.679Z,ibm_fez,197,Grier Jones,,d2c50f33c43a44abb94280706332351d,,
a834b9fd-5327-499c-9f63-bf93470ac205,completed,crn:v1:bluemix:public:quantum-computing:us-east:a/d2c50f33c43a44abb94280706332351d:deeabf25-a0d5-4c7b-9a89-18c5ff158017::,us-east,batch,2025-07-27T14:15:59.236Z,2025-07-27T14:40:37.918Z,ibm_fez,263,Grier Jones,,d2c50f33c43a44abb94280706332351d,,
c2a4e0ee-a44c-4b5f-8e92-d6599bbbed02,completed,crn:v1:bluemix:public:quantum-computing:us-east:a/d2c50f33c43a44abb94280706332351d:deeabf25-a0d5-4c7b-9a89-18c5ff158017::,us-east,batch,2025-07-27T14:15:59.232Z,2025-07-27T14:20:28.245Z,ibm_fez,256,Grier Jones,,d2c50f33c43a44abb94280706332351d,,
34ac29d6-6e4f-4764-84c1-0656ed7a744f,completed,crn:v1:bluemix:public:quantum-computing:us-east:a/d2c50f33c43a44abb94280706332351d:deeabf25-a0d5-4c7b-9a89-18c5ff158017::,us-east,batch,2025-07-27T13:34:13.592Z,2025-07-27T14:10:45.766Z,ibm_fez,256,Grier Jones,,d2c50f33c43a44abb94280706332351d,,
27036563-cbd7-4f23-ae14-869aeeeab47b,completed,crn:v1:bluemix:public:quantum-computing:us-east:a/d2c50f33c43a44abb94280706332351d:deeabf25-a0d5-4c7b-9a89-18c5ff158017::,us-east,batch,2025-07-27T13:34:13.445Z,2025-07-27T13:55:28.714Z,ibm_fez,256,Grier Jones,,d2c50f33c43a44abb94280706332351d,,
4c229fdc-c88d-43b3-b852-76204628a428,completed,crn:v1:bluemix:public:quantum-computing:us-east:a/d2c50f33c43a44abb94280706332351d:deeabf25-a0d5-4c7b-9a89-18c5ff158017::,us-east,batch,2025-07-27T13:34:13.428Z,2025-07-27T13:58:49.729Z,ibm_fez,192,Grier Jones,,d2c50f33c43a44abb94280706332351d,,
6f107e7b-1a3b-4deb-9d4c-f8dacf4bd5a3,completed,crn:v1:bluemix:public:quantum-computing:us-east:a/d2c50f33c43a44abb94280706332351d:deeabf25-a0d5-4c7b-9a89-18c5ff158017::,us-east,batch,2025-07-27T13:34:13.410Z,2025-07-27T14:15:57.051Z,ibm_fez,261,Grier Jones,,d2c50f33c43a44abb94280706332351d,,
8cae7f81-ea52-42c8-ad2f-6ab8e15282aa,completed,crn:v1:bluemix:public:quantum-computing:us-east:a/d2c50f33c43a44abb94280706332351d:deeabf25-a0d5-4c7b-9a89-18c5ff158017::,us-east,batch,2025-07-27T13:34:13.401Z,2025-07-27T14:03:13.498Z,ibm_fez,256,Grier Jones,,d2c50f33c43a44abb94280706332351d,,
4b6e589d-2ef9-4c80-89a0-da68ecad2e38,completed,crn:v1:bluemix:public:quantum-computing:us-east:a/d2c50f33c43a44abb94280706332351d:deeabf25-a0d5-4c7b-9a89-18c5ff158017::,us-east,batch,2025-07-27T13:12:22.609Z,2025-07-27T13:20:53.063Z,ibm_fez,259,Grier Jones,,d2c50f33c43a44abb94280706332351d,,
6b0a1234-9ddf-4128-bdfb-90c6fa4eeb13,completed,crn:v1:bluemix:public:quantum-computing:us-east:a/d2c50f33c43a44abb94280706332351d:deeabf25-a0d5-4c7b-9a89-18c5ff158017::,us-east,batch,2025-07-27T13:12:22.600Z,2025-07-27T13:25:17.642Z,ibm_fez,256,Grier Jones,,d2c50f33c43a44abb94280706332351d,,
37bf420a-c01c-479f-98ac-a7f073ffab32,completed,crn:v1:bluemix:public:quantum-computing:us-east:a/d2c50f33c43a44abb94280706332351d:deeabf25-a0d5-4c7b-9a89-18c5ff158017::,us-east,batch,2025-07-27T13:12:22.519Z,2025-07-27T13:15:56.329Z,ibm_fez,198,Grier Jones,,d2c50f33c43a44abb94280706332351d,,
f9a1d60d-14ca-40a9-be37-f688f75fbfe6,completed,crn:v1:bluemix:public:quantum-computing:us-east:a/d2c50f33c43a44abb94280706332351d:deeabf25-a0d5-4c7b-9a89-18c5ff158017::,us-east,batch,2025-07-27T13:12:22.512Z,2025-07-27T13:34:08.577Z,ibm_fez,256,Grier Jones,,d2c50f33c43a44abb94280706332351d,,
bbf5d58a-b52a-4daf-88c0-6789800baf5e,completed,crn:v1:bluemix:public:quantum-computing:us-east:a/d2c50f33c43a44abb94280706332351d:deeabf25-a0d5-4c7b-9a89-18c5ff158017::,us-east,batch,2025-07-27T13:12:22.502Z,2025-07-27T13:29:41.917Z,ibm_fez,256,Grier Jones,,d2c50f33c43a44abb94280706332351d,,
dd73f963-5e1d-4724-9e0f-4878b1d8a0cd,completed,crn:v1:bluemix:public:quantum-computing:us-east:a/d2c50f33c43a44abb94280706332351d:deeabf25-a0d5-4c7b-9a89-18c5ff158017::,us-east,batch,2025-07-27T12:46:12.078Z,2025-07-27T12:52:03.922Z,ibm_fez,192,Grier Jones,,d2c50f33c43a44abb94280706332351d,,
5e694f55-f8dc-4478-8ad6-f5f436c3ca9d,completed,crn:v1:bluemix:public:quantum-computing:us-east:a/d2c50f33c43a44abb94280706332351d:deeabf25-a0d5-4c7b-9a89-18c5ff158017::,us-east,batch,2025-07-27T12:46:12.070Z,2025-07-27T13:03:29.707Z,ibm_fez,261,Grier Jones,,d2c50f33c43a44abb94280706332351d,,
a9eae43a-8e00-4276-b23d-43c553fd8438,completed,crn:v1:bluemix:public:quantum-computing:us-east:a/d2c50f33c43a44abb94280706332351d:deeabf25-a0d5-4c7b-9a89-18c5ff158017::,us-east,batch,2025-07-27T12:46:11.996Z,2025-07-27T12:58:15.638Z,ibm_fez,260,Grier Jones,,d2c50f33c43a44abb94280706332351d,,
675c943b-3355-47ca-8de6-c14c24e520db,completed,crn:v1:bluemix:public:quantum-computing:us-east:a/d2c50f33c43a44abb94280706332351d:deeabf25-a0d5-4c7b-9a89-18c5ff158017::,us-east,batch,2025-07-27T12:46:11.992Z,2025-07-27T13:07:54.693Z,ibm_fez,257,Grier Jones,,d2c50f33c43a44abb94280706332351d,,
d13703d6-846d-4337-a381-acaa3ece49a1,completed,crn:v1:bluemix:public:quantum-computing:us-east:a/d2c50f33c43a44abb94280706332351d:deeabf25-a0d5-4c7b-9a89-18c5ff158017::,us-east,batch,2025-07-27T12:46:11.988Z,2025-07-27T13:12:18.744Z,ibm_fez,256,Grier Jones,,d2c50f33c43a44abb94280706332351d,,
51b7f552-cd43-4058-acab-4f24a9623ac9,completed,crn:v1:bluemix:public:quantum-computing:us-east:a/d2c50f33c43a44abb94280706332351d:deeabf25-a0d5-4c7b-9a89-18c5ff158017::,us-east,batch,2025-07-27T12:19:47.485Z,2025-07-27T12:26:58.369Z,ibm_fez,202,Grier Jones,,d2c50f33c43a44abb94280706332351d,,
e760d4ef-c49d-4275-aa2b-0f845205ffaa,completed,crn:v1:bluemix:public:quantum-computing:us-east:a/d2c50f33c43a44abb94280706332351d:deeabf25-a0d5-4c7b-9a89-18c5ff158017::,us-east,batch,2025-07-27T12:19:47.484Z,2025-07-27T12:41:22.209Z,ibm_fez,256,Grier Jones,,d2c50f33c43a44abb94280706332351d,,
ca300a51-4c91-4bf9-9b63-a2e5435b498a,completed,crn:v1:bluemix:public:quantum-computing:us-east:a/d2c50f33c43a44abb94280706332351d:deeabf25-a0d5-4c7b-9a89-18c5ff158017::,us-east,batch,2025-07-27T12:19:47.403Z,2025-07-27T12:36:35.654Z,ibm_fez,256,Grier Jones,,d2c50f33c43a44abb94280706332351d,,
124927e0-89a2-414f-8507-29d8c243d11c,completed,crn:v1:bluemix:public:quantum-computing:us-east:a/d2c50f33c43a44abb94280706332351d:deeabf25-a0d5-4c7b-9a89-18c5ff158017::,us-east,batch,2025-07-27T12:19:47.396Z,2025-07-27T12:46:11.121Z,ibm_fez,256,Grier Jones,,d2c50f33c43a44abb94280706332351d,,
8b267cf2-a208-4ca6-b49e-8bd30e06e02d,completed,crn:v1:bluemix:public:quantum-computing:us-east:a/d2c50f33c43a44abb94280706332351d:deeabf25-a0d5-4c7b-9a89-18c5ff158017::,us-east,batch,2025-07-27T12:19:47.222Z,2025-07-27T12:32:11.077Z,ibm_fez,261,Grier Jones,,d2c50f33c43a44abb94280706332351d,,
81cd4358-0d15-46ed-9959-7177ef8a1d5b,completed,crn:v1:bluemix:public:quantum-computing:us-east:a/d2c50f33c43a44abb94280706332351d:deeabf25-a0d5-4c7b-9a89-18c5ff158017::,us-east,batch,2025-07-27T11:52:21.310Z,2025-07-27T12:14:13.381Z,ibm_fez,256,Grier Jones,,d2c50f33c43a44abb94280706332351d,,
b129ee05-ee44-43ce-9cf5-633f3681d212,completed,crn:v1:bluemix:public:quantum-computing:us-east:a/d2c50f33c43a44abb94280706332351d:deeabf25-a0d5-4c7b-9a89-18c5ff158017::,us-east,batch,2025-07-27T11:52:19.894Z,2025-07-27T12:03:58.375Z,ibm_fez,193,Grier Jones,,d2c50f33c43a44abb94280706332351d,,
efef7ce0-3916-45c5-b8d6-bd64a121eda0,completed,crn:v1:bluemix:public:quantum-computing:us-east:a/d2c50f33c43a44abb94280706332351d:deeabf25-a0d5-4c7b-9a89-18c5ff158017::,us-east,batch,2025-07-27T11:52:19.701Z,2025-07-27T12:08:22.445Z,ibm_fez,256,Grier Jones,,d2c50f33c43a44abb94280706332351d,,
048dfdd3-ab77-4255-85c9-061a32d2334e,completed,crn:v1:bluemix:public:quantum-computing:us-east:a/d2c50f33c43a44abb94280706332351d:deeabf25-a0d5-4c7b-9a89-18c5ff158017::,us-east,batch,2025-07-27T11:52:19.697Z,2025-07-27T12:00:37.129Z,ibm_fez,256,Grier Jones,,d2c50f33c43a44abb94280706332351d,,
535845dc-0228-4820-913a-9b1031044e22,completed,crn:v1:bluemix:public:quantum-computing:us-east:a/d2c50f33c43a44abb94280706332351d:deeabf25-a0d5-4c7b-9a89-18c5ff158017::,us-east,batch,2025-07-27T11:52:19.684Z,2025-07-27T12:19:44.166Z,ibm_fez,256,Grier Jones,,d2c50f33c43a44abb94280706332351d,,
6f705d01-cb80-4e2f-a8e8-ad6548327496,completed,crn:v1:bluemix:public:quantum-computing:us-east:a/d2c50f33c43a44abb94280706332351d:deeabf25-a0d5-4c7b-9a89-18c5ff158017::,us-east,batch,2025-07-26T23:19:54.458Z,2025-07-27T11:52:18.723Z,ibm_fez,256,Grier Jones,,d2c50f33c43a44abb94280706332351d,,
4803617d-e16d-44d7-b783-bad135122d36,completed,crn:v1:bluemix:public:quantum-computing:us-east:a/d2c50f33c43a44abb94280706332351d:deeabf25-a0d5-4c7b-9a89-18c5ff158017::,us-east,batch,2025-07-26T23:19:54.046Z,2025-07-26T23:29:08.223Z,ibm_fez,256,Grier Jones,,d2c50f33c43a44abb94280706332351d,,
3eb90d9b-683c-4c2c-abce-9533d261bb7c,completed,crn:v1:bluemix:public:quantum-computing:us-east:a/d2c50f33c43a44abb94280706332351d:deeabf25-a0d5-4c7b-9a89-18c5ff158017::,us-east,batch,2025-07-26T23:19:53.910Z,2025-07-27T11:46:47.883Z,ibm_fez,278,Grier Jones,,d2c50f33c43a44abb94280706332351d,,
873fef67-c86a-4f64-bbbd-6c61e05a1fd4,completed,crn:v1:bluemix:public:quantum-computing:us-east:a/d2c50f33c43a44abb94280706332351d:deeabf25-a0d5-4c7b-9a89-18c5ff158017::,us-east,batch,2025-07-26T23:19:53.903Z,2025-07-26T23:24:43.411Z,ibm_fez,256,Grier Jones,,d2c50f33c43a44abb94280706332351d,,
d728461b-be51-427f-85ad-8d9632bc86d7,completed,crn:v1:bluemix:public:quantum-computing:us-east:a/d2c50f33c43a44abb94280706332351d:deeabf25-a0d5-4c7b-9a89-18c5ff158017::,us-east,batch,2025-07-26T23:19:53.831Z,2025-07-26T23:33:14.873Z,ibm_fez,193,Grier Jones,,d2c50f33c43a44abb94280706332351d,,
e73830bd-bd4e-4362-b65d-e7981836ea58,completed,crn:v1:bluemix:public:quantum-computing:us-east:a/d2c50f33c43a44abb94280706332351d:deeabf25-a0d5-4c7b-9a89-18c5ff158017::,us-east,batch,2025-07-26T22:56:18.398Z,2025-07-26T23:07:13.994Z,ibm_fez,265,Grier Jones,,d2c50f33c43a44abb94280706332351d,,
e63536ca-6494-4358-955c-ad0c002ff4f6,completed,crn:v1:bluemix:public:quantum-computing:us-east:a/d2c50f33c43a44abb94280706332351d:deeabf25-a0d5-4c7b-9a89-18c5ff158017::,us-east,batch,2025-07-26T22:56:18.396Z,2025-07-26T23:19:51.476Z,ibm_fez,263,Grier Jones,,d2c50f33c43a44abb94280706332351d,,
0686b683-c07a-4ffb-8b5d-8f60c52acefa,completed,crn:v1:bluemix:public:quantum-computing:us-east:a/d2c50f33c43a44abb94280706332351d:deeabf25-a0d5-4c7b-9a89-18c5ff158017::,us-east,batch,2025-07-26T22:56:18.366Z,2025-07-26T23:15:03.510Z,ibm_fez,259,Grier Jones,,d2c50f33c43a44abb94280706332351d,,
f1786ae7-cca4-4d31-bb98-b836f4d45131,completed,crn:v1:bluemix:public:quantum-computing:us-east:a/d2c50f33c43a44abb94280706332351d:deeabf25-a0d5-4c7b-9a89-18c5ff158017::,us-east,batch,2025-07-26T22:56:18.359Z,2025-07-26T23:10:35.590Z,ibm_fez,192,Grier Jones,,d2c50f33c43a44abb94280706332351d,,
1eb1567f-3ff2-4d55-9c1d-096846b811b6,completed,crn:v1:bluemix:public:quantum-computing:us-east:a/d2c50f33c43a44abb94280706332351d:deeabf25-a0d5-4c7b-9a89-18c5ff158017::,us-east,batch,2025-07-26T22:56:18.162Z,2025-07-26T23:01:29.940Z,ibm_fez,262,Grier Jones,,d2c50f33c43a44abb94280706332351d,,
95fa6278-a8d7-4fd3-a30d-8a4601cd1f12,completed,crn:v1:bluemix:public:quantum-computing:us-east:a/d2c50f33c43a44abb94280706332351d:deeabf25-a0d5-4c7b-9a89-18c5ff158017::,us-east,batch,2025-07-26T20:42:44.153Z,2025-07-26T20:51:44.757Z,ibm_fez,256,Grier Jones,,d2c50f33c43a44abb94280706332351d,,
54e3490e-f947-4bfc-b0ad-99658505046e,completed,crn:v1:bluemix:public:quantum-computing:us-east:a/d2c50f33c43a44abb94280706332351d:deeabf25-a0d5-4c7b-9a89-18c5ff158017::,us-east,batch,2025-07-26T20:42:44.151Z,2025-07-26T21:00:34.415Z,ibm_fez,256,Grier Jones,,d2c50f33c43a44abb94280706332351d,,
a39b9ac1-6f80-4d05-aa3e-8c66fb2500e2,completed,crn:v1:bluemix:public:quantum-computing:us-east:a/d2c50f33c43a44abb94280706332351d:deeabf25-a0d5-4c7b-9a89-18c5ff158017::,us-east,batch,2025-07-26T20:42:43.970Z,2025-07-26T22:56:12.275Z,ibm_fez,202,Grier Jones,,d2c50f33c43a44abb94280706332351d,,
a5ed0a13-09c2-4a50-a011-7c401477f226,completed,crn:v1:bluemix:public:quantum-computing:us-east:a/d2c50f33c43a44abb94280706332351d:deeabf25-a0d5-4c7b-9a89-18c5ff158017::,us-east,batch,2025-07-26T20:42:43.957Z,2025-07-26T20:56:08.929Z,ibm_fez,256,Grier Jones,,d2c50f33c43a44abb94280706332351d,,
c7eeffcc-5b40-4348-b8e7-d52769583551,completed,crn:v1:bluemix:public:quantum-computing:us-east:a/d2c50f33c43a44abb94280706332351d:deeabf25-a0d5-4c7b-9a89-18c5ff158017::,us-east,batch,2025-07-26T20:42:43.946Z,2025-07-26T20:47:20.313Z,ibm_fez,256,Grier Jones,,d2c50f33c43a44abb94280706332351d,,
9bf68d63-b5b8-42ab-8d3c-2ef9e0f33b26,completed,crn:v1:bluemix:public:quantum-computing:us-east:a/d2c50f33c43a44abb94280706332351d:deeabf25-a0d5-4c7b-9a89-18c5ff158017::,us-east,batch,2025-07-26T20:18:10.258Z,2025-07-26T20:23:29.938Z,ibm_fez,206,Grier Jones,,d2c50f33c43a44abb94280706332351d,,
8f8c4080-64bf-42be-bc96-ae031160264f,completed,crn:v1:bluemix:public:quantum-computing:us-east:a/d2c50f33c43a44abb94280706332351d:deeabf25-a0d5-4c7b-9a89-18c5ff158017::,us-east,batch,2025-07-26T20:18:10.248Z,2025-07-26T20:38:15.702Z,ibm_fez,256,Grier Jones,,d2c50f33c43a44abb94280706332351d,,
dee79f4b-1f8f-498d-afc5-2075c8404103,completed,crn:v1:bluemix:public:quantum-computing:us-east:a/d2c50f33c43a44abb94280706332351d:deeabf25-a0d5-4c7b-9a89-18c5ff158017::,us-east,batch,2025-07-26T20:18:10.233Z,2025-07-26T20:33:50.558Z,ibm_fez,256,Grier Jones,,d2c50f33c43a44abb94280706332351d,,
e5a34e38-0ab2-4caf-a809-4d5d99de8580,completed,crn:v1:bluemix:public:quantum-computing:us-east:a/d2c50f33c43a44abb94280706332351d:deeabf25-a0d5-4c7b-9a89-18c5ff158017::,us-east,batch,2025-07-26T20:18:10.171Z,2025-07-26T20:29:26.023Z,ibm_fez,267,Grier Jones,,d2c50f33c43a44abb94280706332351d,,
ea5d2b33-70c7-45b0-bd1e-9a230095c007,completed,crn:v1:bluemix:public:quantum-computing:us-east:a/d2c50f33c43a44abb94280706332351d:deeabf25-a0d5-4c7b-9a89-18c5ff158017::,us-east,batch,2025-07-26T20:18:10.047Z,2025-07-26T20:42:40.996Z,ibm_fez,257,Grier Jones,,d2c50f33c43a44abb94280706332351d,,
7c627397-d7d9-4125-8ebf-a7080b5deb66,completed,crn:v1:bluemix:public:quantum-computing:us-east:a/d2c50f33c43a44abb94280706332351d:deeabf25-a0d5-4c7b-9a89-18c5ff158017::,us-east,batch,2025-07-26T19:40:33.464Z,2025-07-26T20:18:04.380Z,ibm_fez,199,Grier Jones,,d2c50f33c43a44abb94280706332351d,,
ccc58cad-43c4-45da-924d-baefd39e12f8,completed,crn:v1:bluemix:public:quantum-computing:us-east:a/d2c50f33c43a44abb94280706332351d:deeabf25-a0d5-4c7b-9a89-18c5ff158017::,us-east,batch,2025-07-26T19:40:32.753Z,2025-07-26T20:06:21.418Z,ibm_fez,276,Grier Jones,,d2c50f33c43a44abb94280706332351d,,
fd5d2686-019b-450b-8c80-ee1378e2e7fd,completed,crn:v1:bluemix:public:quantum-computing:us-east:a/d2c50f33c43a44abb94280706332351d:deeabf25-a0d5-4c7b-9a89-18c5ff158017::,us-east,batch,2025-07-26T19:40:32.752Z,2025-07-26T19:57:58.168Z,ibm_fez,275,Grier Jones,,d2c50f33c43a44abb94280706332351d,,
40a8f0b4-f613-49ae-b024-09272c74a610,completed,crn:v1:bluemix:public:quantum-computing:us-east:a/d2c50f33c43a44abb94280706332351d:deeabf25-a0d5-4c7b-9a89-18c5ff158017::,us-east,batch,2025-07-26T19:40:32.751Z,2025-07-26T20:13:55.876Z,ibm_fez,278,Grier Jones,,d2c50f33c43a44abb94280706332351d,,
1587151b-2b78-4900-b868-85c6baf04e27,completed,crn:v1:bluemix:public:quantum-computing:us-east:a/d2c50f33c43a44abb94280706332351d:deeabf25-a0d5-4c7b-9a89-18c5ff158017::,us-east,batch,2025-07-26T19:40:31.645Z,2025-07-26T19:48:06.341Z,ibm_fez,271,Grier Jones,,d2c50f33c43a44abb94280706332351d,,
749a0609-79ca-4141-9bdb-234cc16cfb0d,completed,crn:v1:bluemix:public:quantum-computing:us-east:a/d2c50f33c43a44abb94280706332351d:deeabf25-a0d5-4c7b-9a89-18c5ff158017::,us-east,batch,2025-07-26T19:07:16.261Z,2025-07-26T19:21:31.135Z,ibm_fez,271,Grier Jones,,d2c50f33c43a44abb94280706332351d,,
156d98a1-1079-4b39-a301-e8b4a2ba36a1,completed,crn:v1:bluemix:public:quantum-computing:us-east:a/d2c50f33c43a44abb94280706332351d:deeabf25-a0d5-4c7b-9a89-18c5ff158017::,us-east,batch,2025-07-26T19:07:16.256Z,2025-07-26T19:32:23.517Z,ibm_fez,265,Grier Jones,,d2c50f33c43a44abb94280706332351d,,
b65ba536-13cb-4a37-bf7d-8ca73ae2912d,completed,crn:v1:bluemix:public:quantum-computing:us-east:a/d2c50f33c43a44abb94280706332351d:deeabf25-a0d5-4c7b-9a89-18c5ff158017::,us-east,batch,2025-07-26T19:07:16.179Z,2025-07-26T19:26:08.441Z,ibm_fez,196,Grier Jones,,d2c50f33c43a44abb94280706332351d,,
59967b15-f259-4abd-be9e-dc953f1cd357,completed,crn:v1:bluemix:public:quantum-computing:us-east:a/d2c50f33c43a44abb94280706332351d:deeabf25-a0d5-4c7b-9a89-18c5ff158017::,us-east,batch,2025-07-26T19:07:16.176Z,2025-07-26T19:12:03.561Z,ibm_fez,256,Grier Jones,,d2c50f33c43a44abb94280706332351d,,
10ba3424-0dda-4fd8-b378-2836eed425f2,completed,crn:v1:bluemix:public:quantum-computing:us-east:a/d2c50f33c43a44abb94280706332351d:deeabf25-a0d5-4c7b-9a89-18c5ff158017::,us-east,batch,2025-07-26T19:07:16.171Z,2025-07-26T19:40:28.930Z,ibm_fez,279,Grier Jones,,d2c50f33c43a44abb94280706332351d,,
c56a8c9e-b35b-4d06-89be-6cebe3c2a81f,completed,crn:v1:bluemix:public:quantum-computing:us-east:a/d2c50f33c43a44abb94280706332351d:deeabf25-a0d5-4c7b-9a89-18c5ff158017::,us-east,batch,2025-07-26T18:45:19.907Z,2025-07-26T19:07:14.677Z,ibm_fez,256,Grier Jones,,d2c50f33c43a44abb94280706332351d,,
36dc315c-533c-4f45-aaa0-b2731a833c8d,completed,crn:v1:bluemix:public:quantum-computing:us-east:a/d2c50f33c43a44abb94280706332351d:deeabf25-a0d5-4c7b-9a89-18c5ff158017::,us-east,batch,2025-07-26T18:45:19.900Z,2025-07-26T18:58:25.054Z,ibm_fez,193,Grier Jones,,d2c50f33c43a44abb94280706332351d,,
1b8b23a1-d4f8-4462-a239-203fd3eb55ad,completed,crn:v1:bluemix:public:quantum-computing:us-east:a/d2c50f33c43a44abb94280706332351d:deeabf25-a0d5-4c7b-9a89-18c5ff158017::,us-east,batch,2025-07-26T18:45:19.896Z,2025-07-26T19:02:49.615Z,ibm_fez,257,Grier Jones,,d2c50f33c43a44abb94280706332351d,,
d73d776a-3a9e-4cde-9a8d-26d2dbcfd1e1,completed,crn:v1:bluemix:public:quantum-computing:us-east:a/d2c50f33c43a44abb94280706332351d:deeabf25-a0d5-4c7b-9a89-18c5ff158017::,us-east,batch,2025-07-26T18:45:19.862Z,2025-07-26T18:54:19.011Z,ibm_fez,259,Grier Jones,,d2c50f33c43a44abb94280706332351d,,
4473c198-4b82-4270-8828-b0572c1985c1,completed,crn:v1:bluemix:public:quantum-computing:us-east:a/d2c50f33c43a44abb94280706332351d:deeabf25-a0d5-4c7b-9a89-18c5ff158017::,us-east,batch,2025-07-26T18:45:19.853Z,2025-07-26T18:49:52.049Z,ibm_fez,256,Grier Jones,,d2c50f33c43a44abb94280706332351d,,
e91522d4-83c1-4ee5-8153-29e1aaeb6c25,completed,crn:v1:bluemix:public:quantum-computing:us-east:a/d2c50f33c43a44abb94280706332351d:deeabf25-a0d5-4c7b-9a89-18c5ff158017::,us-east,batch,2025-07-26T18:18:15.370Z,2025-07-26T18:40:52.506Z,ibm_fez,262,Grier Jones,,d2c50f33c43a44abb94280706332351d,,
b8334f69-1305-4837-a7ae-5f55286d0dc3,completed,crn:v1:bluemix:public:quantum-computing:us-east:a/d2c50f33c43a44abb94280706332351d:deeabf25-a0d5-4c7b-9a89-18c5ff158017::,us-east,batch,2025-07-26T18:18:15.246Z,2025-07-26T18:34:44.621Z,ibm_fez,193,Grier Jones,,d2c50f33c43a44abb94280706332351d,,
2ad3f74e-1747-4b81-bd45-848155973e7d,completed,crn:v1:bluemix:public:quantum-computing:us-east:a/d2c50f33c43a44abb94280706332351d:deeabf25-a0d5-4c7b-9a89-18c5ff158017::,us-east,batch,2025-07-26T18:18:15.151Z,2025-07-26T18:45:17.218Z,ibm_fez,256,Grier Jones,,d2c50f33c43a44abb94280706332351d,,
e6b21915-b912-45f1-a336-e3c2d3b362d4,completed,crn:v1:bluemix:public:quantum-computing:us-east:a/d2c50f33c43a44abb94280706332351d:deeabf25-a0d5-4c7b-9a89-18c5ff158017::,us-east,batch,2025-07-26T18:18:15.140Z,2025-07-26T18:31:23.040Z,ibm_fez,266,Grier Jones,,d2c50f33c43a44abb94280706332351d,,
b26c192b-ceaa-4ae2-a303-9ddb7a79f23b,completed,crn:v1:bluemix:public:quantum-computing:us-east:a/d2c50f33c43a44abb94280706332351d:deeabf25-a0d5-4c7b-9a89-18c5ff158017::,us-east,batch,2025-07-26T18:18:15.130Z,2025-07-26T18:22:48.523Z,ibm_fez,256,Grier Jones,,d2c50f33c43a44abb94280706332351d,,
e5b65a25-6c44-47ee-902a-72ab37248b7c,completed,crn:v1:bluemix:public:quantum-computing:us-east:a/d2c50f33c43a44abb94280706332351d:deeabf25-a0d5-4c7b-9a89-18c5ff158017::,us-east,batch,2025-07-26T17:52:51.512Z,2025-07-26T18:18:11.309Z,ibm_fez,258,Grier Jones,,d2c50f33c43a44abb94280706332351d,,
f5b9a72e-bfda-4275-b712-e10356ee91cb,completed,crn:v1:bluemix:public:quantum-computing:us-east:a/d2c50f33c43a44abb94280706332351d:deeabf25-a0d5-4c7b-9a89-18c5ff158017::,us-east,batch,2025-07-26T17:52:51.501Z,2025-07-26T18:13:35.507Z,ibm_fez,267,Grier Jones,,d2c50f33c43a44abb94280706332351d,,
c5c2a433-5051-4b5f-8f80-5333fcb1b360,completed,crn:v1:bluemix:public:quantum-computing:us-east:a/d2c50f33c43a44abb94280706332351d:deeabf25-a0d5-4c7b-9a89-18c5ff158017::,us-east,batch,2025-07-26T17:52:51.489Z,2025-07-26T18:00:41.387Z,ibm_fez,256,Grier Jones,,d2c50f33c43a44abb94280706332351d,,
90a8ccdb-302d-49d0-80ff-d57125eac328,completed,crn:v1:bluemix:public:quantum-computing:us-east:a/d2c50f33c43a44abb94280706332351d:deeabf25-a0d5-4c7b-9a89-18c5ff158017::,us-east,batch,2025-07-26T17:52:50.902Z,2025-07-26T18:06:50.008Z,ibm_fez,263,Grier Jones,,d2c50f33c43a44abb94280706332351d,,
ba722179-10a5-481f-acce-bae9ce203fdb,completed,crn:v1:bluemix:public:quantum-computing:us-east:a/d2c50f33c43a44abb94280706332351d:deeabf25-a0d5-4c7b-9a89-18c5ff158017::,us-east,batch,2025-07-26T17:52:50.822Z,2025-07-26T17:56:17.660Z,ibm_fez,192,Grier Jones,,d2c50f33c43a44abb94280706332351d,,
2d33b16f-9a46-4609-ab2f-c1c7a0c6ece9,completed,crn:v1:bluemix:public:quantum-computing:us-east:a/d2c50f33c43a44abb94280706332351d:deeabf25-a0d5-4c7b-9a89-18c5ff158017::,us-east,batch,2025-07-26T17:31:37.825Z,2025-07-26T17:49:23.615Z,ibm_fez,256,Grier Jones,,d2c50f33c43a44abb94280706332351d,,
7de5646e-d38f-44c5-ad73-15209c5738ca,completed,crn:v1:bluemix:public:quantum-computing:us-east:a/d2c50f33c43a44abb94280706332351d:deeabf25-a0d5-4c7b-9a89-18c5ff158017::,us-east,batch,2025-07-26T17:31:37.773Z,2025-07-26T17:44:59.920Z,ibm_fez,256,Grier Jones,,d2c50f33c43a44abb94280706332351d,,
2a95fa70-d2cf-43da-8c52-a18522bea645,completed,crn:v1:bluemix:public:quantum-computing:us-east:a/d2c50f33c43a44abb94280706332351d:deeabf25-a0d5-4c7b-9a89-18c5ff158017::,us-east,batch,2025-07-26T17:31:37.768Z,2025-07-26T17:52:44.181Z,ibm_fez,192,Grier Jones,,d2c50f33c43a44abb94280706332351d,,
069d0f0c-64ba-4ace-8d67-aba3a2dcd29f,completed,crn:v1:bluemix:public:quantum-computing:us-east:a/d2c50f33c43a44abb94280706332351d:deeabf25-a0d5-4c7b-9a89-18c5ff158017::,us-east,batch,2025-07-26T17:31:37.227Z,2025-07-26T17:36:12.348Z,ibm_fez,258,Grier Jones,,d2c50f33c43a44abb94280706332351d,,
09cd2d24-0316-4a54-abbc-e41a8a1a1cab,completed,crn:v1:bluemix:public:quantum-computing:us-east:a/d2c50f33c43a44abb94280706332351d:deeabf25-a0d5-4c7b-9a89-18c5ff158017::,us-east,batch,2025-07-26T17:31:37.053Z,2025-07-26T17:40:36.256Z,ibm_fez,256,Grier Jones,,d2c50f33c43a44abb94280706332351d,,
792db87f-e6bb-4973-8d75-d45a48ab5e37,completed,crn:v1:bluemix:public:quantum-computing:us-east:a/d2c50f33c43a44abb94280706332351d:deeabf25-a0d5-4c7b-9a89-18c5ff158017::,us-east,batch,2025-07-26T17:08:20.793Z,2025-07-26T17:14:03.976Z,ibm_fez,265,Grier Jones,,d2c50f33c43a44abb94280706332351d,,
d5e0aafa-627a-43ee-b96e-11c5111b165b,completed,crn:v1:bluemix:public:quantum-computing:us-east:a/d2c50f33c43a44abb94280706332351d:deeabf25-a0d5-4c7b-9a89-18c5ff158017::,us-east,batch,2025-07-26T17:08:20.762Z,2025-07-26T17:23:50.399Z,ibm_fez,262,Grier Jones,,d2c50f33c43a44abb94280706332351d,,
1d3a9866-d797-4867-9b5b-0eb737e8354e,completed,crn:v1:bluemix:public:quantum-computing:us-east:a/d2c50f33c43a44abb94280706332351d:deeabf25-a0d5-4c7b-9a89-18c5ff158017::,us-east,batch,2025-07-26T17:08:20.755Z,2025-07-26T17:31:35.104Z,ibm_fez,256,Grier Jones,,d2c50f33c43a44abb94280706332351d,,
b763419d-c1d3-42e5-aceb-8e71eb24b123,completed,crn:v1:bluemix:public:quantum-computing:us-east:a/d2c50f33c43a44abb94280706332351d:deeabf25-a0d5-4c7b-9a89-18c5ff158017::,us-east,batch,2025-07-26T17:08:20.753Z,2025-07-26T17:27:10.829Z,ibm_fez,192,Grier Jones,,d2c50f33c43a44abb94280706332351d,,
2180c775-31ad-4e43-ad2e-bcc87990e53a,completed,crn:v1:bluemix:public:quantum-computing:us-east:a/d2c50f33c43a44abb94280706332351d:deeabf25-a0d5-4c7b-9a89-18c5ff158017::,us-east,batch,2025-07-26T17:08:20.747Z,2025-07-26T17:18:47.060Z,ibm_fez,260,Grier Jones,,d2c50f33c43a44abb94280706332351d,,
0fffe40b-d9bd-4bfc-ad39-c0fb3f83a80a,completed,crn:v1:bluemix:public:quantum-computing:us-east:a/d2c50f33c43a44abb94280706332351d:deeabf25-a0d5-4c7b-9a89-18c5ff158017::,us-east,batch,2025-07-26T16:47:10.826Z,2025-07-26T16:56:04.751Z,ibm_fez,256,Grier Jones,,d2c50f33c43a44abb94280706332351d,,
2b3d9d4e-f5e1-44ed-af89-2dca258f5500,completed,crn:v1:bluemix:public:quantum-computing:us-east:a/d2c50f33c43a44abb94280706332351d:deeabf25-a0d5-4c7b-9a89-18c5ff158017::,us-east,batch,2025-07-26T16:47:10.817Z,2025-07-26T17:04:53.524Z,ibm_fez,256,Grier Jones,,d2c50f33c43a44abb94280706332351d,,
3e31bb13-d107-4fb0-87a6-3b90e85d3634,completed,crn:v1:bluemix:public:quantum-computing:us-east:a/d2c50f33c43a44abb94280706332351d:deeabf25-a0d5-4c7b-9a89-18c5ff158017::,us-east,batch,2025-07-26T16:47:10.816Z,2025-07-26T17:08:13.918Z,ibm_fez,192,Grier Jones,,d2c50f33c43a44abb94280706332351d,,
07aaf17d-2c8c-4ce3-a379-fc17079f7750,completed,crn:v1:bluemix:public:quantum-computing:us-east:a/d2c50f33c43a44abb94280706332351d:deeabf25-a0d5-4c7b-9a89-18c5ff158017::,us-east,batch,2025-07-26T16:47:10.814Z,2025-07-26T17:00:28.903Z,ibm_fez,256,Grier Jones,,d2c50f33c43a44abb94280706332351d,,
74977b43-1142-452a-84b4-f0170d32bc6f,completed,crn:v1:bluemix:public:quantum-computing:us-east:a/d2c50f33c43a44abb94280706332351d:deeabf25-a0d5-4c7b-9a89-18c5ff158017::,us-east,batch,2025-07-26T16:47:10.720Z,2025-07-26T16:51:40.049Z,ibm_fez,256,Grier Jones,,d2c50f33c43a44abb94280706332351d,,
37e1c92c-4273-4f1f-905f-c606750f4fcf,completed,crn:v1:bluemix:public:quantum-computing:us-east:a/d2c50f33c43a44abb94280706332351d:deeabf25-a0d5-4c7b-9a89-18c5ff158017::,us-east,batch,2025-07-26T16:24:41.545Z,2025-07-26T16:42:43.574Z,ibm_fez,257,Grier Jones,,d2c50f33c43a44abb94280706332351d,,
f0d03983-0200-49c1-a9c1-73ef5c119315,completed,crn:v1:bluemix:public:quantum-computing:us-east:a/d2c50f33c43a44abb94280706332351d:deeabf25-a0d5-4c7b-9a89-18c5ff158017::,us-east,batch,2025-07-26T16:24:41.484Z,2025-07-26T16:47:08.048Z,ibm_fez,256,Grier Jones,,d2c50f33c43a44abb94280706332351d,,
073e855b-e58d-4f3f-b1d7-3476c810a1b4,completed,crn:v1:bluemix:public:quantum-computing:us-east:a/d2c50f33c43a44abb94280706332351d:deeabf25-a0d5-4c7b-9a89-18c5ff158017::,us-east,batch,2025-07-26T16:24:41.264Z,2025-07-26T16:33:53.793Z,ibm_fez,261,Grier Jones,,d2c50f33c43a44abb94280706332351d,,
9e1ae2ac-899b-4826-8b42-908f6c3622da,completed,crn:v1:bluemix:public:quantum-computing:us-east:a/d2c50f33c43a44abb94280706332351d:deeabf25-a0d5-4c7b-9a89-18c5ff158017::,us-east,batch,2025-07-26T16:24:41.083Z,2025-07-26T16:38:18.397Z,ibm_fez,256,Grier Jones,,d2c50f33c43a44abb94280706332351d,,
187118c9-02f5-440c-9282-44e4e768b49c,completed,crn:v1:bluemix:public:quantum-computing:us-east:a/d2c50f33c43a44abb94280706332351d:deeabf25-a0d5-4c7b-9a89-18c5ff158017::,us-east,batch,2025-07-26T16:24:41.072Z,2025-07-26T16:28:59.393Z,ibm_fez,196,Grier Jones,,d2c50f33c43a44abb94280706332351d,,
3e0a25d7-e97b-4803-b3c3-9b3243bad3e7,completed,crn:v1:bluemix:public:quantum-computing:us-east:a/d2c50f33c43a44abb94280706332351d:deeabf25-a0d5-4c7b-9a89-18c5ff158017::,us-east,batch,2025-07-26T15:50:07.731Z,2025-07-26T16:24:38.637Z,ibm_fez,271,Grier Jones,,d2c50f33c43a44abb94280706332351d,,
a87ebd90-08df-40b1-9d26-2d4a7eb3722e,completed,crn:v1:bluemix:public:quantum-computing:us-east:a/d2c50f33c43a44abb94280706332351d:deeabf25-a0d5-4c7b-9a89-18c5ff158017::,us-east,batch,2025-07-26T15:50:07.725Z,2025-07-26T16:18:03.013Z,ibm_fez,273,Grier Jones,,d2c50f33c43a44abb94280706332351d,,
3558e4a4-e254-49e6-9598-6b5c9ef2beb8,completed,crn:v1:bluemix:public:quantum-computing:us-east:a/d2c50f33c43a44abb94280706332351d:deeabf25-a0d5-4c7b-9a89-18c5ff158017::,us-east,batch,2025-07-26T15:50:07.431Z,2025-07-26T16:11:21.375Z,ibm_fez,202,Grier Jones,,d2c50f33c43a44abb94280706332351d,,
252cd2fb-accd-462c-a7b0-4746d4e9d8dd,completed,crn:v1:bluemix:public:quantum-computing:us-east:a/d2c50f33c43a44abb94280706332351d:deeabf25-a0d5-4c7b-9a89-18c5ff158017::,us-east,batch,2025-07-26T15:50:06.923Z,2025-07-26T15:58:32.429Z,ibm_fez,270,Grier Jones,,d2c50f33c43a44abb94280706332351d,,
a0566fa7-b48f-407a-be5c-fd0a4c131aea,completed,crn:v1:bluemix:public:quantum-computing:us-east:a/d2c50f33c43a44abb94280706332351d:deeabf25-a0d5-4c7b-9a89-18c5ff158017::,us-east,batch,2025-07-26T15:50:06.855Z,2025-07-26T16:06:41.657Z,ibm_fez,282,Grier Jones,,d2c50f33c43a44abb94280706332351d,,
fe288efb-feb5-46ee-83aa-731aedbffbb7,completed,crn:v1:bluemix:public:quantum-computing:us-east:a/d2c50f33c43a44abb94280706332351d:deeabf25-a0d5-4c7b-9a89-18c5ff158017::,us-east,batch,2025-07-26T15:18:48.243Z,2025-07-26T15:29:03.624Z,ibm_fez,267,Grier Jones,,d2c50f33c43a44abb94280706332351d,,
be224470-30a7-41aa-96b7-d54b8aba4ce2,completed,crn:v1:bluemix:public:quantum-computing:us-east:a/d2c50f33c43a44abb94280706332351d:deeabf25-a0d5-4c7b-9a89-18c5ff158017::,us-east,batch,2025-07-26T15:18:48.234Z,2025-07-26T15:40:52.198Z,ibm_fez,207,Grier Jones,,d2c50f33c43a44abb94280706332351d,,
f0ad5a32-4786-461c-be2d-a0e54e1b36be,completed,crn:v1:bluemix:public:quantum-computing:us-east:a/d2c50f33c43a44abb94280706332351d:deeabf25-a0d5-4c7b-9a89-18c5ff158017::,us-east,batch,2025-07-26T15:18:48.156Z,2025-07-26T15:50:04.362Z,ibm_fez,277,Grier Jones,,d2c50f33c43a44abb94280706332351d,,
8c1fbbb1-4fbf-4843-9430-32c59d380542,completed,crn:v1:bluemix:public:quantum-computing:us-east:a/d2c50f33c43a44abb94280706332351d:deeabf25-a0d5-4c7b-9a89-18c5ff158017::,us-east,batch,2025-07-26T15:18:48.142Z,2025-07-26T15:23:20.463Z,ibm_fez,256,Grier Jones,,d2c50f33c43a44abb94280706332351d,,
4ecad60c-6e8b-4c44-9113-1be347ff5342,completed,crn:v1:bluemix:public:quantum-computing:us-east:a/d2c50f33c43a44abb94280706332351d:deeabf25-a0d5-4c7b-9a89-18c5ff158017::,us-east,batch,2025-07-26T15:18:48.070Z,2025-07-26T15:35:41.813Z,ibm_fez,270,Grier Jones,,d2c50f33c43a44abb94280706332351d,,
1a68678c-6cf9-4cfc-92fa-9ebf882691d1,completed,crn:v1:bluemix:public:quantum-computing:us-east:a/d2c50f33c43a44abb94280706332351d:deeabf25-a0d5-4c7b-9a89-18c5ff158017::,us-east,batch,2025-07-26T14:55:39.530Z,2025-07-26T15:00:18.669Z,ibm_fez,263,Grier Jones,,d2c50f33c43a44abb94280706332351d,,
0220c481-87b6-46b0-b9a2-10b16302d2bf,completed,crn:v1:bluemix:public:quantum-computing:us-east:a/d2c50f33c43a44abb94280706332351d:deeabf25-a0d5-4c7b-9a89-18c5ff158017::,us-east,batch,2025-07-26T14:55:38.997Z,2025-07-26T15:09:13.474Z,ibm_fez,257,Grier Jones,,d2c50f33c43a44abb94280706332351d,,
413bbd9f-b02a-4484-901c-ce6c0ad0c98b,completed,crn:v1:bluemix:public:quantum-computing:us-east:a/d2c50f33c43a44abb94280706332351d:deeabf25-a0d5-4c7b-9a89-18c5ff158017::,us-east,batch,2025-07-26T14:55:38.981Z,2025-07-26T15:03:39.209Z,ibm_fez,192,Grier Jones,,d2c50f33c43a44abb94280706332351d,,
343fbf9d-b810-4629-839a-ec4f4bbc85f7,completed,crn:v1:bluemix:public:quantum-computing:us-east:a/d2c50f33c43a44abb94280706332351d:deeabf25-a0d5-4c7b-9a89-18c5ff158017::,us-east,batch,2025-07-26T14:55:38.978Z,2025-07-26T15:18:45.787Z,ibm_fez,256,Grier Jones,,d2c50f33c43a44abb94280706332351d,,
f346c4f0-5077-4a07-884c-0f4ddd477ada,completed,crn:v1:bluemix:public:quantum-computing:us-east:a/d2c50f33c43a44abb94280706332351d:deeabf25-a0d5-4c7b-9a89-18c5ff158017::,us-east,batch,2025-07-26T14:55:38.976Z,2025-07-26T15:14:22.028Z,ibm_fez,256,Grier Jones,,d2c50f33c43a44abb94280706332351d,,
2aa1842a-8843-4a4d-831a-580ac7780ab7,completed,crn:v1:bluemix:public:quantum-computing:us-east:a/d2c50f33c43a44abb94280706332351d:deeabf25-a0d5-4c7b-9a89-18c5ff158017::,us-east,batch,2025-07-26T14:31:53.671Z,2025-07-26T14:42:02.873Z,ibm_fez,265,Grier Jones,,d2c50f33c43a44abb94280706332351d,,
966cfefb-bd53-4b34-a4d0-b4d94c250869,completed,crn:v1:bluemix:public:quantum-computing:us-east:a/d2c50f33c43a44abb94280706332351d:deeabf25-a0d5-4c7b-9a89-18c5ff158017::,us-east,batch,2025-07-26T14:31:53.665Z,2025-07-26T14:52:12.161Z,ibm_fez,261,Grier Jones,,d2c50f33c43a44abb94280706332351d,,
66aeebf7-8b6d-4fd3-92a4-1c818319d05a,completed,crn:v1:bluemix:public:quantum-computing:us-east:a/d2c50f33c43a44abb94280706332351d:deeabf25-a0d5-4c7b-9a89-18c5ff158017::,us-east,batch,2025-07-26T14:31:53.662Z,2025-07-26T14:55:32.892Z,ibm_fez,192,Grier Jones,,d2c50f33c43a44abb94280706332351d,,
0699fef4-abd5-4570-bae0-ca125f861506,completed,crn:v1:bluemix:public:quantum-computing:us-east:a/d2c50f33c43a44abb94280706332351d:deeabf25-a0d5-4c7b-9a89-18c5ff158017::,us-east,batch,2025-07-26T14:31:53.658Z,2025-07-26T14:36:26.917Z,ibm_fez,256,Grier Jones,,d2c50f33c43a44abb94280706332351d,,
13c3f2f6-f71a-4c0f-a287-2498e3571fc4,completed,crn:v1:bluemix:public:quantum-computing:us-east:a/d2c50f33c43a44abb94280706332351d:deeabf25-a0d5-4c7b-9a89-18c5ff158017::,us-east,batch,2025-07-26T14:31:53.653Z,2025-07-26T14:47:05.146Z,ibm_fez,262,Grier Jones,,d2c50f33c43a44abb94280706332351d,,
2a172bd9-090c-49fb-bad2-5e148e582193,completed,crn:v1:bluemix:public:quantum-computing:us-east:a/d2c50f33c43a44abb94280706332351d:deeabf25-a0d5-4c7b-9a89-18c5ff158017::,us-east,batch,2025-07-26T14:04:58.351Z,2025-07-26T14:18:09.795Z,ibm_fez,271,Grier Jones,,d2c50f33c43a44abb94280706332351d,,
90f77298-a27c-4783-ac2a-753fc2751c44,completed,crn:v1:bluemix:public:quantum-computing:us-east:a/d2c50f33c43a44abb94280706332351d:deeabf25-a0d5-4c7b-9a89-18c5ff158017::,us-east,batch,2025-07-26T14:04:58.175Z,2025-07-26T14:31:53.002Z,ibm_fez,256,Grier Jones,,d2c50f33c43a44abb94280706332351d,,
503e760c-9d30-4b7c-9dd6-ec679d659053,completed,crn:v1:bluemix:public:quantum-computing:us-east:a/d2c50f33c43a44abb94280706332351d:deeabf25-a0d5-4c7b-9a89-18c5ff158017::,us-east,batch,2025-07-26T14:04:58.171Z,2025-07-26T14:21:31.040Z,ibm_fez,192,Grier Jones,,d2c50f33c43a44abb94280706332351d,,
fad897b2-fabc-421d-95ab-f65ad63b1ad4,completed,crn:v1:bluemix:public:quantum-computing:us-east:a/d2c50f33c43a44abb94280706332351d:deeabf25-a0d5-4c7b-9a89-18c5ff158017::,us-east,batch,2025-07-26T14:04:58.165Z,2025-07-26T14:09:30.870Z,ibm_fez,256,Grier Jones,,d2c50f33c43a44abb94280706332351d,,
9cb61f63-7aff-4113-b8a9-b0d3b486478f,completed,crn:v1:bluemix:public:quantum-computing:us-east:a/d2c50f33c43a44abb94280706332351d:deeabf25-a0d5-4c7b-9a89-18c5ff158017::,us-east,batch,2025-07-26T14:04:58.164Z,2025-07-26T14:27:27.310Z,ibm_fez,267,Grier Jones,,d2c50f33c43a44abb94280706332351d,,
b1f66fa9-8e1c-4137-8343-7722a5e7310c,completed,crn:v1:bluemix:public:quantum-computing:us-east:a/d2c50f33c43a44abb94280706332351d:deeabf25-a0d5-4c7b-9a89-18c5ff158017::,us-east,batch,2025-07-26T13:43:49.438Z,2025-07-26T13:56:07.071Z,ibm_fez,256,Grier Jones,,d2c50f33c43a44abb94280706332351d,,
9aa86cdf-e227-4ad5-b8cb-fcb8d450a737,completed,crn:v1:bluemix:public:quantum-computing:us-east:a/d2c50f33c43a44abb94280706332351d:deeabf25-a0d5-4c7b-9a89-18c5ff158017::,us-east,batch,2025-07-26T13:43:49.077Z,2025-07-26T14:00:32.547Z,ibm_fez,256,Grier Jones,,d2c50f33c43a44abb94280706332351d,,
8bc6bed2-0255-47db-a070-7785aa33d54f,completed,crn:v1:bluemix:public:quantum-computing:us-east:a/d2c50f33c43a44abb94280706332351d:deeabf25-a0d5-4c7b-9a89-18c5ff158017::,us-east,batch,2025-07-26T13:43:49.070Z,2025-07-26T13:51:42.582Z,ibm_fez,256,Grier Jones,,d2c50f33c43a44abb94280706332351d,,
9f3eedef-f751-4d7d-8393-9ec87bede1fd,completed,crn:v1:bluemix:public:quantum-computing:us-east:a/d2c50f33c43a44abb94280706332351d:deeabf25-a0d5-4c7b-9a89-18c5ff158017::,us-east,batch,2025-07-26T13:43:49.044Z,2025-07-26T14:04:57.108Z,ibm_fez,256,Grier Jones,,d2c50f33c43a44abb94280706332351d,,
b95e2543-efe6-4783-9bfa-19168a91a10d,completed,crn:v1:bluemix:public:quantum-computing:us-east:a/d2c50f33c43a44abb94280706332351d:deeabf25-a0d5-4c7b-9a89-18c5ff158017::,us-east,batch,2025-07-26T13:43:49.017Z,2025-07-26T13:47:18.184Z,ibm_fez,192,Grier Jones,,d2c50f33c43a44abb94280706332351d,,
b2e3d416-5c0e-49ff-b1a2-98f7b8ad5cf9,completed,crn:v1:bluemix:public:quantum-computing:us-east:a/d2c50f33c43a44abb94280706332351d:deeabf25-a0d5-4c7b-9a89-18c5ff158017::,us-east,batch,2025-07-26T12:40:05.512Z,2025-07-26T13:43:48.079Z,ibm_fez,259,Grier Jones,,d2c50f33c43a44abb94280706332351d,,
ae82cc42-25cc-400d-9e34-ecd10442bece,completed,crn:v1:bluemix:public:quantum-computing:us-east:a/d2c50f33c43a44abb94280706332351d:deeabf25-a0d5-4c7b-9a89-18c5ff158017::,us-east,batch,2025-07-26T12:40:04.954Z,2025-07-26T13:34:52.752Z,ibm_fez,260,Grier Jones,,d2c50f33c43a44abb94280706332351d,,
aeb49253-10bd-4441-aaf3-07268163d448,completed,crn:v1:bluemix:public:quantum-computing:us-east:a/d2c50f33c43a44abb94280706332351d:deeabf25-a0d5-4c7b-9a89-18c5ff158017::,us-east,batch,2025-07-26T12:40:04.954Z,2025-07-26T13:28:38.844Z,ibm_fez,192,Grier Jones,,d2c50f33c43a44abb94280706332351d,,
001036f7-b9ed-4543-a9da-fbe686cd8a68,completed,crn:v1:bluemix:public:quantum-computing:us-east:a/d2c50f33c43a44abb94280706332351d:deeabf25-a0d5-4c7b-9a89-18c5ff158017::,us-east,batch,2025-07-26T12:40:04.912Z,2025-07-26T13:25:17.488Z,ibm_fez,267,Grier Jones,,d2c50f33c43a44abb94280706332351d,,
8dc72a0b-8ed3-4be8-aaeb-e3c10fa0f0d3,completed,crn:v1:bluemix:public:quantum-computing:us-east:a/d2c50f33c43a44abb94280706332351d:deeabf25-a0d5-4c7b-9a89-18c5ff158017::,us-east,batch,2025-07-26T12:40:04.909Z,2025-07-26T13:39:20.425Z,ibm_fez,259,Grier Jones,,d2c50f33c43a44abb94280706332351d,,
00e298c1-6125-4ee6-85bc-8f420fd4ef16,completed,crn:v1:bluemix:public:quantum-computing:us-east:a/d2c50f33c43a44abb94280706332351d:deeabf25-a0d5-4c7b-9a89-18c5ff158017::,us-east,batch,2025-07-26T12:16:28.857Z,2025-07-26T12:27:51.292Z,ibm_fez,264,Grier Jones,,d2c50f33c43a44abb94280706332351d,,
f94b9a7f-1e02-4e77-ad4d-cfbe0496371f,completed,crn:v1:bluemix:public:quantum-computing:us-east:a/d2c50f33c43a44abb94280706332351d:deeabf25-a0d5-4c7b-9a89-18c5ff158017::,us-east,batch,2025-07-26T12:16:28.856Z,2025-07-26T12:31:12.566Z,ibm_fez,192,Grier Jones,,d2c50f33c43a44abb94280706332351d,,
eb26fa17-0335-4085-9437-d1e0cbb05b6a,completed,crn:v1:bluemix:public:quantum-computing:us-east:a/d2c50f33c43a44abb94280706332351d:deeabf25-a0d5-4c7b-9a89-18c5ff158017::,us-east,batch,2025-07-26T12:16:28.832Z,2025-07-26T12:22:38.988Z,ibm_fez,256,Grier Jones,,d2c50f33c43a44abb94280706332351d,,
6d19c5b1-a4f5-48e8-a689-94c2213196a9,completed,crn:v1:bluemix:public:quantum-computing:us-east:a/d2c50f33c43a44abb94280706332351d:deeabf25-a0d5-4c7b-9a89-18c5ff158017::,us-east,batch,2025-07-26T12:16:28.829Z,2025-07-26T12:40:02.376Z,ibm_fez,257,Grier Jones,,d2c50f33c43a44abb94280706332351d,,
f90002c3-eabc-418a-b442-16cf691683cd,completed,crn:v1:bluemix:public:quantum-computing:us-east:a/d2c50f33c43a44abb94280706332351d:deeabf25-a0d5-4c7b-9a89-18c5ff158017::,us-east,batch,2025-07-26T12:16:28.829Z,2025-07-26T12:35:36.772Z,ibm_fez,256,Grier Jones,,d2c50f33c43a44abb94280706332351d,,
07663049-a2f6-46f6-90c5-e15d6f9044e9,completed,crn:v1:bluemix:public:quantum-computing:us-east:a/d2c50f33c43a44abb94280706332351d:deeabf25-a0d5-4c7b-9a89-18c5ff158017::,us-east,batch,2025-07-26T11:43:13.124Z,2025-07-26T12:03:42.248Z,ibm_fez,270,Grier Jones,,d2c50f33c43a44abb94280706332351d,,
f2e0ab98-f7bb-4578-bedd-02bc8930ad34,completed,crn:v1:bluemix:public:quantum-computing:us-east:a/d2c50f33c43a44abb94280706332351d:deeabf25-a0d5-4c7b-9a89-18c5ff158017::,us-east,batch,2025-07-26T11:43:13.111Z,2025-07-26T12:16:26.498Z,ibm_fez,267,Grier Jones,,d2c50f33c43a44abb94280706332351d,,
352a54ae-f485-4c5c-967f-5ba5a502abef,completed,crn:v1:bluemix:public:quantum-computing:us-east:a/d2c50f33c43a44abb94280706332351d:deeabf25-a0d5-4c7b-9a89-18c5ff158017::,us-east,batch,2025-07-26T11:43:13.040Z,2025-07-26T11:54:53.293Z,ibm_fez,256,Grier Jones,,d2c50f33c43a44abb94280706332351d,,
9ad5852d-fbe0-4905-8e8e-ca1ba6b41374,completed,crn:v1:bluemix:public:quantum-computing:us-east:a/d2c50f33c43a44abb94280706332351d:deeabf25-a0d5-4c7b-9a89-18c5ff158017::,us-east,batch,2025-07-26T11:43:13.039Z,2025-07-26T12:10:39.221Z,ibm_fez,271,Grier Jones,,d2c50f33c43a44abb94280706332351d,,
142195bf-0ef6-452c-8029-f983c5028d4a,completed,crn:v1:bluemix:public:quantum-computing:us-east:a/d2c50f33c43a44abb94280706332351d:deeabf25-a0d5-4c7b-9a89-18c5ff158017::,us-east,batch,2025-07-26T11:43:12.970Z,2025-07-26T11:50:25.483Z,ibm_fez,204,Grier Jones,,d2c50f33c43a44abb94280706332351d,,
b728535f-ebb7-4692-8214-5d11e325b8cb,completed,crn:v1:bluemix:public:quantum-computing:us-east:a/d2c50f33c43a44abb94280706332351d:deeabf25-a0d5-4c7b-9a89-18c5ff158017::,us-east,batch,2025-07-26T11:16:29.550Z,2025-07-26T11:27:42.093Z,ibm_fez,261,Grier Jones,,d2c50f33c43a44abb94280706332351d,,
b2cd73ab-9607-4ae7-ab65-a2b0c84a8450,completed,crn:v1:bluemix:public:quantum-computing:us-east:a/d2c50f33c43a44abb94280706332351d:deeabf25-a0d5-4c7b-9a89-18c5ff158017::,us-east,batch,2025-07-26T11:16:29.507Z,2025-07-26T11:43:11.481Z,ibm_fez,261,Grier Jones,,d2c50f33c43a44abb94280706332351d,,
7faa1e34-64f2-4a98-8dac-5640583afa57,completed,crn:v1:bluemix:public:quantum-computing:us-east:a/d2c50f33c43a44abb94280706332351d:deeabf25-a0d5-4c7b-9a89-18c5ff158017::,us-east,batch,2025-07-26T11:16:29.483Z,2025-07-26T11:33:12.846Z,ibm_fez,208,Grier Jones,,d2c50f33c43a44abb94280706332351d,,
4e334ff1-4fff-4c0d-b9e8-1ae1468e86de,completed,crn:v1:bluemix:public:quantum-computing:us-east:a/d2c50f33c43a44abb94280706332351d:deeabf25-a0d5-4c7b-9a89-18c5ff158017::,us-east,batch,2025-07-26T11:16:29.391Z,2025-07-26T11:22:27.986Z,ibm_fez,265,Grier Jones,,d2c50f33c43a44abb94280706332351d,,
c54cbeac-9cc2-4f74-bd78-5bf79e2afc01,completed,crn:v1:bluemix:public:quantum-computing:us-east:a/d2c50f33c43a44abb94280706332351d:deeabf25-a0d5-4c7b-9a89-18c5ff158017::,us-east,batch,2025-07-26T11:16:29.387Z,2025-07-26T11:37:37.716Z,ibm_fez,256,Grier Jones,,d2c50f33c43a44abb94280706332351d,,
5fa85b67-ca79-4194-adfa-fdb1c0ea6634,completed,crn:v1:bluemix:public:quantum-computing:us-east:a/d2c50f33c43a44abb94280706332351d:deeabf25-a0d5-4c7b-9a89-18c5ff158017::,us-east,batch,2025-07-26T10:47:32.530Z,2025-07-26T11:16:28.479Z,ibm_fez,256,Grier Jones,,d2c50f33c43a44abb94280706332351d,,
1c729ef5-bca2-4d87-98b2-6d3214125f23,completed,crn:v1:bluemix:public:quantum-computing:us-east:a/d2c50f33c43a44abb94280706332351d:deeabf25-a0d5-4c7b-9a89-18c5ff158017::,us-east,batch,2025-07-26T10:47:32.486Z,2025-07-26T11:12:03.538Z,ibm_fez,266,Grier Jones,,d2c50f33c43a44abb94280706332351d,,
3256d80f-cf5f-4664-9b68-24934d5a1050,completed,crn:v1:bluemix:public:quantum-computing:us-east:a/d2c50f33c43a44abb94280706332351d:deeabf25-a0d5-4c7b-9a89-18c5ff158017::,us-east,batch,2025-07-26T10:47:32.480Z,2025-07-26T11:05:46.513Z,ibm_fez,204,Grier Jones,,d2c50f33c43a44abb94280706332351d,,
69e568e7-851f-44d6-90e1-26cd682521f2,completed,crn:v1:bluemix:public:quantum-computing:us-east:a/d2c50f33c43a44abb94280706332351d:deeabf25-a0d5-4c7b-9a89-18c5ff158017::,us-east,batch,2025-07-26T10:47:32.476Z,2025-07-26T11:00:43.450Z,ibm_fez,261,Grier Jones,,d2c50f33c43a44abb94280706332351d,,
c29293e0-9c40-46c2-b7e1-78fff2b05eb0,completed,crn:v1:bluemix:public:quantum-computing:us-east:a/d2c50f33c43a44abb94280706332351d:deeabf25-a0d5-4c7b-9a89-18c5ff158017::,us-east,batch,2025-07-26T10:47:32.473Z,2025-07-26T10:55:32.705Z,ibm_fez,262,Grier Jones,,d2c50f33c43a44abb94280706332351d,,
c0ce7d60-5416-430c-b1da-e846e3fc14d0,completed,crn:v1:bluemix:public:quantum-computing:us-east:a/d2c50f33c43a44abb94280706332351d:deeabf25-a0d5-4c7b-9a89-18c5ff158017::,us-east,batch,2025-07-26T10:12:28.200Z,2025-07-26T10:47:31.670Z,ibm_fez,261,Grier Jones,,d2c50f33c43a44abb94280706332351d,,
51ff8595-3cf3-4c16-a61f-2dd883de60cc,completed,crn:v1:bluemix:public:quantum-computing:us-east:a/d2c50f33c43a44abb94280706332351d:deeabf25-a0d5-4c7b-9a89-18c5ff158017::,us-east,batch,2025-07-26T10:12:28.190Z,2025-07-26T10:33:16.038Z,ibm_fez,261,Grier Jones,,d2c50f33c43a44abb94280706332351d,,
d7632ba3-8408-4ba7-9da0-3efa430ff17f,completed,crn:v1:bluemix:public:quantum-computing:us-east:a/d2c50f33c43a44abb94280706332351d:deeabf25-a0d5-4c7b-9a89-18c5ff158017::,us-east,batch,2025-07-26T10:12:28.161Z,2025-07-26T10:26:57.395Z,ibm_fez,261,Grier Jones,,d2c50f33c43a44abb94280706332351d,,
b639e2b7-2adc-4357-a793-29f1ef8cd651,completed,crn:v1:bluemix:public:quantum-computing:us-east:a/d2c50f33c43a44abb94280706332351d:deeabf25-a0d5-4c7b-9a89-18c5ff158017::,us-east,batch,2025-07-26T10:12:28.081Z,2025-07-26T10:41:34.131Z,ibm_fez,266,Grier Jones,,d2c50f33c43a44abb94280706332351d,,
45002a81-86da-450e-9480-1e3a57a3962f,completed,crn:v1:bluemix:public:quantum-computing:us-east:a/d2c50f33c43a44abb94280706332351d:deeabf25-a0d5-4c7b-9a89-18c5ff158017::,us-east,batch,2025-07-26T10:12:28.078Z,2025-07-26T10:19:56.119Z,ibm_fez,198,Grier Jones,,d2c50f33c43a44abb94280706332351d,,
7dd7e472-ce50-424e-9854-413aea77a48b,completed,crn:v1:bluemix:public:quantum-computing:us-east:a/d2c50f33c43a44abb94280706332351d:deeabf25-a0d5-4c7b-9a89-18c5ff158017::,us-east,batch,2025-07-26T09:44:07.697Z,2025-07-26T10:03:04.570Z,ibm_fez,260,Grier Jones,,d2c50f33c43a44abb94280706332351d,,
52876782-e943-427e-a491-3d01c28b4317,completed,crn:v1:bluemix:public:quantum-computing:us-east:a/d2c50f33c43a44abb94280706332351d:deeabf25-a0d5-4c7b-9a89-18c5ff158017::,us-east,batch,2025-07-26T09:44:07.489Z,2025-07-26T10:07:58.395Z,ibm_fez,198,Grier Jones,,d2c50f33c43a44abb94280706332351d,,
4b5ed1ae-d003-41cb-8669-834b9cf848a6,completed,crn:v1:bluemix:public:quantum-computing:us-east:a/d2c50f33c43a44abb94280706332351d:deeabf25-a0d5-4c7b-9a89-18c5ff158017::,us-east,batch,2025-07-26T09:44:07.484Z,2025-07-26T09:56:57.232Z,ibm_fez,261,Grier Jones,,d2c50f33c43a44abb94280706332351d,,
e52269e9-9f0a-4569-8e01-796119772c9c,completed,crn:v1:bluemix:public:quantum-computing:us-east:a/d2c50f33c43a44abb94280706332351d:deeabf25-a0d5-4c7b-9a89-18c5ff158017::,us-east,batch,2025-07-26T09:44:07.474Z,2025-07-26T10:12:23.507Z,ibm_fez,256,Grier Jones,,d2c50f33c43a44abb94280706332351d,,
74adbfe0-fa3a-47f1-9b8d-c8ad64fbcf28,completed,crn:v1:bluemix:public:quantum-computing:us-east:a/d2c50f33c43a44abb94280706332351d:deeabf25-a0d5-4c7b-9a89-18c5ff158017::,us-east,batch,2025-07-26T09:44:07.470Z,2025-07-26T09:50:27.494Z,ibm_fez,266,Grier Jones,,d2c50f33c43a44abb94280706332351d,,
a6392fee-f137-4cb8-9365-047441c9cccf,completed,crn:v1:bluemix:public:quantum-computing:us-east:a/d2c50f33c43a44abb94280706332351d:deeabf25-a0d5-4c7b-9a89-18c5ff158017::,us-east,batch,2025-07-26T09:16:41.177Z,2025-07-26T09:34:21.154Z,ibm_fez,271,Grier Jones,,d2c50f33c43a44abb94280706332351d,,
29ef33e9-b9d3-4517-a835-5a7e185af828,completed,crn:v1:bluemix:public:quantum-computing:us-east:a/d2c50f33c43a44abb94280706332351d:deeabf25-a0d5-4c7b-9a89-18c5ff158017::,us-east,batch,2025-07-26T09:16:41.112Z,2025-07-26T09:43:58.381Z,ibm_fez,197,Grier Jones,,d2c50f33c43a44abb94280706332351d,,
78051855-c9cc-441c-b2c1-75427d8db890,completed,crn:v1:bluemix:public:quantum-computing:us-east:a/d2c50f33c43a44abb94280706332351d:deeabf25-a0d5-4c7b-9a89-18c5ff158017::,us-east,batch,2025-07-26T09:16:40.952Z,2025-07-26T09:39:35.353Z,ibm_fez,261,Grier Jones,,d2c50f33c43a44abb94280706332351d,,
5d3d9534-6044-4af0-934d-ae5374478264,completed,crn:v1:bluemix:public:quantum-computing:us-east:a/d2c50f33c43a44abb94280706332351d:deeabf25-a0d5-4c7b-9a89-18c5ff158017::,us-east,batch,2025-07-26T09:16:40.951Z,2025-07-26T09:27:06.445Z,ibm_fez,259,Grier Jones,,d2c50f33c43a44abb94280706332351d,,
72bbebaa-df30-4295-9196-f1e6591cd96f,completed,crn:v1:bluemix:public:quantum-computing:us-east:a/d2c50f33c43a44abb94280706332351d:deeabf25-a0d5-4c7b-9a89-18c5ff158017::,us-east,batch,2025-07-26T09:16:40.629Z,2025-07-26T09:22:38.783Z,ibm_fez,266,Grier Jones,,d2c50f33c43a44abb94280706332351d,,
db9345b5-a8ca-4d41-9fd1-3eed95aa69e9,completed,crn:v1:bluemix:public:quantum-computing:us-east:a/d2c50f33c43a44abb94280706332351d:deeabf25-a0d5-4c7b-9a89-18c5ff158017::,us-east,batch,2025-07-26T08:42:19.302Z,2025-07-26T08:54:25.567Z,ibm_fez,265,Grier Jones,,d2c50f33c43a44abb94280706332351d,,
0705b4f1-4f0f-4408-89c9-f06d244f87a5,completed,crn:v1:bluemix:public:quantum-computing:us-east:a/d2c50f33c43a44abb94280706332351d:deeabf25-a0d5-4c7b-9a89-18c5ff158017::,us-east,batch,2025-07-26T08:42:19.292Z,2025-07-26T08:48:41.165Z,ibm_fez,273,Grier Jones,,d2c50f33c43a44abb94280706332351d,,
be7d4d5c-d4ce-4c21-9868-391eae4d5562,completed,crn:v1:bluemix:public:quantum-computing:us-east:a/d2c50f33c43a44abb94280706332351d:deeabf25-a0d5-4c7b-9a89-18c5ff158017::,us-east,batch,2025-07-26T08:42:19.288Z,2025-07-26T09:02:43.852Z,ibm_fez,271,Grier Jones,,d2c50f33c43a44abb94280706332351d,,
485a185c-fe23-4444-8178-2eaf24f4979a,completed,crn:v1:bluemix:public:quantum-computing:us-east:a/d2c50f33c43a44abb94280706332351d:deeabf25-a0d5-4c7b-9a89-18c5ff158017::,us-east,batch,2025-07-26T08:42:19.274Z,2025-07-26T09:09:12.260Z,ibm_fez,196,Grier Jones,,d2c50f33c43a44abb94280706332351d,,
eeec126f-b404-4fd9-bc2c-2d7fb99432e8,completed,crn:v1:bluemix:public:quantum-computing:us-east:a/d2c50f33c43a44abb94280706332351d:deeabf25-a0d5-4c7b-9a89-18c5ff158017::,us-east,batch,2025-07-26T08:42:19.274Z,2025-07-26T09:16:39.650Z,ibm_fez,276,Grier Jones,,d2c50f33c43a44abb94280706332351d,,
e5f10dba-abca-405f-a607-1bed42abe982,completed,crn:v1:bluemix:public:quantum-computing:us-east:a/d2c50f33c43a44abb94280706332351d:deeabf25-a0d5-4c7b-9a89-18c5ff158017::,us-east,batch,2025-07-26T08:12:34.734Z,2025-07-26T08:18:57.321Z,ibm_fez,266,Grier Jones,,d2c50f33c43a44abb94280706332351d,,
24fd1d44-79ef-4491-8673-075cbdc277cd,completed,crn:v1:bluemix:public:quantum-computing:us-east:a/d2c50f33c43a44abb94280706332351d:deeabf25-a0d5-4c7b-9a89-18c5ff158017::,us-east,batch,2025-07-26T08:12:34.540Z,2025-07-26T08:37:24.676Z,ibm_fez,266,Grier Jones,,d2c50f33c43a44abb94280706332351d,,
c680d9b8-060b-4485-a1e1-75b7007327ee,completed,crn:v1:bluemix:public:quantum-computing:us-east:a/d2c50f33c43a44abb94280706332351d:deeabf25-a0d5-4c7b-9a89-18c5ff158017::,us-east,batch,2025-07-26T08:12:34.527Z,2025-07-26T08:30:45.223Z,ibm_fez,270,Grier Jones,,d2c50f33c43a44abb94280706332351d,,
abbdab69-1728-4984-9188-c02d47023cba,completed,crn:v1:bluemix:public:quantum-computing:us-east:a/d2c50f33c43a44abb94280706332351d:deeabf25-a0d5-4c7b-9a89-18c5ff158017::,us-east,batch,2025-07-26T08:12:34.521Z,2025-07-26T08:24:23.079Z,ibm_fez,261,Grier Jones,,d2c50f33c43a44abb94280706332351d,,
f2e9c1e5-13e7-41cc-a0d0-bcd6e34c03ae,completed,crn:v1:bluemix:public:quantum-computing:us-east:a/d2c50f33c43a44abb94280706332351d:deeabf25-a0d5-4c7b-9a89-18c5ff158017::,us-east,batch,2025-07-26T08:12:34.518Z,2025-07-26T08:42:11.049Z,ibm_fez,202,Grier Jones,,d2c50f33c43a44abb94280706332351d,,
b3982c40-203e-42a5-99b7-8af84b2d2d80,completed,crn:v1:bluemix:public:quantum-computing:us-east:a/d2c50f33c43a44abb94280706332351d:deeabf25-a0d5-4c7b-9a89-18c5ff158017::,us-east,batch,2025-07-26T07:44:09.169Z,2025-07-26T08:01:22.458Z,ibm_fez,196,Grier Jones,,d2c50f33c43a44abb94280706332351d,,
7e06217e-a41f-4ce6-8795-d25a57275b27,completed,crn:v1:bluemix:public:quantum-computing:us-east:a/d2c50f33c43a44abb94280706332351d:deeabf25-a0d5-4c7b-9a89-18c5ff158017::,us-east,batch,2025-07-26T07:44:09.027Z,2025-07-26T07:50:04.031Z,ibm_fez,265,Grier Jones,,d2c50f33c43a44abb94280706332351d,,
c056bf9f-0fef-4eb1-874b-acbdea26085e,completed,crn:v1:bluemix:public:quantum-computing:us-east:a/d2c50f33c43a44abb94280706332351d:deeabf25-a0d5-4c7b-9a89-18c5ff158017::,us-east,batch,2025-07-26T07:44:09.008Z,2025-07-26T08:07:02.889Z,ibm_fez,261,Grier Jones,,d2c50f33c43a44abb94280706332351d,,
e957db2a-fe4d-478f-a60b-433ae75a519f,completed,crn:v1:bluemix:public:quantum-computing:us-east:a/d2c50f33c43a44abb94280706332351d:deeabf25-a0d5-4c7b-9a89-18c5ff158017::,us-east,batch,2025-07-26T07:44:09.005Z,2025-07-26T07:56:18.530Z,ibm_fez,266,Grier Jones,,d2c50f33c43a44abb94280706332351d,,
bb9feb81-7efd-46ad-9af4-d164bec66fe4,completed,crn:v1:bluemix:public:quantum-computing:us-east:a/d2c50f33c43a44abb94280706332351d:deeabf25-a0d5-4c7b-9a89-18c5ff158017::,us-east,batch,2025-07-26T07:44:09.001Z,2025-07-26T08:12:32.463Z,ibm_fez,262,Grier Jones,,d2c50f33c43a44abb94280706332351d,,
7084f2fd-e60c-404f-b047-1ff9c86df1c9,completed,crn:v1:bluemix:public:quantum-computing:us-east:a/d2c50f33c43a44abb94280706332351d:deeabf25-a0d5-4c7b-9a89-18c5ff158017::,us-east,batch,2025-07-26T07:09:54.560Z,2025-07-26T07:44:08.183Z,ibm_fez,271,Grier Jones,,d2c50f33c43a44abb94280706332351d,,
614e04b1-a2f7-452e-94be-7d1d8610c5d2,completed,crn:v1:bluemix:public:quantum-computing:us-east:a/d2c50f33c43a44abb94280706332351d:deeabf25-a0d5-4c7b-9a89-18c5ff158017::,us-east,batch,2025-07-26T07:09:54.455Z,2025-07-26T07:21:48.127Z,ibm_fez,273,Grier Jones,,d2c50f33c43a44abb94280706332351d,,
84f54517-974c-49b9-bbe7-d04043af6019,completed,crn:v1:bluemix:public:quantum-computing:us-east:a/d2c50f33c43a44abb94280706332351d:deeabf25-a0d5-4c7b-9a89-18c5ff158017::,us-east,batch,2025-07-26T07:09:54.447Z,2025-07-26T07:28:21.823Z,ibm_fez,268,Grier Jones,,d2c50f33c43a44abb94280706332351d,,
23143bc5-ef68-4396-aaf2-9e5ecc03b44e,completed,crn:v1:bluemix:public:quantum-computing:us-east:a/d2c50f33c43a44abb94280706332351d:deeabf25-a0d5-4c7b-9a89-18c5ff158017::,us-east,batch,2025-07-26T07:09:54.411Z,2025-07-26T07:37:03.514Z,ibm_fez,271,Grier Jones,,d2c50f33c43a44abb94280706332351d,,
11ea919f-d2c4-431c-af3b-22bbdee65209,completed,crn:v1:bluemix:public:quantum-computing:us-east:a/d2c50f33c43a44abb94280706332351d:deeabf25-a0d5-4c7b-9a89-18c5ff158017::,us-east,batch,2025-07-26T07:09:54.409Z,2025-07-26T07:13:23.520Z,ibm_fez,192,Grier Jones,,d2c50f33c43a44abb94280706332351d,,
1ec58d1c-29c0-4ab9-b262-fa7e8d42cbef,completed,crn:v1:bluemix:public:quantum-computing:us-east:a/d2c50f33c43a44abb94280706332351d:deeabf25-a0d5-4c7b-9a89-18c5ff158017::,us-east,batch,2025-07-26T06:46:57.545Z,2025-07-26T06:51:29.200Z,ibm_fez,256,Grier Jones,,d2c50f33c43a44abb94280706332351d,,
b85a8f8c-0e13-45dc-9162-6460b5f617f3,completed,crn:v1:bluemix:public:quantum-computing:us-east:a/d2c50f33c43a44abb94280706332351d:deeabf25-a0d5-4c7b-9a89-18c5ff158017::,us-east,batch,2025-07-26T06:46:57.507Z,2025-07-26T07:02:08.025Z,ibm_fez,256,Grier Jones,,d2c50f33c43a44abb94280706332351d,,
3df8ee70-b9bd-4b78-89aa-bf462c0330c6,completed,crn:v1:bluemix:public:quantum-computing:us-east:a/d2c50f33c43a44abb94280706332351d:deeabf25-a0d5-4c7b-9a89-18c5ff158017::,us-east,batch,2025-07-26T06:46:57.485Z,2025-07-26T07:05:29.400Z,ibm_fez,192,Grier Jones,,d2c50f33c43a44abb94280706332351d,,
d0f99522-9970-47c6-bb46-65ffebb75c79,completed,crn:v1:bluemix:public:quantum-computing:us-east:a/d2c50f33c43a44abb94280706332351d:deeabf25-a0d5-4c7b-9a89-18c5ff158017::,us-east,batch,2025-07-26T06:46:57.442Z,2025-07-26T07:09:53.516Z,ibm_fez,256,Grier Jones,,d2c50f33c43a44abb94280706332351d,,
a4fbdb12-e79e-46f7-9dda-7a1cfd5e98de,completed,crn:v1:bluemix:public:quantum-computing:us-east:a/d2c50f33c43a44abb94280706332351d:deeabf25-a0d5-4c7b-9a89-18c5ff158017::,us-east,batch,2025-07-26T06:46:57.439Z,2025-07-26T06:57:43.166Z,ibm_fez,261,Grier Jones,,d2c50f33c43a44abb94280706332351d,,
ea2b2aac-0a38-4a9a-ab56-0d3cee0a92a4,completed,crn:v1:bluemix:public:quantum-computing:us-east:a/d2c50f33c43a44abb94280706332351d:deeabf25-a0d5-4c7b-9a89-18c5ff158017::,us-east,batch,2025-07-26T06:25:47.918Z,2025-07-26T06:29:17.292Z,ibm_fez,193,Grier Jones,,d2c50f33c43a44abb94280706332351d,,
ff44027c-712f-4a0f-a44e-34ee633cdd63,completed,crn:v1:bluemix:public:quantum-computing:us-east:a/d2c50f33c43a44abb94280706332351d:deeabf25-a0d5-4c7b-9a89-18c5ff158017::,us-east,batch,2025-07-26T06:25:47.911Z,2025-07-26T06:33:42.417Z,ibm_fez,257,Grier Jones,,d2c50f33c43a44abb94280706332351d,,
607d097e-302b-47fe-8ed7-44aac778339a,completed,crn:v1:bluemix:public:quantum-computing:us-east:a/d2c50f33c43a44abb94280706332351d:deeabf25-a0d5-4c7b-9a89-18c5ff158017::,us-east,batch,2025-07-26T06:25:47.892Z,2025-07-26T06:46:56.296Z,ibm_fez,256,Grier Jones,,d2c50f33c43a44abb94280706332351d,,
fda35b18-a97c-42af-a8c8-3bcd6818427c,completed,crn:v1:bluemix:public:quantum-computing:us-east:a/d2c50f33c43a44abb94280706332351d:deeabf25-a0d5-4c7b-9a89-18c5ff158017::,us-east,batch,2025-07-26T06:25:47.726Z,2025-07-26T06:42:31.862Z,ibm_fez,256,Grier Jones,,d2c50f33c43a44abb94280706332351d,,
8a104203-b4e8-414c-993f-0c7811df5c18,completed,crn:v1:bluemix:public:quantum-computing:us-east:a/d2c50f33c43a44abb94280706332351d:deeabf25-a0d5-4c7b-9a89-18c5ff158017::,us-east,batch,2025-07-26T06:25:47.688Z,2025-07-26T06:38:07.617Z,ibm_fez,257,Grier Jones,,d2c50f33c43a44abb94280706332351d,,
17f8c8b9-c811-4045-97f5-ae70c673cf6b,completed,crn:v1:bluemix:public:quantum-computing:us-east:a/d2c50f33c43a44abb94280706332351d:deeabf25-a0d5-4c7b-9a89-18c5ff158017::,us-east,batch,2025-07-26T06:00:22.142Z,2025-07-26T06:17:48.423Z,ibm_fez,258,Grier Jones,,d2c50f33c43a44abb94280706332351d,,
beb552ce-fe80-4b7f-8b43-58a536f60f5a,completed,crn:v1:bluemix:public:quantum-computing:us-east:a/d2c50f33c43a44abb94280706332351d:deeabf25-a0d5-4c7b-9a89-18c5ff158017::,us-east,batch,2025-07-26T06:00:22.073Z,2025-07-26T06:07:08.643Z,ibm_fez,273,Grier Jones,,d2c50f33c43a44abb94280706332351d,,
ff9a1533-eb05-42e0-b236-9f7ecd448535,completed,crn:v1:bluemix:public:quantum-computing:us-east:a/d2c50f33c43a44abb94280706332351d:deeabf25-a0d5-4c7b-9a89-18c5ff158017::,us-east,batch,2025-07-26T06:00:22.072Z,2025-07-26T06:22:17.237Z,ibm_fez,256,Grier Jones,,d2c50f33c43a44abb94280706332351d,,
950f9d30-3207-467e-9fde-3f11f192dbd6,completed,crn:v1:bluemix:public:quantum-computing:us-east:a/d2c50f33c43a44abb94280706332351d:deeabf25-a0d5-4c7b-9a89-18c5ff158017::,us-east,batch,2025-07-26T06:00:22.023Z,2025-07-26T06:12:33.217Z,ibm_fez,262,Grier Jones,,d2c50f33c43a44abb94280706332351d,,
21b6b227-3706-4be1-97fa-c195d0e45f62,completed,crn:v1:bluemix:public:quantum-computing:us-east:a/d2c50f33c43a44abb94280706332351d:deeabf25-a0d5-4c7b-9a89-18c5ff158017::,us-east,batch,2025-07-26T06:00:22.011Z,2025-07-26T06:25:41.374Z,ibm_fez,195,Grier Jones,,d2c50f33c43a44abb94280706332351d,,
9be28f2f-5ca1-41b0-9eff-981564684f21,completed,crn:v1:bluemix:public:quantum-computing:us-east:a/d2c50f33c43a44abb94280706332351d:deeabf25-a0d5-4c7b-9a89-18c5ff158017::,us-east,batch,2025-07-26T05:32:54.568Z,2025-07-26T05:48:59.864Z,ibm_fez,256,Grier Jones,,d2c50f33c43a44abb94280706332351d,,
11aef8a8-2380-46fc-86db-8bfb37dceb27,completed,crn:v1:bluemix:public:quantum-computing:us-east:a/d2c50f33c43a44abb94280706332351d:deeabf25-a0d5-4c7b-9a89-18c5ff158017::,us-east,batch,2025-07-26T05:32:54.538Z,2025-07-26T06:00:20.853Z,ibm_fez,256,Grier Jones,,d2c50f33c43a44abb94280706332351d,,
ea2e5c9b-6229-45d7-a095-4819678c2392,completed,crn:v1:bluemix:public:quantum-computing:us-east:a/d2c50f33c43a44abb94280706332351d:deeabf25-a0d5-4c7b-9a89-18c5ff158017::,us-east,batch,2025-07-26T05:32:54.536Z,2025-07-26T05:55:56.597Z,ibm_fez,192,Grier Jones,,d2c50f33c43a44abb94280706332351d,,
5f743c30-7a4d-4cb1-9a2f-dae8730853c5,completed,crn:v1:bluemix:public:quantum-computing:us-east:a/d2c50f33c43a44abb94280706332351d:deeabf25-a0d5-4c7b-9a89-18c5ff158017::,us-east,batch,2025-07-26T05:32:54.536Z,2025-07-26T05:44:35.646Z,ibm_fez,256,Grier Jones,,d2c50f33c43a44abb94280706332351d,,
23c3c6b1-c8d0-4ad6-8e2f-3ff2b0fc5dec,completed,crn:v1:bluemix:public:quantum-computing:us-east:a/d2c50f33c43a44abb94280706332351d:deeabf25-a0d5-4c7b-9a89-18c5ff158017::,us-east,batch,2025-07-26T05:32:54.535Z,2025-07-26T05:40:10.708Z,ibm_fez,262,Grier Jones,,d2c50f33c43a44abb94280706332351d,,
c69aacda-57e1-4ca4-a380-21b49dedf931,completed,crn:v1:bluemix:public:quantum-computing:us-east:a/d2c50f33c43a44abb94280706332351d:deeabf25-a0d5-4c7b-9a89-18c5ff158017::,us-east,batch,2025-07-26T05:04:40.661Z,2025-07-26T05:09:35.391Z,ibm_fez,264,Grier Jones,,d2c50f33c43a44abb94280706332351d,,
543cbd3f-6004-431b-860b-e19bbcb4c92d,completed,crn:v1:bluemix:public:quantum-computing:us-east:a/d2c50f33c43a44abb94280706332351d:deeabf25-a0d5-4c7b-9a89-18c5ff158017::,us-east,batch,2025-07-26T05:04:40.658Z,2025-07-26T05:26:57.015Z,ibm_fez,208,Grier Jones,,d2c50f33c43a44abb94280706332351d,,
b0931e4f-a8af-48ed-92a7-f028503ea978,completed,crn:v1:bluemix:public:quantum-computing:us-east:a/d2c50f33c43a44abb94280706332351d:deeabf25-a0d5-4c7b-9a89-18c5ff158017::,us-east,batch,2025-07-26T05:04:40.647Z,2025-07-26T05:32:53.687Z,ibm_fez,268,Grier Jones,,d2c50f33c43a44abb94280706332351d,,
d6bdad67-f7bb-42fe-bede-f0e694882979,completed,crn:v1:bluemix:public:quantum-computing:us-east:a/d2c50f33c43a44abb94280706332351d:deeabf25-a0d5-4c7b-9a89-18c5ff158017::,us-east,batch,2025-07-26T05:04:40.601Z,2025-07-26T05:20:48.136Z,ibm_fez,267,Grier Jones,,d2c50f33c43a44abb94280706332351d,,
990d9b89-3aae-4a15-babf-1eff6f627223,completed,crn:v1:bluemix:public:quantum-computing:us-east:a/d2c50f33c43a44abb94280706332351d:deeabf25-a0d5-4c7b-9a89-18c5ff158017::,us-east,batch,2025-07-26T05:04:40.483Z,2025-07-26T05:14:36.807Z,ibm_fez,262,Grier Jones,,d2c50f33c43a44abb94280706332351d,,
3ce6bacc-f998-4501-9598-d9b49fbe9228,completed,crn:v1:bluemix:public:quantum-computing:us-east:a/d2c50f33c43a44abb94280706332351d:deeabf25-a0d5-4c7b-9a89-18c5ff158017::,us-east,batch,2025-07-26T02:25:14.727Z,2025-07-26T05:04:39.281Z,ibm_fez,261,Grier Jones,,d2c50f33c43a44abb94280706332351d,,
be70a87f-850b-44ce-9f9f-2362ddf1115c,completed,crn:v1:bluemix:public:quantum-computing:us-east:a/d2c50f33c43a44abb94280706332351d:deeabf25-a0d5-4c7b-9a89-18c5ff158017::,us-east,batch,2025-07-26T02:25:14.726Z,2025-07-26T04:59:35.368Z,ibm_fez,197,Grier Jones,,d2c50f33c43a44abb94280706332351d,,
b9368865-509a-4037-8d11-bf83aae9136a,completed,crn:v1:bluemix:public:quantum-computing:us-east:a/d2c50f33c43a44abb94280706332351d:deeabf25-a0d5-4c7b-9a89-18c5ff158017::,us-east,batch,2025-07-26T02:25:14.698Z,2025-07-26T04:48:46.795Z,ibm_fez,268,Grier Jones,,d2c50f33c43a44abb94280706332351d,,
a94d0a31-cdb6-40ac-a4e4-dc0ef739861a,completed,crn:v1:bluemix:public:quantum-computing:us-east:a/d2c50f33c43a44abb94280706332351d:deeabf25-a0d5-4c7b-9a89-18c5ff158017::,us-east,batch,2025-07-26T02:25:14.697Z,2025-07-26T04:55:35.291Z,ibm_fez,273,Grier Jones,,d2c50f33c43a44abb94280706332351d,,
e3d207df-a8ca-4bcc-9ecb-dc0f33d868d6,completed,crn:v1:bluemix:public:quantum-computing:us-east:a/d2c50f33c43a44abb94280706332351d:deeabf25-a0d5-4c7b-9a89-18c5ff158017::,us-east,batch,2025-07-26T02:25:14.680Z,2025-07-26T02:33:46.377Z,ibm_fez,258,Grier Jones,,d2c50f33c43a44abb94280706332351d,,
99ac6c0c-bd99-44aa-b14d-f20734c1e61a,completed,crn:v1:bluemix:public:quantum-computing:us-east:a/d2c50f33c43a44abb94280706332351d:deeabf25-a0d5-4c7b-9a89-18c5ff158017::,us-east,batch,2025-07-26T02:02:20.591Z,2025-07-26T02:15:49.183Z,ibm_fez,256,Grier Jones,,d2c50f33c43a44abb94280706332351d,,
fc4e586d-f688-4a35-bfce-9c7b9399ed0a,completed,crn:v1:bluemix:public:quantum-computing:us-east:a/d2c50f33c43a44abb94280706332351d:deeabf25-a0d5-4c7b-9a89-18c5ff158017::,us-east,batch,2025-07-26T02:02:20.572Z,2025-07-26T02:11:24.891Z,ibm_fez,198,Grier Jones,,d2c50f33c43a44abb94280706332351d,,
38b4a19e-07cc-433a-aad3-307d3ed84dfe,completed,crn:v1:bluemix:public:quantum-computing:us-east:a/d2c50f33c43a44abb94280706332351d:deeabf25-a0d5-4c7b-9a89-18c5ff158017::,us-east,batch,2025-07-26T02:02:20.570Z,2025-07-26T02:20:49.392Z,ibm_fez,265,Grier Jones,,d2c50f33c43a44abb94280706332351d,,
8b578860-0b44-4bd8-bc16-31f76b6898ab,completed,crn:v1:bluemix:public:quantum-computing:us-east:a/d2c50f33c43a44abb94280706332351d:deeabf25-a0d5-4c7b-9a89-18c5ff158017::,us-east,batch,2025-07-26T02:02:20.411Z,2025-07-26T02:07:30.311Z,ibm_fez,265,Grier Jones,,d2c50f33c43a44abb94280706332351d,,
a780efd8-dd69-44d8-9f81-2a35d795882d,completed,crn:v1:bluemix:public:quantum-computing:us-east:a/d2c50f33c43a44abb94280706332351d:deeabf25-a0d5-4c7b-9a89-18c5ff158017::,us-east,batch,2025-07-26T02:02:20.399Z,2025-07-26T02:25:13.704Z,ibm_fez,256,Grier Jones,,d2c50f33c43a44abb94280706332351d,,
249fb352-0615-4c60-bfdc-48df2308d156,completed,crn:v1:bluemix:public:quantum-computing:us-east:a/d2c50f33c43a44abb94280706332351d:deeabf25-a0d5-4c7b-9a89-18c5ff158017::,us-east,batch,2025-07-26T01:41:13.716Z,2025-07-26T01:50:10.857Z,ibm_fez,256,Grier Jones,,d2c50f33c43a44abb94280706332351d,,
679f4c4f-fcda-4bfd-b916-c22a2614eb63,completed,crn:v1:bluemix:public:quantum-computing:us-east:a/d2c50f33c43a44abb94280706332351d:deeabf25-a0d5-4c7b-9a89-18c5ff158017::,us-east,batch,2025-07-26T01:41:13.713Z,2025-07-26T01:54:35.345Z,ibm_fez,256,Grier Jones,,d2c50f33c43a44abb94280706332351d,,
575f39d7-9cc4-4ff9-8369-ffd8e212194d,completed,crn:v1:bluemix:public:quantum-computing:us-east:a/d2c50f33c43a44abb94280706332351d:deeabf25-a0d5-4c7b-9a89-18c5ff158017::,us-east,batch,2025-07-26T01:41:13.712Z,2025-07-26T02:02:19.529Z,ibm_fez,256,Grier Jones,,d2c50f33c43a44abb94280706332351d,,
45a13c80-f6a3-49e7-847a-0a60daa07723,completed,crn:v1:bluemix:public:quantum-computing:us-east:a/d2c50f33c43a44abb94280706332351d:deeabf25-a0d5-4c7b-9a89-18c5ff158017::,us-east,batch,2025-07-26T01:41:13.701Z,2025-07-26T01:57:55.716Z,ibm_fez,192,Grier Jones,,d2c50f33c43a44abb94280706332351d,,
2c99b1e9-345f-4ee1-bb67-282a8bf0b921,completed,crn:v1:bluemix:public:quantum-computing:us-east:a/d2c50f33c43a44abb94280706332351d:deeabf25-a0d5-4c7b-9a89-18c5ff158017::,us-east,batch,2025-07-26T01:41:12.257Z,2025-07-26T01:45:43.453Z,ibm_fez,257,Grier Jones,,d2c50f33c43a44abb94280706332351d,,
859fc891-ca95-46be-8471-0ebd7672dbfc,completed,crn:v1:bluemix:public:quantum-computing:us-east:a/d2c50f33c43a44abb94280706332351d:deeabf25-a0d5-4c7b-9a89-18c5ff158017::,us-east,batch,2025-07-26T01:19:51.217Z,2025-07-26T01:36:35.765Z,ibm_fez,256,Grier Jones,,d2c50f33c43a44abb94280706332351d,,
9bca5fc1-0c2a-41df-941a-2bcab7325e27,completed,crn:v1:bluemix:public:quantum-computing:us-east:a/d2c50f33c43a44abb94280706332351d:deeabf25-a0d5-4c7b-9a89-18c5ff158017::,us-east,batch,2025-07-26T01:19:51.074Z,2025-07-26T01:28:47.268Z,ibm_fez,257,Grier Jones,,d2c50f33c43a44abb94280706332351d,,
c0ae17b0-b81e-4b6e-8cd8-1cd6e22f6d17,completed,crn:v1:bluemix:public:quantum-computing:us-east:a/d2c50f33c43a44abb94280706332351d:deeabf25-a0d5-4c7b-9a89-18c5ff158017::,us-east,batch,2025-07-26T01:19:51.059Z,2025-07-26T01:32:11.539Z,ibm_fez,192,Grier Jones,,d2c50f33c43a44abb94280706332351d,,
01a97ad8-6504-44ff-9ed5-d8d83047dd8e,completed,crn:v1:bluemix:public:quantum-computing:us-east:a/d2c50f33c43a44abb94280706332351d:deeabf25-a0d5-4c7b-9a89-18c5ff158017::,us-east,batch,2025-07-26T01:19:51.057Z,2025-07-26T01:41:10.978Z,ibm_fez,256,Grier Jones,,d2c50f33c43a44abb94280706332351d,,
9de2f487-ed6f-4be7-807d-e77e66d5b9fe,completed,crn:v1:bluemix:public:quantum-computing:us-east:a/d2c50f33c43a44abb94280706332351d:deeabf25-a0d5-4c7b-9a89-18c5ff158017::,us-east,batch,2025-07-26T01:19:51.035Z,2025-07-26T01:24:22.371Z,ibm_fez,256,Grier Jones,,d2c50f33c43a44abb94280706332351d,,
bf47c233-4601-4313-a12c-8352c4cf43b4,completed,crn:v1:bluemix:public:quantum-computing:us-east:a/d2c50f33c43a44abb94280706332351d:deeabf25-a0d5-4c7b-9a89-18c5ff158017::,us-east,batch,2025-07-26T00:58:12.443Z,2025-07-26T01:02:47.467Z,ibm_fez,259,Grier Jones,,d2c50f33c43a44abb94280706332351d,,
d5befa88-b234-44a7-a468-c019f93434be,completed,crn:v1:bluemix:public:quantum-computing:us-east:a/d2c50f33c43a44abb94280706332351d:deeabf25-a0d5-4c7b-9a89-18c5ff158017::,us-east,batch,2025-07-26T00:58:12.435Z,2025-07-26T01:19:48.585Z,ibm_fez,256,Grier Jones,,d2c50f33c43a44abb94280706332351d,,
43ee065f-0692-4580-b989-ff2d30d31f14,completed,crn:v1:bluemix:public:quantum-computing:us-east:a/d2c50f33c43a44abb94280706332351d:deeabf25-a0d5-4c7b-9a89-18c5ff158017::,us-east,batch,2025-07-26T00:58:12.157Z,2025-07-26T01:10:35.081Z,ibm_fez,256,Grier Jones,,d2c50f33c43a44abb94280706332351d,,
702d73fb-57a8-464a-a9a0-0691abefd060,completed,crn:v1:bluemix:public:quantum-computing:us-east:a/d2c50f33c43a44abb94280706332351d:deeabf25-a0d5-4c7b-9a89-18c5ff158017::,us-east,batch,2025-07-26T00:58:12.156Z,2025-07-26T01:06:08.664Z,ibm_fez,193,Grier Jones,,d2c50f33c43a44abb94280706332351d,,
be2206a2-fb12-44d2-aad1-f3f552dd10c1,completed,crn:v1:bluemix:public:quantum-computing:us-east:a/d2c50f33c43a44abb94280706332351d:deeabf25-a0d5-4c7b-9a89-18c5ff158017::,us-east,batch,2025-07-26T00:58:12.147Z,2025-07-26T01:15:24.604Z,ibm_fez,256,Grier Jones,,d2c50f33c43a44abb94280706332351d,,
11b1401e-f8bb-4ab5-8a6a-83d624ef2afd,completed,crn:v1:bluemix:public:quantum-computing:us-east:a/d2c50f33c43a44abb94280706332351d:deeabf25-a0d5-4c7b-9a89-18c5ff158017::,us-east,batch,2025-07-26T00:29:46.662Z,2025-07-26T00:45:13.641Z,ibm_fez,261,Grier Jones,,d2c50f33c43a44abb94280706332351d,,
a16a1b31-cf04-471c-8852-33584812b598,completed,crn:v1:bluemix:public:quantum-computing:us-east:a/d2c50f33c43a44abb94280706332351d:deeabf25-a0d5-4c7b-9a89-18c5ff158017::,us-east,batch,2025-07-26T00:29:46.640Z,2025-07-26T00:50:26.781Z,ibm_fez,261,Grier Jones,,d2c50f33c43a44abb94280706332351d,,
b6231572-8a6b-4a04-9e6d-d9b454666216,completed,crn:v1:bluemix:public:quantum-computing:us-east:a/d2c50f33c43a44abb94280706332351d:deeabf25-a0d5-4c7b-9a89-18c5ff158017::,us-east,batch,2025-07-26T00:29:46.552Z,2025-07-26T00:58:11.524Z,ibm_fez,256,Grier Jones,,d2c50f33c43a44abb94280706332351d,,
9fbeb58c-a079-404c-831a-0cf7127b22bc,completed,crn:v1:bluemix:public:quantum-computing:us-east:a/d2c50f33c43a44abb94280706332351d:deeabf25-a0d5-4c7b-9a89-18c5ff158017::,us-east,batch,2025-07-26T00:29:46.439Z,2025-07-26T00:37:22.993Z,ibm_fez,264,Grier Jones,,d2c50f33c43a44abb94280706332351d,,
c5143bd8-9659-4413-a42f-ea9b160e1529,completed,crn:v1:bluemix:public:quantum-computing:us-east:a/d2c50f33c43a44abb94280706332351d:deeabf25-a0d5-4c7b-9a89-18c5ff158017::,us-east,batch,2025-07-26T00:29:46.438Z,2025-07-26T00:53:47.629Z,ibm_fez,192,Grier Jones,,d2c50f33c43a44abb94280706332351d,,
80bed334-f4c1-4cbf-b783-3c7fe262b8ef,completed,crn:v1:bluemix:public:quantum-computing:us-east:a/d2c50f33c43a44abb94280706332351d:deeabf25-a0d5-4c7b-9a89-18c5ff158017::,us-east,batch,2025-07-26T00:05:47.670Z,2025-07-26T00:13:42.016Z,ibm_fez,192,Grier Jones,,d2c50f33c43a44abb94280706332351d,,
f3a7a73f-7595-4cea-a722-80c9a1a4e25b,completed,crn:v1:bluemix:public:quantum-computing:us-east:a/d2c50f33c43a44abb94280706332351d:deeabf25-a0d5-4c7b-9a89-18c5ff158017::,us-east,batch,2025-07-26T00:05:47.662Z,2025-07-26T00:29:36.733Z,ibm_fez,265,Grier Jones,,d2c50f33c43a44abb94280706332351d,,
8e3e44e1-aade-45a4-977a-20f43ea8f3b3,completed,crn:v1:bluemix:public:quantum-computing:us-east:a/d2c50f33c43a44abb94280706332351d:deeabf25-a0d5-4c7b-9a89-18c5ff158017::,us-east,batch,2025-07-26T00:05:47.618Z,2025-07-26T00:22:30.600Z,ibm_fez,256,Grier Jones,,d2c50f33c43a44abb94280706332351d,,
c1998c5a-6404-4428-b5db-7ca3fd378209,completed,crn:v1:bluemix:public:quantum-computing:us-east:a/d2c50f33c43a44abb94280706332351d:deeabf25-a0d5-4c7b-9a89-18c5ff158017::,us-east,batch,2025-07-26T00:05:47.614Z,2025-07-26T00:18:06.647Z,ibm_fez,256,Grier Jones,,d2c50f33c43a44abb94280706332351d,,
1fc36c75-3c35-4ff0-997f-76b03646bf9d,completed,crn:v1:bluemix:public:quantum-computing:us-east:a/d2c50f33c43a44abb94280706332351d:deeabf25-a0d5-4c7b-9a89-18c5ff158017::,us-east,batch,2025-07-26T00:05:47.612Z,2025-07-26T00:10:20.729Z,ibm_fez,256,Grier Jones,,d2c50f33c43a44abb94280706332351d,,
74df86b9-0830-4a3d-93ae-e9d3869ebc6a,completed,crn:v1:bluemix:public:quantum-computing:us-east:a/d2c50f33c43a44abb94280706332351d:deeabf25-a0d5-4c7b-9a89-18c5ff158017::,us-east,batch,2025-07-25T23:30:57.137Z,2025-07-26T00:05:46.463Z,ibm_fez,257,Grier Jones,,d2c50f33c43a44abb94280706332351d,,
840327e4-d569-4989-a701-0412c411b4c3,completed,crn:v1:bluemix:public:quantum-computing:us-east:a/d2c50f33c43a44abb94280706332351d:deeabf25-a0d5-4c7b-9a89-18c5ff158017::,us-east,batch,2025-07-25T23:30:57.124Z,2025-07-25T23:51:26.054Z,ibm_fez,287,Grier Jones,,d2c50f33c43a44abb94280706332351d,,
b6868905-8588-4fc2-81d9-b2afaa11c793,completed,crn:v1:bluemix:public:quantum-computing:us-east:a/d2c50f33c43a44abb94280706332351d:deeabf25-a0d5-4c7b-9a89-18c5ff158017::,us-east,batch,2025-07-25T23:30:57.121Z,2025-07-26T00:00:43.808Z,ibm_fez,256,Grier Jones,,d2c50f33c43a44abb94280706332351d,,
379f15c4-b560-4593-83b6-c007c8cbb87f,completed,crn:v1:bluemix:public:quantum-computing:us-east:a/d2c50f33c43a44abb94280706332351d:deeabf25-a0d5-4c7b-9a89-18c5ff158017::,us-east,batch,2025-07-25T23:30:57.114Z,2025-07-25T23:43:39.004Z,ibm_fez,219,Grier Jones,,d2c50f33c43a44abb94280706332351d,,
770e527b-419d-4725-b629-7f6edfccb5ae,completed,crn:v1:bluemix:public:quantum-computing:us-east:a/d2c50f33c43a44abb94280706332351d:deeabf25-a0d5-4c7b-9a89-18c5ff158017::,us-east,batch,2025-07-25T23:30:57.114Z,2025-07-25T23:56:18.426Z,ibm_fez,261,Grier Jones,,d2c50f33c43a44abb94280706332351d,,
83ef6cdc-ab17-43a5-813b-689d02745e9c,completed,crn:v1:bluemix:public:quantum-computing:us-east:a/d2c50f33c43a44abb94280706332351d:deeabf25-a0d5-4c7b-9a89-18c5ff158017::,us-east,batch,2025-07-25T22:54:50.439Z,2025-07-25T23:21:40.971Z,ibm_fez,275,Grier Jones,,d2c50f33c43a44abb94280706332351d,,
2c65c27a-54ea-4b33-99eb-0edcf5cfed29,completed,crn:v1:bluemix:public:quantum-computing:us-east:a/d2c50f33c43a44abb94280706332351d:deeabf25-a0d5-4c7b-9a89-18c5ff158017::,us-east,batch,2025-07-25T22:54:50.337Z,2025-07-25T23:01:28.233Z,ibm_fez,267,Grier Jones,,d2c50f33c43a44abb94280706332351d,,
d0830c74-f391-4c2f-8da1-87141148a3ef,completed,crn:v1:bluemix:public:quantum-computing:us-east:a/d2c50f33c43a44abb94280706332351d:deeabf25-a0d5-4c7b-9a89-18c5ff158017::,us-east,batch,2025-07-25T22:54:50.304Z,2025-07-25T23:08:26.574Z,ibm_fez,271,Grier Jones,,d2c50f33c43a44abb94280706332351d,,
1d06b90d-8ca1-41b1-8db5-7f179b424532,completed,crn:v1:bluemix:public:quantum-computing:us-east:a/d2c50f33c43a44abb94280706332351d:deeabf25-a0d5-4c7b-9a89-18c5ff158017::,us-east,batch,2025-07-25T22:54:50.236Z,2025-07-25T23:13:19.184Z,ibm_fez,197,Grier Jones,,d2c50f33c43a44abb94280706332351d,,
530ed873-9982-403e-b8c0-934839136e75,completed,crn:v1:bluemix:public:quantum-computing:us-east:a/d2c50f33c43a44abb94280706332351d:deeabf25-a0d5-4c7b-9a89-18c5ff158017::,us-east,batch,2025-07-25T22:54:50.226Z,2025-07-25T23:30:55.209Z,ibm_fez,270,Grier Jones,,d2c50f33c43a44abb94280706332351d,,
1c7bdf87-7e14-44db-a3cb-70f3b62a36af,completed,crn:v1:bluemix:public:quantum-computing:us-east:a/d2c50f33c43a44abb94280706332351d:deeabf25-a0d5-4c7b-9a89-18c5ff158017::,us-east,batch,2025-07-25T22:17:42.985Z,2025-07-25T22:45:28.910Z,ibm_fez,275,Grier Jones,,d2c50f33c43a44abb94280706332351d,,
c835b36f-a3e5-4197-a64b-bb412caef9ee,completed,crn:v1:bluemix:public:quantum-computing:us-east:a/d2c50f33c43a44abb94280706332351d:deeabf25-a0d5-4c7b-9a89-18c5ff158017::,us-east,batch,2025-07-25T22:17:42.877Z,2025-07-25T22:31:00.247Z,ibm_fez,271,Grier Jones,,d2c50f33c43a44abb94280706332351d,,
ef642fd5-c14a-4965-989f-b75e4fb69cbb,completed,crn:v1:bluemix:public:quantum-computing:us-east:a/d2c50f33c43a44abb94280706332351d:deeabf25-a0d5-4c7b-9a89-18c5ff158017::,us-east,batch,2025-07-25T22:17:42.787Z,2025-07-25T22:54:43.451Z,ibm_fez,201,Grier Jones,,d2c50f33c43a44abb94280706332351d,,
adb90e3f-4a0f-4a53-a5ba-693a6ceb02f8,completed,crn:v1:bluemix:public:quantum-computing:us-east:a/d2c50f33c43a44abb94280706332351d:deeabf25-a0d5-4c7b-9a89-18c5ff158017::,us-east,batch,2025-07-25T22:17:42.763Z,2025-07-25T22:38:46.242Z,ibm_fez,276,Grier Jones,,d2c50f33c43a44abb94280706332351d,,
707388ef-145c-4d67-8de0-f6dbb1e3c235,completed,crn:v1:bluemix:public:quantum-computing:us-east:a/d2c50f33c43a44abb94280706332351d:deeabf25-a0d5-4c7b-9a89-18c5ff158017::,us-east,batch,2025-07-25T22:17:42.761Z,2025-07-25T22:24:31.969Z,ibm_fez,270,Grier Jones,,d2c50f33c43a44abb94280706332351d,,
159395c3-40d2-40ff-abd2-4bb740576d98,completed,crn:v1:bluemix:public:quantum-computing:us-east:a/d2c50f33c43a44abb94280706332351d:deeabf25-a0d5-4c7b-9a89-18c5ff158017::,us-east,batch,2025-07-25T21:47:15.480Z,2025-07-25T22:02:35.219Z,ibm_fez,259,Grier Jones,,d2c50f33c43a44abb94280706332351d,,
f7e254fb-f410-4497-b93b-dfd8ebeebb24,completed,crn:v1:bluemix:public:quantum-computing:us-east:a/d2c50f33c43a44abb94280706332351d:deeabf25-a0d5-4c7b-9a89-18c5ff158017::,us-east,batch,2025-07-25T21:47:15.466Z,2025-07-25T22:17:35.835Z,ibm_fez,206,Grier Jones,,d2c50f33c43a44abb94280706332351d,,
b85df1b3-69dd-4610-869d-4436660d2a34,completed,crn:v1:bluemix:public:quantum-computing:us-east:a/d2c50f33c43a44abb94280706332351d:deeabf25-a0d5-4c7b-9a89-18c5ff158017::,us-east,batch,2025-07-25T21:47:15.462Z,2025-07-25T22:11:23.882Z,ibm_fez,256,Grier Jones,,d2c50f33c43a44abb94280706332351d,,
77d2fe12-32f8-409d-a53d-0d476050f6d5,completed,crn:v1:bluemix:public:quantum-computing:us-east:a/d2c50f33c43a44abb94280706332351d:deeabf25-a0d5-4c7b-9a89-18c5ff158017::,us-east,batch,2025-07-25T21:47:15.442Z,2025-07-25T22:06:59.199Z,ibm_fez,256,Grier Jones,,d2c50f33c43a44abb94280706332351d,,
30208d8e-4acc-4bbb-9370-0e111a956642,completed,crn:v1:bluemix:public:quantum-computing:us-east:a/d2c50f33c43a44abb94280706332351d:deeabf25-a0d5-4c7b-9a89-18c5ff158017::,us-east,batch,2025-07-25T21:47:15.440Z,2025-07-25T21:57:23.396Z,ibm_fez,263,Grier Jones,,d2c50f33c43a44abb94280706332351d,,
9f1a3200-1d89-4d60-a47a-38e9984de6d6,completed,crn:v1:bluemix:public:quantum-computing:us-east:a/d2c50f33c43a44abb94280706332351d:deeabf25-a0d5-4c7b-9a89-18c5ff158017::,us-east,batch,2025-07-25T21:24:48.126Z,2025-07-25T21:47:13.664Z,ibm_fez,262,Grier Jones,,d2c50f33c43a44abb94280706332351d,,
7a4bbdb5-5173-4281-bcef-350c672a65c5,completed,crn:v1:bluemix:public:quantum-computing:us-east:a/d2c50f33c43a44abb94280706332351d:deeabf25-a0d5-4c7b-9a89-18c5ff158017::,us-east,batch,2025-07-25T21:24:47.498Z,2025-07-25T21:42:03.823Z,ibm_fez,256,Grier Jones,,d2c50f33c43a44abb94280706332351d,,
17ae2c5a-fff6-414e-968c-155c39c5d6fa,completed,crn:v1:bluemix:public:quantum-computing:us-east:a/d2c50f33c43a44abb94280706332351d:deeabf25-a0d5-4c7b-9a89-18c5ff158017::,us-east,batch,2025-07-25T21:24:47.486Z,2025-07-25T21:33:15.731Z,ibm_fez,256,Grier Jones,,d2c50f33c43a44abb94280706332351d,,
16205963-ea62-4208-99ef-66aec863c96b,completed,crn:v1:bluemix:public:quantum-computing:us-east:a/d2c50f33c43a44abb94280706332351d:deeabf25-a0d5-4c7b-9a89-18c5ff158017::,us-east,batch,2025-07-25T21:24:47.470Z,2025-07-25T21:28:50.604Z,ibm_fez,208,Grier Jones,,d2c50f33c43a44abb94280706332351d,,
3ba98a7f-0351-4290-9852-a02e9977691e,completed,crn:v1:bluemix:public:quantum-computing:us-east:a/d2c50f33c43a44abb94280706332351d:deeabf25-a0d5-4c7b-9a89-18c5ff158017::,us-east,batch,2025-07-25T21:24:47.426Z,2025-07-25T21:37:39.898Z,ibm_fez,256,Grier Jones,,d2c50f33c43a44abb94280706332351d,,
02c8c97a-4ed3-4654-83bb-31e41d669a44,completed,crn:v1:bluemix:public:quantum-computing:us-east:a/d2c50f33c43a44abb94280706332351d:deeabf25-a0d5-4c7b-9a89-18c5ff158017::,us-east,batch,2025-07-25T21:01:14.505Z,2025-07-25T21:24:46.389Z,ibm_fez,268,Grier Jones,,d2c50f33c43a44abb94280706332351d,,
f00c66e6-630c-49e2-ae2b-f7cf53c866b3,completed,crn:v1:bluemix:public:quantum-computing:us-east:a/d2c50f33c43a44abb94280706332351d:deeabf25-a0d5-4c7b-9a89-18c5ff158017::,us-east,batch,2025-07-25T21:01:14.504Z,2025-07-25T21:19:01.508Z,ibm_fez,192,Grier Jones,,d2c50f33c43a44abb94280706332351d,,
a4630d2f-feed-4379-aa08-0b0ecb8293cb,completed,crn:v1:bluemix:public:quantum-computing:us-east:a/d2c50f33c43a44abb94280706332351d:deeabf25-a0d5-4c7b-9a89-18c5ff158017::,us-east,batch,2025-07-25T21:01:14.500Z,2025-07-25T21:15:40.883Z,ibm_fez,260,Grier Jones,,d2c50f33c43a44abb94280706332351d,,
17dcdc8b-f17a-4d1a-9223-f1f428cb8b17,completed,crn:v1:bluemix:public:quantum-computing:us-east:a/d2c50f33c43a44abb94280706332351d:deeabf25-a0d5-4c7b-9a89-18c5ff158017::,us-east,batch,2025-07-25T21:01:13.221Z,2025-07-25T21:10:48.645Z,ibm_fez,261,Grier Jones,,d2c50f33c43a44abb94280706332351d,,
1c9542e9-f5be-41c6-b2de-2379d5a2c4c5,completed,crn:v1:bluemix:public:quantum-computing:us-east:a/d2c50f33c43a44abb94280706332351d:deeabf25-a0d5-4c7b-9a89-18c5ff158017::,us-east,batch,2025-07-25T21:01:12.829Z,2025-07-25T21:05:43.302Z,ibm_fez,256,Grier Jones,,d2c50f33c43a44abb94280706332351d,,
ad2e68fd-cec2-45cf-9827-2b36a90ae29a,completed,crn:v1:bluemix:public:quantum-computing:us-east:a/d2c50f33c43a44abb94280706332351d:deeabf25-a0d5-4c7b-9a89-18c5ff158017::,us-east,batch,2025-07-25T20:19:38.339Z,2025-07-25T20:49:16.691Z,ibm_fez,274,Grier Jones,,d2c50f33c43a44abb94280706332351d,,
edde81b1-cabc-441d-b36b-bc71e8fb2bc8,completed,crn:v1:bluemix:public:quantum-computing:us-east:a/d2c50f33c43a44abb94280706332351d:deeabf25-a0d5-4c7b-9a89-18c5ff158017::,us-east,batch,2025-07-25T20:19:38.334Z,2025-07-25T20:36:37.295Z,ibm_fez,263,Grier Jones,,d2c50f33c43a44abb94280706332351d,,
456116ca-5a72-4f98-8369-382220122d1b,completed,crn:v1:bluemix:public:quantum-computing:us-east:a/d2c50f33c43a44abb94280706332351d:deeabf25-a0d5-4c7b-9a89-18c5ff158017::,us-east,batch,2025-07-25T20:19:38.332Z,2025-07-25T21:01:10.544Z,ibm_fez,273,Grier Jones,,d2c50f33c43a44abb94280706332351d,,
ac99b9cd-d9d7-4e11-933a-560ad70838c0,completed,crn:v1:bluemix:public:quantum-computing:us-east:a/d2c50f33c43a44abb94280706332351d:deeabf25-a0d5-4c7b-9a89-18c5ff158017::,us-east,batch,2025-07-25T20:19:37.833Z,2025-07-25T20:30:23.141Z,ibm_fez,194,Grier Jones,,d2c50f33c43a44abb94280706332351d,,
cfaed09b-6469-49f5-bfcc-f36312bd7124,completed,crn:v1:bluemix:public:quantum-computing:us-east:a/d2c50f33c43a44abb94280706332351d:deeabf25-a0d5-4c7b-9a89-18c5ff158017::,us-east,batch,2025-07-25T20:19:37.727Z,2025-07-25T20:25:51.782Z,ibm_fez,261,Grier Jones,,d2c50f33c43a44abb94280706332351d,,
7d554ebd-a523-4ae3-b198-23e2a00bbcbf,completed,crn:v1:bluemix:public:quantum-computing:us-east:a/d2c50f33c43a44abb94280706332351d:deeabf25-a0d5-4c7b-9a89-18c5ff158017::,us-east,batch,2025-07-25T19:38:23.801Z,2025-07-25T19:46:15.405Z,ibm_fez,256,Grier Jones,,d2c50f33c43a44abb94280706332351d,,
25a060c8-3fc3-40c4-9bb1-63b96b48f8e1,completed,crn:v1:bluemix:public:quantum-computing:us-east:a/d2c50f33c43a44abb94280706332351d:deeabf25-a0d5-4c7b-9a89-18c5ff158017::,us-east,batch,2025-07-25T19:38:23.591Z,2025-07-25T19:51:20.554Z,ibm_fez,262,Grier Jones,,d2c50f33c43a44abb94280706332351d,,
cda0dae5-cf01-436b-ab8b-e9f9809e459a,completed,crn:v1:bluemix:public:quantum-computing:us-east:a/d2c50f33c43a44abb94280706332351d:deeabf25-a0d5-4c7b-9a89-18c5ff158017::,us-east,batch,2025-07-25T19:38:23.564Z,2025-07-25T19:55:48.538Z,ibm_fez,256,Grier Jones,,d2c50f33c43a44abb94280706332351d,,
e5e19783-dfb4-4dd7-a421-1174e7b1dd53,completed,crn:v1:bluemix:public:quantum-computing:us-east:a/d2c50f33c43a44abb94280706332351d:deeabf25-a0d5-4c7b-9a89-18c5ff158017::,us-east,batch,2025-07-25T19:38:23.411Z,2025-07-25T20:19:34.629Z,ibm_fez,256,Grier Jones,,d2c50f33c43a44abb94280706332351d,,
bab4f7f6-04f6-4fed-a841-c41da74c7b86,completed,crn:v1:bluemix:public:quantum-computing:us-east:a/d2c50f33c43a44abb94280706332351d:deeabf25-a0d5-4c7b-9a89-18c5ff158017::,us-east,batch,2025-07-25T19:38:23.408Z,2025-07-25T19:41:51.557Z,ibm_fez,192,Grier Jones,,d2c50f33c43a44abb94280706332351d,,
e101cd66-3116-470a-b1d5-7328cd4c864d,completed,crn:v1:bluemix:public:quantum-computing:us-east:a/d2c50f33c43a44abb94280706332351d:deeabf25-a0d5-4c7b-9a89-18c5ff158017::,us-east,batch,2025-07-25T19:17:17.676Z,2025-07-25T19:30:36.602Z,ibm_fez,256,Grier Jones,,d2c50f33c43a44abb94280706332351d,,
75ac4b2a-be27-463b-8988-51c2dd11ade8,completed,crn:v1:bluemix:public:quantum-computing:us-east:a/d2c50f33c43a44abb94280706332351d:deeabf25-a0d5-4c7b-9a89-18c5ff158017::,us-east,batch,2025-07-25T19:17:17.621Z,2025-07-25T19:33:57.589Z,ibm_fez,192,Grier Jones,,d2c50f33c43a44abb94280706332351d,,
5586eea3-ee87-498a-aac6-849c3504bb7f,completed,crn:v1:bluemix:public:quantum-computing:us-east:a/d2c50f33c43a44abb94280706332351d:deeabf25-a0d5-4c7b-9a89-18c5ff158017::,us-east,batch,2025-07-25T19:17:17.620Z,2025-07-25T19:38:21.893Z,ibm_fez,256,Grier Jones,,d2c50f33c43a44abb94280706332351d,,
bc920246-9792-414a-8366-81e84a94ddfa,completed,crn:v1:bluemix:public:quantum-computing:us-east:a/d2c50f33c43a44abb94280706332351d:deeabf25-a0d5-4c7b-9a89-18c5ff158017::,us-east,batch,2025-07-25T19:17:17.555Z,2025-07-25T19:21:48.648Z,ibm_fez,256,Grier Jones,,d2c50f33c43a44abb94280706332351d,,
64924bce-91ea-4d53-ba07-0f7ade9789b6,completed,crn:v1:bluemix:public:quantum-computing:us-east:a/d2c50f33c43a44abb94280706332351d:deeabf25-a0d5-4c7b-9a89-18c5ff158017::,us-east,batch,2025-07-25T19:17:17.471Z,2025-07-25T19:26:12.731Z,ibm_fez,256,Grier Jones,,d2c50f33c43a44abb94280706332351d,,
d8600601-1393-4882-a653-537dcc45b6dc,completed,crn:v1:bluemix:public:quantum-computing:us-east:a/d2c50f33c43a44abb94280706332351d:deeabf25-a0d5-4c7b-9a89-18c5ff158017::,us-east,batch,2025-07-25T18:42:56.607Z,2025-07-25T19:01:39.370Z,ibm_fez,271,Grier Jones,,d2c50f33c43a44abb94280706332351d,,
eb4bf980-0810-4aae-96ff-8f811022a5da,completed,crn:v1:bluemix:public:quantum-computing:us-east:a/d2c50f33c43a44abb94280706332351d:deeabf25-a0d5-4c7b-9a89-18c5ff158017::,us-east,batch,2025-07-25T18:42:56.607Z,2025-07-25T19:08:21.477Z,ibm_fez,256,Grier Jones,,d2c50f33c43a44abb94280706332351d,,
4566c1af-327e-4483-a545-7d53bc52ddd2,completed,crn:v1:bluemix:public:quantum-computing:us-east:a/d2c50f33c43a44abb94280706332351d:deeabf25-a0d5-4c7b-9a89-18c5ff158017::,us-east,batch,2025-07-25T18:42:56.601Z,2025-07-25T18:54:26.338Z,ibm_fez,206,Grier Jones,,d2c50f33c43a44abb94280706332351d,,
4ebdac22-48ac-4b99-a9dd-0ea0518905a1,completed,crn:v1:bluemix:public:quantum-computing:us-east:a/d2c50f33c43a44abb94280706332351d:deeabf25-a0d5-4c7b-9a89-18c5ff158017::,us-east,batch,2025-07-25T18:42:56.378Z,2025-07-25T19:17:16.391Z,ibm_fez,256,Grier Jones,,d2c50f33c43a44abb94280706332351d,,
94f38116-d283-452d-8578-9cb8f00a2495,completed,crn:v1:bluemix:public:quantum-computing:us-east:a/d2c50f33c43a44abb94280706332351d:deeabf25-a0d5-4c7b-9a89-18c5ff158017::,us-east,batch,2025-07-25T18:42:56.373Z,2025-07-25T19:12:50.471Z,ibm_fez,260,Grier Jones,,d2c50f33c43a44abb94280706332351d,,
ca205311-e0d3-41a3-a184-1bec6506daab,completed,crn:v1:bluemix:public:quantum-computing:us-east:a/d2c50f33c43a44abb94280706332351d:deeabf25-a0d5-4c7b-9a89-18c5ff158017::,us-east,batch,2025-07-25T17:56:04.203Z,2025-07-25T18:01:28.509Z,ibm_fez,261,Grier Jones,,d2c50f33c43a44abb94280706332351d,,
8e2083f3-9f6b-45cd-82cd-ea69a8a16764,completed,crn:v1:bluemix:public:quantum-computing:us-east:a/d2c50f33c43a44abb94280706332351d:deeabf25-a0d5-4c7b-9a89-18c5ff158017::,us-east,batch,2025-07-25T17:56:03.981Z,2025-07-25T18:33:45.901Z,ibm_fez,281,Grier Jones,,d2c50f33c43a44abb94280706332351d,,
2f07165e-17ba-48f3-95da-ec9a6637c8e0,completed,crn:v1:bluemix:public:quantum-computing:us-east:a/d2c50f33c43a44abb94280706332351d:deeabf25-a0d5-4c7b-9a89-18c5ff158017::,us-east,batch,2025-07-25T17:56:03.918Z,2025-07-25T18:42:49.389Z,ibm_fez,201,Grier Jones,,d2c50f33c43a44abb94280706332351d,,
1e5f3fe3-6d0d-4c0d-8f0c-0322fae58c13,completed,crn:v1:bluemix:public:quantum-computing:us-east:a/d2c50f33c43a44abb94280706332351d:deeabf25-a0d5-4c7b-9a89-18c5ff158017::,us-east,batch,2025-07-25T17:56:03.911Z,2025-07-25T18:08:15.746Z,ibm_fez,265,Grier Jones,,d2c50f33c43a44abb94280706332351d,,
71471e2b-e8fb-4d4c-99c1-466465e5c6de,completed,crn:v1:bluemix:public:quantum-computing:us-east:a/d2c50f33c43a44abb94280706332351d:deeabf25-a0d5-4c7b-9a89-18c5ff158017::,us-east,batch,2025-07-25T17:56:03.820Z,2025-07-25T18:15:42.279Z,ibm_fez,268,Grier Jones,,d2c50f33c43a44abb94280706332351d,,
db751dcd-398e-4816-a00b-05d3fa155bcf,completed,crn:v1:bluemix:public:quantum-computing:us-east:a/d2c50f33c43a44abb94280706332351d:deeabf25-a0d5-4c7b-9a89-18c5ff158017::,us-east,batch,2025-07-25T17:16:36.543Z,2025-07-25T17:49:57.862Z,ibm_fez,197,Grier Jones,,d2c50f33c43a44abb94280706332351d,,
28279bcc-84f1-46f9-b95a-66b3ab85e5d5,completed,crn:v1:bluemix:public:quantum-computing:us-east:a/d2c50f33c43a44abb94280706332351d:deeabf25-a0d5-4c7b-9a89-18c5ff158017::,us-east,batch,2025-07-25T17:16:36.532Z,2025-07-25T17:43:58.359Z,ibm_fez,262,Grier Jones,,d2c50f33c43a44abb94280706332351d,,
07191c14-e5db-4eca-b646-516d3edb6c12,completed,crn:v1:bluemix:public:quantum-computing:us-east:a/d2c50f33c43a44abb94280706332351d:deeabf25-a0d5-4c7b-9a89-18c5ff158017::,us-east,batch,2025-07-25T17:16:36.516Z,2025-07-25T17:25:48.425Z,ibm_fez,280,Grier Jones,,d2c50f33c43a44abb94280706332351d,,
b1351bf4-1d35-48f6-be6d-b9c21bd14b63,completed,crn:v1:bluemix:public:quantum-computing:us-east:a/d2c50f33c43a44abb94280706332351d:deeabf25-a0d5-4c7b-9a89-18c5ff158017::,us-east,batch,2025-07-25T17:16:36.503Z,2025-07-25T17:35:31.978Z,ibm_fez,277,Grier Jones,,d2c50f33c43a44abb94280706332351d,,
08aeff08-ed3f-4f04-b77d-088d848e71d9,completed,crn:v1:bluemix:public:quantum-computing:us-east:a/d2c50f33c43a44abb94280706332351d:deeabf25-a0d5-4c7b-9a89-18c5ff158017::,us-east,batch,2025-07-25T17:16:36.480Z,2025-07-25T17:55:59.885Z,ibm_fez,266,Grier Jones,,d2c50f33c43a44abb94280706332351d,,
05fdbd3b-b4c8-45c2-86d0-97c8a42a2c00,completed,crn:v1:bluemix:public:quantum-computing:us-east:a/d2c50f33c43a44abb94280706332351d:deeabf25-a0d5-4c7b-9a89-18c5ff158017::,us-east,batch,2025-07-25T16:24:31.075Z,2025-07-25T16:29:03.434Z,ibm_fez,256,Grier Jones,,d2c50f33c43a44abb94280706332351d,,
4cc58cf0-c5a8-4d15-b3e1-b877930f4cbd,completed,crn:v1:bluemix:public:quantum-computing:us-east:a/d2c50f33c43a44abb94280706332351d:deeabf25-a0d5-4c7b-9a89-18c5ff158017::,us-east,batch,2025-07-25T16:24:31.059Z,2025-07-25T17:16:35.368Z,ibm_fez,280,Grier Jones,,d2c50f33c43a44abb94280706332351d,,
c4545869-7744-4967-9f03-302bf6bb47d9,completed,crn:v1:bluemix:public:quantum-computing:us-east:a/d2c50f33c43a44abb94280706332351d:deeabf25-a0d5-4c7b-9a89-18c5ff158017::,us-east,batch,2025-07-25T16:24:31.025Z,2025-07-25T16:36:49.225Z,ibm_fez,192,Grier Jones,,d2c50f33c43a44abb94280706332351d,,
0dd87b5f-d532-4278-a40f-1056ef6a4abf,completed,crn:v1:bluemix:public:quantum-computing:us-east:a/d2c50f33c43a44abb94280706332351d:deeabf25-a0d5-4c7b-9a89-18c5ff158017::,us-east,batch,2025-07-25T16:24:31.023Z,2025-07-25T16:33:28.256Z,ibm_fez,256,Grier Jones,,d2c50f33c43a44abb94280706332351d,,
06b7a0ed-a381-4a04-a334-1208df9a1d16,completed,crn:v1:bluemix:public:quantum-computing:us-east:a/d2c50f33c43a44abb94280706332351d:deeabf25-a0d5-4c7b-9a89-18c5ff158017::,us-east,batch,2025-07-25T16:24:31.022Z,2025-07-25T16:45:51.213Z,ibm_fez,256,Grier Jones,,d2c50f33c43a44abb94280706332351d,,
d616e3cc-3ae7-49de-9b59-b820a73cc9a6,completed,crn:v1:bluemix:public:quantum-computing:us-east:a/d2c50f33c43a44abb94280706332351d:deeabf25-a0d5-4c7b-9a89-18c5ff158017::,us-east,batch,2025-07-25T16:01:40.472Z,2025-07-25T16:21:00.369Z,ibm_fez,257,Grier Jones,,d2c50f33c43a44abb94280706332351d,,
3eec7373-dee3-48fe-a2e6-769f9a843365,completed,crn:v1:bluemix:public:quantum-computing:us-east:a/d2c50f33c43a44abb94280706332351d:deeabf25-a0d5-4c7b-9a89-18c5ff158017::,us-east,batch,2025-07-25T16:01:40.393Z,2025-07-25T16:24:24.863Z,ibm_fez,195,Grier Jones,,d2c50f33c43a44abb94280706332351d,,
49a9cb08-ddb0-453c-aa11-b609c74e35c6,completed,crn:v1:bluemix:public:quantum-computing:us-east:a/d2c50f33c43a44abb94280706332351d:deeabf25-a0d5-4c7b-9a89-18c5ff158017::,us-east,batch,2025-07-25T16:01:40.349Z,2025-07-25T16:07:07.117Z,ibm_fez,266,Grier Jones,,d2c50f33c43a44abb94280706332351d,,
fbb1eeb4-3657-45fc-a0f0-e5a160a31477,completed,crn:v1:bluemix:public:quantum-computing:us-east:a/d2c50f33c43a44abb94280706332351d:deeabf25-a0d5-4c7b-9a89-18c5ff158017::,us-east,batch,2025-07-25T16:01:40.342Z,2025-07-25T16:16:35.391Z,ibm_fez,256,Grier Jones,,d2c50f33c43a44abb94280706332351d,,
f134c4fb-3016-4bbf-9d18-da53dd2c5f16,completed,crn:v1:bluemix:public:quantum-computing:us-east:a/d2c50f33c43a44abb94280706332351d:deeabf25-a0d5-4c7b-9a89-18c5ff158017::,us-east,batch,2025-07-25T16:01:40.341Z,2025-07-25T16:12:10.516Z,ibm_fez,261,Grier Jones,,d2c50f33c43a44abb94280706332351d,,
dd8dcdad-36c7-490d-bd2f-0d740142ca1c,completed,crn:v1:bluemix:public:quantum-computing:us-east:a/d2c50f33c43a44abb94280706332351d:deeabf25-a0d5-4c7b-9a89-18c5ff158017::,us-east,batch,2025-07-25T15:37:25.354Z,2025-07-25T16:01:35.464Z,ibm_fez,199,Grier Jones,,d2c50f33c43a44abb94280706332351d,,
b9bbddab-ab9e-478b-afb1-f41d4973890c,completed,crn:v1:bluemix:public:quantum-computing:us-east:a/d2c50f33c43a44abb94280706332351d:deeabf25-a0d5-4c7b-9a89-18c5ff158017::,us-east,batch,2025-07-25T15:37:25.353Z,2025-07-25T15:47:54.599Z,ibm_fez,265,Grier Jones,,d2c50f33c43a44abb94280706332351d,,
be998335-cede-42ac-94fc-90edfdfdc5a0,completed,crn:v1:bluemix:public:quantum-computing:us-east:a/d2c50f33c43a44abb94280706332351d:deeabf25-a0d5-4c7b-9a89-18c5ff158017::,us-east,batch,2025-07-25T15:37:25.269Z,2025-07-25T15:57:33.020Z,ibm_fez,262,Grier Jones,,d2c50f33c43a44abb94280706332351d,,
c4ef6ef8-6ebf-460e-8c4c-da860d7f2225,completed,crn:v1:bluemix:public:quantum-computing:us-east:a/d2c50f33c43a44abb94280706332351d:deeabf25-a0d5-4c7b-9a89-18c5ff158017::,us-east,batch,2025-07-25T15:37:25.256Z,2025-07-25T15:52:18.555Z,ibm_fez,256,Grier Jones,,d2c50f33c43a44abb94280706332351d,,
4f9f64b8-be2c-409b-ac50-de8945d18ce9,completed,crn:v1:bluemix:public:quantum-computing:us-east:a/d2c50f33c43a44abb94280706332351d:deeabf25-a0d5-4c7b-9a89-18c5ff158017::,us-east,batch,2025-07-25T15:37:24.963Z,2025-07-25T15:41:58.285Z,ibm_fez,262,Grier Jones,,d2c50f33c43a44abb94280706332351d,,
3b80cd0e-ba57-40a7-b69a-6d136a361073,completed,crn:v1:bluemix:public:quantum-computing:us-east:a/d2c50f33c43a44abb94280706332351d:deeabf25-a0d5-4c7b-9a89-18c5ff158017::,us-east,batch,2025-07-24T23:41:08.655Z,2025-07-25T00:44:24.360Z,ibm_fez,270,Grier Jones,,d2c50f33c43a44abb94280706332351d,,
fe690e8d-6b4b-46ed-9bd2-f0456b8c5c61,completed,crn:v1:bluemix:public:quantum-computing:us-east:a/d2c50f33c43a44abb94280706332351d:deeabf25-a0d5-4c7b-9a89-18c5ff158017::,us-east,batch,2025-07-24T23:41:08.627Z,2025-07-25T00:14:27.738Z,ibm_fez,268,Grier Jones,,d2c50f33c43a44abb94280706332351d,,
4fbf9840-d7b3-4920-8e6d-6517ae67020e,completed,crn:v1:bluemix:public:quantum-computing:us-east:a/d2c50f33c43a44abb94280706332351d:deeabf25-a0d5-4c7b-9a89-18c5ff158017::,us-east,batch,2025-07-24T23:41:08.622Z,2025-07-25T00:30:03.703Z,ibm_fez,168,Grier Jones,,d2c50f33c43a44abb94280706332351d,,
ec261503-be24-42e6-93c7-108b01cac044,completed,crn:v1:bluemix:public:quantum-computing:us-east:a/d2c50f33c43a44abb94280706332351d:deeabf25-a0d5-4c7b-9a89-18c5ff158017::,us-east,batch,2025-07-24T23:41:08.487Z,2025-07-25T00:07:12.862Z,ibm_fez,203,Grier Jones,,d2c50f33c43a44abb94280706332351d,,
52314f6e-a6d7-4851-8f9e-9acf1d7a9781,completed,crn:v1:bluemix:public:quantum-computing:us-east:a/d2c50f33c43a44abb94280706332351d:deeabf25-a0d5-4c7b-9a89-18c5ff158017::,us-east,batch,2025-07-24T23:41:08.476Z,2025-07-25T00:35:46.363Z,ibm_fez,268,Grier Jones,,d2c50f33c43a44abb94280706332351d,,
f3d4f6ed-784a-4896-8721-12648a76dcde,completed,crn:v1:bluemix:public:quantum-computing:us-east:a/d2c50f33c43a44abb94280706332351d:deeabf25-a0d5-4c7b-9a89-18c5ff158017::,us-east,batch,2025-07-24T22:46:42.487Z,2025-07-24T23:34:51.447Z,ibm_fez,264,Grier Jones,,d2c50f33c43a44abb94280706332351d,,
7b0f198f-71f4-4e0c-a605-9fe28dbfd7c7,completed,crn:v1:bluemix:public:quantum-computing:us-east:a/d2c50f33c43a44abb94280706332351d:deeabf25-a0d5-4c7b-9a89-18c5ff158017::,us-east,batch,2025-07-24T22:46:42.486Z,2025-07-24T23:24:26.773Z,ibm_fez,264,Grier Jones,,d2c50f33c43a44abb94280706332351d,,
23fec7a5-4f49-4875-bd47-d25abced5532,completed,crn:v1:bluemix:public:quantum-computing:us-east:a/d2c50f33c43a44abb94280706332351d:deeabf25-a0d5-4c7b-9a89-18c5ff158017::,us-east,batch,2025-07-24T22:46:42.451Z,2025-07-24T23:16:22.146Z,ibm_fez,274,Grier Jones,,d2c50f33c43a44abb94280706332351d,,
5f439252-a333-47c3-ad60-9c829a919491,completed,crn:v1:bluemix:public:quantum-computing:us-east:a/d2c50f33c43a44abb94280706332351d:deeabf25-a0d5-4c7b-9a89-18c5ff158017::,us-east,batch,2025-07-24T22:46:42.445Z,2025-07-24T23:41:06.247Z,ibm_fez,264,Grier Jones,,d2c50f33c43a44abb94280706332351d,,
a6bf78fc-b28c-4067-88c8-3a8d3f1de922,completed,crn:v1:bluemix:public:quantum-computing:us-east:a/d2c50f33c43a44abb94280706332351d:deeabf25-a0d5-4c7b-9a89-18c5ff158017::,us-east,batch,2025-07-24T22:46:42.289Z,2025-07-24T23:29:40.915Z,ibm_fez,202,Grier Jones,,d2c50f33c43a44abb94280706332351d,,
288dc3c3-fbc2-4adb-8647-1403768f8857,completed,crn:v1:bluemix:public:quantum-computing:us-east:a/d2c50f33c43a44abb94280706332351d:deeabf25-a0d5-4c7b-9a89-18c5ff158017::,us-east,batch,2025-07-24T22:05:44.747Z,2025-07-24T22:24:57.364Z,ibm_fez,274,Grier Jones,,d2c50f33c43a44abb94280706332351d,,
771cd718-c0f2-4bd3-8a5a-33a60e380433,completed,crn:v1:bluemix:public:quantum-computing:us-east:a/d2c50f33c43a44abb94280706332351d:deeabf25-a0d5-4c7b-9a89-18c5ff158017::,us-east,batch,2025-07-24T22:05:44.719Z,2025-07-24T22:46:33.887Z,ibm_fez,208,Grier Jones,,d2c50f33c43a44abb94280706332351d,,
b544eaa8-3c7e-4de6-a406-cd68e1f5f5b6,completed,crn:v1:bluemix:public:quantum-computing:us-east:a/d2c50f33c43a44abb94280706332351d:deeabf25-a0d5-4c7b-9a89-18c5ff158017::,us-east,batch,2025-07-24T22:05:44.718Z,2025-07-24T22:33:32.730Z,ibm_fez,276,Grier Jones,,d2c50f33c43a44abb94280706332351d,,
fa952ab4-e28e-4be5-8bfc-50232c8d8762,completed,crn:v1:bluemix:public:quantum-computing:us-east:a/d2c50f33c43a44abb94280706332351d:deeabf25-a0d5-4c7b-9a89-18c5ff158017::,us-east,batch,2025-07-24T22:05:44.714Z,2025-07-24T22:41:16.286Z,ibm_fez,272,Grier Jones,,d2c50f33c43a44abb94280706332351d,,
91923c41-4f10-4d1b-8097-c94ffc62806f,completed,crn:v1:bluemix:public:quantum-computing:us-east:a/d2c50f33c43a44abb94280706332351d:deeabf25-a0d5-4c7b-9a89-18c5ff158017::,us-east,batch,2025-07-24T22:05:44.713Z,2025-07-24T22:18:27.430Z,ibm_fez,293,Grier Jones,,d2c50f33c43a44abb94280706332351d,,
f93b7176-fd24-4d36-a7f0-09317071c1bd,completed,crn:v1:bluemix:public:quantum-computing:us-east:a/d2c50f33c43a44abb94280706332351d:deeabf25-a0d5-4c7b-9a89-18c5ff158017::,us-east,batch,2025-07-24T21:03:15.124Z,2025-07-24T21:45:12.990Z,ibm_fez,273,Grier Jones,,d2c50f33c43a44abb94280706332351d,,
96063bcb-5bb6-4148-bbd9-1f8f0f10af5f,completed,crn:v1:bluemix:public:quantum-computing:us-east:a/d2c50f33c43a44abb94280706332351d:deeabf25-a0d5-4c7b-9a89-18c5ff158017::,us-east,batch,2025-07-24T21:03:14.573Z,2025-07-24T21:28:18.716Z,ibm_fez,204,Grier Jones,,d2c50f33c43a44abb94280706332351d,,
2c0599d0-fb51-4981-9e66-d327c5786752,completed,crn:v1:bluemix:public:quantum-computing:us-east:a/d2c50f33c43a44abb94280706332351d:deeabf25-a0d5-4c7b-9a89-18c5ff158017::,us-east,batch,2025-07-24T21:03:14.562Z,2025-07-24T22:05:42.194Z,ibm_fez,284,Grier Jones,,d2c50f33c43a44abb94280706332351d,,
0a7f911f-2188-4910-81af-8d66ad3b2cfa,completed,crn:v1:bluemix:public:quantum-computing:us-east:a/d2c50f33c43a44abb94280706332351d:deeabf25-a0d5-4c7b-9a89-18c5ff158017::,us-east,batch,2025-07-24T21:03:14.314Z,2025-07-24T21:13:10.503Z,ibm_fez,279,Grier Jones,,d2c50f33c43a44abb94280706332351d,,
957a1e7a-943c-4e65-ba49-454fa3eee95d,completed,crn:v1:bluemix:public:quantum-computing:us-east:a/d2c50f33c43a44abb94280706332351d:deeabf25-a0d5-4c7b-9a89-18c5ff158017::,us-east,batch,2025-07-24T21:03:14.312Z,2025-07-24T21:21:32.845Z,ibm_fez,272,Grier Jones,,d2c50f33c43a44abb94280706332351d,,
322e6ac8-d0e7-480e-8f49-94911a9bb4e5,completed,crn:v1:bluemix:public:quantum-computing:us-east:a/d2c50f33c43a44abb94280706332351d:deeabf25-a0d5-4c7b-9a89-18c5ff158017::,us-east,batch,2025-07-24T20:00:16.760Z,2025-07-24T20:44:06.676Z,ibm_fez,283,Grier Jones,,d2c50f33c43a44abb94280706332351d,,
66a50d52-392e-4ab6-8c91-8753aeacf6e2,completed,crn:v1:bluemix:public:quantum-computing:us-east:a/d2c50f33c43a44abb94280706332351d:deeabf25-a0d5-4c7b-9a89-18c5ff158017::,us-east,batch,2025-07-24T20:00:16.729Z,2025-07-24T20:08:27.798Z,ibm_fez,204,Grier Jones,,d2c50f33c43a44abb94280706332351d,,
9841a10f-ee22-4028-93dc-6a353d5c5675,completed,crn:v1:bluemix:public:quantum-computing:us-east:a/d2c50f33c43a44abb94280706332351d:deeabf25-a0d5-4c7b-9a89-18c5ff158017::,us-east,batch,2025-07-24T20:00:16.585Z,2025-07-24T21:03:11.040Z,ibm_fez,272,Grier Jones,,d2c50f33c43a44abb94280706332351d,,
99400458-a51f-4225-b852-b087f02fc0d9,completed,crn:v1:bluemix:public:quantum-computing:us-east:a/d2c50f33c43a44abb94280706332351d:deeabf25-a0d5-4c7b-9a89-18c5ff158017::,us-east,batch,2025-07-24T20:00:16.582Z,2025-07-24T20:30:50.495Z,ibm_fez,273,Grier Jones,,d2c50f33c43a44abb94280706332351d,,
48455771-28ca-46ca-880d-75775711a6de,completed,crn:v1:bluemix:public:quantum-computing:us-east:a/d2c50f33c43a44abb94280706332351d:deeabf25-a0d5-4c7b-9a89-18c5ff158017::,us-east,batch,2025-07-24T20:00:16.572Z,2025-07-24T20:54:39.598Z,ibm_fez,282,Grier Jones,,d2c50f33c43a44abb94280706332351d,,
c75b4e5b-8dad-4359-952e-f095b4d49e7c,completed,crn:v1:bluemix:public:quantum-computing:us-east:a/d2c50f33c43a44abb94280706332351d:deeabf25-a0d5-4c7b-9a89-18c5ff158017::,us-east,batch,2025-07-24T19:25:57.620Z,2025-07-24T19:49:36.141Z,ibm_fez,265,Grier Jones,,d2c50f33c43a44abb94280706332351d,,
ff8d75d3-4e8c-44f2-964b-5f8d30178742,completed,crn:v1:bluemix:public:quantum-computing:us-east:a/d2c50f33c43a44abb94280706332351d:deeabf25-a0d5-4c7b-9a89-18c5ff158017::,us-east,batch,2025-07-24T19:25:57.509Z,2025-07-24T20:00:13.126Z,ibm_fez,268,Grier Jones,,d2c50f33c43a44abb94280706332351d,,
aa56adec-4ee6-434c-a485-ddf18a07725a,completed,crn:v1:bluemix:public:quantum-computing:us-east:a/d2c50f33c43a44abb94280706332351d:deeabf25-a0d5-4c7b-9a89-18c5ff158017::,us-east,batch,2025-07-24T19:25:57.509Z,2025-07-24T19:43:01.268Z,ibm_fez,269,Grier Jones,,d2c50f33c43a44abb94280706332351d,,
504a0530-54a6-4a79-8413-0d60993b6960,completed,crn:v1:bluemix:public:quantum-computing:us-east:a/d2c50f33c43a44abb94280706332351d:deeabf25-a0d5-4c7b-9a89-18c5ff158017::,us-east,batch,2025-07-24T19:25:57.501Z,2025-07-24T19:54:28.694Z,ibm_fez,201,Grier Jones,,d2c50f33c43a44abb94280706332351d,,
03c37edf-293d-461d-8c89-ec6611062654,completed,crn:v1:bluemix:public:quantum-computing:us-east:a/d2c50f33c43a44abb94280706332351d:deeabf25-a0d5-4c7b-9a89-18c5ff158017::,us-east,batch,2025-07-24T19:25:57.501Z,2025-07-24T19:35:47.450Z,ibm_fez,269,Grier Jones,,d2c50f33c43a44abb94280706332351d,,
7899c5a2-3ba0-49f0-90ee-9a5dac102653,completed,crn:v1:bluemix:public:quantum-computing:us-east:a/d2c50f33c43a44abb94280706332351d:deeabf25-a0d5-4c7b-9a89-18c5ff158017::,us-east,batch,2025-07-24T18:45:05.768Z,2025-07-24T19:07:31.631Z,ibm_fez,273,Grier Jones,,d2c50f33c43a44abb94280706332351d,,
0bfbc4da-e70e-4f03-b101-acf80a6f480c,completed,crn:v1:bluemix:public:quantum-computing:us-east:a/d2c50f33c43a44abb94280706332351d:deeabf25-a0d5-4c7b-9a89-18c5ff158017::,us-east,batch,2025-07-24T18:45:05.767Z,2025-07-24T19:15:35.925Z,ibm_fez,198,Grier Jones,,d2c50f33c43a44abb94280706332351d,,
969e2ded-5397-4c22-8dab-f06639e72252,completed,crn:v1:bluemix:public:quantum-computing:us-east:a/d2c50f33c43a44abb94280706332351d:deeabf25-a0d5-4c7b-9a89-18c5ff158017::,us-east,batch,2025-07-24T18:45:05.755Z,2025-07-24T18:58:24.610Z,ibm_fez,268,Grier Jones,,d2c50f33c43a44abb94280706332351d,,
557d1b17-f2c2-41f1-a640-7d4bac470bf6,completed,crn:v1:bluemix:public:quantum-computing:us-east:a/d2c50f33c43a44abb94280706332351d:deeabf25-a0d5-4c7b-9a89-18c5ff158017::,us-east,batch,2025-07-24T18:45:05.745Z,2025-07-24T19:12:06.746Z,ibm_fez,259,Grier Jones,,d2c50f33c43a44abb94280706332351d,,
77d184c6-34a3-45eb-809b-0b5176e71853,completed,crn:v1:bluemix:public:quantum-computing:us-east:a/d2c50f33c43a44abb94280706332351d:deeabf25-a0d5-4c7b-9a89-18c5ff158017::,us-east,batch,2025-07-24T18:45:05.706Z,2025-07-24T19:25:55.187Z,ibm_fez,268,Grier Jones,,d2c50f33c43a44abb94280706332351d,,
eab30663-3347-4951-b9bc-dc62d863b079,completed,crn:v1:bluemix:public:quantum-computing:us-east:a/d2c50f33c43a44abb94280706332351d:deeabf25-a0d5-4c7b-9a89-18c5ff158017::,us-east,batch,2025-07-24T17:35:12.738Z,2025-07-24T17:47:38.390Z,ibm_fez,264,Grier Jones,,d2c50f33c43a44abb94280706332351d,,
0dc12a6e-03df-486f-922f-f24924d7f874,completed,crn:v1:bluemix:public:quantum-computing:us-east:a/d2c50f33c43a44abb94280706332351d:deeabf25-a0d5-4c7b-9a89-18c5ff158017::,us-east,batch,2025-07-24T17:35:12.700Z,2025-07-24T18:40:35.580Z,ibm_fez,260,Grier Jones,,d2c50f33c43a44abb94280706332351d,,
0b4421c4-1387-47a2-8c22-a6d14c0e0daa,completed,crn:v1:bluemix:public:quantum-computing:us-east:a/d2c50f33c43a44abb94280706332351d:deeabf25-a0d5-4c7b-9a89-18c5ff158017::,us-east,batch,2025-07-24T17:35:12.668Z,2025-07-24T17:41:20.758Z,ibm_fez,206,Grier Jones,,d2c50f33c43a44abb94280706332351d,,
60786345-e0b1-4700-9416-57dffddc2145,completed,crn:v1:bluemix:public:quantum-computing:us-east:a/d2c50f33c43a44abb94280706332351d:deeabf25-a0d5-4c7b-9a89-18c5ff158017::,us-east,batch,2025-07-24T17:35:12.660Z,2025-07-24T18:45:02.758Z,ibm_fez,260,Grier Jones,,d2c50f33c43a44abb94280706332351d,,
e99b7239-adb7-4c50-8cf4-8f02ac0a30b0,completed,crn:v1:bluemix:public:quantum-computing:us-east:a/d2c50f33c43a44abb94280706332351d:deeabf25-a0d5-4c7b-9a89-18c5ff158017::,us-east,batch,2025-07-24T17:35:12.652Z,2025-07-24T18:35:51.830Z,ibm_fez,260,Grier Jones,,d2c50f33c43a44abb94280706332351d,,
1547c321-eb3b-4966-9208-cb23178ac2e2,completed,crn:v1:bluemix:public:quantum-computing:us-east:a/d2c50f33c43a44abb94280706332351d:deeabf25-a0d5-4c7b-9a89-18c5ff158017::,us-east,batch,2025-07-24T16:57:32.114Z,2025-07-24T17:07:42.927Z,ibm_fez,268,Grier Jones,,d2c50f33c43a44abb94280706332351d,,
e7098fb3-4438-4b27-ab44-89d4560ee1ff,completed,crn:v1:bluemix:public:quantum-computing:us-east:a/d2c50f33c43a44abb94280706332351d:deeabf25-a0d5-4c7b-9a89-18c5ff158017::,us-east,batch,2025-07-24T16:57:32.107Z,2025-07-24T17:35:11.420Z,ibm_fez,276,Grier Jones,,d2c50f33c43a44abb94280706332351d,,
084f1d46-e545-4cb8-85d3-49a672dcae7d,completed,crn:v1:bluemix:public:quantum-computing:us-east:a/d2c50f33c43a44abb94280706332351d:deeabf25-a0d5-4c7b-9a89-18c5ff158017::,us-east,batch,2025-07-24T16:57:32.087Z,2025-07-24T17:24:30.568Z,ibm_fez,276,Grier Jones,,d2c50f33c43a44abb94280706332351d,,
bd2b37ef-2f53-4481-9750-019f4f87e6f8,completed,crn:v1:bluemix:public:quantum-computing:us-east:a/d2c50f33c43a44abb94280706332351d:deeabf25-a0d5-4c7b-9a89-18c5ff158017::,us-east,batch,2025-07-24T16:57:32.070Z,2025-07-24T17:02:17.831Z,ibm_fez,264,Grier Jones,,d2c50f33c43a44abb94280706332351d,,
236d1542-1faf-4cac-b351-208609380184,completed,crn:v1:bluemix:public:quantum-computing:us-east:a/d2c50f33c43a44abb94280706332351d:deeabf25-a0d5-4c7b-9a89-18c5ff158017::,us-east,batch,2025-07-24T16:57:32.070Z,2025-07-24T17:14:28.734Z,ibm_fez,209,Grier Jones,,d2c50f33c43a44abb94280706332351d,,
4603dcad-fce6-45b3-8285-e8ef200a374b,completed,crn:v1:bluemix:public:quantum-computing:us-east:a/d2c50f33c43a44abb94280706332351d:deeabf25-a0d5-4c7b-9a89-18c5ff158017::,us-east,batch,2025-07-24T16:35:34.982Z,2025-07-24T16:44:52.146Z,ibm_fez,259,Grier Jones,,d2c50f33c43a44abb94280706332351d,,
cafd358c-d5d5-46ef-8fa0-84c1b81ee07e,completed,crn:v1:bluemix:public:quantum-computing:us-east:a/d2c50f33c43a44abb94280706332351d:deeabf25-a0d5-4c7b-9a89-18c5ff158017::,us-east,batch,2025-07-24T16:35:34.981Z,2025-07-24T16:53:45.109Z,ibm_fez,258,Grier Jones,,d2c50f33c43a44abb94280706332351d,,
c836ec9d-80e4-4688-816f-b4d1746d90a8,completed,crn:v1:bluemix:public:quantum-computing:us-east:a/d2c50f33c43a44abb94280706332351d:deeabf25-a0d5-4c7b-9a89-18c5ff158017::,us-east,batch,2025-07-24T16:35:34.972Z,2025-07-24T16:57:25.627Z,ibm_fez,193,Grier Jones,,d2c50f33c43a44abb94280706332351d,,
d4686831-4638-4a11-9e76-c8e55c8a1ba8,completed,crn:v1:bluemix:public:quantum-computing:us-east:a/d2c50f33c43a44abb94280706332351d:deeabf25-a0d5-4c7b-9a89-18c5ff158017::,us-east,batch,2025-07-24T16:35:34.962Z,2025-07-24T16:40:25.903Z,ibm_fez,262,Grier Jones,,d2c50f33c43a44abb94280706332351d,,
14ab93af-2508-4844-bfb3-df467da68dcd,completed,crn:v1:bluemix:public:quantum-computing:us-east:a/d2c50f33c43a44abb94280706332351d:deeabf25-a0d5-4c7b-9a89-18c5ff158017::,us-east,batch,2025-07-24T16:35:34.929Z,2025-07-24T16:49:18.630Z,ibm_fez,257,Grier Jones,,d2c50f33c43a44abb94280706332351d,,
01b1bcda-837b-4edc-8073-7b598afa63d8,completed,crn:v1:bluemix:public:quantum-computing:us-east:a/d2c50f33c43a44abb94280706332351d:deeabf25-a0d5-4c7b-9a89-18c5ff158017::,us-east,batch,2025-07-24T16:10:19.689Z,2025-07-24T16:31:05.466Z,ibm_fez,195,Grier Jones,,d2c50f33c43a44abb94280706332351d,,
bfccd913-628e-4eda-80bc-e851b8ebf502,completed,crn:v1:bluemix:public:quantum-computing:us-east:a/d2c50f33c43a44abb94280706332351d:deeabf25-a0d5-4c7b-9a89-18c5ff158017::,us-east,batch,2025-07-24T16:10:19.503Z,2025-07-24T16:23:11.549Z,ibm_fez,265,Grier Jones,,d2c50f33c43a44abb94280706332351d,,
86995280-4559-4b73-b9d9-56242e7bce65,completed,crn:v1:bluemix:public:quantum-computing:us-east:a/d2c50f33c43a44abb94280706332351d:deeabf25-a0d5-4c7b-9a89-18c5ff158017::,us-east,batch,2025-07-24T16:10:19.427Z,2025-07-24T16:18:01.467Z,ibm_fez,280,Grier Jones,,d2c50f33c43a44abb94280706332351d,,
27de5f61-8ade-4903-a196-7296a821fe36,completed,crn:v1:bluemix:public:quantum-computing:us-east:a/d2c50f33c43a44abb94280706332351d:deeabf25-a0d5-4c7b-9a89-18c5ff158017::,us-east,batch,2025-07-24T16:10:19.425Z,2025-07-24T16:35:32.693Z,ibm_fez,258,Grier Jones,,d2c50f33c43a44abb94280706332351d,,
704d2d12-9ca5-435d-92e7-559744ee3c72,completed,crn:v1:bluemix:public:quantum-computing:us-east:a/d2c50f33c43a44abb94280706332351d:deeabf25-a0d5-4c7b-9a89-18c5ff158017::,us-east,batch,2025-07-24T16:10:19.420Z,2025-07-24T16:27:41.741Z,ibm_fez,263,Grier Jones,,d2c50f33c43a44abb94280706332351d,,
6a6f8a19-0d89-40b9-ab6d-f103c9b77140,completed,crn:v1:bluemix:public:quantum-computing:us-east:a/d2c50f33c43a44abb94280706332351d:deeabf25-a0d5-4c7b-9a89-18c5ff158017::,us-east,batch,2025-07-23T18:18:33.329Z,2025-07-23T18:33:04.377Z,ibm_fez,203,Grier Jones,,d2c50f33c43a44abb94280706332351d,,
e4ea14b6-cd1b-4adf-9fdd-ffc2195d1b7d,completed,crn:v1:bluemix:public:quantum-computing:us-east:a/d2c50f33c43a44abb94280706332351d:deeabf25-a0d5-4c7b-9a89-18c5ff158017::,us-east,batch,2025-07-23T18:18:33.261Z,2025-07-23T21:47:40.734Z,ibm_fez,260,Grier Jones,,d2c50f33c43a44abb94280706332351d,,
355200a5-2d8f-4452-9446-c135417d3452,completed,crn:v1:bluemix:public:quantum-computing:us-east:a/d2c50f33c43a44abb94280706332351d:deeabf25-a0d5-4c7b-9a89-18c5ff158017::,us-east,batch,2025-07-23T18:18:33.236Z,2025-07-23T21:32:47.106Z,ibm_fez,192,Grier Jones,,d2c50f33c43a44abb94280706332351d,,
636ef86d-d6be-41a6-bb44-2f6f3dcf138a,completed,crn:v1:bluemix:public:quantum-computing:us-east:a/d2c50f33c43a44abb94280706332351d:deeabf25-a0d5-4c7b-9a89-18c5ff158017::,us-east,batch,2025-07-23T18:18:33.183Z,2025-07-23T21:37:31.214Z,ibm_fez,258,Grier Jones,,d2c50f33c43a44abb94280706332351d,,
bb1e6089-dd3e-4854-9cab-4f6b5a881f8c,completed,crn:v1:bluemix:public:quantum-computing:us-east:a/d2c50f33c43a44abb94280706332351d:deeabf25-a0d5-4c7b-9a89-18c5ff158017::,us-east,batch,2025-07-23T18:18:33.181Z,2025-07-23T21:42:13.765Z,ibm_fez,257,Grier Jones,,d2c50f33c43a44abb94280706332351d,,
030959ec-39d6-4e0b-bb14-a7fc2c7d7e7b,completed,crn:v1:bluemix:public:quantum-computing:us-east:a/d2c50f33c43a44abb94280706332351d:deeabf25-a0d5-4c7b-9a89-18c5ff158017::,us-east,batch,2025-07-23T17:36:02.990Z,2025-07-23T17:56:35.172Z,ibm_fez,270,Grier Jones,,d2c50f33c43a44abb94280706332351d,,
589ff3c0-89ba-43ba-98ab-9fee217b458d,completed,crn:v1:bluemix:public:quantum-computing:us-east:a/d2c50f33c43a44abb94280706332351d:deeabf25-a0d5-4c7b-9a89-18c5ff158017::,us-east,batch,2025-07-23T17:36:02.951Z,2025-07-23T18:10:08.228Z,ibm_fez,266,Grier Jones,,d2c50f33c43a44abb94280706332351d,,
298b26eb-98fd-42a4-bddc-711c4379dfcb,completed,crn:v1:bluemix:public:quantum-computing:us-east:a/d2c50f33c43a44abb94280706332351d:deeabf25-a0d5-4c7b-9a89-18c5ff158017::,us-east,batch,2025-07-23T17:36:02.948Z,2025-07-23T18:01:50.296Z,ibm_fez,198,Grier Jones,,d2c50f33c43a44abb94280706332351d,,
a156dbed-dbf8-4b12-8502-0da2f4631851,completed,crn:v1:bluemix:public:quantum-computing:us-east:a/d2c50f33c43a44abb94280706332351d:deeabf25-a0d5-4c7b-9a89-18c5ff158017::,us-east,batch,2025-07-23T17:36:02.947Z,2025-07-23T17:50:52.598Z,ibm_fez,273,Grier Jones,,d2c50f33c43a44abb94280706332351d,,
4af57779-78ec-48b8-80c7-4884e569e44c,completed,crn:v1:bluemix:public:quantum-computing:us-east:a/d2c50f33c43a44abb94280706332351d:deeabf25-a0d5-4c7b-9a89-18c5ff158017::,us-east,batch,2025-07-23T17:36:02.872Z,2025-07-23T18:18:31.028Z,ibm_fez,268,Grier Jones,,d2c50f33c43a44abb94280706332351d,,
8dd4a4a8-46d9-463b-9f6c-d1b81c1d39e4,completed,crn:v1:bluemix:public:quantum-computing:us-east:a/d2c50f33c43a44abb94280706332351d:deeabf25-a0d5-4c7b-9a89-18c5ff158017::,us-east,batch,2025-07-23T17:09:58.467Z,2025-07-23T17:20:07.092Z,ibm_fez,256,Grier Jones,,d2c50f33c43a44abb94280706332351d,,
21825583-1275-46bf-b2b7-2553162e6a0e,completed,crn:v1:bluemix:public:quantum-computing:us-east:a/d2c50f33c43a44abb94280706332351d:deeabf25-a0d5-4c7b-9a89-18c5ff158017::,us-east,batch,2025-07-23T17:09:58.343Z,2025-07-23T17:29:15.826Z,ibm_fez,256,Grier Jones,,d2c50f33c43a44abb94280706332351d,,
6d775e44-1b01-483f-9b09-b7dde9d80ada,completed,crn:v1:bluemix:public:quantum-computing:us-east:a/d2c50f33c43a44abb94280706332351d:deeabf25-a0d5-4c7b-9a89-18c5ff158017::,us-east,batch,2025-07-23T17:09:58.304Z,2025-07-23T17:14:35.977Z,ibm_fez,192,Grier Jones,,d2c50f33c43a44abb94280706332351d,,
3c092785-ac57-4a33-8134-ddfdbc607330,completed,crn:v1:bluemix:public:quantum-computing:us-east:a/d2c50f33c43a44abb94280706332351d:deeabf25-a0d5-4c7b-9a89-18c5ff158017::,us-east,batch,2025-07-23T17:09:58.293Z,2025-07-23T17:36:00.443Z,ibm_fez,263,Grier Jones,,d2c50f33c43a44abb94280706332351d,,
66cda96b-8e51-410a-a06c-3a34697c7473,completed,crn:v1:bluemix:public:quantum-computing:us-east:a/d2c50f33c43a44abb94280706332351d:deeabf25-a0d5-4c7b-9a89-18c5ff158017::,us-east,batch,2025-07-23T17:09:58.266Z,2025-07-23T17:24:50.221Z,ibm_fez,256,Grier Jones,,d2c50f33c43a44abb94280706332351d,,
930b4055-eeda-4e8c-b438-0546c020853c,completed,crn:v1:bluemix:public:quantum-computing:us-east:a/d2c50f33c43a44abb94280706332351d:deeabf25-a0d5-4c7b-9a89-18c5ff158017::,us-east,batch,2025-07-23T16:43:09.720Z,2025-07-23T17:09:56.105Z,ibm_fez,256,Grier Jones,,d2c50f33c43a44abb94280706332351d,,
14a61117-d941-431e-be08-ec8a56999f3b,completed,crn:v1:bluemix:public:quantum-computing:us-east:a/d2c50f33c43a44abb94280706332351d:deeabf25-a0d5-4c7b-9a89-18c5ff158017::,us-east,batch,2025-07-23T16:43:09.716Z,2025-07-23T16:58:07.158Z,ibm_fez,192,Grier Jones,,d2c50f33c43a44abb94280706332351d,,
78f1dadc-2112-4fe7-8d16-f62aff2c3b82,completed,crn:v1:bluemix:public:quantum-computing:us-east:a/d2c50f33c43a44abb94280706332351d:deeabf25-a0d5-4c7b-9a89-18c5ff158017::,us-east,batch,2025-07-23T16:43:09.573Z,2025-07-23T16:54:10.263Z,ibm_fez,256,Grier Jones,,d2c50f33c43a44abb94280706332351d,,
0d8f7b88-78ef-409b-9ef6-41a20f26c29c,completed,crn:v1:bluemix:public:quantum-computing:us-east:a/d2c50f33c43a44abb94280706332351d:deeabf25-a0d5-4c7b-9a89-18c5ff158017::,us-east,batch,2025-07-23T16:43:09.572Z,2025-07-23T17:04:00.355Z,ibm_fez,258,Grier Jones,,d2c50f33c43a44abb94280706332351d,,
76a0c135-938e-4022-ae38-2d3550c3afad,completed,crn:v1:bluemix:public:quantum-computing:us-east:a/d2c50f33c43a44abb94280706332351d:deeabf25-a0d5-4c7b-9a89-18c5ff158017::,us-east,batch,2025-07-23T16:43:08.865Z,2025-07-23T16:49:35.030Z,ibm_fez,256,Grier Jones,,d2c50f33c43a44abb94280706332351d,,
9de0a00e-ffc5-434e-98da-bbefb5e0574c,completed,crn:v1:bluemix:public:quantum-computing:us-east:a/d2c50f33c43a44abb94280706332351d:deeabf25-a0d5-4c7b-9a89-18c5ff158017::,us-east,batch,2025-07-23T09:33:08.787Z,2025-07-23T09:37:39.848Z,ibm_fez,256,Grier Jones,,d2c50f33c43a44abb94280706332351d,,
ced4a270-4c93-4acc-9cb8-c6ae57654228,completed,crn:v1:bluemix:public:quantum-computing:us-east:a/d2c50f33c43a44abb94280706332351d:deeabf25-a0d5-4c7b-9a89-18c5ff158017::,us-east,batch,2025-07-23T09:33:08.784Z,2025-07-23T09:46:30.785Z,ibm_fez,261,Grier Jones,,d2c50f33c43a44abb94280706332351d,,
e38abac0-b53e-4164-b4e3-6f7d9b86a52c,completed,crn:v1:bluemix:public:quantum-computing:us-east:a/d2c50f33c43a44abb94280706332351d:deeabf25-a0d5-4c7b-9a89-18c5ff158017::,us-east,batch,2025-07-23T09:33:08.783Z,2025-07-23T16:36:21.600Z,ibm_fez,257,Grier Jones,,d2c50f33c43a44abb94280706332351d,,
b343b2b1-cd77-477f-8daf-112210cbebbc,completed,crn:v1:bluemix:public:quantum-computing:us-east:a/d2c50f33c43a44abb94280706332351d:deeabf25-a0d5-4c7b-9a89-18c5ff158017::,us-east,batch,2025-07-23T09:33:08.782Z,2025-07-23T16:43:07.557Z,ibm_fez,258,Grier Jones,,d2c50f33c43a44abb94280706332351d,,
70e51fab-ed3d-4ed8-94bc-c381386ecb62,completed,crn:v1:bluemix:public:quantum-computing:us-east:a/d2c50f33c43a44abb94280706332351d:deeabf25-a0d5-4c7b-9a89-18c5ff158017::,us-east,batch,2025-07-23T09:33:08.760Z,2025-07-23T09:41:26.479Z,ibm_fez,192,Grier Jones,,d2c50f33c43a44abb94280706332351d,,
f091a9dc-bca0-4a76-ba20-8295c357d56d,completed,crn:v1:bluemix:public:quantum-computing:us-east:a/d2c50f33c43a44abb94280706332351d:deeabf25-a0d5-4c7b-9a89-18c5ff158017::,us-east,batch,2025-07-23T09:11:12.071Z,2025-07-23T09:14:38.497Z,ibm_fez,192,Grier Jones,,d2c50f33c43a44abb94280706332351d,,
106db02f-b916-428e-8324-afe5175e0687,completed,crn:v1:bluemix:public:quantum-computing:us-east:a/d2c50f33c43a44abb94280706332351d:deeabf25-a0d5-4c7b-9a89-18c5ff158017::,us-east,batch,2025-07-23T09:11:12.058Z,2025-07-23T09:33:07.785Z,ibm_fez,256,Grier Jones,,d2c50f33c43a44abb94280706332351d,,
0b8194be-d36a-45c0-83d8-7005a89a1948,completed,crn:v1:bluemix:public:quantum-computing:us-east:a/d2c50f33c43a44abb94280706332351d:deeabf25-a0d5-4c7b-9a89-18c5ff158017::,us-east,batch,2025-07-23T09:11:12.049Z,2025-07-23T09:23:49.959Z,ibm_fez,256,Grier Jones,,d2c50f33c43a44abb94280706332351d,,
cb035d66-e86a-43c3-a8e3-f52e8fdbb20a,completed,crn:v1:bluemix:public:quantum-computing:us-east:a/d2c50f33c43a44abb94280706332351d:deeabf25-a0d5-4c7b-9a89-18c5ff158017::,us-east,batch,2025-07-23T09:11:11.882Z,2025-07-23T09:19:14.289Z,ibm_fez,257,Grier Jones,,d2c50f33c43a44abb94280706332351d,,
0bf02caf-403b-4fe2-b515-3950c91c8daa,completed,crn:v1:bluemix:public:quantum-computing:us-east:a/d2c50f33c43a44abb94280706332351d:deeabf25-a0d5-4c7b-9a89-18c5ff158017::,us-east,batch,2025-07-23T09:11:11.867Z,2025-07-23T09:28:18.980Z,ibm_fez,256,Grier Jones,,d2c50f33c43a44abb94280706332351d,,
33bc3295-8f51-4986-8643-117d50192c3d,completed,crn:v1:bluemix:public:quantum-computing:us-east:a/d2c50f33c43a44abb94280706332351d:deeabf25-a0d5-4c7b-9a89-18c5ff158017::,us-east,batch,2025-07-23T08:49:53.901Z,2025-07-23T09:11:09.454Z,ibm_fez,256,Grier Jones,,d2c50f33c43a44abb94280706332351d,,
79458ecc-b3a8-4f27-9c4b-2cf12d9daa1c,completed,crn:v1:bluemix:public:quantum-computing:us-east:a/d2c50f33c43a44abb94280706332351d:deeabf25-a0d5-4c7b-9a89-18c5ff158017::,us-east,batch,2025-07-23T08:49:53.815Z,2025-07-23T09:03:22.614Z,ibm_fez,256,Grier Jones,,d2c50f33c43a44abb94280706332351d,,
36f668d8-ed16-46e3-8ca4-be67262a72f4,completed,crn:v1:bluemix:public:quantum-computing:us-east:a/d2c50f33c43a44abb94280706332351d:deeabf25-a0d5-4c7b-9a89-18c5ff158017::,us-east,batch,2025-07-23T08:49:53.708Z,2025-07-23T08:54:23.304Z,ibm_fez,256,Grier Jones,,d2c50f33c43a44abb94280706332351d,,
64bb385e-e77e-4175-a97d-2a40f623f310,completed,crn:v1:bluemix:public:quantum-computing:us-east:a/d2c50f33c43a44abb94280706332351d:deeabf25-a0d5-4c7b-9a89-18c5ff158017::,us-east,batch,2025-07-23T08:49:53.691Z,2025-07-23T09:06:44.304Z,ibm_fez,192,Grier Jones,,d2c50f33c43a44abb94280706332351d,,
bfa041eb-3c61-44cc-adf5-90c8b8b7534b,completed,crn:v1:bluemix:public:quantum-computing:us-east:a/d2c50f33c43a44abb94280706332351d:deeabf25-a0d5-4c7b-9a89-18c5ff158017::,us-east,batch,2025-07-23T08:49:53.681Z,2025-07-23T08:58:54.198Z,ibm_fez,257,Grier Jones,,d2c50f33c43a44abb94280706332351d,,
2e89c142-792c-4eaa-99a0-455928cb0417,completed,crn:v1:bluemix:public:quantum-computing:us-east:a/d2c50f33c43a44abb94280706332351d:deeabf25-a0d5-4c7b-9a89-18c5ff158017::,us-east,batch,2025-07-23T08:25:14.511Z,2025-07-23T08:44:17.205Z,ibm_fez,195,Grier Jones,,d2c50f33c43a44abb94280706332351d,,
716ead45-66e7-41c4-a1e2-3c95efba623c,completed,crn:v1:bluemix:public:quantum-computing:us-east:a/d2c50f33c43a44abb94280706332351d:deeabf25-a0d5-4c7b-9a89-18c5ff158017::,us-east,batch,2025-07-23T08:25:14.503Z,2025-07-23T08:40:53.398Z,ibm_fez,256,Grier Jones,,d2c50f33c43a44abb94280706332351d,,
1c8dc0fa-fa3a-4138-9cc5-30173bcf36d6,completed,crn:v1:bluemix:public:quantum-computing:us-east:a/d2c50f33c43a44abb94280706332351d:deeabf25-a0d5-4c7b-9a89-18c5ff158017::,us-east,batch,2025-07-23T08:25:14.501Z,2025-07-23T08:49:51.907Z,ibm_fez,256,Grier Jones,,d2c50f33c43a44abb94280706332351d,,
16d97416-c849-4a5f-9a29-52c5bbc84355,completed,crn:v1:bluemix:public:quantum-computing:us-east:a/d2c50f33c43a44abb94280706332351d:deeabf25-a0d5-4c7b-9a89-18c5ff158017::,us-east,batch,2025-07-23T08:25:14.440Z,2025-07-23T08:36:02.030Z,ibm_fez,256,Grier Jones,,d2c50f33c43a44abb94280706332351d,,
4bb36bf1-d1a5-4b46-b403-520a932dc4d4,completed,crn:v1:bluemix:public:quantum-computing:us-east:a/d2c50f33c43a44abb94280706332351d:deeabf25-a0d5-4c7b-9a89-18c5ff158017::,us-east,batch,2025-07-23T08:25:14.408Z,2025-07-23T08:31:36.340Z,ibm_fez,262,Grier Jones,,d2c50f33c43a44abb94280706332351d,,
5f494adf-39a8-4245-9b65-3b431274ff75,completed,crn:v1:bluemix:public:quantum-computing:us-east:a/d2c50f33c43a44abb94280706332351d:deeabf25-a0d5-4c7b-9a89-18c5ff158017::,us-east,batch,2025-07-23T08:02:28.847Z,2025-07-23T08:07:10.640Z,ibm_fez,256,Grier Jones,,d2c50f33c43a44abb94280706332351d,,
80316338-ed91-4a51-b4a8-118d7ff13b33,completed,crn:v1:bluemix:public:quantum-computing:us-east:a/d2c50f33c43a44abb94280706332351d:deeabf25-a0d5-4c7b-9a89-18c5ff158017::,us-east,batch,2025-07-23T08:02:28.545Z,2025-07-23T08:25:08.667Z,ibm_fez,197,Grier Jones,,d2c50f33c43a44abb94280706332351d,,
f3fd18aa-669c-4a49-ad4d-83ee3fa46c5e,completed,crn:v1:bluemix:public:quantum-computing:us-east:a/d2c50f33c43a44abb94280706332351d:deeabf25-a0d5-4c7b-9a89-18c5ff158017::,us-east,batch,2025-07-23T08:02:28.544Z,2025-07-23T08:21:00.529Z,ibm_fez,256,Grier Jones,,d2c50f33c43a44abb94280706332351d,,
6af8bac2-6abe-4f0a-af1f-48496bb436d0,completed,crn:v1:bluemix:public:quantum-computing:us-east:a/d2c50f33c43a44abb94280706332351d:deeabf25-a0d5-4c7b-9a89-18c5ff158017::,us-east,batch,2025-07-23T08:02:28.543Z,2025-07-23T08:12:10.178Z,ibm_fez,256,Grier Jones,,d2c50f33c43a44abb94280706332351d,,
2bc0f4d5-578d-44b0-9654-d6a57c12c1e3,completed,crn:v1:bluemix:public:quantum-computing:us-east:a/d2c50f33c43a44abb94280706332351d:deeabf25-a0d5-4c7b-9a89-18c5ff158017::,us-east,batch,2025-07-23T08:02:28.422Z,2025-07-23T08:16:35.679Z,ibm_fez,256,Grier Jones,,d2c50f33c43a44abb94280706332351d,,
ebcc87cd-069a-4e11-9baf-4c02c65b6290,completed,crn:v1:bluemix:public:quantum-computing:us-east:a/d2c50f33c43a44abb94280706332351d:deeabf25-a0d5-4c7b-9a89-18c5ff158017::,us-east,batch,2025-07-23T07:41:11.797Z,2025-07-23T07:53:33.346Z,ibm_fez,256,Grier Jones,,d2c50f33c43a44abb94280706332351d,,
ed6ced82-b154-4411-a59c-f2a303f4f6c3,completed,crn:v1:bluemix:public:quantum-computing:us-east:a/d2c50f33c43a44abb94280706332351d:deeabf25-a0d5-4c7b-9a89-18c5ff158017::,us-east,batch,2025-07-23T07:41:11.795Z,2025-07-23T07:57:58.194Z,ibm_fez,256,Grier Jones,,d2c50f33c43a44abb94280706332351d,,
e6c73dc8-e1a1-41dd-957d-dacd76333345,completed,crn:v1:bluemix:public:quantum-computing:us-east:a/d2c50f33c43a44abb94280706332351d:deeabf25-a0d5-4c7b-9a89-18c5ff158017::,us-east,batch,2025-07-23T07:41:11.622Z,2025-07-23T08:02:24.374Z,ibm_fez,257,Grier Jones,,d2c50f33c43a44abb94280706332351d,,
05402b44-130d-4e1e-a4ef-73f0c24ab8d8,completed,crn:v1:bluemix:public:quantum-computing:us-east:a/d2c50f33c43a44abb94280706332351d:deeabf25-a0d5-4c7b-9a89-18c5ff158017::,us-east,batch,2025-07-23T07:41:11.616Z,2025-07-23T07:44:41.585Z,ibm_fez,192,Grier Jones,,d2c50f33c43a44abb94280706332351d,,
7358101b-6538-4348-b22e-64031e14b7bd,completed,crn:v1:bluemix:public:quantum-computing:us-east:a/d2c50f33c43a44abb94280706332351d:deeabf25-a0d5-4c7b-9a89-18c5ff158017::,us-east,batch,2025-07-23T07:41:11.558Z,2025-07-23T07:49:07.576Z,ibm_fez,257,Grier Jones,,d2c50f33c43a44abb94280706332351d,,
d8d9518a-75f6-4040-a615-89457bb9e618,completed,crn:v1:bluemix:public:quantum-computing:us-east:a/d2c50f33c43a44abb94280706332351d:deeabf25-a0d5-4c7b-9a89-18c5ff158017::,us-east,batch,2025-07-23T07:17:08.976Z,2025-07-23T07:21:40.979Z,ibm_fez,256,Grier Jones,,d2c50f33c43a44abb94280706332351d,,
99cd5865-f3fa-4955-b583-7cdb243d1a37,completed,crn:v1:bluemix:public:quantum-computing:us-east:a/d2c50f33c43a44abb94280706332351d:deeabf25-a0d5-4c7b-9a89-18c5ff158017::,us-east,batch,2025-07-23T07:17:08.885Z,2025-07-23T07:41:09.792Z,ibm_fez,256,Grier Jones,,d2c50f33c43a44abb94280706332351d,,
52e42c3f-c203-420d-941e-201ed27f141f,completed,crn:v1:bluemix:public:quantum-computing:us-east:a/d2c50f33c43a44abb94280706332351d:deeabf25-a0d5-4c7b-9a89-18c5ff158017::,us-east,batch,2025-07-23T07:17:08.879Z,2025-07-23T07:29:31.035Z,ibm_fez,259,Grier Jones,,d2c50f33c43a44abb94280706332351d,,
60d575b5-eabc-45bb-b763-6400e8c7a8ec,completed,crn:v1:bluemix:public:quantum-computing:us-east:a/d2c50f33c43a44abb94280706332351d:deeabf25-a0d5-4c7b-9a89-18c5ff158017::,us-east,batch,2025-07-23T07:17:08.870Z,2025-07-23T07:36:44.266Z,ibm_fez,257,Grier Jones,,d2c50f33c43a44abb94280706332351d,,
a0583ba4-aa38-46c5-b08b-e4d1ccd486fe,completed,crn:v1:bluemix:public:quantum-computing:us-east:a/d2c50f33c43a44abb94280706332351d:deeabf25-a0d5-4c7b-9a89-18c5ff158017::,us-east,batch,2025-07-23T07:17:08.844Z,2025-07-23T07:25:02.917Z,ibm_fez,192,Grier Jones,,d2c50f33c43a44abb94280706332351d,,
6887d7de-e58e-41b1-9487-293c303e22e5,completed,crn:v1:bluemix:public:quantum-computing:us-east:a/d2c50f33c43a44abb94280706332351d:deeabf25-a0d5-4c7b-9a89-18c5ff158017::,us-east,batch,2025-07-23T06:53:22.695Z,2025-07-23T07:02:40.436Z,ibm_fez,256,Grier Jones,,d2c50f33c43a44abb94280706332351d,,
212d0ff8-06fe-4ea5-b069-fe4f2a9390c3,completed,crn:v1:bluemix:public:quantum-computing:us-east:a/d2c50f33c43a44abb94280706332351d:deeabf25-a0d5-4c7b-9a89-18c5ff158017::,us-east,batch,2025-07-23T06:53:22.689Z,2025-07-23T06:58:14.822Z,ibm_fez,257,Grier Jones,,d2c50f33c43a44abb94280706332351d,,
b319794d-95df-4df5-8f33-cdb60bf65e5c,completed,crn:v1:bluemix:public:quantum-computing:us-east:a/d2c50f33c43a44abb94280706332351d:deeabf25-a0d5-4c7b-9a89-18c5ff158017::,us-east,batch,2025-07-23T06:53:22.681Z,2025-07-23T07:12:16.777Z,ibm_fez,258,Grier Jones,,d2c50f33c43a44abb94280706332351d,,
b2fbaab2-697c-4233-8adc-c4d2e03f0384,completed,crn:v1:bluemix:public:quantum-computing:us-east:a/d2c50f33c43a44abb94280706332351d:deeabf25-a0d5-4c7b-9a89-18c5ff158017::,us-east,batch,2025-07-23T06:53:22.678Z,2025-07-23T07:16:59.185Z,ibm_fez,204,Grier Jones,,d2c50f33c43a44abb94280706332351d,,
99fd69e6-f396-4364-941a-3c847a718af5,completed,crn:v1:bluemix:public:quantum-computing:us-east:a/d2c50f33c43a44abb94280706332351d:deeabf25-a0d5-4c7b-9a89-18c5ff158017::,us-east,batch,2025-07-23T06:53:22.668Z,2025-07-23T07:07:50.805Z,ibm_fez,264,Grier Jones,,d2c50f33c43a44abb94280706332351d,,
99b9f809-08f3-46e3-b71c-cea69dd00407,completed,crn:v1:bluemix:public:quantum-computing:us-east:a/d2c50f33c43a44abb94280706332351d:deeabf25-a0d5-4c7b-9a89-18c5ff158017::,us-east,batch,2025-07-23T06:32:06.881Z,2025-07-23T06:53:20.453Z,ibm_fez,257,Grier Jones,,d2c50f33c43a44abb94280706332351d,,
f5bff90e-5fa7-43bc-bf8c-77eb9c2e4048,completed,crn:v1:bluemix:public:quantum-computing:us-east:a/d2c50f33c43a44abb94280706332351d:deeabf25-a0d5-4c7b-9a89-18c5ff158017::,us-east,batch,2025-07-23T06:32:06.877Z,2025-07-23T06:45:32.195Z,ibm_fez,256,Grier Jones,,d2c50f33c43a44abb94280706332351d,,
bf4f7e47-51f2-46e6-a06f-848c186edbda,completed,crn:v1:bluemix:public:quantum-computing:us-east:a/d2c50f33c43a44abb94280706332351d:deeabf25-a0d5-4c7b-9a89-18c5ff158017::,us-east,batch,2025-07-23T06:32:06.877Z,2025-07-23T06:48:53.940Z,ibm_fez,192,Grier Jones,,d2c50f33c43a44abb94280706332351d,,
0a05f81a-d76a-4bf3-8137-fec32baa740f,completed,crn:v1:bluemix:public:quantum-computing:us-east:a/d2c50f33c43a44abb94280706332351d:deeabf25-a0d5-4c7b-9a89-18c5ff158017::,us-east,batch,2025-07-23T06:32:06.147Z,2025-07-23T06:41:06.660Z,ibm_fez,258,Grier Jones,,d2c50f33c43a44abb94280706332351d,,
c7738f22-d0a9-487d-a2da-4f53e4450ab7,completed,crn:v1:bluemix:public:quantum-computing:us-east:a/d2c50f33c43a44abb94280706332351d:deeabf25-a0d5-4c7b-9a89-18c5ff158017::,us-east,batch,2025-07-23T06:32:06.147Z,2025-07-23T06:36:40.367Z,ibm_fez,258,Grier Jones,,d2c50f33c43a44abb94280706332351d,,
ca7ea8ee-2025-4d38-9ea1-be947559e0cd,completed,crn:v1:bluemix:public:quantum-computing:us-east:a/d2c50f33c43a44abb94280706332351d:deeabf25-a0d5-4c7b-9a89-18c5ff158017::,us-east,batch,2025-07-23T06:10:50.062Z,2025-07-23T06:18:44.523Z,ibm_fez,259,Grier Jones,,d2c50f33c43a44abb94280706332351d,,
8b8b913b-65c2-4fc3-82af-06bce3babb6d,completed,crn:v1:bluemix:public:quantum-computing:us-east:a/d2c50f33c43a44abb94280706332351d:deeabf25-a0d5-4c7b-9a89-18c5ff158017::,us-east,batch,2025-07-23T06:10:50.056Z,2025-07-23T06:14:17.469Z,ibm_fez,194,Grier Jones,,d2c50f33c43a44abb94280706332351d,,
f804fbac-2491-48d3-8ca1-751f37100737,completed,crn:v1:bluemix:public:quantum-computing:us-east:a/d2c50f33c43a44abb94280706332351d:deeabf25-a0d5-4c7b-9a89-18c5ff158017::,us-east,batch,2025-07-23T06:10:50.045Z,2025-07-23T06:27:37.494Z,ibm_fez,257,Grier Jones,,d2c50f33c43a44abb94280706332351d,,
f3beb6f8-0600-49cf-acd5-89de9d2648a2,completed,crn:v1:bluemix:public:quantum-computing:us-east:a/d2c50f33c43a44abb94280706332351d:deeabf25-a0d5-4c7b-9a89-18c5ff158017::,us-east,batch,2025-07-23T06:10:49.642Z,2025-07-23T06:23:11.842Z,ibm_fez,259,Grier Jones,,d2c50f33c43a44abb94280706332351d,,
575fdc2b-cc75-4c84-8598-91b706fdffb4,completed,crn:v1:bluemix:public:quantum-computing:us-east:a/d2c50f33c43a44abb94280706332351d:deeabf25-a0d5-4c7b-9a89-18c5ff158017::,us-east,batch,2025-07-23T06:10:49.640Z,2025-07-23T06:32:03.579Z,ibm_fez,258,Grier Jones,,d2c50f33c43a44abb94280706332351d,,
00e607d7-9526-438a-b6fd-3d55eaa98811,completed,crn:v1:bluemix:public:quantum-computing:us-east:a/d2c50f33c43a44abb94280706332351d:deeabf25-a0d5-4c7b-9a89-18c5ff158017::,us-east,batch,2025-07-23T05:40:08.950Z,2025-07-23T06:10:44.680Z,ibm_fez,259,Grier Jones,,d2c50f33c43a44abb94280706332351d,,
044cbe7b-9329-40af-b681-a57618b2941e,completed,crn:v1:bluemix:public:quantum-computing:us-east:a/d2c50f33c43a44abb94280706332351d:deeabf25-a0d5-4c7b-9a89-18c5ff158017::,us-east,batch,2025-07-23T05:40:08.889Z,2025-07-23T06:01:48.567Z,ibm_fez,272,Grier Jones,,d2c50f33c43a44abb94280706332351d,,
b9aaae81-59f4-4e9f-be52-3d6759a860e5,completed,crn:v1:bluemix:public:quantum-computing:us-east:a/d2c50f33c43a44abb94280706332351d:deeabf25-a0d5-4c7b-9a89-18c5ff158017::,us-east,batch,2025-07-23T05:40:08.885Z,2025-07-23T05:51:48.128Z,ibm_fez,199,Grier Jones,,d2c50f33c43a44abb94280706332351d,,
22bc38bb-4d5d-4dbb-ae27-6ffb433bff1c,completed,crn:v1:bluemix:public:quantum-computing:us-east:a/d2c50f33c43a44abb94280706332351d:deeabf25-a0d5-4c7b-9a89-18c5ff158017::,us-east,batch,2025-07-23T05:40:08.883Z,2025-07-23T05:46:36.764Z,ibm_fez,263,Grier Jones,,d2c50f33c43a44abb94280706332351d,,
12c58d1c-9bb3-4fd1-86da-33e790cd718c,completed,crn:v1:bluemix:public:quantum-computing:us-east:a/d2c50f33c43a44abb94280706332351d:deeabf25-a0d5-4c7b-9a89-18c5ff158017::,us-east,batch,2025-07-23T05:40:08.773Z,2025-07-23T06:06:18.182Z,ibm_fez,261,Grier Jones,,d2c50f33c43a44abb94280706332351d,,
346d6f44-e9cc-41bc-b9a3-b81249a4a0ac,completed,crn:v1:bluemix:public:quantum-computing:us-east:a/d2c50f33c43a44abb94280706332351d:deeabf25-a0d5-4c7b-9a89-18c5ff158017::,us-east,batch,2025-07-23T05:17:39.811Z,2025-07-23T05:34:31.252Z,ibm_fez,256,Grier Jones,,d2c50f33c43a44abb94280706332351d,,
8042f5cc-9415-47ad-bba4-9436c4b00ffc,completed,crn:v1:bluemix:public:quantum-computing:us-east:a/d2c50f33c43a44abb94280706332351d:deeabf25-a0d5-4c7b-9a89-18c5ff158017::,us-east,batch,2025-07-23T05:17:39.793Z,2025-07-23T05:40:06.523Z,ibm_fez,257,Grier Jones,,d2c50f33c43a44abb94280706332351d,,
6b4594d9-013b-41c2-888a-e252b7020a70,completed,crn:v1:bluemix:public:quantum-computing:us-east:a/d2c50f33c43a44abb94280706332351d:deeabf25-a0d5-4c7b-9a89-18c5ff158017::,us-east,batch,2025-07-23T05:17:39.751Z,2025-07-23T05:30:05.629Z,ibm_fez,257,Grier Jones,,d2c50f33c43a44abb94280706332351d,,
a52adafb-546c-4c0e-88ae-dba4a760c50a,completed,crn:v1:bluemix:public:quantum-computing:us-east:a/d2c50f33c43a44abb94280706332351d:deeabf25-a0d5-4c7b-9a89-18c5ff158017::,us-east,batch,2025-07-23T05:17:39.740Z,2025-07-23T05:25:39.401Z,ibm_fez,258,Grier Jones,,d2c50f33c43a44abb94280706332351d,,
1d620b8d-5a7e-497e-b775-4e6303e716c8,completed,crn:v1:bluemix:public:quantum-computing:us-east:a/d2c50f33c43a44abb94280706332351d:deeabf25-a0d5-4c7b-9a89-18c5ff158017::,us-east,batch,2025-07-23T05:17:39.735Z,2025-07-23T05:21:08.964Z,ibm_fez,193,Grier Jones,,d2c50f33c43a44abb94280706332351d,,
b9d02dca-bf73-4ba7-b4a6-303bbb39737f,completed,crn:v1:bluemix:public:quantum-computing:us-east:a/d2c50f33c43a44abb94280706332351d:deeabf25-a0d5-4c7b-9a89-18c5ff158017::,us-east,batch,2025-07-23T04:53:27.625Z,2025-07-23T05:04:46.388Z,ibm_fez,271,Grier Jones,,d2c50f33c43a44abb94280706332351d,,
0e4c6927-4d51-4fb7-abd0-8430f4d5f1be,completed,crn:v1:bluemix:public:quantum-computing:us-east:a/d2c50f33c43a44abb94280706332351d:deeabf25-a0d5-4c7b-9a89-18c5ff158017::,us-east,batch,2025-07-23T04:53:27.588Z,2025-07-23T05:17:38.784Z,ibm_fez,259,Grier Jones,,d2c50f33c43a44abb94280706332351d,,
d80701d8-fec1-415a-b5d4-b22d0229e129,completed,crn:v1:bluemix:public:quantum-computing:us-east:a/d2c50f33c43a44abb94280706332351d:deeabf25-a0d5-4c7b-9a89-18c5ff158017::,us-east,batch,2025-07-23T04:53:27.549Z,2025-07-23T05:09:50.358Z,ibm_fez,264,Grier Jones,,d2c50f33c43a44abb94280706332351d,,
6158fdce-a177-4df9-b7f2-8decdae9316f,completed,crn:v1:bluemix:public:quantum-computing:us-east:a/d2c50f33c43a44abb94280706332351d:deeabf25-a0d5-4c7b-9a89-18c5ff158017::,us-east,batch,2025-07-23T04:53:27.545Z,2025-07-23T05:13:12.772Z,ibm_fez,194,Grier Jones,,d2c50f33c43a44abb94280706332351d,,
1960cd74-ac04-438b-b43c-65db4524a82a,completed,crn:v1:bluemix:public:quantum-computing:us-east:a/d2c50f33c43a44abb94280706332351d:deeabf25-a0d5-4c7b-9a89-18c5ff158017::,us-east,batch,2025-07-23T04:53:27.544Z,2025-07-23T04:58:36.156Z,ibm_fez,264,Grier Jones,,d2c50f33c43a44abb94280706332351d,,
ae9311da-7563-4722-bd66-f61525a72b61,completed,crn:v1:bluemix:public:quantum-computing:us-east:a/d2c50f33c43a44abb94280706332351d:deeabf25-a0d5-4c7b-9a89-18c5ff158017::,us-east,batch,2025-07-23T04:16:07.753Z,2025-07-23T04:24:08.925Z,ibm_fez,197,Grier Jones,,d2c50f33c43a44abb94280706332351d,,
5e1e325a-63f0-418e-aa0c-a9dec09995b0,completed,crn:v1:bluemix:public:quantum-computing:us-east:a/d2c50f33c43a44abb94280706332351d:deeabf25-a0d5-4c7b-9a89-18c5ff158017::,us-east,batch,2025-07-23T04:16:07.664Z,2025-07-23T04:53:23.912Z,ibm_fez,272,Grier Jones,,d2c50f33c43a44abb94280706332351d,,
5259dbd9-79c1-4b5d-84f4-2981a6425d25,completed,crn:v1:bluemix:public:quantum-computing:us-east:a/d2c50f33c43a44abb94280706332351d:deeabf25-a0d5-4c7b-9a89-18c5ff158017::,us-east,batch,2025-07-23T04:16:07.624Z,2025-07-23T04:20:42.285Z,ibm_fez,257,Grier Jones,,d2c50f33c43a44abb94280706332351d,,
c6b961a2-363d-472d-b7d0-6553f1a0dbc3,completed,crn:v1:bluemix:public:quantum-computing:us-east:a/d2c50f33c43a44abb94280706332351d:deeabf25-a0d5-4c7b-9a89-18c5ff158017::,us-east,batch,2025-07-23T04:16:07.591Z,2025-07-23T04:28:37.354Z,ibm_fez,259,Grier Jones,,d2c50f33c43a44abb94280706332351d,,
0e76ffb3-524a-4abc-a205-64f4e50fe01f,completed,crn:v1:bluemix:public:quantum-computing:us-east:a/d2c50f33c43a44abb94280706332351d:deeabf25-a0d5-4c7b-9a89-18c5ff158017::,us-east,batch,2025-07-23T04:16:07.589Z,2025-07-23T04:47:01.886Z,ibm_fez,263,Grier Jones,,d2c50f33c43a44abb94280706332351d,,
267cfd4e-b180-43ea-bbd6-f5b7d8481453,completed,crn:v1:bluemix:public:quantum-computing:us-east:a/d2c50f33c43a44abb94280706332351d:deeabf25-a0d5-4c7b-9a89-18c5ff158017::,us-east,batch,2025-07-23T03:52:54.394Z,2025-07-23T04:01:50.157Z,ibm_fez,257,Grier Jones,,d2c50f33c43a44abb94280706332351d,,
5f111a9a-398f-4af9-9ca7-33e2cbe68df2,completed,crn:v1:bluemix:public:quantum-computing:us-east:a/d2c50f33c43a44abb94280706332351d:deeabf25-a0d5-4c7b-9a89-18c5ff158017::,us-east,batch,2025-07-23T03:52:54.323Z,2025-07-23T03:57:24.422Z,ibm_fez,256,Grier Jones,,d2c50f33c43a44abb94280706332351d,,
4d4d9d85-9563-4cb3-a970-de7e3d88f218,completed,crn:v1:bluemix:public:quantum-computing:us-east:a/d2c50f33c43a44abb94280706332351d:deeabf25-a0d5-4c7b-9a89-18c5ff158017::,us-east,batch,2025-07-23T03:52:54.319Z,2025-07-23T04:16:05.160Z,ibm_fez,262,Grier Jones,,d2c50f33c43a44abb94280706332351d,,
91cb84a2-9025-418e-9360-8ee35735d442,completed,crn:v1:bluemix:public:quantum-computing:us-east:a/d2c50f33c43a44abb94280706332351d:deeabf25-a0d5-4c7b-9a89-18c5ff158017::,us-east,batch,2025-07-23T03:52:54.312Z,2025-07-23T04:11:06.997Z,ibm_fez,192,Grier Jones,,d2c50f33c43a44abb94280706332351d,,
d078d6c2-eec7-4421-9af9-0a3923c3fd03,completed,crn:v1:bluemix:public:quantum-computing:us-east:a/d2c50f33c43a44abb94280706332351d:deeabf25-a0d5-4c7b-9a89-18c5ff158017::,us-east,batch,2025-07-23T03:52:54.312Z,2025-07-23T04:07:45.200Z,ibm_fez,263,Grier Jones,,d2c50f33c43a44abb94280706332351d,,
b1884156-6943-4b4b-97c0-e9828ed0ee9d,completed,crn:v1:bluemix:public:quantum-computing:us-east:a/d2c50f33c43a44abb94280706332351d:deeabf25-a0d5-4c7b-9a89-18c5ff158017::,us-east,batch,2025-07-23T03:31:40.482Z,2025-07-23T03:48:26.910Z,ibm_fez,257,Grier Jones,,d2c50f33c43a44abb94280706332351d,,
fdc07cc5-c822-492d-966c-2ea8d7aecc0c,completed,crn:v1:bluemix:public:quantum-computing:us-east:a/d2c50f33c43a44abb94280706332351d:deeabf25-a0d5-4c7b-9a89-18c5ff158017::,us-east,batch,2025-07-23T03:31:40.366Z,2025-07-23T03:52:53.234Z,ibm_fez,258,Grier Jones,,d2c50f33c43a44abb94280706332351d,,
6149b5a6-0094-42b4-af8d-86f0a49ec7c4,completed,crn:v1:bluemix:public:quantum-computing:us-east:a/d2c50f33c43a44abb94280706332351d:deeabf25-a0d5-4c7b-9a89-18c5ff158017::,us-east,batch,2025-07-23T03:31:40.359Z,2025-07-23T03:44:01.095Z,ibm_fez,258,Grier Jones,,d2c50f33c43a44abb94280706332351d,,
61d1d4dc-7f74-4c2e-b216-f30ec0294051,completed,crn:v1:bluemix:public:quantum-computing:us-east:a/d2c50f33c43a44abb94280706332351d:deeabf25-a0d5-4c7b-9a89-18c5ff158017::,us-east,batch,2025-07-23T03:31:40.313Z,2025-07-23T03:36:12.018Z,ibm_fez,260,Grier Jones,,d2c50f33c43a44abb94280706332351d,,
df2d9697-e066-4217-9d41-6c2d179042f5,completed,crn:v1:bluemix:public:quantum-computing:us-east:a/d2c50f33c43a44abb94280706332351d:deeabf25-a0d5-4c7b-9a89-18c5ff158017::,us-east,batch,2025-07-23T03:31:40.305Z,2025-07-23T03:39:34.599Z,ibm_fez,195,Grier Jones,,d2c50f33c43a44abb94280706332351d,,
b6a62b0a-8143-4a1c-a0c3-404f2618d3da,completed,crn:v1:bluemix:public:quantum-computing:us-east:a/d2c50f33c43a44abb94280706332351d:deeabf25-a0d5-4c7b-9a89-18c5ff158017::,us-east,batch,2025-07-23T03:09:42.862Z,2025-07-23T03:17:39.931Z,ibm_fez,195,Grier Jones,,d2c50f33c43a44abb94280706332351d,,
7ac60849-74fd-4337-839c-7635113a9e06,completed,crn:v1:bluemix:public:quantum-computing:us-east:a/d2c50f33c43a44abb94280706332351d:deeabf25-a0d5-4c7b-9a89-18c5ff158017::,us-east,batch,2025-07-23T03:09:42.861Z,2025-07-23T03:14:16.731Z,ibm_fez,259,Grier Jones,,d2c50f33c43a44abb94280706332351d,,
95a945b4-b506-45df-8306-7698fcaf381c,completed,crn:v1:bluemix:public:quantum-computing:us-east:a/d2c50f33c43a44abb94280706332351d:deeabf25-a0d5-4c7b-9a89-18c5ff158017::,us-east,batch,2025-07-23T03:09:42.751Z,2025-07-23T03:22:46.091Z,ibm_fez,261,Grier Jones,,d2c50f33c43a44abb94280706332351d,,
3d3471e5-f0ca-4548-82ba-6cfbcb86829c,completed,crn:v1:bluemix:public:quantum-computing:us-east:a/d2c50f33c43a44abb94280706332351d:deeabf25-a0d5-4c7b-9a89-18c5ff158017::,us-east,batch,2025-07-23T03:09:42.681Z,2025-07-23T03:31:39.478Z,ibm_fez,259,Grier Jones,,d2c50f33c43a44abb94280706332351d,,
0d82b9cf-7a24-4965-af03-cc82505e7334,completed,crn:v1:bluemix:public:quantum-computing:us-east:a/d2c50f33c43a44abb94280706332351d:deeabf25-a0d5-4c7b-9a89-18c5ff158017::,us-east,batch,2025-07-23T03:09:42.670Z,2025-07-23T03:27:13.007Z,ibm_fez,260,Grier Jones,,d2c50f33c43a44abb94280706332351d,,
61294103-90fa-4b89-ac5f-4c457e1f95a0,completed,crn:v1:bluemix:public:quantum-computing:us-east:a/d2c50f33c43a44abb94280706332351d:deeabf25-a0d5-4c7b-9a89-18c5ff158017::,us-east,batch,2025-07-23T02:40:11.066Z,2025-07-23T03:05:12.807Z,ibm_fez,267,Grier Jones,,d2c50f33c43a44abb94280706332351d,,
05770551-ad2a-4332-8b69-a7be64e39b4d,completed,crn:v1:bluemix:public:quantum-computing:us-east:a/d2c50f33c43a44abb94280706332351d:deeabf25-a0d5-4c7b-9a89-18c5ff158017::,us-east,batch,2025-07-23T02:40:11.034Z,2025-07-23T02:59:47.920Z,ibm_fez,204,Grier Jones,,d2c50f33c43a44abb94280706332351d,,
2ba76cdb-feb6-46a9-9967-bb647a21934d,completed,crn:v1:bluemix:public:quantum-computing:us-east:a/d2c50f33c43a44abb94280706332351d:deeabf25-a0d5-4c7b-9a89-18c5ff158017::,us-east,batch,2025-07-23T02:40:11.018Z,2025-07-23T02:52:45.838Z,ibm_fez,263,Grier Jones,,d2c50f33c43a44abb94280706332351d,,
2d4dda56-de57-4d06-ac21-8f13cc75438b,completed,crn:v1:bluemix:public:quantum-computing:us-east:a/d2c50f33c43a44abb94280706332351d:deeabf25-a0d5-4c7b-9a89-18c5ff158017::,us-east,batch,2025-07-23T02:40:10.953Z,2025-07-23T03:09:39.495Z,ibm_fez,260,Grier Jones,,d2c50f33c43a44abb94280706332351d,,
52711bbe-0972-446b-bf4f-7e0aea185598,completed,crn:v1:bluemix:public:quantum-computing:us-east:a/d2c50f33c43a44abb94280706332351d:deeabf25-a0d5-4c7b-9a89-18c5ff158017::,us-east,batch,2025-07-23T02:40:10.941Z,2025-07-23T02:46:30.896Z,ibm_fez,263,Grier Jones,,d2c50f33c43a44abb94280706332351d,,
911a8b97-6f62-4d90-bdd2-71e92d56112f,completed,crn:v1:bluemix:public:quantum-computing:us-east:a/d2c50f33c43a44abb94280706332351d:deeabf25-a0d5-4c7b-9a89-18c5ff158017::,us-east,batch,2025-07-23T02:14:58.155Z,2025-07-23T02:24:31.344Z,ibm_fez,257,Grier Jones,,d2c50f33c43a44abb94280706332351d,,
ea30d80e-598d-4b53-864f-ce2eff23dfaf,completed,crn:v1:bluemix:public:quantum-computing:us-east:a/d2c50f33c43a44abb94280706332351d:deeabf25-a0d5-4c7b-9a89-18c5ff158017::,us-east,batch,2025-07-23T02:14:58.149Z,2025-07-23T02:20:01.625Z,ibm_fez,257,Grier Jones,,d2c50f33c43a44abb94280706332351d,,
432f6ea3-2d7e-4338-b382-3f923b8810d5,completed,crn:v1:bluemix:public:quantum-computing:us-east:a/d2c50f33c43a44abb94280706332351d:deeabf25-a0d5-4c7b-9a89-18c5ff158017::,us-east,batch,2025-07-23T02:14:58.080Z,2025-07-23T02:35:03.036Z,ibm_fez,257,Grier Jones,,d2c50f33c43a44abb94280706332351d,,
cba10fb4-4394-442f-bf67-cb11e41f6cee,completed,crn:v1:bluemix:public:quantum-computing:us-east:a/d2c50f33c43a44abb94280706332351d:deeabf25-a0d5-4c7b-9a89-18c5ff158017::,us-east,batch,2025-07-23T02:14:58.021Z,2025-07-23T02:40:07.453Z,ibm_fez,257,Grier Jones,,d2c50f33c43a44abb94280706332351d,,
4393a4b8-1349-4cd0-8736-159db09b4283,completed,crn:v1:bluemix:public:quantum-computing:us-east:a/d2c50f33c43a44abb94280706332351d:deeabf25-a0d5-4c7b-9a89-18c5ff158017::,us-east,batch,2025-07-23T02:14:57.915Z,2025-07-23T02:29:27.399Z,ibm_fez,193,Grier Jones,,d2c50f33c43a44abb94280706332351d,,
c92002a3-7a24-4051-b3ea-ec12ca1a4606,completed,crn:v1:bluemix:public:quantum-computing:us-east:a/d2c50f33c43a44abb94280706332351d:deeabf25-a0d5-4c7b-9a89-18c5ff158017::,us-east,batch,2025-07-23T01:53:05.660Z,2025-07-23T02:14:56.943Z,ibm_fez,259,Grier Jones,,d2c50f33c43a44abb94280706332351d,,
5095d6fb-5e84-4e6a-979d-aa355bb3fe2c,completed,crn:v1:bluemix:public:quantum-computing:us-east:a/d2c50f33c43a44abb94280706332351d:deeabf25-a0d5-4c7b-9a89-18c5ff158017::,us-east,batch,2025-07-23T01:53:04.707Z,2025-07-23T02:10:26.753Z,ibm_fez,193,Grier Jones,,d2c50f33c43a44abb94280706332351d,,
90ac558f-a0dd-486c-ac8a-f867179cea4c,completed,crn:v1:bluemix:public:quantum-computing:us-east:a/d2c50f33c43a44abb94280706332351d:deeabf25-a0d5-4c7b-9a89-18c5ff158017::,us-east,batch,2025-07-23T01:53:04.705Z,2025-07-23T02:02:37.435Z,ibm_fez,260,Grier Jones,,d2c50f33c43a44abb94280706332351d,,
e7a8a080-0200-47a7-918d-7c3a03d87c26,completed,crn:v1:bluemix:public:quantum-computing:us-east:a/d2c50f33c43a44abb94280706332351d:deeabf25-a0d5-4c7b-9a89-18c5ff158017::,us-east,batch,2025-07-23T01:53:04.703Z,2025-07-23T02:07:04.584Z,ibm_fez,259,Grier Jones,,d2c50f33c43a44abb94280706332351d,,
6b15e63a-c2c8-4f99-8a4d-f891a7bd0a84,completed,crn:v1:bluemix:public:quantum-computing:us-east:a/d2c50f33c43a44abb94280706332351d:deeabf25-a0d5-4c7b-9a89-18c5ff158017::,us-east,batch,2025-07-23T01:53:03.697Z,2025-07-23T01:57:40.667Z,ibm_fez,259,Grier Jones,,d2c50f33c43a44abb94280706332351d,,
d204701c-0b23-401a-88e0-b6836fc5562d,completed,crn:v1:bluemix:public:quantum-computing:us-east:a/d2c50f33c43a44abb94280706332351d:deeabf25-a0d5-4c7b-9a89-18c5ff158017::,us-east,batch,2025-07-23T01:26:56.718Z,2025-07-23T01:41:29.095Z,ibm_fez,259,Grier Jones,,d2c50f33c43a44abb94280706332351d,,
caf09f44-d1f7-44bc-a7c6-f292b2334c75,completed,crn:v1:bluemix:public:quantum-computing:us-east:a/d2c50f33c43a44abb94280706332351d:deeabf25-a0d5-4c7b-9a89-18c5ff158017::,us-east,batch,2025-07-23T01:26:56.687Z,2025-07-23T01:31:09.945Z,ibm_fez,202,Grier Jones,,d2c50f33c43a44abb94280706332351d,,
a6e3af43-cbd9-4990-90cc-e6c59bbb1e4a,completed,crn:v1:bluemix:public:quantum-computing:us-east:a/d2c50f33c43a44abb94280706332351d:deeabf25-a0d5-4c7b-9a89-18c5ff158017::,us-east,batch,2025-07-23T01:26:56.677Z,2025-07-23T01:46:32.969Z,ibm_fez,260,Grier Jones,,d2c50f33c43a44abb94280706332351d,,
ed5fc58d-e98f-4aa3-bb83-19a93214d7d2,completed,crn:v1:bluemix:public:quantum-computing:us-east:a/d2c50f33c43a44abb94280706332351d:deeabf25-a0d5-4c7b-9a89-18c5ff158017::,us-east,batch,2025-07-23T01:26:56.668Z,2025-07-23T01:36:09.879Z,ibm_fez,259,Grier Jones,,d2c50f33c43a44abb94280706332351d,,
fecd21ca-3e86-461f-8e80-6efeb72276cc,completed,crn:v1:bluemix:public:quantum-computing:us-east:a/d2c50f33c43a44abb94280706332351d:deeabf25-a0d5-4c7b-9a89-18c5ff158017::,us-east,batch,2025-07-23T01:26:56.624Z,2025-07-23T01:53:00.217Z,ibm_fez,260,Grier Jones,,d2c50f33c43a44abb94280706332351d,,
2383e1d5-5026-4b0a-8c97-df2274eeecea,completed,crn:v1:bluemix:public:quantum-computing:us-east:a/d2c50f33c43a44abb94280706332351d:deeabf25-a0d5-4c7b-9a89-18c5ff158017::,us-east,batch,2025-07-22T21:44:15.297Z,2025-07-22T22:53:03.500Z,ibm_fez,259,Grier Jones,,d2c50f33c43a44abb94280706332351d,,
d0fa6f17-fec2-4887-b6bf-0008daa2365b,completed,crn:v1:bluemix:public:quantum-computing:us-east:a/d2c50f33c43a44abb94280706332351d:deeabf25-a0d5-4c7b-9a89-18c5ff158017::,us-east,batch,2025-07-22T21:44:15.294Z,2025-07-23T01:26:49.819Z,ibm_fez,196,Grier Jones,,d2c50f33c43a44abb94280706332351d,,
fec44166-77df-436d-aacc-a6afa3c13b3f,completed,crn:v1:bluemix:public:quantum-computing:us-east:a/d2c50f33c43a44abb94280706332351d:deeabf25-a0d5-4c7b-9a89-18c5ff158017::,us-east,batch,2025-07-22T21:44:14.909Z,2025-07-23T00:21:02.818Z,ibm_fez,259,Grier Jones,,d2c50f33c43a44abb94280706332351d,,
2145ea45-23ee-41f6-80ad-09222cf9c01e,completed,crn:v1:bluemix:public:quantum-computing:us-east:a/d2c50f33c43a44abb94280706332351d:deeabf25-a0d5-4c7b-9a89-18c5ff158017::,us-east,batch,2025-07-22T21:44:14.907Z,2025-07-22T22:48:37.480Z,ibm_fez,260,Grier Jones,,d2c50f33c43a44abb94280706332351d,,
17c84b5c-8444-480c-a84b-648c745d15c8,completed,crn:v1:bluemix:public:quantum-computing:us-east:a/d2c50f33c43a44abb94280706332351d:deeabf25-a0d5-4c7b-9a89-18c5ff158017::,us-east,batch,2025-07-22T21:44:14.874Z,2025-07-22T23:11:13.532Z,ibm_fez,275,Grier Jones,,d2c50f33c43a44abb94280706332351d,,
b29640e2-f993-44fe-b106-ada650efa48b,completed,crn:v1:bluemix:public:quantum-computing:us-east:a/d2c50f33c43a44abb94280706332351d:deeabf25-a0d5-4c7b-9a89-18c5ff158017::,us-east,batch,2025-07-22T21:17:16.584Z,2025-07-22T21:30:14.096Z,ibm_fez,260,Grier Jones,,d2c50f33c43a44abb94280706332351d,,
52dbbd64-f886-4a98-a448-7abed5bc31c3,completed,crn:v1:bluemix:public:quantum-computing:us-east:a/d2c50f33c43a44abb94280706332351d:deeabf25-a0d5-4c7b-9a89-18c5ff158017::,us-east,batch,2025-07-22T21:17:16.509Z,2025-07-22T21:44:12.730Z,ibm_fez,260,Grier Jones,,d2c50f33c43a44abb94280706332351d,,
2e3edc83-cb54-4d4b-a515-37ed5e695505,completed,crn:v1:bluemix:public:quantum-computing:us-east:a/d2c50f33c43a44abb94280706332351d:deeabf25-a0d5-4c7b-9a89-18c5ff158017::,us-east,batch,2025-07-22T21:17:15.911Z,2025-07-22T21:39:45.963Z,ibm_fez,195,Grier Jones,,d2c50f33c43a44abb94280706332351d,,
bbb0b970-c5ff-45bc-ba36-fdefbe8b3454,completed,crn:v1:bluemix:public:quantum-computing:us-east:a/d2c50f33c43a44abb94280706332351d:deeabf25-a0d5-4c7b-9a89-18c5ff158017::,us-east,batch,2025-07-22T21:17:15.906Z,2025-07-22T21:25:47.359Z,ibm_fez,271,Grier Jones,,d2c50f33c43a44abb94280706332351d,,
c1a0b7dd-9eb5-46c9-a8e3-cf746ac20d92,completed,crn:v1:bluemix:public:quantum-computing:us-east:a/d2c50f33c43a44abb94280706332351d:deeabf25-a0d5-4c7b-9a89-18c5ff158017::,us-east,batch,2025-07-22T21:17:15.887Z,2025-07-22T21:36:23.733Z,ibm_fez,269,Grier Jones,,d2c50f33c43a44abb94280706332351d,,
86e32630-c19e-4181-8c9b-80b92651a3c3,completed,crn:v1:bluemix:public:quantum-computing:us-east:a/d2c50f33c43a44abb94280706332351d:deeabf25-a0d5-4c7b-9a89-18c5ff158017::,us-east,batch,2025-07-22T18:50:25.663Z,2025-07-22T21:17:10.104Z,ibm_fez,202,Grier Jones,,d2c50f33c43a44abb94280706332351d,,
cc98fab8-1050-4e15-be9b-5ba76c82cb92,completed,crn:v1:bluemix:public:quantum-computing:us-east:a/d2c50f33c43a44abb94280706332351d:deeabf25-a0d5-4c7b-9a89-18c5ff158017::,us-east,batch,2025-07-22T18:50:25.611Z,2025-07-22T21:00:32.841Z,ibm_fez,282,Grier Jones,,d2c50f33c43a44abb94280706332351d,,
53b9f581-81d0-45b4-aa92-7b19833cbb68,completed,crn:v1:bluemix:public:quantum-computing:us-east:a/d2c50f33c43a44abb94280706332351d:deeabf25-a0d5-4c7b-9a89-18c5ff158017::,us-east,batch,2025-07-22T18:50:25.560Z,2025-07-22T21:05:50.191Z,ibm_fez,269,Grier Jones,,d2c50f33c43a44abb94280706332351d,,
27d9566a-ab85-4129-881d-3a4f730e05e6,completed,crn:v1:bluemix:public:quantum-computing:us-east:a/d2c50f33c43a44abb94280706332351d:deeabf25-a0d5-4c7b-9a89-18c5ff158017::,us-east,batch,2025-07-22T18:50:25.556Z,2025-07-22T20:46:04.824Z,ibm_fez,269,Grier Jones,,d2c50f33c43a44abb94280706332351d,,
9c73d8ed-faa1-4326-aff7-f0c3f53611eb,completed,crn:v1:bluemix:public:quantum-computing:us-east:a/d2c50f33c43a44abb94280706332351d:deeabf25-a0d5-4c7b-9a89-18c5ff158017::,us-east,batch,2025-07-22T18:50:25.550Z,2025-07-22T21:10:17.378Z,ibm_fez,260,Grier Jones,,d2c50f33c43a44abb94280706332351d,,
1ad912d8-9124-461e-8e44-ab04c54ee225,completed,crn:v1:bluemix:public:quantum-computing:us-east:a/d2c50f33c43a44abb94280706332351d:deeabf25-a0d5-4c7b-9a89-18c5ff158017::,us-east,batch,2025-07-22T18:13:20.732Z,2025-07-22T18:37:04.921Z,ibm_fez,260,Grier Jones,,d2c50f33c43a44abb94280706332351d,,
1c134afd-0609-40ac-b159-61c058c0302d,completed,crn:v1:bluemix:public:quantum-computing:us-east:a/d2c50f33c43a44abb94280706332351d:deeabf25-a0d5-4c7b-9a89-18c5ff158017::,us-east,batch,2025-07-22T18:13:20.727Z,2025-07-22T18:31:55.136Z,ibm_fez,272,Grier Jones,,d2c50f33c43a44abb94280706332351d,,
3453d03e-f5d6-46c3-a670-91ea8d8a6c6b,completed,crn:v1:bluemix:public:quantum-computing:us-east:a/d2c50f33c43a44abb94280706332351d:deeabf25-a0d5-4c7b-9a89-18c5ff158017::,us-east,batch,2025-07-22T18:13:20.717Z,2025-07-22T18:45:37.968Z,ibm_fez,258,Grier Jones,,d2c50f33c43a44abb94280706332351d,,
ebbe801b-38a6-4833-ae05-787039ee699c,completed,crn:v1:bluemix:public:quantum-computing:us-east:a/d2c50f33c43a44abb94280706332351d:deeabf25-a0d5-4c7b-9a89-18c5ff158017::,us-east,batch,2025-07-22T18:13:20.681Z,2025-07-22T18:50:22.685Z,ibm_fez,264,Grier Jones,,d2c50f33c43a44abb94280706332351d,,
75b11047-8bb8-44b0-b7cf-ffab8c69c8a0,completed,crn:v1:bluemix:public:quantum-computing:us-east:a/d2c50f33c43a44abb94280706332351d:deeabf25-a0d5-4c7b-9a89-18c5ff158017::,us-east,batch,2025-07-22T18:13:20.677Z,2025-07-22T18:41:11.464Z,ibm_fez,194,Grier Jones,,d2c50f33c43a44abb94280706332351d,,
c4b40e80-6673-4e05-a269-0d771839ec66,completed,crn:v1:bluemix:public:quantum-computing:us-east:a/d2c50f33c43a44abb94280706332351d:deeabf25-a0d5-4c7b-9a89-18c5ff158017::,us-east,batch,2025-07-22T16:33:36.347Z,2025-07-22T18:02:19.151Z,ibm_fez,285,Grier Jones,,d2c50f33c43a44abb94280706332351d,,
48c168f5-be74-4aaf-b313-63330c481db2,completed,crn:v1:bluemix:public:quantum-computing:us-east:a/d2c50f33c43a44abb94280706332351d:deeabf25-a0d5-4c7b-9a89-18c5ff158017::,us-east,batch,2025-07-22T16:33:36.020Z,2025-07-22T16:43:52.138Z,ibm_fez,259,Grier Jones,,d2c50f33c43a44abb94280706332351d,,
32863631-17a4-4076-a25e-278f05eec759,completed,crn:v1:bluemix:public:quantum-computing:us-east:a/d2c50f33c43a44abb94280706332351d:deeabf25-a0d5-4c7b-9a89-18c5ff158017::,us-east,batch,2025-07-22T16:33:35.987Z,2025-07-22T16:55:11.396Z,ibm_fez,267,Grier Jones,,d2c50f33c43a44abb94280706332351d,,
5df34b82-a676-446d-b5cb-3483f0da9247,completed,crn:v1:bluemix:public:quantum-computing:us-east:a/d2c50f33c43a44abb94280706332351d:deeabf25-a0d5-4c7b-9a89-18c5ff158017::,us-east,batch,2025-07-22T16:33:35.984Z,2025-07-22T18:13:19.423Z,ibm_fez,288,Grier Jones,,d2c50f33c43a44abb94280706332351d,,
dbd32246-15a3-4b27-890a-40bda905a263,completed,crn:v1:bluemix:public:quantum-computing:us-east:a/d2c50f33c43a44abb94280706332351d:deeabf25-a0d5-4c7b-9a89-18c5ff158017::,us-east,batch,2025-07-22T16:33:35.949Z,2025-07-22T17:28:45.841Z,ibm_fez,202,Grier Jones,,d2c50f33c43a44abb94280706332351d,,
281e8d9b-2b37-4b5f-a67f-9c092368546c,completed,crn:v1:bluemix:public:quantum-computing:us-east:a/d2c50f33c43a44abb94280706332351d:deeabf25-a0d5-4c7b-9a89-18c5ff158017::,us-east,batch,2025-07-22T14:58:09.001Z,2025-07-22T16:33:34.474Z,ibm_fez,258,Grier Jones,,d2c50f33c43a44abb94280706332351d,,
1a8257a4-c680-46db-bbc9-6338b46f739f,completed,crn:v1:bluemix:public:quantum-computing:us-east:a/d2c50f33c43a44abb94280706332351d:deeabf25-a0d5-4c7b-9a89-18c5ff158017::,us-east,batch,2025-07-22T14:58:08.998Z,2025-07-22T16:07:23.085Z,ibm_fez,295,Grier Jones,,d2c50f33c43a44abb94280706332351d,,
30efc802-6571-4be3-a49a-84cc44ee282f,completed,crn:v1:bluemix:public:quantum-computing:us-east:a/d2c50f33c43a44abb94280706332351d:deeabf25-a0d5-4c7b-9a89-18c5ff158017::,us-east,batch,2025-07-22T14:58:08.905Z,2025-07-22T16:27:46.148Z,ibm_fez,270,Grier Jones,,d2c50f33c43a44abb94280706332351d,,
05abd1b7-a8b9-4361-a248-680cc1dc9461,completed,crn:v1:bluemix:public:quantum-computing:us-east:a/d2c50f33c43a44abb94280706332351d:deeabf25-a0d5-4c7b-9a89-18c5ff158017::,us-east,batch,2025-07-22T14:58:08.902Z,2025-07-22T16:20:15.588Z,ibm_fez,296,Grier Jones,,d2c50f33c43a44abb94280706332351d,,
adbcb4fb-2dd7-4b96-9733-774a1534b21e,completed,crn:v1:bluemix:public:quantum-computing:us-east:a/d2c50f33c43a44abb94280706332351d:deeabf25-a0d5-4c7b-9a89-18c5ff158017::,us-east,batch,2025-07-22T14:58:08.820Z,2025-07-22T15:59:54.331Z,ibm_fez,218,Grier Jones,,d2c50f33c43a44abb94280706332351d,,
81c58f9b-019e-4d21-bf54-2349e4646b66,completed,crn:v1:bluemix:public:quantum-computing:us-east:a/d2c50f33c43a44abb94280706332351d:deeabf25-a0d5-4c7b-9a89-18c5ff158017::,us-east,batch,2025-07-22T04:21:40.084Z,2025-07-22T04:33:46.783Z,ibm_fez,260,Grier Jones,,d2c50f33c43a44abb94280706332351d,,
4cdff1c4-4e49-4bf5-bcc4-ae3f9cb893e0,completed,crn:v1:bluemix:public:quantum-computing:us-east:a/d2c50f33c43a44abb94280706332351d:deeabf25-a0d5-4c7b-9a89-18c5ff158017::,us-east,batch,2025-07-22T04:21:40.079Z,2025-07-22T04:28:09.749Z,ibm_fez,261,Grier Jones,,d2c50f33c43a44abb94280706332351d,,
abf20940-3d25-4476-88fc-cc392d3df475,completed,crn:v1:bluemix:public:quantum-computing:us-east:a/d2c50f33c43a44abb94280706332351d:deeabf25-a0d5-4c7b-9a89-18c5ff158017::,us-east,batch,2025-07-22T04:21:40.076Z,2025-07-22T04:54:34.470Z,ibm_fez,273,Grier Jones,,d2c50f33c43a44abb94280706332351d,,
7c840fe7-09cc-4123-a060-07d565ccc30b,completed,crn:v1:bluemix:public:quantum-computing:us-east:a/d2c50f33c43a44abb94280706332351d:deeabf25-a0d5-4c7b-9a89-18c5ff158017::,us-east,batch,2025-07-22T04:21:40.075Z,2025-07-22T04:39:28.762Z,ibm_fez,260,Grier Jones,,d2c50f33c43a44abb94280706332351d,,
4af07291-18b6-4fa7-a867-bc3c876a1e48,completed,crn:v1:bluemix:public:quantum-computing:us-east:a/d2c50f33c43a44abb94280706332351d:deeabf25-a0d5-4c7b-9a89-18c5ff158017::,us-east,batch,2025-07-22T04:21:40.073Z,2025-07-22T04:47:00.107Z,ibm_fez,145,Grier Jones,,d2c50f33c43a44abb94280706332351d,,
15a5ee5d-f834-4900-9cdd-d3c8fe45a397,completed,crn:v1:bluemix:public:quantum-computing:us-east:a/d2c50f33c43a44abb94280706332351d:deeabf25-a0d5-4c7b-9a89-18c5ff158017::,us-east,batch,2025-07-22T03:51:14.379Z,2025-07-22T04:03:41.283Z,ibm_fez,260,Grier Jones,,d2c50f33c43a44abb94280706332351d,,
a6cfdc5a-7634-4e86-b95a-f99a9cd8fac7,completed,crn:v1:bluemix:public:quantum-computing:us-east:a/d2c50f33c43a44abb94280706332351d:deeabf25-a0d5-4c7b-9a89-18c5ff158017::,us-east,batch,2025-07-22T03:51:14.372Z,2025-07-22T04:14:39.791Z,ibm_fez,265,Grier Jones,,d2c50f33c43a44abb94280706332351d,,
07dd28ed-d060-46a3-a175-cba3369198b8,completed,crn:v1:bluemix:public:quantum-computing:us-east:a/d2c50f33c43a44abb94280706332351d:deeabf25-a0d5-4c7b-9a89-18c5ff158017::,us-east,batch,2025-07-22T03:51:14.367Z,2025-07-22T03:55:50.370Z,ibm_fez,260,Grier Jones,,d2c50f33c43a44abb94280706332351d,,
65cb11ec-e885-4b81-be85-967b5bbe6777,completed,crn:v1:bluemix:public:quantum-computing:us-east:a/d2c50f33c43a44abb94280706332351d:deeabf25-a0d5-4c7b-9a89-18c5ff158017::,us-east,batch,2025-07-22T03:51:14.305Z,2025-07-22T03:59:13.229Z,ibm_fez,195,Grier Jones,,d2c50f33c43a44abb94280706332351d,,
f85029f4-4bc1-4693-8363-7d7919b38249,completed,crn:v1:bluemix:public:quantum-computing:us-east:a/d2c50f33c43a44abb94280706332351d:deeabf25-a0d5-4c7b-9a89-18c5ff158017::,us-east,batch,2025-07-22T03:51:14.296Z,2025-07-22T04:21:36.801Z,ibm_fez,272,Grier Jones,,d2c50f33c43a44abb94280706332351d,,
a213f3cc-0a34-429b-859c-3191d4fe4abd,completed,crn:v1:bluemix:public:quantum-computing:us-east:a/d2c50f33c43a44abb94280706332351d:deeabf25-a0d5-4c7b-9a89-18c5ff158017::,us-east,batch,2025-07-22T03:28:26.415Z,2025-07-22T03:37:07.516Z,ibm_fez,195,Grier Jones,,d2c50f33c43a44abb94280706332351d,,
27086df2-e5b7-4c64-b842-82f9179c5baa,completed,crn:v1:bluemix:public:quantum-computing:us-east:a/d2c50f33c43a44abb94280706332351d:deeabf25-a0d5-4c7b-9a89-18c5ff158017::,us-east,batch,2025-07-22T03:28:26.352Z,2025-07-22T03:51:13.448Z,ibm_fez,257,Grier Jones,,d2c50f33c43a44abb94280706332351d,,
b9c7e5c7-1f6a-42c5-a971-12bbce5d0355,completed,crn:v1:bluemix:public:quantum-computing:us-east:a/d2c50f33c43a44abb94280706332351d:deeabf25-a0d5-4c7b-9a89-18c5ff158017::,us-east,batch,2025-07-22T03:28:26.334Z,2025-07-22T03:46:47.312Z,ibm_fez,258,Grier Jones,,d2c50f33c43a44abb94280706332351d,,
97bfef1d-c087-4022-ab14-d7bf959d60bd,completed,crn:v1:bluemix:public:quantum-computing:us-east:a/d2c50f33c43a44abb94280706332351d:deeabf25-a0d5-4c7b-9a89-18c5ff158017::,us-east,batch,2025-07-22T03:28:26.234Z,2025-07-22T03:33:44.333Z,ibm_fez,264,Grier Jones,,d2c50f33c43a44abb94280706332351d,,
0cabb8c5-01bc-4167-b722-bf43cb40a07a,completed,crn:v1:bluemix:public:quantum-computing:us-east:a/d2c50f33c43a44abb94280706332351d:deeabf25-a0d5-4c7b-9a89-18c5ff158017::,us-east,batch,2025-07-22T03:28:26.231Z,2025-07-22T03:41:54.180Z,ibm_fez,261,Grier Jones,,d2c50f33c43a44abb94280706332351d,,
d510bb5a-53d3-4d99-937e-fcaeb01ca4dc,completed,crn:v1:bluemix:public:quantum-computing:us-east:a/d2c50f33c43a44abb94280706332351d:deeabf25-a0d5-4c7b-9a89-18c5ff158017::,us-east,batch,2025-07-22T03:05:56.650Z,2025-07-22T03:19:43.187Z,ibm_fez,259,Grier Jones,,d2c50f33c43a44abb94280706332351d,,
a7971b12-7fee-4bbe-a6c9-ba690a5d10ce,completed,crn:v1:bluemix:public:quantum-computing:us-east:a/d2c50f33c43a44abb94280706332351d:deeabf25-a0d5-4c7b-9a89-18c5ff158017::,us-east,batch,2025-07-22T03:05:55.971Z,2025-07-22T03:15:16.427Z,ibm_fez,260,Grier Jones,,d2c50f33c43a44abb94280706332351d,,
ccfb479c-8758-42df-b6d3-85de30a7e49b,completed,crn:v1:bluemix:public:quantum-computing:us-east:a/d2c50f33c43a44abb94280706332351d:deeabf25-a0d5-4c7b-9a89-18c5ff158017::,us-east,batch,2025-07-22T03:05:55.926Z,2025-07-22T03:28:19.203Z,ibm_fez,196,Grier Jones,,d2c50f33c43a44abb94280706332351d,,
8fa1479b-fd2f-4842-83d4-5d2fb299e0b0,completed,crn:v1:bluemix:public:quantum-computing:us-east:a/d2c50f33c43a44abb94280706332351d:deeabf25-a0d5-4c7b-9a89-18c5ff158017::,us-east,batch,2025-07-22T03:05:55.916Z,2025-07-22T03:10:49.192Z,ibm_fez,258,Grier Jones,,d2c50f33c43a44abb94280706332351d,,
b027de85-9d78-4d7c-9107-4028d0c6db50,completed,crn:v1:bluemix:public:quantum-computing:us-east:a/d2c50f33c43a44abb94280706332351d:deeabf25-a0d5-4c7b-9a89-18c5ff158017::,us-east,batch,2025-07-22T03:05:55.915Z,2025-07-22T03:24:53.851Z,ibm_fez,264,Grier Jones,,d2c50f33c43a44abb94280706332351d,,
ef3f5d01-97d8-4493-9a9a-890f35b8baf8,completed,crn:v1:bluemix:public:quantum-computing:us-east:a/d2c50f33c43a44abb94280706332351d:deeabf25-a0d5-4c7b-9a89-18c5ff158017::,us-east,batch,2025-07-22T02:42:07.709Z,2025-07-22T03:01:28.814Z,ibm_fez,261,Grier Jones,,d2c50f33c43a44abb94280706332351d,,
0405a9a2-9923-4097-888a-dee25b550ba5,completed,crn:v1:bluemix:public:quantum-computing:us-east:a/d2c50f33c43a44abb94280706332351d:deeabf25-a0d5-4c7b-9a89-18c5ff158017::,us-east,batch,2025-07-22T02:42:07.687Z,2025-07-22T02:53:08.014Z,ibm_fez,264,Grier Jones,,d2c50f33c43a44abb94280706332351d,,
e5783413-5a58-49a7-b5a2-52ccf3d32792,completed,crn:v1:bluemix:public:quantum-computing:us-east:a/d2c50f33c43a44abb94280706332351d:deeabf25-a0d5-4c7b-9a89-18c5ff158017::,us-east,batch,2025-07-22T02:42:07.641Z,2025-07-22T02:57:00.040Z,ibm_fez,195,Grier Jones,,d2c50f33c43a44abb94280706332351d,,
b4e3840a-cfad-48e7-a003-615fbc6fbbf2,completed,crn:v1:bluemix:public:quantum-computing:us-east:a/d2c50f33c43a44abb94280706332351d:deeabf25-a0d5-4c7b-9a89-18c5ff158017::,us-east,batch,2025-07-22T02:42:07.604Z,2025-07-22T02:47:59.954Z,ibm_fez,267,Grier Jones,,d2c50f33c43a44abb94280706332351d,,
729e7d17-7536-40e5-ab49-b71dde2dfe03,completed,crn:v1:bluemix:public:quantum-computing:us-east:a/d2c50f33c43a44abb94280706332351d:deeabf25-a0d5-4c7b-9a89-18c5ff158017::,us-east,batch,2025-07-22T02:42:07.549Z,2025-07-22T03:05:55.039Z,ibm_fez,258,Grier Jones,,d2c50f33c43a44abb94280706332351d,,
97dd07bf-b799-45a1-8e22-ce0d3e464c16,completed,crn:v1:bluemix:public:quantum-computing:us-east:a/d2c50f33c43a44abb94280706332351d:deeabf25-a0d5-4c7b-9a89-18c5ff158017::,us-east,batch,2025-07-22T02:17:36.840Z,2025-07-22T02:42:06.626Z,ibm_fez,259,Grier Jones,,d2c50f33c43a44abb94280706332351d,,
096f233d-83fa-4882-8e07-6c5013c05dce,completed,crn:v1:bluemix:public:quantum-computing:us-east:a/d2c50f33c43a44abb94280706332351d:deeabf25-a0d5-4c7b-9a89-18c5ff158017::,us-east,batch,2025-07-22T02:17:36.743Z,2025-07-22T02:22:27.335Z,ibm_fez,263,Grier Jones,,d2c50f33c43a44abb94280706332351d,,
3f9be3e9-5946-48eb-8e96-514804b68ee0,completed,crn:v1:bluemix:public:quantum-computing:us-east:a/d2c50f33c43a44abb94280706332351d:deeabf25-a0d5-4c7b-9a89-18c5ff158017::,us-east,batch,2025-07-22T02:17:36.734Z,2025-07-22T02:34:17.220Z,ibm_fez,265,Grier Jones,,d2c50f33c43a44abb94280706332351d,,
b1a65863-2a89-49f5-bdfb-931d24f819ea,completed,crn:v1:bluemix:public:quantum-computing:us-east:a/d2c50f33c43a44abb94280706332351d:deeabf25-a0d5-4c7b-9a89-18c5ff158017::,us-east,batch,2025-07-22T02:17:36.731Z,2025-07-22T02:37:39.967Z,ibm_fez,195,Grier Jones,,d2c50f33c43a44abb94280706332351d,,
dddd35bb-0f86-4eb2-a7f2-8f812e805d21,completed,crn:v1:bluemix:public:quantum-computing:us-east:a/d2c50f33c43a44abb94280706332351d:deeabf25-a0d5-4c7b-9a89-18c5ff158017::,us-east,batch,2025-07-22T02:17:36.697Z,2025-07-22T02:28:17.382Z,ibm_fez,274,Grier Jones,,d2c50f33c43a44abb94280706332351d,,
a9f1e179-0542-4ab9-a2ea-b84e6ed49c6d,completed,crn:v1:bluemix:public:quantum-computing:us-east:a/d2c50f33c43a44abb94280706332351d:deeabf25-a0d5-4c7b-9a89-18c5ff158017::,us-east,batch,2025-07-22T01:50:03.643Z,2025-07-22T02:17:30.917Z,ibm_fez,199,Grier Jones,,d2c50f33c43a44abb94280706332351d,,
110bc512-3b39-4745-80eb-73e985af927c,completed,crn:v1:bluemix:public:quantum-computing:us-east:a/d2c50f33c43a44abb94280706332351d:deeabf25-a0d5-4c7b-9a89-18c5ff158017::,us-east,batch,2025-07-22T01:50:03.633Z,2025-07-22T02:04:15.662Z,ibm_fez,264,Grier Jones,,d2c50f33c43a44abb94280706332351d,,
d750bb03-f62b-4645-832f-d3a0a6de6fe1,completed,crn:v1:bluemix:public:quantum-computing:us-east:a/d2c50f33c43a44abb94280706332351d:deeabf25-a0d5-4c7b-9a89-18c5ff158017::,us-east,batch,2025-07-22T01:50:03.595Z,2025-07-22T02:13:24.594Z,ibm_fez,281,Grier Jones,,d2c50f33c43a44abb94280706332351d,,
3efec18f-ba09-40fc-be49-87e7e5954bbd,completed,crn:v1:bluemix:public:quantum-computing:us-east:a/d2c50f33c43a44abb94280706332351d:deeabf25-a0d5-4c7b-9a89-18c5ff158017::,us-east,batch,2025-07-22T01:50:03.591Z,2025-07-22T01:59:05.250Z,ibm_fez,260,Grier Jones,,d2c50f33c43a44abb94280706332351d,,
46c1b424-6cf9-4f4d-bf98-2e65afece3bf,completed,crn:v1:bluemix:public:quantum-computing:us-east:a/d2c50f33c43a44abb94280706332351d:deeabf25-a0d5-4c7b-9a89-18c5ff158017::,us-east,batch,2025-07-22T01:50:03.510Z,2025-07-22T01:54:37.677Z,ibm_fez,259,Grier Jones,,d2c50f33c43a44abb94280706332351d,,
5f138629-fc4e-43bb-bed6-84293886a1a1,completed,crn:v1:bluemix:public:quantum-computing:us-east:a/d2c50f33c43a44abb94280706332351d:deeabf25-a0d5-4c7b-9a89-18c5ff158017::,us-east,batch,2025-07-22T01:20:46.900Z,2025-07-22T01:49:56.253Z,ibm_fez,193,Grier Jones,,d2c50f33c43a44abb94280706332351d,,
61f5559b-d579-4aeb-bcc9-9631a7cb5b66,completed,crn:v1:bluemix:public:quantum-computing:us-east:a/d2c50f33c43a44abb94280706332351d:deeabf25-a0d5-4c7b-9a89-18c5ff158017::,us-east,batch,2025-07-22T01:20:46.897Z,2025-07-22T01:27:38.336Z,ibm_fez,260,Grier Jones,,d2c50f33c43a44abb94280706332351d,,
4b859552-a36d-4903-9559-dc401df9f3a2,completed,crn:v1:bluemix:public:quantum-computing:us-east:a/d2c50f33c43a44abb94280706332351d:deeabf25-a0d5-4c7b-9a89-18c5ff158017::,us-east,batch,2025-07-22T01:20:46.764Z,2025-07-22T01:37:33.074Z,ibm_fez,275,Grier Jones,,d2c50f33c43a44abb94280706332351d,,
14cfe904-7839-4b93-9e8c-134f32eca9a5,completed,crn:v1:bluemix:public:quantum-computing:us-east:a/d2c50f33c43a44abb94280706332351d:deeabf25-a0d5-4c7b-9a89-18c5ff158017::,us-east,batch,2025-07-22T01:20:46.764Z,2025-07-22T01:42:06.560Z,ibm_fez,260,Grier Jones,,d2c50f33c43a44abb94280706332351d,,
1b0cffb4-645c-4084-af71-ad83a3d6c853,completed,crn:v1:bluemix:public:quantum-computing:us-east:a/d2c50f33c43a44abb94280706332351d:deeabf25-a0d5-4c7b-9a89-18c5ff158017::,us-east,batch,2025-07-22T01:20:46.760Z,2025-07-22T01:46:33.892Z,ibm_fez,259,Grier Jones,,d2c50f33c43a44abb94280706332351d,,
ccfb4a00-721a-4331-a829-f0fc81d87f19,completed,crn:v1:bluemix:public:quantum-computing:us-east:a/d2c50f33c43a44abb94280706332351d:deeabf25-a0d5-4c7b-9a89-18c5ff158017::,us-east,batch,2025-07-22T00:57:39.623Z,2025-07-22T01:20:44.533Z,ibm_fez,263,Grier Jones,,d2c50f33c43a44abb94280706332351d,,
d6da163c-f8d8-4bb9-929a-eb12db8ae8d8,completed,crn:v1:bluemix:public:quantum-computing:us-east:a/d2c50f33c43a44abb94280706332351d:deeabf25-a0d5-4c7b-9a89-18c5ff158017::,us-east,batch,2025-07-22T00:57:39.620Z,2025-07-22T01:14:37.178Z,ibm_fez,260,Grier Jones,,d2c50f33c43a44abb94280706332351d,,
03b84ab9-6619-41ba-9c4d-1d7bafce2734,completed,crn:v1:bluemix:public:quantum-computing:us-east:a/d2c50f33c43a44abb94280706332351d:deeabf25-a0d5-4c7b-9a89-18c5ff158017::,us-east,batch,2025-07-22T00:57:39.588Z,2025-07-22T01:02:18.939Z,ibm_fez,263,Grier Jones,,d2c50f33c43a44abb94280706332351d,,
c4cb7785-6a2f-4463-8fb8-b283d85f8e5e,completed,crn:v1:bluemix:public:quantum-computing:us-east:a/d2c50f33c43a44abb94280706332351d:deeabf25-a0d5-4c7b-9a89-18c5ff158017::,us-east,batch,2025-07-22T00:57:39.586Z,2025-07-22T01:10:09.374Z,ibm_fez,260,Grier Jones,,d2c50f33c43a44abb94280706332351d,,
c91fb787-065b-4df9-aec1-604ec535a545,completed,crn:v1:bluemix:public:quantum-computing:us-east:a/d2c50f33c43a44abb94280706332351d:deeabf25-a0d5-4c7b-9a89-18c5ff158017::,us-east,batch,2025-07-22T00:57:39.585Z,2025-07-22T01:05:41.538Z,ibm_fez,195,Grier Jones,,d2c50f33c43a44abb94280706332351d,,
680fb81f-2e3c-4229-a976-159fb161e852,completed,crn:v1:bluemix:public:quantum-computing:us-east:a/d2c50f33c43a44abb94280706332351d:deeabf25-a0d5-4c7b-9a89-18c5ff158017::,us-east,batch,2025-07-22T00:02:35.150Z,2025-07-22T00:57:30.558Z,ibm_fez,195,Grier Jones,,d2c50f33c43a44abb94280706332351d,,
be3c9fa7-c313-4866-aabd-b76d72c0b413,completed,crn:v1:bluemix:public:quantum-computing:us-east:a/d2c50f33c43a44abb94280706332351d:deeabf25-a0d5-4c7b-9a89-18c5ff158017::,us-east,batch,2025-07-22T00:02:34.963Z,2025-07-22T00:54:06.700Z,ibm_fez,260,Grier Jones,,d2c50f33c43a44abb94280706332351d,,
686a3fd3-8467-40ad-81b2-336ef8760075,completed,crn:v1:bluemix:public:quantum-computing:us-east:a/d2c50f33c43a44abb94280706332351d:deeabf25-a0d5-4c7b-9a89-18c5ff158017::,us-east,batch,2025-07-22T00:02:34.953Z,2025-07-22T00:23:27.211Z,ibm_fez,276,Grier Jones,,d2c50f33c43a44abb94280706332351d,,
72e0372c-21b6-4f7e-9d9d-edb56c24b4cc,completed,crn:v1:bluemix:public:quantum-computing:us-east:a/d2c50f33c43a44abb94280706332351d:deeabf25-a0d5-4c7b-9a89-18c5ff158017::,us-east,batch,2025-07-22T00:02:34.896Z,2025-07-22T00:15:13.455Z,ibm_fez,272,Grier Jones,,d2c50f33c43a44abb94280706332351d,,
a02f326e-4071-464a-8248-b05ea5f0a363,completed,crn:v1:bluemix:public:quantum-computing:us-east:a/d2c50f33c43a44abb94280706332351d:deeabf25-a0d5-4c7b-9a89-18c5ff158017::,us-east,batch,2025-07-22T00:02:34.804Z,2025-07-22T00:07:10.592Z,ibm_fez,260,Grier Jones,,d2c50f33c43a44abb94280706332351d,,
02887c1a-454b-49ca-87c3-4219fc162a9a,completed,crn:v1:bluemix:public:quantum-computing:us-east:a/d2c50f33c43a44abb94280706332351d:deeabf25-a0d5-4c7b-9a89-18c5ff158017::,us-east,batch,2025-07-21T23:21:48.521Z,2025-07-22T00:02:32.758Z,ibm_fez,272,Grier Jones,,d2c50f33c43a44abb94280706332351d,,
64b26eab-c250-4e77-b646-3c44d42974dc,completed,crn:v1:bluemix:public:quantum-computing:us-east:a/d2c50f33c43a44abb94280706332351d:deeabf25-a0d5-4c7b-9a89-18c5ff158017::,us-east,batch,2025-07-21T23:21:48.521Z,2025-07-21T23:56:04.881Z,ibm_fez,268,Grier Jones,,d2c50f33c43a44abb94280706332351d,,
326f381a-f3d3-4a72-a6fd-f8df9aff8776,completed,crn:v1:bluemix:public:quantum-computing:us-east:a/d2c50f33c43a44abb94280706332351d:deeabf25-a0d5-4c7b-9a89-18c5ff158017::,us-east,batch,2025-07-21T23:21:48.511Z,2025-07-21T23:30:16.030Z,ibm_fez,209,Grier Jones,,d2c50f33c43a44abb94280706332351d,,
2c86f738-f51a-43fb-98ef-9723468f3dbc,completed,crn:v1:bluemix:public:quantum-computing:us-east:a/d2c50f33c43a44abb94280706332351d:deeabf25-a0d5-4c7b-9a89-18c5ff158017::,us-east,batch,2025-07-21T23:21:48.248Z,2025-07-21T23:42:07.589Z,ibm_fez,273,Grier Jones,,d2c50f33c43a44abb94280706332351d,,
746b297d-1626-481a-9c3b-c2f56e7833ea,completed,crn:v1:bluemix:public:quantum-computing:us-east:a/d2c50f33c43a44abb94280706332351d:deeabf25-a0d5-4c7b-9a89-18c5ff158017::,us-east,batch,2025-07-21T23:21:48.119Z,2025-07-21T23:50:30.450Z,ibm_fez,276,Grier Jones,,d2c50f33c43a44abb94280706332351d,,
3cfdf339-81b1-4aae-b3a5-226a9a02218c,completed,crn:v1:bluemix:public:quantum-computing:us-east:a/d2c50f33c43a44abb94280706332351d:deeabf25-a0d5-4c7b-9a89-18c5ff158017::,us-east,batch,2025-07-21T22:31:56.385Z,2025-07-21T22:57:43.582Z,ibm_fez,276,Grier Jones,,d2c50f33c43a44abb94280706332351d,,
16345199-7c06-4776-b9d9-f7be4c2eeeba,completed,crn:v1:bluemix:public:quantum-computing:us-east:a/d2c50f33c43a44abb94280706332351d:deeabf25-a0d5-4c7b-9a89-18c5ff158017::,us-east,batch,2025-07-21T22:31:56.385Z,2025-07-21T23:13:03.076Z,ibm_fez,201,Grier Jones,,d2c50f33c43a44abb94280706332351d,,
778e0472-d7f3-4115-9e1e-a9dba9ed1c26,completed,crn:v1:bluemix:public:quantum-computing:us-east:a/d2c50f33c43a44abb94280706332351d:deeabf25-a0d5-4c7b-9a89-18c5ff158017::,us-east,batch,2025-07-21T22:31:56.357Z,2025-07-21T22:50:11.443Z,ibm_fez,286,Grier Jones,,d2c50f33c43a44abb94280706332351d,,
adc1c880-a6e7-4613-b857-477f4609fd70,completed,crn:v1:bluemix:public:quantum-computing:us-east:a/d2c50f33c43a44abb94280706332351d:deeabf25-a0d5-4c7b-9a89-18c5ff158017::,us-east,batch,2025-07-21T22:31:56.354Z,2025-07-21T23:21:46.328Z,ibm_fez,264,Grier Jones,,d2c50f33c43a44abb94280706332351d,,
c028a7f6-37db-4569-ab30-861225d6561e,completed,crn:v1:bluemix:public:quantum-computing:us-east:a/d2c50f33c43a44abb94280706332351d:deeabf25-a0d5-4c7b-9a89-18c5ff158017::,us-east,batch,2025-07-21T22:31:56.345Z,2025-07-21T23:07:37.374Z,ibm_fez,268,Grier Jones,,d2c50f33c43a44abb94280706332351d,,
85af9df7-5916-41c7-b5f5-a2d95e75f38c,completed,crn:v1:bluemix:public:quantum-computing:us-east:a/d2c50f33c43a44abb94280706332351d:deeabf25-a0d5-4c7b-9a89-18c5ff158017::,us-east,batch,2025-07-21T21:36:19.942Z,2025-07-21T22:00:30.420Z,ibm_fez,260,Grier Jones,,d2c50f33c43a44abb94280706332351d,,
a4d19a42-bd69-4de5-8b2a-de79c6e291bb,completed,crn:v1:bluemix:public:quantum-computing:us-east:a/d2c50f33c43a44abb94280706332351d:deeabf25-a0d5-4c7b-9a89-18c5ff158017::,us-east,batch,2025-07-21T21:36:19.914Z,2025-07-21T21:50:48.516Z,ibm_fez,198,Grier Jones,,d2c50f33c43a44abb94280706332351d,,
968f5242-9377-4a15-9edb-8cae77e8146d,completed,crn:v1:bluemix:public:quantum-computing:us-east:a/d2c50f33c43a44abb94280706332351d:deeabf25-a0d5-4c7b-9a89-18c5ff158017::,us-east,batch,2025-07-21T21:36:19.904Z,2025-07-21T21:56:02.315Z,ibm_fez,264,Grier Jones,,d2c50f33c43a44abb94280706332351d,,
1ffaf9c3-159f-4734-aac9-c9d9eb133d0f,completed,crn:v1:bluemix:public:quantum-computing:us-east:a/d2c50f33c43a44abb94280706332351d:deeabf25-a0d5-4c7b-9a89-18c5ff158017::,us-east,batch,2025-07-21T21:36:19.836Z,2025-07-21T22:31:55.263Z,ibm_fez,274,Grier Jones,,d2c50f33c43a44abb94280706332351d,,
10e70c1a-c5c0-438f-a9a9-dd390e696752,completed,crn:v1:bluemix:public:quantum-computing:us-east:a/d2c50f33c43a44abb94280706332351d:deeabf25-a0d5-4c7b-9a89-18c5ff158017::,us-east,batch,2025-07-21T21:36:19.830Z,2025-07-21T21:40:54.783Z,ibm_fez,259,Grier Jones,,d2c50f33c43a44abb94280706332351d,,
88724b8c-9fb5-4d3c-9982-1bd29cc2c535,completed,crn:v1:bluemix:public:quantum-computing:us-east:a/d2c50f33c43a44abb94280706332351d:deeabf25-a0d5-4c7b-9a89-18c5ff158017::,us-east,batch,2025-07-21T21:13:39.757Z,2025-07-21T21:23:31.395Z,ibm_fez,264,Grier Jones,,d2c50f33c43a44abb94280706332351d,,
64a5938f-7b4c-4698-b053-db158c2ae58e,completed,crn:v1:bluemix:public:quantum-computing:us-east:a/d2c50f33c43a44abb94280706332351d:deeabf25-a0d5-4c7b-9a89-18c5ff158017::,us-east,batch,2025-07-21T21:13:39.757Z,2025-07-21T21:28:28.577Z,ibm_fez,265,Grier Jones,,d2c50f33c43a44abb94280706332351d,,
c5714f14-944a-4326-aea5-26d5b6df7f33,completed,crn:v1:bluemix:public:quantum-computing:us-east:a/d2c50f33c43a44abb94280706332351d:deeabf25-a0d5-4c7b-9a89-18c5ff158017::,us-east,batch,2025-07-21T21:13:39.652Z,2025-07-21T21:18:16.977Z,ibm_fez,260,Grier Jones,,d2c50f33c43a44abb94280706332351d,,
f64a54d6-699d-412d-b779-8d9a6bb066af,completed,crn:v1:bluemix:public:quantum-computing:us-east:a/d2c50f33c43a44abb94280706332351d:deeabf25-a0d5-4c7b-9a89-18c5ff158017::,us-east,batch,2025-07-21T21:13:39.621Z,2025-07-21T21:36:18.777Z,ibm_fez,259,Grier Jones,,d2c50f33c43a44abb94280706332351d,,
303b7f26-e2fa-4fd1-9cb2-5817d3e78ee5,completed,crn:v1:bluemix:public:quantum-computing:us-east:a/d2c50f33c43a44abb94280706332351d:deeabf25-a0d5-4c7b-9a89-18c5ff158017::,us-east,batch,2025-07-21T21:13:39.609Z,2025-07-21T21:31:51.945Z,ibm_fez,195,Grier Jones,,d2c50f33c43a44abb94280706332351d,,
fcf5821b-fdd5-4ed5-a417-b6916b306bec,completed,crn:v1:bluemix:public:quantum-computing:us-east:a/d2c50f33c43a44abb94280706332351d:deeabf25-a0d5-4c7b-9a89-18c5ff158017::,us-east,batch,2025-07-21T20:42:41.141Z,2025-07-21T21:13:36.881Z,ibm_fez,268,Grier Jones,,d2c50f33c43a44abb94280706332351d,,
aae90015-b0d4-4c5f-9802-91d9265a7d41,completed,crn:v1:bluemix:public:quantum-computing:us-east:a/d2c50f33c43a44abb94280706332351d:deeabf25-a0d5-4c7b-9a89-18c5ff158017::,us-east,batch,2025-07-21T20:42:41.074Z,2025-07-21T20:52:28.049Z,ibm_fez,205,Grier Jones,,d2c50f33c43a44abb94280706332351d,,
7ca4c577-d589-482b-b857-9e6a112b034e,completed,crn:v1:bluemix:public:quantum-computing:us-east:a/d2c50f33c43a44abb94280706332351d:deeabf25-a0d5-4c7b-9a89-18c5ff158017::,us-east,batch,2025-07-21T20:42:41.071Z,2025-07-21T21:03:48.052Z,ibm_fez,264,Grier Jones,,d2c50f33c43a44abb94280706332351d,,
d84a7a9d-c118-48d0-9f92-7d5edd076138,completed,crn:v1:bluemix:public:quantum-computing:us-east:a/d2c50f33c43a44abb94280706332351d:deeabf25-a0d5-4c7b-9a89-18c5ff158017::,us-east,batch,2025-07-21T20:42:41.038Z,2025-07-21T20:58:20.083Z,ibm_fez,271,Grier Jones,,d2c50f33c43a44abb94280706332351d,,
9ff98bd5-d398-4536-8190-4b9f584404d6,completed,crn:v1:bluemix:public:quantum-computing:us-east:a/d2c50f33c43a44abb94280706332351d:deeabf25-a0d5-4c7b-9a89-18c5ff158017::,us-east,batch,2025-07-21T20:42:41.006Z,2025-07-21T20:47:14.468Z,ibm_fez,257,Grier Jones,,d2c50f33c43a44abb94280706332351d,,
327b47ea-b906-4bda-a5d5-701af407f060,completed,crn:v1:bluemix:public:quantum-computing:us-east:a/d2c50f33c43a44abb94280706332351d:deeabf25-a0d5-4c7b-9a89-18c5ff158017::,us-east,batch,2025-07-21T20:14:49.790Z,2025-07-21T20:38:10.480Z,ibm_fez,259,Grier Jones,,d2c50f33c43a44abb94280706332351d,,
c87d69d9-5a4a-4b3a-b5b1-c563866eb654,completed,crn:v1:bluemix:public:quantum-computing:us-east:a/d2c50f33c43a44abb94280706332351d:deeabf25-a0d5-4c7b-9a89-18c5ff158017::,us-east,batch,2025-07-21T20:14:49.714Z,2025-07-21T20:33:44.253Z,ibm_fez,276,Grier Jones,,d2c50f33c43a44abb94280706332351d,,
4ef81265-a605-4ebc-b57a-15babe56b807,completed,crn:v1:bluemix:public:quantum-computing:us-east:a/d2c50f33c43a44abb94280706332351d:deeabf25-a0d5-4c7b-9a89-18c5ff158017::,us-east,batch,2025-07-21T20:14:49.704Z,2025-07-21T20:42:39.532Z,ibm_fez,261,Grier Jones,,d2c50f33c43a44abb94280706332351d,,
9733aef4-c6e4-4fbe-98f1-7f638fbe723d,completed,crn:v1:bluemix:public:quantum-computing:us-east:a/d2c50f33c43a44abb94280706332351d:deeabf25-a0d5-4c7b-9a89-18c5ff158017::,us-east,batch,2025-07-21T20:14:49.628Z,2025-07-21T20:27:51.258Z,ibm_fez,289,Grier Jones,,d2c50f33c43a44abb94280706332351d,,
54962ba5-9b3a-464b-afb0-fa693352e938,completed,crn:v1:bluemix:public:quantum-computing:us-east:a/d2c50f33c43a44abb94280706332351d:deeabf25-a0d5-4c7b-9a89-18c5ff158017::,us-east,batch,2025-07-21T20:14:49.612Z,2025-07-21T20:19:33.531Z,ibm_fez,217,Grier Jones,,d2c50f33c43a44abb94280706332351d,,
081b6e92-1503-45f8-9efd-d6dad8f2ba17,completed,crn:v1:bluemix:public:quantum-computing:us-east:a/d2c50f33c43a44abb94280706332351d:deeabf25-a0d5-4c7b-9a89-18c5ff158017::,us-east,batch,2025-07-21T19:43:04.771Z,2025-07-21T19:56:08.971Z,ibm_fez,290,Grier Jones,,d2c50f33c43a44abb94280706332351d,,
8b87ed16-bb85-41e2-9368-ce51dea9a840,completed,crn:v1:bluemix:public:quantum-computing:us-east:a/d2c50f33c43a44abb94280706332351d:deeabf25-a0d5-4c7b-9a89-18c5ff158017::,us-east,batch,2025-07-21T19:43:04.762Z,2025-07-21T20:02:32.160Z,ibm_fez,291,Grier Jones,,d2c50f33c43a44abb94280706332351d,,
54d8e966-3be8-49da-a673-383f2c07ad5d,completed,crn:v1:bluemix:public:quantum-computing:us-east:a/d2c50f33c43a44abb94280706332351d:deeabf25-a0d5-4c7b-9a89-18c5ff158017::,us-east,batch,2025-07-21T19:43:04.567Z,2025-07-21T20:14:42.518Z,ibm_fez,220,Grier Jones,,d2c50f33c43a44abb94280706332351d,,
18cd45aa-7292-4836-9a74-7f0fc5cd12e6,completed,crn:v1:bluemix:public:quantum-computing:us-east:a/d2c50f33c43a44abb94280706332351d:deeabf25-a0d5-4c7b-9a89-18c5ff158017::,us-east,batch,2025-07-21T19:43:04.489Z,2025-07-21T20:08:26.462Z,ibm_fez,289,Grier Jones,,d2c50f33c43a44abb94280706332351d,,
d8913106-3d4b-4d79-898f-301045ea66df,completed,crn:v1:bluemix:public:quantum-computing:us-east:a/d2c50f33c43a44abb94280706332351d:deeabf25-a0d5-4c7b-9a89-18c5ff158017::,us-east,batch,2025-07-21T19:43:04.485Z,2025-07-21T19:50:03.606Z,ibm_fez,293,Grier Jones,,d2c50f33c43a44abb94280706332351d,,
4e2d807d-73b3-42a2-b100-a4a66d39fced,completed,crn:v1:bluemix:public:quantum-computing:us-east:a/d2c50f33c43a44abb94280706332351d:deeabf25-a0d5-4c7b-9a89-18c5ff158017::,us-east,batch,2025-07-21T17:14:20.832Z,2025-07-21T19:43:01.044Z,ibm_fez,293,Grier Jones,,d2c50f33c43a44abb94280706332351d,,
f982ca4b-254d-4dc8-b71f-8858a4586908,completed,crn:v1:bluemix:public:quantum-computing:us-east:a/d2c50f33c43a44abb94280706332351d:deeabf25-a0d5-4c7b-9a89-18c5ff158017::,us-east,batch,2025-07-21T17:14:20.757Z,2025-07-21T19:15:26.916Z,ibm_fez,292,Grier Jones,,d2c50f33c43a44abb94280706332351d,,
fc235f0a-ee07-4e58-9a3b-c154f2f004fc,completed,crn:v1:bluemix:public:quantum-computing:us-east:a/d2c50f33c43a44abb94280706332351d:deeabf25-a0d5-4c7b-9a89-18c5ff158017::,us-east,batch,2025-07-21T17:14:20.752Z,2025-07-21T19:35:36.700Z,ibm_fez,291,Grier Jones,,d2c50f33c43a44abb94280706332351d,,
0b79aef0-8980-4cd1-9ee2-ca5bf9fb8e6c,completed,crn:v1:bluemix:public:quantum-computing:us-east:a/d2c50f33c43a44abb94280706332351d:deeabf25-a0d5-4c7b-9a89-18c5ff158017::,us-east,batch,2025-07-21T17:14:20.744Z,2025-07-21T19:26:07.184Z,ibm_fez,293,Grier Jones,,d2c50f33c43a44abb94280706332351d,,
a4e58b5b-0f15-4925-9d2f-a7c39f7b98f6,completed,crn:v1:bluemix:public:quantum-computing:us-east:a/d2c50f33c43a44abb94280706332351d:deeabf25-a0d5-4c7b-9a89-18c5ff158017::,us-east,batch,2025-07-21T17:14:19.790Z,2025-07-21T19:02:15.394Z,ibm_fez,213,Grier Jones,,d2c50f33c43a44abb94280706332351d,,
e2e8be48-9617-402e-9358-315d9a9bb313,completed,crn:v1:bluemix:public:quantum-computing:us-east:a/d2c50f33c43a44abb94280706332351d:deeabf25-a0d5-4c7b-9a89-18c5ff158017::,us-east,batch,2025-07-21T15:32:35.180Z,2025-07-21T15:40:17.278Z,ibm_fez,295,Grier Jones,,d2c50f33c43a44abb94280706332351d,,
0be92ec8-0317-43b6-ba22-7847c5bcb4fc,completed,crn:v1:bluemix:public:quantum-computing:us-east:a/d2c50f33c43a44abb94280706332351d:deeabf25-a0d5-4c7b-9a89-18c5ff158017::,us-east,batch,2025-07-21T15:32:35.176Z,2025-07-21T16:25:21.760Z,ibm_fez,292,Grier Jones,,d2c50f33c43a44abb94280706332351d,,
55e2b091-4276-40d9-9b78-1085b49c64ca,completed,crn:v1:bluemix:public:quantum-computing:us-east:a/d2c50f33c43a44abb94280706332351d:deeabf25-a0d5-4c7b-9a89-18c5ff158017::,us-east,batch,2025-07-21T15:32:35.163Z,2025-07-21T16:16:18.469Z,ibm_fez,207,Grier Jones,,d2c50f33c43a44abb94280706332351d,,
75b7b2c6-e56a-4851-bdde-e5bda3d2f74f,completed,crn:v1:bluemix:public:quantum-computing:us-east:a/d2c50f33c43a44abb94280706332351d:deeabf25-a0d5-4c7b-9a89-18c5ff158017::,us-east,batch,2025-07-21T15:32:34.951Z,2025-07-21T15:57:53.106Z,ibm_fez,291,Grier Jones,,d2c50f33c43a44abb94280706332351d,,
aa07bfb3-8890-4f68-94f9-dfe847cf5d6d,completed,crn:v1:bluemix:public:quantum-computing:us-east:a/d2c50f33c43a44abb94280706332351d:deeabf25-a0d5-4c7b-9a89-18c5ff158017::,us-east,batch,2025-07-21T15:32:34.948Z,2025-07-21T17:14:14.935Z,ibm_fez,287,Grier Jones,,d2c50f33c43a44abb94280706332351d,,
dc8012b1-c219-4e36-af71-d3efcdd882d8,completed,crn:v1:bluemix:public:quantum-computing:us-east:a/d2c50f33c43a44abb94280706332351d:deeabf25-a0d5-4c7b-9a89-18c5ff158017::,us-east,batch,2025-07-21T14:57:54.141Z,2025-07-21T15:02:55.020Z,ibm_fez,214,Grier Jones,,d2c50f33c43a44abb94280706332351d,,
f1c10e27-327c-43d8-90a9-7a04f88bddd8,completed,crn:v1:bluemix:public:quantum-computing:us-east:a/d2c50f33c43a44abb94280706332351d:deeabf25-a0d5-4c7b-9a89-18c5ff158017::,us-east,batch,2025-07-21T14:57:54.032Z,2025-07-21T15:32:30.072Z,ibm_fez,288,Grier Jones,,d2c50f33c43a44abb94280706332351d,,
6009cb43-cc49-499c-ba78-360d8a09ab37,completed,crn:v1:bluemix:public:quantum-computing:us-east:a/d2c50f33c43a44abb94280706332351d:deeabf25-a0d5-4c7b-9a89-18c5ff158017::,us-east,batch,2025-07-21T14:57:54.030Z,2025-07-21T15:09:35.128Z,ibm_fez,291,Grier Jones,,d2c50f33c43a44abb94280706332351d,,
5c7f7abf-58fe-4fce-b576-0a4a35b348c0,completed,crn:v1:bluemix:public:quantum-computing:us-east:a/d2c50f33c43a44abb94280706332351d:deeabf25-a0d5-4c7b-9a89-18c5ff158017::,us-east,batch,2025-07-21T14:57:54.027Z,2025-07-21T15:18:50.052Z,ibm_fez,296,Grier Jones,,d2c50f33c43a44abb94280706332351d,,
9eb9f2a5-66a5-48d5-a08f-bee2511e53d0,completed,crn:v1:bluemix:public:quantum-computing:us-east:a/d2c50f33c43a44abb94280706332351d:deeabf25-a0d5-4c7b-9a89-18c5ff158017::,us-east,batch,2025-07-21T14:57:54.027Z,2025-07-21T15:24:51.981Z,ibm_fez,285,Grier Jones,,d2c50f33c43a44abb94280706332351d,,
da61f143-ec13-466a-b4c7-30f8299ee391,completed,crn:v1:bluemix:public:quantum-computing:us-east:a/d2c50f33c43a44abb94280706332351d:deeabf25-a0d5-4c7b-9a89-18c5ff158017::,us-east,batch,2025-07-21T12:19:45.313Z,2025-07-21T12:28:58.461Z,ibm_fez,257,Grier Jones,,d2c50f33c43a44abb94280706332351d,,
a56569b3-decc-4f4b-aed8-fe31c729b5f5,completed,crn:v1:bluemix:public:quantum-computing:us-east:a/d2c50f33c43a44abb94280706332351d:deeabf25-a0d5-4c7b-9a89-18c5ff158017::,us-east,batch,2025-07-21T12:19:45.267Z,2025-07-21T12:23:23.207Z,ibm_fez,192,Grier Jones,,d2c50f33c43a44abb94280706332351d,,
a477b855-4916-4153-ad51-505e2df70952,completed,crn:v1:bluemix:public:quantum-computing:us-east:a/d2c50f33c43a44abb94280706332351d:deeabf25-a0d5-4c7b-9a89-18c5ff158017::,us-east,batch,2025-07-21T12:19:45.051Z,2025-07-21T14:57:51.956Z,ibm_fez,292,Grier Jones,,d2c50f33c43a44abb94280706332351d,,
e26a9c06-e26c-4628-b389-6a4b18c2cb50,completed,crn:v1:bluemix:public:quantum-computing:us-east:a/d2c50f33c43a44abb94280706332351d:deeabf25-a0d5-4c7b-9a89-18c5ff158017::,us-east,batch,2025-07-21T12:19:45.047Z,2025-07-21T14:50:34.923Z,ibm_fez,296,Grier Jones,,d2c50f33c43a44abb94280706332351d,,
1916ad6d-2038-4992-878b-663d04c85dc3,completed,crn:v1:bluemix:public:quantum-computing:us-east:a/d2c50f33c43a44abb94280706332351d:deeabf25-a0d5-4c7b-9a89-18c5ff158017::,us-east,batch,2025-07-21T12:19:45.029Z,2025-07-21T13:57:13.020Z,ibm_fez,290,Grier Jones,,d2c50f33c43a44abb94280706332351d,,
bd3f81de-f3b2-474a-9073-b1c527c6685c,completed,crn:v1:bluemix:public:quantum-computing:us-east:a/d2c50f33c43a44abb94280706332351d:deeabf25-a0d5-4c7b-9a89-18c5ff158017::,us-east,batch,2025-07-21T11:56:59.273Z,2025-07-21T12:19:44.063Z,ibm_fez,256,Grier Jones,,d2c50f33c43a44abb94280706332351d,,
d9151915-1a3d-4082-a6b1-13f4f7df5092,completed,crn:v1:bluemix:public:quantum-computing:us-east:a/d2c50f33c43a44abb94280706332351d:deeabf25-a0d5-4c7b-9a89-18c5ff158017::,us-east,batch,2025-07-21T11:56:59.267Z,2025-07-21T12:15:18.217Z,ibm_fez,193,Grier Jones,,d2c50f33c43a44abb94280706332351d,,
abed679a-be5a-46d4-8069-8c62b13c3581,completed,crn:v1:bluemix:public:quantum-computing:us-east:a/d2c50f33c43a44abb94280706332351d:deeabf25-a0d5-4c7b-9a89-18c5ff158017::,us-east,batch,2025-07-21T11:56:59.264Z,2025-07-21T12:11:56.547Z,ibm_fez,258,Grier Jones,,d2c50f33c43a44abb94280706332351d,,
1c9a992c-0707-41ed-bff0-fb5ae47e514a,completed,crn:v1:bluemix:public:quantum-computing:us-east:a/d2c50f33c43a44abb94280706332351d:deeabf25-a0d5-4c7b-9a89-18c5ff158017::,us-east,batch,2025-07-21T11:56:58.231Z,2025-07-21T12:03:03.092Z,ibm_fez,259,Grier Jones,,d2c50f33c43a44abb94280706332351d,,
746106e9-46f6-4c91-9dc6-77217cf371be,completed,crn:v1:bluemix:public:quantum-computing:us-east:a/d2c50f33c43a44abb94280706332351d:deeabf25-a0d5-4c7b-9a89-18c5ff158017::,us-east,batch,2025-07-21T11:56:58.036Z,2025-07-21T12:07:29.337Z,ibm_fez,258,Grier Jones,,d2c50f33c43a44abb94280706332351d,,
110ac964-8e78-4942-8982-10e4a607c258,completed,crn:v1:bluemix:public:quantum-computing:us-east:a/d2c50f33c43a44abb94280706332351d:deeabf25-a0d5-4c7b-9a89-18c5ff158017::,us-east,batch,2025-07-21T11:29:58.012Z,2025-07-21T11:56:57.203Z,ibm_fez,263,Grier Jones,,d2c50f33c43a44abb94280706332351d,,
f41be305-9fdc-4dbe-9092-84cf701c770d,completed,crn:v1:bluemix:public:quantum-computing:us-east:a/d2c50f33c43a44abb94280706332351d:deeabf25-a0d5-4c7b-9a89-18c5ff158017::,us-east,batch,2025-07-21T11:29:57.991Z,2025-07-21T11:36:44.450Z,ibm_fez,273,Grier Jones,,d2c50f33c43a44abb94280706332351d,,
acb7b4f3-835d-4264-83ff-06566bb57422,completed,crn:v1:bluemix:public:quantum-computing:us-east:a/d2c50f33c43a44abb94280706332351d:deeabf25-a0d5-4c7b-9a89-18c5ff158017::,us-east,batch,2025-07-21T11:29:57.860Z,2025-07-21T11:52:27.520Z,ibm_fez,259,Grier Jones,,d2c50f33c43a44abb94280706332351d,,
3c7c9b2b-c346-4d6f-a94e-2521a8d7d2c7,completed,crn:v1:bluemix:public:quantum-computing:us-east:a/d2c50f33c43a44abb94280706332351d:deeabf25-a0d5-4c7b-9a89-18c5ff158017::,us-east,batch,2025-07-21T11:29:57.860Z,2025-07-21T11:46:38.632Z,ibm_fez,264,Grier Jones,,d2c50f33c43a44abb94280706332351d,,
d57ddd5a-8bba-4639-92ef-dab3242c0f45,completed,crn:v1:bluemix:public:quantum-computing:us-east:a/d2c50f33c43a44abb94280706332351d:deeabf25-a0d5-4c7b-9a89-18c5ff158017::,us-east,batch,2025-07-21T11:29:57.857Z,2025-07-21T11:40:56.340Z,ibm_fez,200,Grier Jones,,d2c50f33c43a44abb94280706332351d,,
21d6f9ca-d97e-4190-9693-6bdc2f5840e1,completed,crn:v1:bluemix:public:quantum-computing:us-east:a/d2c50f33c43a44abb94280706332351d:deeabf25-a0d5-4c7b-9a89-18c5ff158017::,us-east,batch,2025-07-21T10:42:07.597Z,2025-07-21T11:11:49.984Z,ibm_fez,270,Grier Jones,,d2c50f33c43a44abb94280706332351d,,
c4731230-7642-40fc-86e6-62c4f98d2899,completed,crn:v1:bluemix:public:quantum-computing:us-east:a/d2c50f33c43a44abb94280706332351d:deeabf25-a0d5-4c7b-9a89-18c5ff158017::,us-east,batch,2025-07-21T10:42:07.545Z,2025-07-21T11:22:45.010Z,ibm_fez,199,Grier Jones,,d2c50f33c43a44abb94280706332351d,,
c6dd4fff-12dd-442f-8e6f-9248b239afe6,completed,crn:v1:bluemix:public:quantum-computing:us-east:a/d2c50f33c43a44abb94280706332351d:deeabf25-a0d5-4c7b-9a89-18c5ff158017::,us-east,batch,2025-07-21T10:42:07.518Z,2025-07-21T11:29:56.786Z,ibm_fez,272,Grier Jones,,d2c50f33c43a44abb94280706332351d,,
5ea08ab9-b1b2-48cd-afbd-5d0155481bf8,completed,crn:v1:bluemix:public:quantum-computing:us-east:a/d2c50f33c43a44abb94280706332351d:deeabf25-a0d5-4c7b-9a89-18c5ff158017::,us-east,batch,2025-07-21T10:42:07.516Z,2025-07-21T11:18:47.300Z,ibm_fez,276,Grier Jones,,d2c50f33c43a44abb94280706332351d,,
fcd68d19-aa20-4db0-9d14-41c69fda3137,completed,crn:v1:bluemix:public:quantum-computing:us-east:a/d2c50f33c43a44abb94280706332351d:deeabf25-a0d5-4c7b-9a89-18c5ff158017::,us-east,batch,2025-07-21T10:42:07.488Z,2025-07-21T11:05:10.034Z,ibm_fez,273,Grier Jones,,d2c50f33c43a44abb94280706332351d,,
26048383-241e-4319-af13-72efe17721df,completed,crn:v1:bluemix:public:quantum-computing:us-east:a/d2c50f33c43a44abb94280706332351d:deeabf25-a0d5-4c7b-9a89-18c5ff158017::,us-east,batch,2025-07-21T09:56:47.548Z,2025-07-21T10:01:21.863Z,ibm_fez,257,Grier Jones,,d2c50f33c43a44abb94280706332351d,,
95d2a765-f420-4418-acf4-e8a0af5eebbb,completed,crn:v1:bluemix:public:quantum-computing:us-east:a/d2c50f33c43a44abb94280706332351d:deeabf25-a0d5-4c7b-9a89-18c5ff158017::,us-east,batch,2025-07-21T09:56:47.547Z,2025-07-21T10:11:56.185Z,ibm_fez,268,Grier Jones,,d2c50f33c43a44abb94280706332351d,,
0d0facca-11b0-4ce4-bb77-dce48ea0b3af,completed,crn:v1:bluemix:public:quantum-computing:us-east:a/d2c50f33c43a44abb94280706332351d:deeabf25-a0d5-4c7b-9a89-18c5ff158017::,us-east,batch,2025-07-21T09:56:47.515Z,2025-07-21T10:19:01.754Z,ibm_fez,211,Grier Jones,,d2c50f33c43a44abb94280706332351d,,
e8c4d6de-3f64-475f-91b4-4603fd4d6791,completed,crn:v1:bluemix:public:quantum-computing:us-east:a/d2c50f33c43a44abb94280706332351d:deeabf25-a0d5-4c7b-9a89-18c5ff158017::,us-east,batch,2025-07-21T09:56:47.319Z,2025-07-21T10:06:15.496Z,ibm_fez,258,Grier Jones,,d2c50f33c43a44abb94280706332351d,,
5b492708-8a3e-482a-8b1b-6b421ddfc0a3,completed,crn:v1:bluemix:public:quantum-computing:us-east:a/d2c50f33c43a44abb94280706332351d:deeabf25-a0d5-4c7b-9a89-18c5ff158017::,us-east,batch,2025-07-21T09:56:47.318Z,2025-07-21T10:42:05.432Z,ibm_fez,269,Grier Jones,,d2c50f33c43a44abb94280706332351d,,
f844e4fc-9308-4b32-b8ce-0bbb8287c541,completed,crn:v1:bluemix:public:quantum-computing:us-east:a/d2c50f33c43a44abb94280706332351d:deeabf25-a0d5-4c7b-9a89-18c5ff158017::,us-east,batch,2025-07-21T09:31:25.699Z,2025-07-21T09:50:46.139Z,ibm_fez,259,Grier Jones,,d2c50f33c43a44abb94280706332351d,,
2e9a6b9b-6d5b-431e-96ff-b5ef194b65bc,completed,crn:v1:bluemix:public:quantum-computing:us-east:a/d2c50f33c43a44abb94280706332351d:deeabf25-a0d5-4c7b-9a89-18c5ff158017::,us-east,batch,2025-07-21T09:31:25.684Z,2025-07-21T09:36:03.075Z,ibm_fez,261,Grier Jones,,d2c50f33c43a44abb94280706332351d,,
4ec556b8-cf58-4b8a-863f-e01de620a720,completed,crn:v1:bluemix:public:quantum-computing:us-east:a/d2c50f33c43a44abb94280706332351d:deeabf25-a0d5-4c7b-9a89-18c5ff158017::,us-east,batch,2025-07-21T09:31:25.676Z,2025-07-21T09:41:24.754Z,ibm_fez,195,Grier Jones,,d2c50f33c43a44abb94280706332351d,,
a3061b85-b776-4694-8160-da7ed49e664a,completed,crn:v1:bluemix:public:quantum-computing:us-east:a/d2c50f33c43a44abb94280706332351d:deeabf25-a0d5-4c7b-9a89-18c5ff158017::,us-east,batch,2025-07-21T09:31:25.676Z,2025-07-21T09:56:45.326Z,ibm_fez,258,Grier Jones,,d2c50f33c43a44abb94280706332351d,,
f0f94b50-c756-4073-b852-f41867c996d8,completed,crn:v1:bluemix:public:quantum-computing:us-east:a/d2c50f33c43a44abb94280706332351d:deeabf25-a0d5-4c7b-9a89-18c5ff158017::,us-east,batch,2025-07-21T09:31:25.659Z,2025-07-21T09:45:51.089Z,ibm_fez,259,Grier Jones,,d2c50f33c43a44abb94280706332351d,,
e5d58ee3-0d56-49fc-a54d-43787c02dd34,completed,crn:v1:bluemix:public:quantum-computing:us-east:a/d2c50f33c43a44abb94280706332351d:deeabf25-a0d5-4c7b-9a89-18c5ff158017::,us-east,batch,2025-07-21T09:07:18.825Z,2025-07-21T09:18:00.862Z,ibm_fez,201,Grier Jones,,d2c50f33c43a44abb94280706332351d,,
7b86399c-154f-4e0d-a5a0-dc9b4daad2f8,completed,crn:v1:bluemix:public:quantum-computing:us-east:a/d2c50f33c43a44abb94280706332351d:deeabf25-a0d5-4c7b-9a89-18c5ff158017::,us-east,batch,2025-07-21T09:07:18.765Z,2025-07-21T09:31:24.753Z,ibm_fez,260,Grier Jones,,d2c50f33c43a44abb94280706332351d,,
c4b3a4df-8499-496c-b77c-db42477cbb8c,completed,crn:v1:bluemix:public:quantum-computing:us-east:a/d2c50f33c43a44abb94280706332351d:deeabf25-a0d5-4c7b-9a89-18c5ff158017::,us-east,batch,2025-07-21T09:07:18.638Z,2025-07-21T09:26:57.330Z,ibm_fez,261,Grier Jones,,d2c50f33c43a44abb94280706332351d,,
ba52fa78-fc08-46dc-8c01-b22a354bb69b,completed,crn:v1:bluemix:public:quantum-computing:us-east:a/d2c50f33c43a44abb94280706332351d:deeabf25-a0d5-4c7b-9a89-18c5ff158017::,us-east,batch,2025-07-21T09:07:18.608Z,2025-07-21T09:11:54.037Z,ibm_fez,263,Grier Jones,,d2c50f33c43a44abb94280706332351d,,
240eafb3-44e7-46b0-a1f5-f0731cc48d38,completed,crn:v1:bluemix:public:quantum-computing:us-east:a/d2c50f33c43a44abb94280706332351d:deeabf25-a0d5-4c7b-9a89-18c5ff158017::,us-east,batch,2025-07-21T09:07:18.604Z,2025-07-21T09:22:28.762Z,ibm_fez,260,Grier Jones,,d2c50f33c43a44abb94280706332351d,,
896b87f4-4242-4197-9050-d7c2d133d30e,completed,crn:v1:bluemix:public:quantum-computing:us-east:a/d2c50f33c43a44abb94280706332351d:deeabf25-a0d5-4c7b-9a89-18c5ff158017::,us-east,batch,2025-07-21T08:32:50.264Z,2025-07-21T09:02:31.150Z,ibm_fez,264,Grier Jones,,d2c50f33c43a44abb94280706332351d,,
2e74c834-46c0-4c85-84bf-09d50790d3ed,completed,crn:v1:bluemix:public:quantum-computing:us-east:a/d2c50f33c43a44abb94280706332351d:deeabf25-a0d5-4c7b-9a89-18c5ff158017::,us-east,batch,2025-07-21T08:32:50.142Z,2025-07-21T08:57:20.227Z,ibm_fez,270,Grier Jones,,d2c50f33c43a44abb94280706332351d,,
cd1717e3-81a0-4288-bbdf-5243068b983a,completed,crn:v1:bluemix:public:quantum-computing:us-east:a/d2c50f33c43a44abb94280706332351d:deeabf25-a0d5-4c7b-9a89-18c5ff158017::,us-east,batch,2025-07-21T08:32:50.074Z,2025-07-21T08:46:17.241Z,ibm_fez,265,Grier Jones,,d2c50f33c43a44abb94280706332351d,,
f32e1571-a9d5-4517-a461-8c561c6accbe,completed,crn:v1:bluemix:public:quantum-computing:us-east:a/d2c50f33c43a44abb94280706332351d:deeabf25-a0d5-4c7b-9a89-18c5ff158017::,us-east,batch,2025-07-21T08:32:50.072Z,2025-07-21T09:07:13.017Z,ibm_fez,195,Grier Jones,,d2c50f33c43a44abb94280706332351d,,
0fb37c40-fa10-432b-92ef-4303725b46eb,completed,crn:v1:bluemix:public:quantum-computing:us-east:a/d2c50f33c43a44abb94280706332351d:deeabf25-a0d5-4c7b-9a89-18c5ff158017::,us-east,batch,2025-07-21T08:32:50.072Z,2025-07-21T08:50:44.523Z,ibm_fez,260,Grier Jones,,d2c50f33c43a44abb94280706332351d,,
bc68397f-0d53-400c-bee6-2fe14b7e618e,completed,crn:v1:bluemix:public:quantum-computing:us-east:a/d2c50f33c43a44abb94280706332351d:deeabf25-a0d5-4c7b-9a89-18c5ff158017::,us-east,batch,2025-07-21T08:08:36.745Z,2025-07-21T08:13:12.390Z,ibm_fez,258,Grier Jones,,d2c50f33c43a44abb94280706332351d,,
3794d949-5ec0-472b-a1ba-7ce8f987169e,completed,crn:v1:bluemix:public:quantum-computing:us-east:a/d2c50f33c43a44abb94280706332351d:deeabf25-a0d5-4c7b-9a89-18c5ff158017::,us-east,batch,2025-07-21T08:08:36.734Z,2025-07-21T08:25:30.889Z,ibm_fez,195,Grier Jones,,d2c50f33c43a44abb94280706332351d,,
1f4d308d-fd4a-4cf2-9987-3daa9cb17485,completed,crn:v1:bluemix:public:quantum-computing:us-east:a/d2c50f33c43a44abb94280706332351d:deeabf25-a0d5-4c7b-9a89-18c5ff158017::,us-east,batch,2025-07-21T08:08:36.677Z,2025-07-21T08:17:39.399Z,ibm_fez,260,Grier Jones,,d2c50f33c43a44abb94280706332351d,,
7fa240c6-ef65-4662-b54a-edfa306a3745,completed,crn:v1:bluemix:public:quantum-computing:us-east:a/d2c50f33c43a44abb94280706332351d:deeabf25-a0d5-4c7b-9a89-18c5ff158017::,us-east,batch,2025-07-21T08:08:36.676Z,2025-07-21T08:32:49.179Z,ibm_fez,267,Grier Jones,,d2c50f33c43a44abb94280706332351d,,
f570f483-ea78-4e1c-adef-4f992b76a024,completed,crn:v1:bluemix:public:quantum-computing:us-east:a/d2c50f33c43a44abb94280706332351d:deeabf25-a0d5-4c7b-9a89-18c5ff158017::,us-east,batch,2025-07-21T08:08:36.671Z,2025-07-21T08:22:08.144Z,ibm_fez,260,Grier Jones,,d2c50f33c43a44abb94280706332351d,,
5e2883f0-205e-4d45-86ae-a9508bfd4e73,completed,crn:v1:bluemix:public:quantum-computing:us-east:a/d2c50f33c43a44abb94280706332351d:deeabf25-a0d5-4c7b-9a89-18c5ff158017::,us-east,batch,2025-07-21T07:45:49.899Z,2025-07-21T07:53:48.829Z,ibm_fez,195,Grier Jones,,d2c50f33c43a44abb94280706332351d,,
daad4ce6-0a57-4d10-95ce-e586219fed15,completed,crn:v1:bluemix:public:quantum-computing:us-east:a/d2c50f33c43a44abb94280706332351d:deeabf25-a0d5-4c7b-9a89-18c5ff158017::,us-east,batch,2025-07-21T07:45:49.896Z,2025-07-21T08:08:32.965Z,ibm_fez,260,Grier Jones,,d2c50f33c43a44abb94280706332351d,,
783c917a-fb94-408f-ba9a-0d534d799d19,completed,crn:v1:bluemix:public:quantum-computing:us-east:a/d2c50f33c43a44abb94280706332351d:deeabf25-a0d5-4c7b-9a89-18c5ff158017::,us-east,batch,2025-07-21T07:45:49.786Z,2025-07-21T08:04:06.447Z,ibm_fez,260,Grier Jones,,d2c50f33c43a44abb94280706332351d,,
57bdbc20-8959-42ab-9f85-b3dee093a5e5,completed,crn:v1:bluemix:public:quantum-computing:us-east:a/d2c50f33c43a44abb94280706332351d:deeabf25-a0d5-4c7b-9a89-18c5ff158017::,us-east,batch,2025-07-21T07:45:49.770Z,2025-07-21T07:50:26.013Z,ibm_fez,263,Grier Jones,,d2c50f33c43a44abb94280706332351d,,
69039b34-8232-4f1b-94c0-13ed82ff0783,completed,crn:v1:bluemix:public:quantum-computing:us-east:a/d2c50f33c43a44abb94280706332351d:deeabf25-a0d5-4c7b-9a89-18c5ff158017::,us-east,batch,2025-07-21T07:45:49.768Z,2025-07-21T07:58:22.267Z,ibm_fez,266,Grier Jones,,d2c50f33c43a44abb94280706332351d,,
494275cc-e802-4b08-ae6d-c875b1860238,completed,crn:v1:bluemix:public:quantum-computing:us-east:a/d2c50f33c43a44abb94280706332351d:deeabf25-a0d5-4c7b-9a89-18c5ff158017::,us-east,batch,2025-07-21T07:22:22.179Z,2025-07-21T07:26:59.254Z,ibm_fez,258,Grier Jones,,d2c50f33c43a44abb94280706332351d,,
abb7a047-6ed0-4e46-83d6-779c66cf4609,completed,crn:v1:bluemix:public:quantum-computing:us-east:a/d2c50f33c43a44abb94280706332351d:deeabf25-a0d5-4c7b-9a89-18c5ff158017::,us-east,batch,2025-07-21T07:22:22.175Z,2025-07-21T07:45:45.129Z,ibm_fez,260,Grier Jones,,d2c50f33c43a44abb94280706332351d,,
076ed113-3c09-48ad-a766-a5b4c2c25176,completed,crn:v1:bluemix:public:quantum-computing:us-east:a/d2c50f33c43a44abb94280706332351d:deeabf25-a0d5-4c7b-9a89-18c5ff158017::,us-east,batch,2025-07-21T07:22:22.086Z,2025-07-21T07:41:17.735Z,ibm_fez,199,Grier Jones,,d2c50f33c43a44abb94280706332351d,,
d8818ad0-7291-4df6-b879-4719729d0dcc,completed,crn:v1:bluemix:public:quantum-computing:us-east:a/d2c50f33c43a44abb94280706332351d:deeabf25-a0d5-4c7b-9a89-18c5ff158017::,us-east,batch,2025-07-21T07:22:22.082Z,2025-07-21T07:37:07.802Z,ibm_fez,268,Grier Jones,,d2c50f33c43a44abb94280706332351d,,
d61bd596-073f-4cb5-8945-6d0c6367dbb5,completed,crn:v1:bluemix:public:quantum-computing:us-east:a/d2c50f33c43a44abb94280706332351d:deeabf25-a0d5-4c7b-9a89-18c5ff158017::,us-east,batch,2025-07-21T07:22:22.082Z,2025-07-21T07:31:25.883Z,ibm_fez,259,Grier Jones,,d2c50f33c43a44abb94280706332351d,,
7345c5ac-24fb-4f32-abac-92a018789b43,completed,crn:v1:bluemix:public:quantum-computing:us-east:a/d2c50f33c43a44abb94280706332351d:deeabf25-a0d5-4c7b-9a89-18c5ff158017::,us-east,batch,2025-07-21T07:00:59.725Z,2025-07-21T07:05:34.010Z,ibm_fez,260,Grier Jones,,d2c50f33c43a44abb94280706332351d,,
08f8d2a3-f476-4ae3-a0b9-31ae0ad7e8c0,completed,crn:v1:bluemix:public:quantum-computing:us-east:a/d2c50f33c43a44abb94280706332351d:deeabf25-a0d5-4c7b-9a89-18c5ff158017::,us-east,batch,2025-07-21T07:00:59.716Z,2025-07-21T07:10:02.322Z,ibm_fez,261,Grier Jones,,d2c50f33c43a44abb94280706332351d,,
2cc3229f-2418-4928-ab6b-d2c1f7c898fe,completed,crn:v1:bluemix:public:quantum-computing:us-east:a/d2c50f33c43a44abb94280706332351d:deeabf25-a0d5-4c7b-9a89-18c5ff158017::,us-east,batch,2025-07-21T07:00:59.564Z,2025-07-21T07:17:53.925Z,ibm_fez,195,Grier Jones,,d2c50f33c43a44abb94280706332351d,,
ff2bb4ec-57c5-4c91-9795-eba3e566c4a9,completed,crn:v1:bluemix:public:quantum-computing:us-east:a/d2c50f33c43a44abb94280706332351d:deeabf25-a0d5-4c7b-9a89-18c5ff158017::,us-east,batch,2025-07-21T07:00:59.507Z,2025-07-21T07:14:30.109Z,ibm_fez,260,Grier Jones,,d2c50f33c43a44abb94280706332351d,,
cd451c46-e7da-41d6-9a0a-c983d3492987,completed,crn:v1:bluemix:public:quantum-computing:us-east:a/d2c50f33c43a44abb94280706332351d:deeabf25-a0d5-4c7b-9a89-18c5ff158017::,us-east,batch,2025-07-21T07:00:59.466Z,2025-07-21T07:22:21.267Z,ibm_fez,260,Grier Jones,,d2c50f33c43a44abb94280706332351d,,
434cb331-11dc-40de-9f38-02a8726c599b,completed,crn:v1:bluemix:public:quantum-computing:us-east:a/d2c50f33c43a44abb94280706332351d:deeabf25-a0d5-4c7b-9a89-18c5ff158017::,us-east,batch,2025-07-21T06:27:14.561Z,2025-07-21T06:56:24.691Z,ibm_fez,260,Grier Jones,,d2c50f33c43a44abb94280706332351d,,
3a1b7ad9-7cfd-40b4-a6ec-ae7a809acd4b,completed,crn:v1:bluemix:public:quantum-computing:us-east:a/d2c50f33c43a44abb94280706332351d:deeabf25-a0d5-4c7b-9a89-18c5ff158017::,us-east,batch,2025-07-21T06:27:14.554Z,2025-07-21T06:48:23.339Z,ibm_fez,270,Grier Jones,,d2c50f33c43a44abb94280706332351d,,
1096e186-b1b8-430b-8eca-542ec2d35da4,completed,crn:v1:bluemix:public:quantum-computing:us-east:a/d2c50f33c43a44abb94280706332351d:deeabf25-a0d5-4c7b-9a89-18c5ff158017::,us-east,batch,2025-07-21T06:27:14.553Z,2025-07-21T07:00:56.329Z,ibm_fez,260,Grier Jones,,d2c50f33c43a44abb94280706332351d,,
789d4d13-4f52-4225-9f96-0e3ea126c4b1,completed,crn:v1:bluemix:public:quantum-computing:us-east:a/d2c50f33c43a44abb94280706332351d:deeabf25-a0d5-4c7b-9a89-18c5ff158017::,us-east,batch,2025-07-21T06:27:14.545Z,2025-07-21T06:51:45.460Z,ibm_fez,194,Grier Jones,,d2c50f33c43a44abb94280706332351d,,
c6519392-a5af-4606-a7db-7ac1b8d6c77d,completed,crn:v1:bluemix:public:quantum-computing:us-east:a/d2c50f33c43a44abb94280706332351d:deeabf25-a0d5-4c7b-9a89-18c5ff158017::,us-east,batch,2025-07-21T06:27:14.515Z,2025-07-21T06:38:42.782Z,ibm_fez,271,Grier Jones,,d2c50f33c43a44abb94280706332351d,,
0ad83606-77fd-4614-81f6-8acf76a89ef8,completed,crn:v1:bluemix:public:quantum-computing:us-east:a/d2c50f33c43a44abb94280706332351d:deeabf25-a0d5-4c7b-9a89-18c5ff158017::,us-east,batch,2025-07-21T05:43:05.302Z,2025-07-21T06:05:53.750Z,ibm_fez,203,Grier Jones,,d2c50f33c43a44abb94280706332351d,,
d00c21df-81a4-4fb8-aaa1-1b074ae4a23d,completed,crn:v1:bluemix:public:quantum-computing:us-east:a/d2c50f33c43a44abb94280706332351d:deeabf25-a0d5-4c7b-9a89-18c5ff158017::,us-east,batch,2025-07-21T05:43:05.255Z,2025-07-21T06:16:14.338Z,ibm_fez,274,Grier Jones,,d2c50f33c43a44abb94280706332351d,,
99add3a1-6ebf-493a-9138-57c04e2a75b1,completed,crn:v1:bluemix:public:quantum-computing:us-east:a/d2c50f33c43a44abb94280706332351d:deeabf25-a0d5-4c7b-9a89-18c5ff158017::,us-east,batch,2025-07-21T05:43:05.249Z,2025-07-21T05:50:49.729Z,ibm_fez,268,Grier Jones,,d2c50f33c43a44abb94280706332351d,,
b4eb250c-ea8b-4530-87e5-a3b6653a81bd,completed,crn:v1:bluemix:public:quantum-computing:us-east:a/d2c50f33c43a44abb94280706332351d:deeabf25-a0d5-4c7b-9a89-18c5ff158017::,us-east,batch,2025-07-21T05:43:04.951Z,2025-07-21T06:27:09.957Z,ibm_fez,272,Grier Jones,,d2c50f33c43a44abb94280706332351d,,
409a1601-d0cb-4471-a898-f8fea57a1f41,completed,crn:v1:bluemix:public:quantum-computing:us-east:a/d2c50f33c43a44abb94280706332351d:deeabf25-a0d5-4c7b-9a89-18c5ff158017::,us-east,batch,2025-07-21T05:43:04.948Z,2025-07-21T05:58:15.515Z,ibm_fez,268,Grier Jones,,d2c50f33c43a44abb94280706332351d,,
db749579-909d-4630-a3a5-f35b6f87c2f4,completed,crn:v1:bluemix:public:quantum-computing:us-east:a/d2c50f33c43a44abb94280706332351d:deeabf25-a0d5-4c7b-9a89-18c5ff158017::,us-east,batch,2025-07-21T05:14:59.499Z,2025-07-21T05:33:06.396Z,ibm_fez,268,Grier Jones,,d2c50f33c43a44abb94280706332351d,,
901d584a-e068-41d9-85fd-8b020b9773e4,completed,crn:v1:bluemix:public:quantum-computing:us-east:a/d2c50f33c43a44abb94280706332351d:deeabf25-a0d5-4c7b-9a89-18c5ff158017::,us-east,batch,2025-07-21T05:14:59.496Z,2025-07-21T05:42:59.017Z,ibm_fez,199,Grier Jones,,d2c50f33c43a44abb94280706332351d,,
280b4a85-051a-4ef8-9065-58ef7c85e54f,completed,crn:v1:bluemix:public:quantum-computing:us-east:a/d2c50f33c43a44abb94280706332351d:deeabf25-a0d5-4c7b-9a89-18c5ff158017::,us-east,batch,2025-07-21T05:14:59.484Z,2025-07-21T05:27:28.119Z,ibm_fez,268,Grier Jones,,d2c50f33c43a44abb94280706332351d,,
e438f4d1-0ee5-4fb1-8860-f3fd2fb5103d,completed,crn:v1:bluemix:public:quantum-computing:us-east:a/d2c50f33c43a44abb94280706332351d:deeabf25-a0d5-4c7b-9a89-18c5ff158017::,us-east,batch,2025-07-21T05:14:59.448Z,2025-07-21T05:21:36.981Z,ibm_fez,273,Grier Jones,,d2c50f33c43a44abb94280706332351d,,
e557cd1d-dc3d-446f-827c-47be1c714a64,completed,crn:v1:bluemix:public:quantum-computing:us-east:a/d2c50f33c43a44abb94280706332351d:deeabf25-a0d5-4c7b-9a89-18c5ff158017::,us-east,batch,2025-07-21T05:14:59.442Z,2025-07-21T05:38:59.754Z,ibm_fez,268,Grier Jones,,d2c50f33c43a44abb94280706332351d,,
85ef4d7a-08a7-40c8-8777-bdeeff4e9802,completed,crn:v1:bluemix:public:quantum-computing:us-east:a/d2c50f33c43a44abb94280706332351d:deeabf25-a0d5-4c7b-9a89-18c5ff158017::,us-east,batch,2025-07-21T04:43:03.061Z,2025-07-21T05:09:15.570Z,ibm_fez,202,Grier Jones,,d2c50f33c43a44abb94280706332351d,,
6317a258-e3e0-4a63-8fae-0a7995ac3f71,completed,crn:v1:bluemix:public:quantum-computing:us-east:a/d2c50f33c43a44abb94280706332351d:deeabf25-a0d5-4c7b-9a89-18c5ff158017::,us-east,batch,2025-07-21T04:43:02.958Z,2025-07-21T05:14:58.523Z,ibm_fez,268,Grier Jones,,d2c50f33c43a44abb94280706332351d,,
b5bf5e2a-d89d-49ba-af7f-9fa5691167bc,completed,crn:v1:bluemix:public:quantum-computing:us-east:a/d2c50f33c43a44abb94280706332351d:deeabf25-a0d5-4c7b-9a89-18c5ff158017::,us-east,batch,2025-07-21T04:43:02.845Z,2025-07-21T04:59:08.122Z,ibm_fez,273,Grier Jones,,d2c50f33c43a44abb94280706332351d,,
eb6af3ce-edab-4f70-9c12-78c2e3ceb1ed,completed,crn:v1:bluemix:public:quantum-computing:us-east:a/d2c50f33c43a44abb94280706332351d:deeabf25-a0d5-4c7b-9a89-18c5ff158017::,us-east,batch,2025-07-21T04:43:02.808Z,2025-07-21T04:49:50.548Z,ibm_fez,276,Grier Jones,,d2c50f33c43a44abb94280706332351d,,
59dc2417-6bc8-4779-b99f-1701d0318aa4,completed,crn:v1:bluemix:public:quantum-computing:us-east:a/d2c50f33c43a44abb94280706332351d:deeabf25-a0d5-4c7b-9a89-18c5ff158017::,us-east,batch,2025-07-21T04:43:02.804Z,2025-07-21T05:04:56.429Z,ibm_fez,269,Grier Jones,,d2c50f33c43a44abb94280706332351d,,
115ff825-08db-4a31-8b1a-ba82f10df8c5,completed,crn:v1:bluemix:public:quantum-computing:us-east:a/d2c50f33c43a44abb94280706332351d:deeabf25-a0d5-4c7b-9a89-18c5ff158017::,us-east,batch,2025-07-21T04:07:01.617Z,2025-07-21T04:39:32.852Z,ibm_fez,261,Grier Jones,,d2c50f33c43a44abb94280706332351d,,
bc4aa5b8-e670-44e2-9ffc-25d91371faec,completed,crn:v1:bluemix:public:quantum-computing:us-east:a/d2c50f33c43a44abb94280706332351d:deeabf25-a0d5-4c7b-9a89-18c5ff158017::,us-east,batch,2025-07-21T04:07:01.608Z,2025-07-21T04:29:07.291Z,ibm_fez,264,Grier Jones,,d2c50f33c43a44abb94280706332351d,,
e7d30c33-5e93-4ccd-9410-b3ba675da71e,completed,crn:v1:bluemix:public:quantum-computing:us-east:a/d2c50f33c43a44abb94280706332351d:deeabf25-a0d5-4c7b-9a89-18c5ff158017::,us-east,batch,2025-07-21T04:07:01.605Z,2025-07-21T04:42:55.791Z,ibm_fez,195,Grier Jones,,d2c50f33c43a44abb94280706332351d,,
3d152792-5297-4a04-8571-6c43638495d9,completed,crn:v1:bluemix:public:quantum-computing:us-east:a/d2c50f33c43a44abb94280706332351d:deeabf25-a0d5-4c7b-9a89-18c5ff158017::,us-east,batch,2025-07-21T04:07:01.474Z,2025-07-21T04:11:35.672Z,ibm_fez,260,Grier Jones,,d2c50f33c43a44abb94280706332351d,,
7bfa0fa6-b7d0-4da8-aa61-ecc69e15c344,completed,crn:v1:bluemix:public:quantum-computing:us-east:a/d2c50f33c43a44abb94280706332351d:deeabf25-a0d5-4c7b-9a89-18c5ff158017::,us-east,batch,2025-07-21T04:07:01.448Z,2025-07-21T04:35:03.228Z,ibm_fez,264,Grier Jones,,d2c50f33c43a44abb94280706332351d,,
9c363169-70ed-4f19-89be-55f0df29ad11,completed,crn:v1:bluemix:public:quantum-computing:us-east:a/d2c50f33c43a44abb94280706332351d:deeabf25-a0d5-4c7b-9a89-18c5ff158017::,us-east,batch,2025-07-21T03:45:42.581Z,2025-07-21T04:02:32.034Z,ibm_fez,259,Grier Jones,,d2c50f33c43a44abb94280706332351d,,
7a4c628e-b65e-42ec-96f6-9b7de221dff8,completed,crn:v1:bluemix:public:quantum-computing:us-east:a/d2c50f33c43a44abb94280706332351d:deeabf25-a0d5-4c7b-9a89-18c5ff158017::,us-east,batch,2025-07-21T03:45:42.489Z,2025-07-21T03:58:04.271Z,ibm_fez,259,Grier Jones,,d2c50f33c43a44abb94280706332351d,,
c454fec8-d85d-40b0-9fea-544eb093707a,completed,crn:v1:bluemix:public:quantum-computing:us-east:a/d2c50f33c43a44abb94280706332351d:deeabf25-a0d5-4c7b-9a89-18c5ff158017::,us-east,batch,2025-07-21T03:45:42.479Z,2025-07-21T03:49:09.929Z,ibm_fez,195,Grier Jones,,d2c50f33c43a44abb94280706332351d,,
d19a5b9a-7009-490c-9d96-49ef391737ce,completed,crn:v1:bluemix:public:quantum-computing:us-east:a/d2c50f33c43a44abb94280706332351d:deeabf25-a0d5-4c7b-9a89-18c5ff158017::,us-east,batch,2025-07-21T03:45:42.399Z,2025-07-21T03:53:36.905Z,ibm_fez,259,Grier Jones,,d2c50f33c43a44abb94280706332351d,,
560b7947-7780-46b8-a6af-533270991716,completed,crn:v1:bluemix:public:quantum-computing:us-east:a/d2c50f33c43a44abb94280706332351d:deeabf25-a0d5-4c7b-9a89-18c5ff158017::,us-east,batch,2025-07-21T03:45:42.392Z,2025-07-21T04:06:59.110Z,ibm_fez,260,Grier Jones,,d2c50f33c43a44abb94280706332351d,,
465fae73-f6ea-4cbc-b97e-95732919b9ac,completed,crn:v1:bluemix:public:quantum-computing:us-east:a/d2c50f33c43a44abb94280706332351d:deeabf25-a0d5-4c7b-9a89-18c5ff158017::,us-east,batch,2025-07-21T03:08:45.561Z,2025-07-21T03:26:34.546Z,ibm_fez,212,Grier Jones,,d2c50f33c43a44abb94280706332351d,,
2a527546-aed8-4c00-9dcc-88f84fbf0333,completed,crn:v1:bluemix:public:quantum-computing:us-east:a/d2c50f33c43a44abb94280706332351d:deeabf25-a0d5-4c7b-9a89-18c5ff158017::,us-east,batch,2025-07-21T03:08:45.478Z,2025-07-21T03:41:12.290Z,ibm_fez,260,Grier Jones,,d2c50f33c43a44abb94280706332351d,,
b4de8f43-90a1-49d2-b837-bc8f62bd26c6,completed,crn:v1:bluemix:public:quantum-computing:us-east:a/d2c50f33c43a44abb94280706332351d:deeabf25-a0d5-4c7b-9a89-18c5ff158017::,us-east,batch,2025-07-21T03:08:45.472Z,2025-07-21T03:45:41.849Z,ibm_fez,262,Grier Jones,,d2c50f33c43a44abb94280706332351d,,
11050f06-fe80-48f2-8396-458c91e53187,completed,crn:v1:bluemix:public:quantum-computing:us-east:a/d2c50f33c43a44abb94280706332351d:deeabf25-a0d5-4c7b-9a89-18c5ff158017::,us-east,batch,2025-07-21T03:08:45.470Z,2025-07-21T03:31:02.824Z,ibm_fez,261,Grier Jones,,d2c50f33c43a44abb94280706332351d,,
9059ecb2-a057-42a2-8d44-c19bb54e03bc,completed,crn:v1:bluemix:public:quantum-computing:us-east:a/d2c50f33c43a44abb94280706332351d:deeabf25-a0d5-4c7b-9a89-18c5ff158017::,us-east,batch,2025-07-21T03:08:45.465Z,2025-07-21T03:36:21.149Z,ibm_fez,264,Grier Jones,,d2c50f33c43a44abb94280706332351d,,
0077660f-0567-4d3b-8ead-11dbfb63d103,completed,crn:v1:bluemix:public:quantum-computing:us-east:a/d2c50f33c43a44abb94280706332351d:deeabf25-a0d5-4c7b-9a89-18c5ff158017::,us-east,batch,2025-07-21T02:22:03.591Z,2025-07-21T03:08:37.271Z,ibm_fez,195,Grier Jones,,d2c50f33c43a44abb94280706332351d,,
16002683-4225-40e2-982b-f9443a1755e3,completed,crn:v1:bluemix:public:quantum-computing:us-east:a/d2c50f33c43a44abb94280706332351d:deeabf25-a0d5-4c7b-9a89-18c5ff158017::,us-east,batch,2025-07-21T02:22:03.566Z,2025-07-21T03:02:35.618Z,ibm_fez,259,Grier Jones,,d2c50f33c43a44abb94280706332351d,,
27bfde78-ec6f-425a-9098-6c2acb4ebdb9,completed,crn:v1:bluemix:public:quantum-computing:us-east:a/d2c50f33c43a44abb94280706332351d:deeabf25-a0d5-4c7b-9a89-18c5ff158017::,us-east,batch,2025-07-21T02:22:03.552Z,2025-07-21T02:46:48.744Z,ibm_fez,261,Grier Jones,,d2c50f33c43a44abb94280706332351d,,
b53ec3fe-dbb9-405c-ba70-0e16d84ef313,completed,crn:v1:bluemix:public:quantum-computing:us-east:a/d2c50f33c43a44abb94280706332351d:deeabf25-a0d5-4c7b-9a89-18c5ff158017::,us-east,batch,2025-07-21T02:22:02.523Z,2025-07-21T02:26:45.836Z,ibm_fez,260,Grier Jones,,d2c50f33c43a44abb94280706332351d,,
851cc1e2-f710-414b-9ff3-3bbd19375ad4,completed,crn:v1:bluemix:public:quantum-computing:us-east:a/d2c50f33c43a44abb94280706332351d:deeabf25-a0d5-4c7b-9a89-18c5ff158017::,us-east,batch,2025-07-21T02:22:02.350Z,2025-07-21T02:42:20.660Z,ibm_fez,260,Grier Jones,,d2c50f33c43a44abb94280706332351d,,
203ab842-2b3b-49bf-a7a6-c26dfacb5474,completed,crn:v1:bluemix:public:quantum-computing:us-east:a/d2c50f33c43a44abb94280706332351d:deeabf25-a0d5-4c7b-9a89-18c5ff158017::,us-east,batch,2025-07-21T01:56:05.575Z,2025-07-21T02:16:48.118Z,ibm_fez,264,Grier Jones,,d2c50f33c43a44abb94280706332351d,,
a7cf65ce-f5d7-47ab-915a-d2d1c36b38f7,completed,crn:v1:bluemix:public:quantum-computing:us-east:a/d2c50f33c43a44abb94280706332351d:deeabf25-a0d5-4c7b-9a89-18c5ff158017::,us-east,batch,2025-07-21T01:56:05.453Z,2025-07-21T02:01:16.098Z,ibm_fez,266,Grier Jones,,d2c50f33c43a44abb94280706332351d,,
421f3950-61a9-45c2-a67c-85a408ffd1c9,completed,crn:v1:bluemix:public:quantum-computing:us-east:a/d2c50f33c43a44abb94280706332351d:deeabf25-a0d5-4c7b-9a89-18c5ff158017::,us-east,batch,2025-07-21T01:56:05.303Z,2025-07-21T02:07:05.323Z,ibm_fez,268,Grier Jones,,d2c50f33c43a44abb94280706332351d,,
117f0e76-905b-4e03-86ec-dcde7360c3bc,completed,crn:v1:bluemix:public:quantum-computing:us-east:a/d2c50f33c43a44abb94280706332351d:deeabf25-a0d5-4c7b-9a89-18c5ff158017::,us-east,batch,2025-07-21T01:56:05.186Z,2025-07-21T02:11:07.896Z,ibm_fez,199,Grier Jones,,d2c50f33c43a44abb94280706332351d,,
5026f0fd-93b8-4e55-a76a-4c47c4b04a85,completed,crn:v1:bluemix:public:quantum-computing:us-east:a/d2c50f33c43a44abb94280706332351d:deeabf25-a0d5-4c7b-9a89-18c5ff158017::,us-east,batch,2025-07-21T01:56:05.184Z,2025-07-21T02:21:59.937Z,ibm_fez,265,Grier Jones,,d2c50f33c43a44abb94280706332351d,,
b7681e0a-5062-4d6f-aca1-f63f3957308c,completed,crn:v1:bluemix:public:quantum-computing:us-east:a/d2c50f33c43a44abb94280706332351d:deeabf25-a0d5-4c7b-9a89-18c5ff158017::,us-east,batch,2025-07-21T01:33:13.208Z,2025-07-21T01:50:53.364Z,ibm_fez,265,Grier Jones,,d2c50f33c43a44abb94280706332351d,,
d1c2dd02-1908-4a8c-9030-7da2816568cb,completed,crn:v1:bluemix:public:quantum-computing:us-east:a/d2c50f33c43a44abb94280706332351d:deeabf25-a0d5-4c7b-9a89-18c5ff158017::,us-east,batch,2025-07-21T01:33:13.201Z,2025-07-21T01:56:02.736Z,ibm_fez,266,Grier Jones,,d2c50f33c43a44abb94280706332351d,,
f41976d1-8d17-44f2-9a30-c6417ac9adf3,completed,crn:v1:bluemix:public:quantum-computing:us-east:a/d2c50f33c43a44abb94280706332351d:deeabf25-a0d5-4c7b-9a89-18c5ff158017::,us-east,batch,2025-07-21T01:33:12.282Z,2025-07-21T01:42:14.243Z,ibm_fez,259,Grier Jones,,d2c50f33c43a44abb94280706332351d,,
bdacafc9-9ae0-428d-999a-723f743833ae,completed,crn:v1:bluemix:public:quantum-computing:us-east:a/d2c50f33c43a44abb94280706332351d:deeabf25-a0d5-4c7b-9a89-18c5ff158017::,us-east,batch,2025-07-21T01:33:12.281Z,2025-07-21T01:45:36.564Z,ibm_fez,192,Grier Jones,,d2c50f33c43a44abb94280706332351d,,
b33cc5fe-d0ac-4150-934a-ee7c0a61cc39,completed,crn:v1:bluemix:public:quantum-computing:us-east:a/d2c50f33c43a44abb94280706332351d:deeabf25-a0d5-4c7b-9a89-18c5ff158017::,us-east,batch,2025-07-21T01:33:11.928Z,2025-07-21T01:37:46.640Z,ibm_fez,260,Grier Jones,,d2c50f33c43a44abb94280706332351d,,
9b266355-d3fc-40b9-8498-f0630b5cff6f,completed,crn:v1:bluemix:public:quantum-computing:us-east:a/d2c50f33c43a44abb94280706332351d:deeabf25-a0d5-4c7b-9a89-18c5ff158017::,us-east,batch,2025-07-21T01:11:34.775Z,2025-07-21T01:20:43.795Z,ibm_fez,259,Grier Jones,,d2c50f33c43a44abb94280706332351d,,
3479d670-a2e6-4235-860d-bb83abd2fa9f,completed,crn:v1:bluemix:public:quantum-computing:us-east:a/d2c50f33c43a44abb94280706332351d:deeabf25-a0d5-4c7b-9a89-18c5ff158017::,us-east,batch,2025-07-21T01:11:34.767Z,2025-07-21T01:33:09.483Z,ibm_fez,260,Grier Jones,,d2c50f33c43a44abb94280706332351d,,
6663ad54-fde1-420d-a5ad-c0f0a909974f,completed,crn:v1:bluemix:public:quantum-computing:us-east:a/d2c50f33c43a44abb94280706332351d:deeabf25-a0d5-4c7b-9a89-18c5ff158017::,us-east,batch,2025-07-21T01:11:34.330Z,2025-07-21T01:28:41.349Z,ibm_fez,195,Grier Jones,,d2c50f33c43a44abb94280706332351d,,
8595746a-228f-42a2-ad4f-8fcc3a7a457f,completed,crn:v1:bluemix:public:quantum-computing:us-east:a/d2c50f33c43a44abb94280706332351d:deeabf25-a0d5-4c7b-9a89-18c5ff158017::,us-east,batch,2025-07-21T01:11:34.236Z,2025-07-21T01:16:12.187Z,ibm_fez,261,Grier Jones,,d2c50f33c43a44abb94280706332351d,,
673a477f-aa94-4489-a8c9-1d6b25992cf6,completed,crn:v1:bluemix:public:quantum-computing:us-east:a/d2c50f33c43a44abb94280706332351d:deeabf25-a0d5-4c7b-9a89-18c5ff158017::,us-east,batch,2025-07-21T01:11:34.234Z,2025-07-21T01:25:12.679Z,ibm_fez,260,Grier Jones,,d2c50f33c43a44abb94280706332351d,,
30e9d586-c9df-49ef-b80c-c00d2fa1e4e9,completed,crn:v1:bluemix:public:quantum-computing:us-east:a/d2c50f33c43a44abb94280706332351d:deeabf25-a0d5-4c7b-9a89-18c5ff158017::,us-east,batch,2025-07-21T00:48:29.130Z,2025-07-21T01:07:01.901Z,ibm_fez,199,Grier Jones,,d2c50f33c43a44abb94280706332351d,,
84b3ae10-0c37-401b-acad-de77139072e5,completed,crn:v1:bluemix:public:quantum-computing:us-east:a/d2c50f33c43a44abb94280706332351d:deeabf25-a0d5-4c7b-9a89-18c5ff158017::,us-east,batch,2025-07-21T00:48:28.991Z,2025-07-21T01:03:07.050Z,ibm_fez,264,Grier Jones,,d2c50f33c43a44abb94280706332351d,,
051a8abc-4a8a-49e3-8acb-ee13167bae52,completed,crn:v1:bluemix:public:quantum-computing:us-east:a/d2c50f33c43a44abb94280706332351d:deeabf25-a0d5-4c7b-9a89-18c5ff158017::,us-east,batch,2025-07-21T00:48:28.976Z,2025-07-21T01:11:33.260Z,ibm_fez,263,Grier Jones,,d2c50f33c43a44abb94280706332351d,,
4ae1f15f-5a20-4cd3-81d2-5b993e8e2cda,completed,crn:v1:bluemix:public:quantum-computing:us-east:a/d2c50f33c43a44abb94280706332351d:deeabf25-a0d5-4c7b-9a89-18c5ff158017::,us-east,batch,2025-07-21T00:48:28.962Z,2025-07-21T00:58:05.218Z,ibm_fez,265,Grier Jones,,d2c50f33c43a44abb94280706332351d,,
ca5b3e88-f217-4b1e-87d9-ba59b8b9c0cb,completed,crn:v1:bluemix:public:quantum-computing:us-east:a/d2c50f33c43a44abb94280706332351d:deeabf25-a0d5-4c7b-9a89-18c5ff158017::,us-east,batch,2025-07-21T00:48:28.958Z,2025-07-21T00:53:04.536Z,ibm_fez,260,Grier Jones,,d2c50f33c43a44abb94280706332351d,,
f7fe5a4f-6d25-47bc-841b-f59dc2e13fa2,completed,crn:v1:bluemix:public:quantum-computing:us-east:a/d2c50f33c43a44abb94280706332351d:deeabf25-a0d5-4c7b-9a89-18c5ff158017::,us-east,batch,2025-07-21T00:15:40.978Z,2025-07-21T00:48:28.409Z,ibm_fez,259,Grier Jones,,d2c50f33c43a44abb94280706332351d,,
bb18c46a-2026-4137-b79a-e37504ce3656,completed,crn:v1:bluemix:public:quantum-computing:us-east:a/d2c50f33c43a44abb94280706332351d:deeabf25-a0d5-4c7b-9a89-18c5ff158017::,us-east,batch,2025-07-21T00:15:40.923Z,2025-07-21T00:30:51.710Z,ibm_fez,264,Grier Jones,,d2c50f33c43a44abb94280706332351d,,
4e9d223a-b21e-49db-93ea-21bde87e08b4,completed,crn:v1:bluemix:public:quantum-computing:us-east:a/d2c50f33c43a44abb94280706332351d:deeabf25-a0d5-4c7b-9a89-18c5ff158017::,us-east,batch,2025-07-21T00:15:40.922Z,2025-07-21T00:25:01.214Z,ibm_fez,199,Grier Jones,,d2c50f33c43a44abb94280706332351d,,
1c0bc2af-86a0-4739-ba98-766376b6c52f,completed,crn:v1:bluemix:public:quantum-computing:us-east:a/d2c50f33c43a44abb94280706332351d:deeabf25-a0d5-4c7b-9a89-18c5ff158017::,us-east,batch,2025-07-21T00:15:40.880Z,2025-07-21T00:43:18.712Z,ibm_fez,256,Grier Jones,,d2c50f33c43a44abb94280706332351d,,
e027b13d-b25b-42ce-ac34-74328dabb536,completed,crn:v1:bluemix:public:quantum-computing:us-east:a/d2c50f33c43a44abb94280706332351d:deeabf25-a0d5-4c7b-9a89-18c5ff158017::,us-east,batch,2025-07-21T00:15:40.871Z,2025-07-21T00:20:21.614Z,ibm_fez,260,Grier Jones,,d2c50f33c43a44abb94280706332351d,,
41fa7faa-725a-40cd-8907-70a9f1556ae9,completed,crn:v1:bluemix:public:quantum-computing:us-east:a/d2c50f33c43a44abb94280706332351d:deeabf25-a0d5-4c7b-9a89-18c5ff158017::,us-east,batch,2025-07-20T23:36:02.949Z,2025-07-21T00:03:43.458Z,ibm_fez,279,Grier Jones,,d2c50f33c43a44abb94280706332351d,,
36fd65aa-d83c-464e-a9b0-f4df74d23530,completed,crn:v1:bluemix:public:quantum-computing:us-east:a/d2c50f33c43a44abb94280706332351d:deeabf25-a0d5-4c7b-9a89-18c5ff158017::,us-east,batch,2025-07-20T23:36:02.919Z,2025-07-20T23:48:33.280Z,ibm_fez,277,Grier Jones,,d2c50f33c43a44abb94280706332351d,,
f63c49d5-2c79-436b-97f1-ef2dc068528b,completed,crn:v1:bluemix:public:quantum-computing:us-east:a/d2c50f33c43a44abb94280706332351d:deeabf25-a0d5-4c7b-9a89-18c5ff158017::,us-east,batch,2025-07-20T23:36:02.916Z,2025-07-20T23:56:18.423Z,ibm_fez,266,Grier Jones,,d2c50f33c43a44abb94280706332351d,,
483d4a90-382b-4f3f-8401-4d670c2bfcab,completed,crn:v1:bluemix:public:quantum-computing:us-east:a/d2c50f33c43a44abb94280706332351d:deeabf25-a0d5-4c7b-9a89-18c5ff158017::,us-east,batch,2025-07-20T23:36:02.916Z,2025-07-21T00:15:25.250Z,ibm_fez,202,Grier Jones,,d2c50f33c43a44abb94280706332351d,,
9e88235f-38a7-4971-904e-b0484f939674,completed,crn:v1:bluemix:public:quantum-computing:us-east:a/d2c50f33c43a44abb94280706332351d:deeabf25-a0d5-4c7b-9a89-18c5ff158017::,us-east,batch,2025-07-20T23:36:02.784Z,2025-07-21T00:10:34.932Z,ibm_fez,276,Grier Jones,,d2c50f33c43a44abb94280706332351d,,
9dd17d17-2ea7-4984-b168-f4004561cc0a,completed,crn:v1:bluemix:public:quantum-computing:us-east:a/d2c50f33c43a44abb94280706332351d:deeabf25-a0d5-4c7b-9a89-18c5ff158017::,us-east,batch,2025-07-20T23:03:20.909Z,2025-07-20T23:29:24.428Z,ibm_fez,272,Grier Jones,,d2c50f33c43a44abb94280706332351d,,
41f89489-be4d-4ca9-8027-6eb1ff71ed74,completed,crn:v1:bluemix:public:quantum-computing:us-east:a/d2c50f33c43a44abb94280706332351d:deeabf25-a0d5-4c7b-9a89-18c5ff158017::,us-east,batch,2025-07-20T23:03:20.906Z,2025-07-20T23:36:00.830Z,ibm_fez,272,Grier Jones,,d2c50f33c43a44abb94280706332351d,,
55fa805b-161d-4845-a4e2-84605964505e,completed,crn:v1:bluemix:public:quantum-computing:us-east:a/d2c50f33c43a44abb94280706332351d:deeabf25-a0d5-4c7b-9a89-18c5ff158017::,us-east,batch,2025-07-20T23:03:19.274Z,2025-07-20T23:10:21.889Z,ibm_fez,272,Grier Jones,,d2c50f33c43a44abb94280706332351d,,
b5488cf4-3a14-4d75-8ee1-73e3b35f53fa,completed,crn:v1:bluemix:public:quantum-computing:us-east:a/d2c50f33c43a44abb94280706332351d:deeabf25-a0d5-4c7b-9a89-18c5ff158017::,us-east,batch,2025-07-20T23:03:19.245Z,2025-07-20T23:22:20.756Z,ibm_fez,207,Grier Jones,,d2c50f33c43a44abb94280706332351d,,
59c60829-6a23-40d3-a23f-fcf551b89aa2,completed,crn:v1:bluemix:public:quantum-computing:us-east:a/d2c50f33c43a44abb94280706332351d:deeabf25-a0d5-4c7b-9a89-18c5ff158017::,us-east,batch,2025-07-20T23:03:19.219Z,2025-07-20T23:17:02.657Z,ibm_fez,272,Grier Jones,,d2c50f33c43a44abb94280706332351d,,
9874f641-3e7a-40d5-a048-69cd90945dbc,completed,crn:v1:bluemix:public:quantum-computing:us-east:a/d2c50f33c43a44abb94280706332351d:deeabf25-a0d5-4c7b-9a89-18c5ff158017::,us-east,batch,2025-07-20T22:39:56.872Z,2025-07-20T22:48:40.446Z,ibm_fez,195,Grier Jones,,d2c50f33c43a44abb94280706332351d,,
5601252b-2738-485c-a53f-194e37e697ea,completed,crn:v1:bluemix:public:quantum-computing:us-east:a/d2c50f33c43a44abb94280706332351d:deeabf25-a0d5-4c7b-9a89-18c5ff158017::,us-east,batch,2025-07-20T22:39:56.869Z,2025-07-20T23:03:16.892Z,ibm_fez,267,Grier Jones,,d2c50f33c43a44abb94280706332351d,,
c3f42ab7-0d54-474d-8f51-4a2fa3d1c70d,completed,crn:v1:bluemix:public:quantum-computing:us-east:a/d2c50f33c43a44abb94280706332351d:deeabf25-a0d5-4c7b-9a89-18c5ff158017::,us-east,batch,2025-07-20T22:39:56.839Z,2025-07-20T22:57:35.284Z,ibm_fez,260,Grier Jones,,d2c50f33c43a44abb94280706332351d,,
743b2fbd-a542-4998-baf9-b770ff6e173d,completed,crn:v1:bluemix:public:quantum-computing:us-east:a/d2c50f33c43a44abb94280706332351d:deeabf25-a0d5-4c7b-9a89-18c5ff158017::,us-east,batch,2025-07-20T22:39:56.662Z,2025-07-20T22:53:08.329Z,ibm_fez,260,Grier Jones,,d2c50f33c43a44abb94280706332351d,,
6dd6090a-1857-405a-be50-e4fcef43634a,completed,crn:v1:bluemix:public:quantum-computing:us-east:a/d2c50f33c43a44abb94280706332351d:deeabf25-a0d5-4c7b-9a89-18c5ff158017::,us-east,batch,2025-07-20T22:39:56.651Z,2025-07-20T22:44:32.376Z,ibm_fez,260,Grier Jones,,d2c50f33c43a44abb94280706332351d,,
282c93a3-8296-44ab-929c-759badcad49a,completed,crn:v1:bluemix:public:quantum-computing:us-east:a/d2c50f33c43a44abb94280706332351d:deeabf25-a0d5-4c7b-9a89-18c5ff158017::,us-east,batch,2025-07-20T22:18:06.581Z,2025-07-20T22:32:02.795Z,ibm_fez,263,Grier Jones,,d2c50f33c43a44abb94280706332351d,,
b9b83217-c657-4d08-8cd2-cf52c7695778,completed,crn:v1:bluemix:public:quantum-computing:us-east:a/d2c50f33c43a44abb94280706332351d:deeabf25-a0d5-4c7b-9a89-18c5ff158017::,us-east,batch,2025-07-20T22:18:06.576Z,2025-07-20T22:27:32.803Z,ibm_fez,260,Grier Jones,,d2c50f33c43a44abb94280706332351d,,
524466dd-65fb-499b-ae9a-f98da6deb1e3,completed,crn:v1:bluemix:public:quantum-computing:us-east:a/d2c50f33c43a44abb94280706332351d:deeabf25-a0d5-4c7b-9a89-18c5ff158017::,us-east,batch,2025-07-20T22:18:06.564Z,2025-07-20T22:23:05.036Z,ibm_fez,264,Grier Jones,,d2c50f33c43a44abb94280706332351d,,
3755571c-1ba0-4c15-85b4-bb7d92d70291,completed,crn:v1:bluemix:public:quantum-computing:us-east:a/d2c50f33c43a44abb94280706332351d:deeabf25-a0d5-4c7b-9a89-18c5ff158017::,us-east,batch,2025-07-20T22:18:06.472Z,2025-07-20T22:35:28.210Z,ibm_fez,195,Grier Jones,,d2c50f33c43a44abb94280706332351d,,
528b67f5-6f7e-4886-b9f4-a08cbc272bad,completed,crn:v1:bluemix:public:quantum-computing:us-east:a/d2c50f33c43a44abb94280706332351d:deeabf25-a0d5-4c7b-9a89-18c5ff158017::,us-east,batch,2025-07-20T22:18:06.458Z,2025-07-20T22:39:54.424Z,ibm_fez,259,Grier Jones,,d2c50f33c43a44abb94280706332351d,,
a0ef9086-1452-4d24-bd01-c266cb123539,completed,crn:v1:bluemix:public:quantum-computing:us-east:a/d2c50f33c43a44abb94280706332351d:deeabf25-a0d5-4c7b-9a89-18c5ff158017::,us-east,batch,2025-07-20T21:37:31.862Z,2025-07-20T22:12:14.059Z,ibm_fez,195,Grier Jones,,d2c50f33c43a44abb94280706332351d,,
da61605b-43da-401f-a13b-c34099105f1e,completed,crn:v1:bluemix:public:quantum-computing:us-east:a/d2c50f33c43a44abb94280706332351d:deeabf25-a0d5-4c7b-9a89-18c5ff158017::,us-east,batch,2025-07-20T21:37:31.794Z,2025-07-20T21:46:29.331Z,ibm_fez,270,Grier Jones,,d2c50f33c43a44abb94280706332351d,,
bbf57d14-d20a-4c90-8e1b-da2a4e99bea0,completed,crn:v1:bluemix:public:quantum-computing:us-east:a/d2c50f33c43a44abb94280706332351d:deeabf25-a0d5-4c7b-9a89-18c5ff158017::,us-east,batch,2025-07-20T21:37:31.790Z,2025-07-20T22:07:03.140Z,ibm_fez,264,Grier Jones,,d2c50f33c43a44abb94280706332351d,,
89f4ea7f-e66a-44eb-90dd-35e498bf9b2a,completed,crn:v1:bluemix:public:quantum-computing:us-east:a/d2c50f33c43a44abb94280706332351d:deeabf25-a0d5-4c7b-9a89-18c5ff158017::,us-east,batch,2025-07-20T21:37:31.591Z,2025-07-20T21:54:51.653Z,ibm_fez,277,Grier Jones,,d2c50f33c43a44abb94280706332351d,,
99322a14-8ab3-4661-88a7-cd4f5207e6a5,completed,crn:v1:bluemix:public:quantum-computing:us-east:a/d2c50f33c43a44abb94280706332351d:deeabf25-a0d5-4c7b-9a89-18c5ff158017::,us-east,batch,2025-07-20T21:37:31.583Z,2025-07-20T22:18:04.128Z,ibm_fez,270,Grier Jones,,d2c50f33c43a44abb94280706332351d,,
74a00a52-5e87-47de-9942-4bf6673eac74,completed,crn:v1:bluemix:public:quantum-computing:us-east:a/d2c50f33c43a44abb94280706332351d:deeabf25-a0d5-4c7b-9a89-18c5ff158017::,us-east,batch,2025-07-20T21:14:01.378Z,2025-07-20T21:32:13.508Z,ibm_fez,258,Grier Jones,,d2c50f33c43a44abb94280706332351d,,
ee2f48df-ffa0-4c18-a797-b6bd19293c63,completed,crn:v1:bluemix:public:quantum-computing:us-east:a/d2c50f33c43a44abb94280706332351d:deeabf25-a0d5-4c7b-9a89-18c5ff158017::,us-east,batch,2025-07-20T21:14:01.368Z,2025-07-20T21:18:18.141Z,ibm_fez,195,Grier Jones,,d2c50f33c43a44abb94280706332351d,,
a2c66ec2-efef-4e3f-81f4-a7806d899c01,completed,crn:v1:bluemix:public:quantum-computing:us-east:a/d2c50f33c43a44abb94280706332351d:deeabf25-a0d5-4c7b-9a89-18c5ff158017::,us-east,batch,2025-07-20T21:14:01.350Z,2025-07-20T21:37:28.256Z,ibm_fez,256,Grier Jones,,d2c50f33c43a44abb94280706332351d,,
1d725100-0198-489c-9b09-f8558a49a18b,completed,crn:v1:bluemix:public:quantum-computing:us-east:a/d2c50f33c43a44abb94280706332351d:deeabf25-a0d5-4c7b-9a89-18c5ff158017::,us-east,batch,2025-07-20T21:14:01.228Z,2025-07-20T21:27:08.974Z,ibm_fez,256,Grier Jones,,d2c50f33c43a44abb94280706332351d,,
ecfa789e-5e18-4f38-908a-d7771fa0f381,completed,crn:v1:bluemix:public:quantum-computing:us-east:a/d2c50f33c43a44abb94280706332351d:deeabf25-a0d5-4c7b-9a89-18c5ff158017::,us-east,batch,2025-07-20T21:14:01.222Z,2025-07-20T21:22:43.707Z,ibm_fez,257,Grier Jones,,d2c50f33c43a44abb94280706332351d,,
614793a8-fc7d-45cf-a896-960d5874c4ae,completed,crn:v1:bluemix:public:quantum-computing:us-east:a/d2c50f33c43a44abb94280706332351d:deeabf25-a0d5-4c7b-9a89-18c5ff158017::,us-east,batch,2025-07-20T20:50:58.725Z,2025-07-20T20:56:03.618Z,ibm_fez,263,Grier Jones,,d2c50f33c43a44abb94280706332351d,,
5f3ac8c8-3f48-44a2-ac47-83d4a93a3700,completed,crn:v1:bluemix:public:quantum-computing:us-east:a/d2c50f33c43a44abb94280706332351d:deeabf25-a0d5-4c7b-9a89-18c5ff158017::,us-east,batch,2025-07-20T20:50:58.672Z,2025-07-20T21:05:55.075Z,ibm_fez,259,Grier Jones,,d2c50f33c43a44abb94280706332351d,,
e0afa1e5-38aa-4f45-92ae-b9f1aea93866,completed,crn:v1:bluemix:public:quantum-computing:us-east:a/d2c50f33c43a44abb94280706332351d:deeabf25-a0d5-4c7b-9a89-18c5ff158017::,us-east,batch,2025-07-20T20:50:58.670Z,2025-07-20T21:13:58.812Z,ibm_fez,257,Grier Jones,,d2c50f33c43a44abb94280706332351d,,
d7a3d1d2-55fc-450d-a09e-e5d66c714e54,completed,crn:v1:bluemix:public:quantum-computing:us-east:a/d2c50f33c43a44abb94280706332351d:deeabf25-a0d5-4c7b-9a89-18c5ff158017::,us-east,batch,2025-07-20T20:50:58.565Z,2025-07-20T21:09:17.470Z,ibm_fez,192,Grier Jones,,d2c50f33c43a44abb94280706332351d,,
fe1ce332-7028-4e56-b321-e4d894dcb440,completed,crn:v1:bluemix:public:quantum-computing:us-east:a/d2c50f33c43a44abb94280706332351d:deeabf25-a0d5-4c7b-9a89-18c5ff158017::,us-east,batch,2025-07-20T20:50:58.540Z,2025-07-20T21:00:29.516Z,ibm_fez,258,Grier Jones,,d2c50f33c43a44abb94280706332351d,,
00b3254e-6921-4ae4-8f92-5ec35a4eed55,completed,crn:v1:bluemix:public:quantum-computing:us-east:a/d2c50f33c43a44abb94280706332351d:deeabf25-a0d5-4c7b-9a89-18c5ff158017::,us-east,batch,2025-07-20T20:28:13.866Z,2025-07-20T20:50:57.483Z,ibm_fez,264,Grier Jones,,d2c50f33c43a44abb94280706332351d,,
d2f5432f-4f8f-49b8-9619-8f882633862f,completed,crn:v1:bluemix:public:quantum-computing:us-east:a/d2c50f33c43a44abb94280706332351d:deeabf25-a0d5-4c7b-9a89-18c5ff158017::,us-east,batch,2025-07-20T20:28:13.849Z,2025-07-20T20:40:39.739Z,ibm_fez,195,Grier Jones,,d2c50f33c43a44abb94280706332351d,,
6ac4aa05-5315-4ce1-bcf7-ce405c2339e3,completed,crn:v1:bluemix:public:quantum-computing:us-east:a/d2c50f33c43a44abb94280706332351d:deeabf25-a0d5-4c7b-9a89-18c5ff158017::,us-east,batch,2025-07-20T20:28:13.844Z,2025-07-20T20:37:16.791Z,ibm_fez,260,Grier Jones,,d2c50f33c43a44abb94280706332351d,,
ef6f694d-4ffc-4530-8cb9-25d6ed0506a8,completed,crn:v1:bluemix:public:quantum-computing:us-east:a/d2c50f33c43a44abb94280706332351d:deeabf25-a0d5-4c7b-9a89-18c5ff158017::,us-east,batch,2025-07-20T20:28:13.830Z,2025-07-20T20:45:49.983Z,ibm_fez,263,Grier Jones,,d2c50f33c43a44abb94280706332351d,,
462f4969-251c-446d-99df-9b5042c32562,completed,crn:v1:bluemix:public:quantum-computing:us-east:a/d2c50f33c43a44abb94280706332351d:deeabf25-a0d5-4c7b-9a89-18c5ff158017::,us-east,batch,2025-07-20T20:28:13.801Z,2025-07-20T20:32:49.572Z,ibm_fez,260,Grier Jones,,d2c50f33c43a44abb94280706332351d,,
6d3c941c-8b81-46ef-92ba-74dbfe0a1bd6,completed,crn:v1:bluemix:public:quantum-computing:us-east:a/d2c50f33c43a44abb94280706332351d:deeabf25-a0d5-4c7b-9a89-18c5ff158017::,us-east,batch,2025-07-20T20:04:24.726Z,2025-07-20T20:21:43.711Z,ibm_fez,260,Grier Jones,,d2c50f33c43a44abb94280706332351d,,
394e9cd2-0eff-4a34-bbfc-417a6d693107,completed,crn:v1:bluemix:public:quantum-computing:us-east:a/d2c50f33c43a44abb94280706332351d:deeabf25-a0d5-4c7b-9a89-18c5ff158017::,us-east,batch,2025-07-20T20:04:24.602Z,2025-07-20T20:17:15.324Z,ibm_fez,196,Grier Jones,,d2c50f33c43a44abb94280706332351d,,
3e832ee1-d713-429f-82ea-2e1661e23ca4,completed,crn:v1:bluemix:public:quantum-computing:us-east:a/d2c50f33c43a44abb94280706332351d:deeabf25-a0d5-4c7b-9a89-18c5ff158017::,us-east,batch,2025-07-20T20:04:24.576Z,2025-07-20T20:28:11.502Z,ibm_fez,260,Grier Jones,,d2c50f33c43a44abb94280706332351d,,
15f38488-efb3-454e-b09b-cc687f4745c6,completed,crn:v1:bluemix:public:quantum-computing:us-east:a/d2c50f33c43a44abb94280706332351d:deeabf25-a0d5-4c7b-9a89-18c5ff158017::,us-east,batch,2025-07-20T20:04:24.570Z,2025-07-20T20:13:49.731Z,ibm_fez,260,Grier Jones,,d2c50f33c43a44abb94280706332351d,,
70ec2588-a112-4b0e-97ba-5f0c2347933c,completed,crn:v1:bluemix:public:quantum-computing:us-east:a/d2c50f33c43a44abb94280706332351d:deeabf25-a0d5-4c7b-9a89-18c5ff158017::,us-east,batch,2025-07-20T20:04:24.569Z,2025-07-20T20:09:22.482Z,ibm_fez,260,Grier Jones,,d2c50f33c43a44abb94280706332351d,,
1df95251-254d-4a33-904f-42dc6a1fa5a5,completed,crn:v1:bluemix:public:quantum-computing:us-east:a/d2c50f33c43a44abb94280706332351d:deeabf25-a0d5-4c7b-9a89-18c5ff158017::,us-east,batch,2025-07-20T19:33:59.687Z,2025-07-20T19:45:17.533Z,ibm_fez,263,Grier Jones,,d2c50f33c43a44abb94280706332351d,,
75ea5891-6627-4eb6-b94c-45adb80723f6,completed,crn:v1:bluemix:public:quantum-computing:us-east:a/d2c50f33c43a44abb94280706332351d:deeabf25-a0d5-4c7b-9a89-18c5ff158017::,us-east,batch,2025-07-20T19:33:59.681Z,2025-07-20T20:04:18.746Z,ibm_fez,203,Grier Jones,,d2c50f33c43a44abb94280706332351d,,
e3ce55ae-622a-4feb-9558-4d7433577ca5,completed,crn:v1:bluemix:public:quantum-computing:us-east:a/d2c50f33c43a44abb94280706332351d:deeabf25-a0d5-4c7b-9a89-18c5ff158017::,us-east,batch,2025-07-20T19:33:59.458Z,2025-07-20T19:49:45.781Z,ibm_fez,260,Grier Jones,,d2c50f33c43a44abb94280706332351d,,
21059508-5ccd-42df-8765-aa60847484e8,completed,crn:v1:bluemix:public:quantum-computing:us-east:a/d2c50f33c43a44abb94280706332351d:deeabf25-a0d5-4c7b-9a89-18c5ff158017::,us-east,batch,2025-07-20T19:33:59.398Z,2025-07-20T19:57:44.755Z,ibm_fez,272,Grier Jones,,d2c50f33c43a44abb94280706332351d,,
1da9df22-99ee-4c23-b6ed-38c52417db36,completed,crn:v1:bluemix:public:quantum-computing:us-east:a/d2c50f33c43a44abb94280706332351d:deeabf25-a0d5-4c7b-9a89-18c5ff158017::,us-east,batch,2025-07-20T19:33:59.299Z,2025-07-20T19:40:45.931Z,ibm_fez,273,Grier Jones,,d2c50f33c43a44abb94280706332351d,,
cab24c96-d9e3-42b9-8b1e-351cfa40878f,completed,crn:v1:bluemix:public:quantum-computing:us-east:a/d2c50f33c43a44abb94280706332351d:deeabf25-a0d5-4c7b-9a89-18c5ff158017::,us-east,batch,2025-07-20T18:09:06.807Z,2025-07-20T18:33:57.175Z,ibm_fez,264,Grier Jones,,d2c50f33c43a44abb94280706332351d,,
71d5c9d6-da1c-41ae-9b33-2598607cadb3,completed,crn:v1:bluemix:public:quantum-computing:us-east:a/d2c50f33c43a44abb94280706332351d:deeabf25-a0d5-4c7b-9a89-18c5ff158017::,us-east,batch,2025-07-20T18:09:06.578Z,2025-07-20T19:03:41.268Z,ibm_fez,209,Grier Jones,,d2c50f33c43a44abb94280706332351d,,
ef5d05ad-8763-43da-922e-0b46b6792faf,completed,crn:v1:bluemix:public:quantum-computing:us-east:a/d2c50f33c43a44abb94280706332351d:deeabf25-a0d5-4c7b-9a89-18c5ff158017::,us-east,batch,2025-07-20T18:09:06.549Z,2025-07-20T19:33:58.218Z,ibm_fez,276,Grier Jones,,d2c50f33c43a44abb94280706332351d,,
29bb77e9-9b84-4996-9262-1b8f46e648c8,completed,crn:v1:bluemix:public:quantum-computing:us-east:a/d2c50f33c43a44abb94280706332351d:deeabf25-a0d5-4c7b-9a89-18c5ff158017::,us-east,batch,2025-07-20T18:09:06.545Z,2025-07-20T19:13:57.579Z,ibm_fez,264,Grier Jones,,d2c50f33c43a44abb94280706332351d,,
bf51be4e-ac4a-4903-8546-f69105a459a6,completed,crn:v1:bluemix:public:quantum-computing:us-east:a/d2c50f33c43a44abb94280706332351d:deeabf25-a0d5-4c7b-9a89-18c5ff158017::,us-east,batch,2025-07-20T18:09:06.540Z,2025-07-20T18:26:34.877Z,ibm_fez,272,Grier Jones,,d2c50f33c43a44abb94280706332351d,,
16aea0a8-e966-431c-95c1-13f868bcfa60,completed,crn:v1:bluemix:public:quantum-computing:us-east:a/d2c50f33c43a44abb94280706332351d:deeabf25-a0d5-4c7b-9a89-18c5ff158017::,us-east,batch,2025-07-20T17:40:59.946Z,2025-07-20T17:47:43.484Z,ibm_fez,259,Grier Jones,,d2c50f33c43a44abb94280706332351d,,
c2aa10f1-241c-4407-b9c3-9dbdff2336a2,completed,crn:v1:bluemix:public:quantum-computing:us-east:a/d2c50f33c43a44abb94280706332351d:deeabf25-a0d5-4c7b-9a89-18c5ff158017::,us-east,batch,2025-07-20T17:40:59.938Z,2025-07-20T18:09:05.107Z,ibm_fez,273,Grier Jones,,d2c50f33c43a44abb94280706332351d,,
d1963f7d-1b44-4552-9cdd-92f04a3e1028,completed,crn:v1:bluemix:public:quantum-computing:us-east:a/d2c50f33c43a44abb94280706332351d:deeabf25-a0d5-4c7b-9a89-18c5ff158017::,us-east,batch,2025-07-20T17:40:59.936Z,2025-07-20T17:53:54.689Z,ibm_fez,260,Grier Jones,,d2c50f33c43a44abb94280706332351d,,
b6485ef5-18c4-4c76-b6c6-a5a9256af7fe,completed,crn:v1:bluemix:public:quantum-computing:us-east:a/d2c50f33c43a44abb94280706332351d:deeabf25-a0d5-4c7b-9a89-18c5ff158017::,us-east,batch,2025-07-20T17:40:59.916Z,2025-07-20T18:02:07.375Z,ibm_fez,195,Grier Jones,,d2c50f33c43a44abb94280706332351d,,
41402927-4be8-449d-8c4a-76e7abe64a2a,completed,crn:v1:bluemix:public:quantum-computing:us-east:a/d2c50f33c43a44abb94280706332351d:deeabf25-a0d5-4c7b-9a89-18c5ff158017::,us-east,batch,2025-07-20T17:40:59.916Z,2025-07-20T17:58:22.555Z,ibm_fez,260,Grier Jones,,d2c50f33c43a44abb94280706332351d,,
efba7e87-4b4c-4326-bbea-f834f26c807b,completed,crn:v1:bluemix:public:quantum-computing:us-east:a/d2c50f33c43a44abb94280706332351d:deeabf25-a0d5-4c7b-9a89-18c5ff158017::,us-east,batch,2025-07-20T17:12:40.760Z,2025-07-20T17:24:12.212Z,ibm_fez,260,Grier Jones,,d2c50f33c43a44abb94280706332351d,,
0dcf9c9b-7c30-40cd-9ebf-7d4cb753e9d0,completed,crn:v1:bluemix:public:quantum-computing:us-east:a/d2c50f33c43a44abb94280706332351d:deeabf25-a0d5-4c7b-9a89-18c5ff158017::,us-east,batch,2025-07-20T17:12:40.759Z,2025-07-20T17:35:08.587Z,ibm_fez,193,Grier Jones,,d2c50f33c43a44abb94280706332351d,,
da29ca5c-967d-49c0-a9b6-ed68a223d8fe,completed,crn:v1:bluemix:public:quantum-computing:us-east:a/d2c50f33c43a44abb94280706332351d:deeabf25-a0d5-4c7b-9a89-18c5ff158017::,us-east,batch,2025-07-20T17:12:40.287Z,2025-07-20T17:30:09.455Z,ibm_fez,260,Grier Jones,,d2c50f33c43a44abb94280706332351d,,
7097379b-e09e-4853-b308-398804db81b9,completed,crn:v1:bluemix:public:quantum-computing:us-east:a/d2c50f33c43a44abb94280706332351d:deeabf25-a0d5-4c7b-9a89-18c5ff158017::,us-east,batch,2025-07-20T17:12:40.287Z,2025-07-20T17:40:57.703Z,ibm_fez,258,Grier Jones,,d2c50f33c43a44abb94280706332351d,,
c74412c9-318a-463f-8357-eb85a8ec4d12,completed,crn:v1:bluemix:public:quantum-computing:us-east:a/d2c50f33c43a44abb94280706332351d:deeabf25-a0d5-4c7b-9a89-18c5ff158017::,us-east,batch,2025-07-20T17:12:40.286Z,2025-07-20T17:19:45.663Z,ibm_fez,266,Grier Jones,,d2c50f33c43a44abb94280706332351d,,
6541bc5d-7183-4b2e-9ef6-f63e65c0dc09,completed,crn:v1:bluemix:public:quantum-computing:us-east:a/d2c50f33c43a44abb94280706332351d:deeabf25-a0d5-4c7b-9a89-18c5ff158017::,us-east,batch,2025-07-20T16:41:52.251Z,2025-07-20T16:48:32.788Z,ibm_fez,264,Grier Jones,,d2c50f33c43a44abb94280706332351d,,
4d63be08-72b8-4884-a551-7ad68c400145,completed,crn:v1:bluemix:public:quantum-computing:us-east:a/d2c50f33c43a44abb94280706332351d:deeabf25-a0d5-4c7b-9a89-18c5ff158017::,us-east,batch,2025-07-20T16:41:52.213Z,2025-07-20T16:55:27.844Z,ibm_fez,260,Grier Jones,,d2c50f33c43a44abb94280706332351d,,
acf1277f-0891-41aa-9e7c-97435cee69ec,completed,crn:v1:bluemix:public:quantum-computing:us-east:a/d2c50f33c43a44abb94280706332351d:deeabf25-a0d5-4c7b-9a89-18c5ff158017::,us-east,batch,2025-07-20T16:41:52.175Z,2025-07-20T17:12:32.401Z,ibm_fez,200,Grier Jones,,d2c50f33c43a44abb94280706332351d,,
c88b9c56-1563-4f2f-af98-185f526e5986,completed,crn:v1:bluemix:public:quantum-computing:us-east:a/d2c50f33c43a44abb94280706332351d:deeabf25-a0d5-4c7b-9a89-18c5ff158017::,us-east,batch,2025-07-20T16:41:52.170Z,2025-07-20T17:00:02.133Z,ibm_fez,266,Grier Jones,,d2c50f33c43a44abb94280706332351d,,
223fa6a6-f8b8-4416-b80c-e7623d5b5add,completed,crn:v1:bluemix:public:quantum-computing:us-east:a/d2c50f33c43a44abb94280706332351d:deeabf25-a0d5-4c7b-9a89-18c5ff158017::,us-east,batch,2025-07-20T16:41:52.166Z,2025-07-20T17:08:09.279Z,ibm_fez,276,Grier Jones,,d2c50f33c43a44abb94280706332351d,,
4c60892b-f386-4c23-b02e-0757024364a6,completed,crn:v1:bluemix:public:quantum-computing:us-east:a/d2c50f33c43a44abb94280706332351d:deeabf25-a0d5-4c7b-9a89-18c5ff158017::,us-east,batch,2025-07-20T16:15:10.405Z,2025-07-20T16:35:32.675Z,ibm_fez,195,Grier Jones,,d2c50f33c43a44abb94280706332351d,,
be320405-c876-46c3-8faf-ab8a9095fb74,completed,crn:v1:bluemix:public:quantum-computing:us-east:a/d2c50f33c43a44abb94280706332351d:deeabf25-a0d5-4c7b-9a89-18c5ff158017::,us-east,batch,2025-07-20T16:15:10.403Z,2025-07-20T16:25:17.905Z,ibm_fez,260,Grier Jones,,d2c50f33c43a44abb94280706332351d,,
e957a888-c19e-4887-bd9d-93c3aabaae57,completed,crn:v1:bluemix:public:quantum-computing:us-east:a/d2c50f33c43a44abb94280706332351d:deeabf25-a0d5-4c7b-9a89-18c5ff158017::,us-east,batch,2025-07-20T16:15:10.394Z,2025-07-20T16:41:51.405Z,ibm_fez,260,Grier Jones,,d2c50f33c43a44abb94280706332351d,,
a5377a8d-0088-4b04-aa2b-07f0db1360db,completed,crn:v1:bluemix:public:quantum-computing:us-east:a/d2c50f33c43a44abb94280706332351d:deeabf25-a0d5-4c7b-9a89-18c5ff158017::,us-east,batch,2025-07-20T16:15:10.380Z,2025-07-20T16:30:39.513Z,ibm_fez,261,Grier Jones,,d2c50f33c43a44abb94280706332351d,,
a520f28e-5891-43d1-af0a-db98ec6c44c6,completed,crn:v1:bluemix:public:quantum-computing:us-east:a/d2c50f33c43a44abb94280706332351d:deeabf25-a0d5-4c7b-9a89-18c5ff158017::,us-east,batch,2025-07-20T16:15:10.361Z,2025-07-20T16:20:50.468Z,ibm_fez,263,Grier Jones,,d2c50f33c43a44abb94280706332351d,,
63324e27-82d9-4299-9809-44d132e897d3,completed,crn:v1:bluemix:public:quantum-computing:us-east:a/d2c50f33c43a44abb94280706332351d:deeabf25-a0d5-4c7b-9a89-18c5ff158017::,us-east,batch,2025-07-20T15:51:03.275Z,2025-07-20T15:54:50.182Z,ibm_fez,193,Grier Jones,,d2c50f33c43a44abb94280706332351d,,
94001cc7-841a-4ee4-905f-aba432e6e27c,completed,crn:v1:bluemix:public:quantum-computing:us-east:a/d2c50f33c43a44abb94280706332351d:deeabf25-a0d5-4c7b-9a89-18c5ff158017::,us-east,batch,2025-07-20T15:51:03.244Z,2025-07-20T16:15:08.206Z,ibm_fez,257,Grier Jones,,d2c50f33c43a44abb94280706332351d,,
7031b885-c5a9-4885-89ce-23efd14ea137,completed,crn:v1:bluemix:public:quantum-computing:us-east:a/d2c50f33c43a44abb94280706332351d:deeabf25-a0d5-4c7b-9a89-18c5ff158017::,us-east,batch,2025-07-20T15:51:03.207Z,2025-07-20T15:59:17.509Z,ibm_fez,260,Grier Jones,,d2c50f33c43a44abb94280706332351d,,
c9dabc41-074c-4b37-b8f1-6fc456bd684e,completed,crn:v1:bluemix:public:quantum-computing:us-east:a/d2c50f33c43a44abb94280706332351d:deeabf25-a0d5-4c7b-9a89-18c5ff158017::,us-east,batch,2025-07-20T15:51:03.190Z,2025-07-20T16:09:30.671Z,ibm_fez,260,Grier Jones,,d2c50f33c43a44abb94280706332351d,,
15a2bec5-77a3-4534-9faa-69032b16f8bd,completed,crn:v1:bluemix:public:quantum-computing:us-east:a/d2c50f33c43a44abb94280706332351d:deeabf25-a0d5-4c7b-9a89-18c5ff158017::,us-east,batch,2025-07-20T15:51:03.180Z,2025-07-20T16:04:20.766Z,ibm_fez,260,Grier Jones,,d2c50f33c43a44abb94280706332351d,,
69deae29-37e8-4ff5-85b8-348b543c6491,completed,crn:v1:bluemix:public:quantum-computing:us-east:a/d2c50f33c43a44abb94280706332351d:deeabf25-a0d5-4c7b-9a89-18c5ff158017::,us-east,batch,2025-07-20T15:20:44.090Z,2025-07-20T15:46:34.667Z,ibm_fez,193,Grier Jones,,d2c50f33c43a44abb94280706332351d,,
2184686e-4bfc-4c96-9c74-dc611e940d75,completed,crn:v1:bluemix:public:quantum-computing:us-east:a/d2c50f33c43a44abb94280706332351d:deeabf25-a0d5-4c7b-9a89-18c5ff158017::,us-east,batch,2025-07-20T15:20:44.084Z,2025-07-20T15:38:14.658Z,ibm_fez,284,Grier Jones,,d2c50f33c43a44abb94280706332351d,,
e6d8cd14-2906-4ae9-b3f0-c7c73405a011,completed,crn:v1:bluemix:public:quantum-computing:us-east:a/d2c50f33c43a44abb94280706332351d:deeabf25-a0d5-4c7b-9a89-18c5ff158017::,us-east,batch,2025-07-20T15:20:44.079Z,2025-07-20T15:28:28.736Z,ibm_fez,273,Grier Jones,,d2c50f33c43a44abb94280706332351d,,
2aef1531-1bb4-4d6a-9ef3-5ecffa078103,completed,crn:v1:bluemix:public:quantum-computing:us-east:a/d2c50f33c43a44abb94280706332351d:deeabf25-a0d5-4c7b-9a89-18c5ff158017::,us-east,batch,2025-07-20T15:20:44.019Z,2025-07-20T15:51:02.274Z,ibm_fez,257,Grier Jones,,d2c50f33c43a44abb94280706332351d,,
54d4077a-7004-4d8a-b113-1d741c960500,completed,crn:v1:bluemix:public:quantum-computing:us-east:a/d2c50f33c43a44abb94280706332351d:deeabf25-a0d5-4c7b-9a89-18c5ff158017::,us-east,batch,2025-07-20T15:20:44.013Z,2025-07-20T15:43:11.107Z,ibm_fez,260,Grier Jones,,d2c50f33c43a44abb94280706332351d,,
6461a3f3-447b-4a2e-adc0-4aa19888b080,completed,crn:v1:bluemix:public:quantum-computing:us-east:a/d2c50f33c43a44abb94280706332351d:deeabf25-a0d5-4c7b-9a89-18c5ff158017::,us-east,batch,2025-07-20T14:49:52.665Z,2025-07-20T14:59:53.424Z,ibm_fez,198,Grier Jones,,d2c50f33c43a44abb94280706332351d,,
5836fa98-d30e-4aa5-b9b7-42dd08aa3477,completed,crn:v1:bluemix:public:quantum-computing:us-east:a/d2c50f33c43a44abb94280706332351d:deeabf25-a0d5-4c7b-9a89-18c5ff158017::,us-east,batch,2025-07-20T14:49:52.661Z,2025-07-20T15:10:09.420Z,ibm_fez,272,Grier Jones,,d2c50f33c43a44abb94280706332351d,,
c483e713-e7d8-4bae-89e0-c9e60753641c,completed,crn:v1:bluemix:public:quantum-computing:us-east:a/d2c50f33c43a44abb94280706332351d:deeabf25-a0d5-4c7b-9a89-18c5ff158017::,us-east,batch,2025-07-20T14:49:52.659Z,2025-07-20T14:56:02.567Z,ibm_fez,272,Grier Jones,,d2c50f33c43a44abb94280706332351d,,
f8553abb-2ed3-4004-831a-47a2cd1e194e,completed,crn:v1:bluemix:public:quantum-computing:us-east:a/d2c50f33c43a44abb94280706332351d:deeabf25-a0d5-4c7b-9a89-18c5ff158017::,us-east,batch,2025-07-20T14:49:52.656Z,2025-07-20T15:16:11.445Z,ibm_fez,269,Grier Jones,,d2c50f33c43a44abb94280706332351d,,
c73e03e2-89e6-4cf0-8a57-eb68c0588328,completed,crn:v1:bluemix:public:quantum-computing:us-east:a/d2c50f33c43a44abb94280706332351d:deeabf25-a0d5-4c7b-9a89-18c5ff158017::,us-east,batch,2025-07-20T14:49:52.624Z,2025-07-20T15:20:42.932Z,ibm_fez,259,Grier Jones,,d2c50f33c43a44abb94280706332351d,,
8a521d42-c61a-4c1b-9400-48815642dc31,completed,crn:v1:bluemix:public:quantum-computing:us-east:a/d2c50f33c43a44abb94280706332351d:deeabf25-a0d5-4c7b-9a89-18c5ff158017::,us-east,batch,2025-07-20T14:00:39.533Z,2025-07-20T14:08:42.217Z,ibm_fez,264,Grier Jones,,d2c50f33c43a44abb94280706332351d,,
48c367b6-9316-427f-894b-1c4cbdf43bc5,completed,crn:v1:bluemix:public:quantum-computing:us-east:a/d2c50f33c43a44abb94280706332351d:deeabf25-a0d5-4c7b-9a89-18c5ff158017::,us-east,batch,2025-07-20T14:00:39.526Z,2025-07-20T14:28:10.241Z,ibm_fez,269,Grier Jones,,d2c50f33c43a44abb94280706332351d,,
cd7fd657-4069-42f8-980c-189207f07224,completed,crn:v1:bluemix:public:quantum-computing:us-east:a/d2c50f33c43a44abb94280706332351d:deeabf25-a0d5-4c7b-9a89-18c5ff158017::,us-east,batch,2025-07-20T14:00:39.520Z,2025-07-20T14:19:01.419Z,ibm_fez,277,Grier Jones,,d2c50f33c43a44abb94280706332351d,,
330acee1-5770-403f-a21c-a881aefaaa6c,completed,crn:v1:bluemix:public:quantum-computing:us-east:a/d2c50f33c43a44abb94280706332351d:deeabf25-a0d5-4c7b-9a89-18c5ff158017::,us-east,batch,2025-07-20T14:00:39.507Z,2025-07-20T14:43:33.396Z,ibm_fez,281,Grier Jones,,d2c50f33c43a44abb94280706332351d,,
9affaa7a-4993-426c-9f8c-94cf54278e0d,completed,crn:v1:bluemix:public:quantum-computing:us-east:a/d2c50f33c43a44abb94280706332351d:deeabf25-a0d5-4c7b-9a89-18c5ff158017::,us-east,batch,2025-07-20T14:00:39.507Z,2025-07-20T14:49:46.699Z,ibm_fez,211,Grier Jones,,d2c50f33c43a44abb94280706332351d,,
a4a8587a-b3b6-4371-8aed-814fae2d3fb1,completed,crn:v1:bluemix:public:quantum-computing:us-east:a/d2c50f33c43a44abb94280706332351d:deeabf25-a0d5-4c7b-9a89-18c5ff158017::,us-east,batch,2025-07-20T13:27:58.922Z,2025-07-20T13:40:09.546Z,ibm_fez,203,Grier Jones,,d2c50f33c43a44abb94280706332351d,,
03f1ed08-5ee1-4683-a3fa-bc4e9ae5dcc9,completed,crn:v1:bluemix:public:quantum-computing:us-east:a/d2c50f33c43a44abb94280706332351d:deeabf25-a0d5-4c7b-9a89-18c5ff158017::,us-east,batch,2025-07-20T13:27:58.884Z,2025-07-20T14:00:36.975Z,ibm_fez,276,Grier Jones,,d2c50f33c43a44abb94280706332351d,,
c7aeb3e0-f150-4181-8579-a16a625db834,completed,crn:v1:bluemix:public:quantum-computing:us-east:a/d2c50f33c43a44abb94280706332351d:deeabf25-a0d5-4c7b-9a89-18c5ff158017::,us-east,batch,2025-07-20T13:27:58.884Z,2025-07-20T13:52:48.560Z,ibm_fez,264,Grier Jones,,d2c50f33c43a44abb94280706332351d,,
35243d0f-cf97-4ee5-957b-fa3fa2780312,completed,crn:v1:bluemix:public:quantum-computing:us-east:a/d2c50f33c43a44abb94280706332351d:deeabf25-a0d5-4c7b-9a89-18c5ff158017::,us-east,batch,2025-07-20T13:27:58.883Z,2025-07-20T13:47:34.559Z,ibm_fez,278,Grier Jones,,d2c50f33c43a44abb94280706332351d,,
80a50de4-23f9-4b09-b729-3c9f701d34ab,completed,crn:v1:bluemix:public:quantum-computing:us-east:a/d2c50f33c43a44abb94280706332351d:deeabf25-a0d5-4c7b-9a89-18c5ff158017::,us-east,batch,2025-07-20T13:27:58.854Z,2025-07-20T13:35:19.900Z,ibm_fez,280,Grier Jones,,d2c50f33c43a44abb94280706332351d,,
eff9b475-8b27-4a4d-93b0-74d48db1afec,completed,crn:v1:bluemix:public:quantum-computing:us-east:a/d2c50f33c43a44abb94280706332351d:deeabf25-a0d5-4c7b-9a89-18c5ff158017::,us-east,batch,2025-07-20T13:05:54.645Z,2025-07-20T13:23:32.301Z,ibm_fez,258,Grier Jones,,d2c50f33c43a44abb94280706332351d,,
a76d69f8-585a-4a41-9b05-58c738305ed1,completed,crn:v1:bluemix:public:quantum-computing:us-east:a/d2c50f33c43a44abb94280706332351d:deeabf25-a0d5-4c7b-9a89-18c5ff158017::,us-east,batch,2025-07-20T13:05:54.643Z,2025-07-20T13:09:26.130Z,ibm_fez,192,Grier Jones,,d2c50f33c43a44abb94280706332351d,,
b015619d-ede7-4753-9f60-cf46586c7d0b,completed,crn:v1:bluemix:public:quantum-computing:us-east:a/d2c50f33c43a44abb94280706332351d:deeabf25-a0d5-4c7b-9a89-18c5ff158017::,us-east,batch,2025-07-20T13:05:54.640Z,2025-07-20T13:19:06.370Z,ibm_fez,257,Grier Jones,,d2c50f33c43a44abb94280706332351d,,
6f9723d3-899d-4e62-9d79-67b1003a5c0e,completed,crn:v1:bluemix:public:quantum-computing:us-east:a/d2c50f33c43a44abb94280706332351d:deeabf25-a0d5-4c7b-9a89-18c5ff158017::,us-east,batch,2025-07-20T13:05:54.637Z,2025-07-20T13:27:58.085Z,ibm_fez,257,Grier Jones,,d2c50f33c43a44abb94280706332351d,,
7351466b-e600-42dd-956e-dbc048c08a3c,completed,crn:v1:bluemix:public:quantum-computing:us-east:a/d2c50f33c43a44abb94280706332351d:deeabf25-a0d5-4c7b-9a89-18c5ff158017::,us-east,batch,2025-07-20T13:05:54.634Z,2025-07-20T13:13:55.822Z,ibm_fez,261,Grier Jones,,d2c50f33c43a44abb94280706332351d,,
3e48d50e-5650-44db-b5c6-23d189dd1828,completed,crn:v1:bluemix:public:quantum-computing:us-east:a/d2c50f33c43a44abb94280706332351d:deeabf25-a0d5-4c7b-9a89-18c5ff158017::,us-east,batch,2025-07-20T12:42:27.401Z,2025-07-20T12:47:14.892Z,ibm_fez,259,Grier Jones,,d2c50f33c43a44abb94280706332351d,,
3284c526-5efe-49e9-b5aa-c0c47ee85e41,completed,crn:v1:bluemix:public:quantum-computing:us-east:a/d2c50f33c43a44abb94280706332351d:deeabf25-a0d5-4c7b-9a89-18c5ff158017::,us-east,batch,2025-07-20T12:42:27.314Z,2025-07-20T12:51:46.428Z,ibm_fez,257,Grier Jones,,d2c50f33c43a44abb94280706332351d,,
16625430-f874-45b2-afba-c97f16b9617b,completed,crn:v1:bluemix:public:quantum-computing:us-east:a/d2c50f33c43a44abb94280706332351d:deeabf25-a0d5-4c7b-9a89-18c5ff158017::,us-east,batch,2025-07-20T12:42:27.289Z,2025-07-20T13:02:27.090Z,ibm_fez,263,Grier Jones,,d2c50f33c43a44abb94280706332351d,,
b54475ff-fca4-4dab-92a4-231f33df98df,completed,crn:v1:bluemix:public:quantum-computing:us-east:a/d2c50f33c43a44abb94280706332351d:deeabf25-a0d5-4c7b-9a89-18c5ff158017::,us-east,batch,2025-07-20T12:42:27.240Z,2025-07-20T13:05:49.169Z,ibm_fez,193,Grier Jones,,d2c50f33c43a44abb94280706332351d,,
d69187d4-f078-4d84-b4be-6958df9f6d79,completed,crn:v1:bluemix:public:quantum-computing:us-east:a/d2c50f33c43a44abb94280706332351d:deeabf25-a0d5-4c7b-9a89-18c5ff158017::,us-east,batch,2025-07-20T12:42:27.224Z,2025-07-20T12:57:06.153Z,ibm_fez,264,Grier Jones,,d2c50f33c43a44abb94280706332351d,,
bb235393-6f1b-44cf-9b14-7e8a35c5dc2e,completed,crn:v1:bluemix:public:quantum-computing:us-east:a/d2c50f33c43a44abb94280706332351d:deeabf25-a0d5-4c7b-9a89-18c5ff158017::,us-east,batch,2025-07-20T12:13:29.808Z,2025-07-20T12:36:19.736Z,ibm_fez,260,Grier Jones,,d2c50f33c43a44abb94280706332351d,,
4e746743-24ae-436a-a003-ccc292461cc0,completed,crn:v1:bluemix:public:quantum-computing:us-east:a/d2c50f33c43a44abb94280706332351d:deeabf25-a0d5-4c7b-9a89-18c5ff158017::,us-east,batch,2025-07-20T12:13:29.778Z,2025-07-20T12:31:47.211Z,ibm_fez,271,Grier Jones,,d2c50f33c43a44abb94280706332351d,,
e7516162-6344-446e-9908-0e0c14705a17,completed,crn:v1:bluemix:public:quantum-computing:us-east:a/d2c50f33c43a44abb94280706332351d:deeabf25-a0d5-4c7b-9a89-18c5ff158017::,us-east,batch,2025-07-20T12:13:28.999Z,2025-07-20T12:25:11.364Z,ibm_fez,270,Grier Jones,,d2c50f33c43a44abb94280706332351d,,
5ff7074f-3304-40e3-91ed-faa4ca8d07ff,completed,crn:v1:bluemix:public:quantum-computing:us-east:a/d2c50f33c43a44abb94280706332351d:deeabf25-a0d5-4c7b-9a89-18c5ff158017::,us-east,batch,2025-07-20T12:13:28.999Z,2025-07-20T12:17:10.635Z,ibm_fez,195,Grier Jones,,d2c50f33c43a44abb94280706332351d,,
88fc7bfa-8ba6-4821-8670-9e6bc51dca45,completed,crn:v1:bluemix:public:quantum-computing:us-east:a/d2c50f33c43a44abb94280706332351d:deeabf25-a0d5-4c7b-9a89-18c5ff158017::,us-east,batch,2025-07-20T12:13:28.996Z,2025-07-20T12:42:26.338Z,ibm_fez,265,Grier Jones,,d2c50f33c43a44abb94280706332351d,,
813d9ed5-638e-4f15-90b3-fb4af59d8d10,completed,crn:v1:bluemix:public:quantum-computing:us-east:a/d2c50f33c43a44abb94280706332351d:deeabf25-a0d5-4c7b-9a89-18c5ff158017::,us-east,batch,2025-07-20T11:42:57.499Z,2025-07-20T11:47:38.186Z,ibm_fez,258,Grier Jones,,d2c50f33c43a44abb94280706332351d,,
ea3d6041-7362-4cbf-bfad-d3449f8537bf,completed,crn:v1:bluemix:public:quantum-computing:us-east:a/d2c50f33c43a44abb94280706332351d:deeabf25-a0d5-4c7b-9a89-18c5ff158017::,us-east,batch,2025-07-20T11:42:57.497Z,2025-07-20T12:06:07.177Z,ibm_fez,199,Grier Jones,,d2c50f33c43a44abb94280706332351d,,
bc713010-61b1-42d9-8948-b4049bab6ccc,completed,crn:v1:bluemix:public:quantum-computing:us-east:a/d2c50f33c43a44abb94280706332351d:deeabf25-a0d5-4c7b-9a89-18c5ff158017::,us-east,batch,2025-07-20T11:42:57.455Z,2025-07-20T12:01:51.085Z,ibm_fez,280,Grier Jones,,d2c50f33c43a44abb94280706332351d,,
a5856415-e39b-472f-8463-a236f14f6ad3,completed,crn:v1:bluemix:public:quantum-computing:us-east:a/d2c50f33c43a44abb94280706332351d:deeabf25-a0d5-4c7b-9a89-18c5ff158017::,us-east,batch,2025-07-20T11:42:57.406Z,2025-07-20T12:13:26.599Z,ibm_fez,270,Grier Jones,,d2c50f33c43a44abb94280706332351d,,
1bb7a35c-5985-4c76-9e81-a255d7352c9e,completed,crn:v1:bluemix:public:quantum-computing:us-east:a/d2c50f33c43a44abb94280706332351d:deeabf25-a0d5-4c7b-9a89-18c5ff158017::,us-east,batch,2025-07-20T11:42:57.318Z,2025-07-20T11:52:11.980Z,ibm_fez,259,Grier Jones,,d2c50f33c43a44abb94280706332351d,,
1fa6ee33-7996-4ae9-8d23-a00dea45b8cc,completed,crn:v1:bluemix:public:quantum-computing:us-east:a/d2c50f33c43a44abb94280706332351d:deeabf25-a0d5-4c7b-9a89-18c5ff158017::,us-east,batch,2025-07-20T11:05:00.680Z,2025-07-20T11:31:52.204Z,ibm_fez,258,Grier Jones,,d2c50f33c43a44abb94280706332351d,,
36872523-ca86-422a-a459-5839385ca9ff,completed,crn:v1:bluemix:public:quantum-computing:us-east:a/d2c50f33c43a44abb94280706332351d:deeabf25-a0d5-4c7b-9a89-18c5ff158017::,us-east,batch,2025-07-20T11:05:00.679Z,2025-07-20T11:42:56.010Z,ibm_fez,259,Grier Jones,,d2c50f33c43a44abb94280706332351d,,
cb2f3b02-a715-4203-9aec-4f97600ef1e5,completed,crn:v1:bluemix:public:quantum-computing:us-east:a/d2c50f33c43a44abb94280706332351d:deeabf25-a0d5-4c7b-9a89-18c5ff158017::,us-east,batch,2025-07-20T11:05:00.676Z,2025-07-20T11:12:55.041Z,ibm_fez,267,Grier Jones,,d2c50f33c43a44abb94280706332351d,,
940ed2a0-2ba6-4d26-8bb6-b0d7ecefbb0e,completed,crn:v1:bluemix:public:quantum-computing:us-east:a/d2c50f33c43a44abb94280706332351d:deeabf25-a0d5-4c7b-9a89-18c5ff158017::,us-east,batch,2025-07-20T11:05:00.661Z,2025-07-20T11:26:00.919Z,ibm_fez,260,Grier Jones,,d2c50f33c43a44abb94280706332351d,,
9a04da0d-9931-4d24-96ec-c58bc1502256,completed,crn:v1:bluemix:public:quantum-computing:us-east:a/d2c50f33c43a44abb94280706332351d:deeabf25-a0d5-4c7b-9a89-18c5ff158017::,us-east,batch,2025-07-20T11:05:00.613Z,2025-07-20T11:36:13.435Z,ibm_fez,197,Grier Jones,,d2c50f33c43a44abb94280706332351d,,
67b3d7f2-74fc-4d77-9481-3cbe0aa9cc9b,completed,crn:v1:bluemix:public:quantum-computing:us-east:a/d2c50f33c43a44abb94280706332351d:deeabf25-a0d5-4c7b-9a89-18c5ff158017::,us-east,batch,2025-07-20T07:53:47.906Z,2025-07-20T09:23:51.072Z,ibm_fez,264,Grier Jones,,d2c50f33c43a44abb94280706332351d,,
ec998f5d-72e5-4552-831d-120f7f263e0f,completed,crn:v1:bluemix:public:quantum-computing:us-east:a/d2c50f33c43a44abb94280706332351d:deeabf25-a0d5-4c7b-9a89-18c5ff158017::,us-east,batch,2025-07-20T07:53:47.900Z,2025-07-20T11:04:57.405Z,ibm_fez,263,Grier Jones,,d2c50f33c43a44abb94280706332351d,,
fca21239-ebd0-4472-a029-ceb418d893f3,completed,crn:v1:bluemix:public:quantum-computing:us-east:a/d2c50f33c43a44abb94280706332351d:deeabf25-a0d5-4c7b-9a89-18c5ff158017::,us-east,batch,2025-07-20T07:53:47.888Z,2025-07-20T10:57:17.649Z,ibm_fez,195,Grier Jones,,d2c50f33c43a44abb94280706332351d,,
6cadc874-79e8-41ac-8493-c2a00b7c2bdc,completed,crn:v1:bluemix:public:quantum-computing:us-east:a/d2c50f33c43a44abb94280706332351d:deeabf25-a0d5-4c7b-9a89-18c5ff158017::,us-east,batch,2025-07-20T07:53:47.764Z,2025-07-20T10:40:45.857Z,ibm_fez,263,Grier Jones,,d2c50f33c43a44abb94280706332351d,,
c9c929ac-cddf-40fa-9d00-13b36e5bc87d,completed,crn:v1:bluemix:public:quantum-computing:us-east:a/d2c50f33c43a44abb94280706332351d:deeabf25-a0d5-4c7b-9a89-18c5ff158017::,us-east,batch,2025-07-20T07:53:47.764Z,2025-07-20T09:30:01.408Z,ibm_fez,268,Grier Jones,,d2c50f33c43a44abb94280706332351d,,
e24a508e-c1d5-4d93-a244-40d7b75edaab,completed,crn:v1:bluemix:public:quantum-computing:us-east:a/d2c50f33c43a44abb94280706332351d:deeabf25-a0d5-4c7b-9a89-18c5ff158017::,us-east,batch,2025-07-20T06:26:41.253Z,2025-07-20T07:03:56.193Z,ibm_fez,269,Grier Jones,,d2c50f33c43a44abb94280706332351d,,
59e31074-91ae-4af1-a9a2-ab3a3eccedc3,completed,crn:v1:bluemix:public:quantum-computing:us-east:a/d2c50f33c43a44abb94280706332351d:deeabf25-a0d5-4c7b-9a89-18c5ff158017::,us-east,batch,2025-07-20T06:26:41.124Z,2025-07-20T07:25:05.214Z,ibm_fez,264,Grier Jones,,d2c50f33c43a44abb94280706332351d,,
a3ce8e1a-2963-4574-92c2-37f2c16ed013,completed,crn:v1:bluemix:public:quantum-computing:us-east:a/d2c50f33c43a44abb94280706332351d:deeabf25-a0d5-4c7b-9a89-18c5ff158017::,us-east,batch,2025-07-20T06:26:41.115Z,2025-07-20T07:53:44.243Z,ibm_fez,268,Grier Jones,,d2c50f33c43a44abb94280706332351d,,
c8d83328-8cf7-44a9-a162-291fe055f520,completed,crn:v1:bluemix:public:quantum-computing:us-east:a/d2c50f33c43a44abb94280706332351d:deeabf25-a0d5-4c7b-9a89-18c5ff158017::,us-east,batch,2025-07-20T06:26:41.115Z,2025-07-20T07:18:25.783Z,ibm_fez,199,Grier Jones,,d2c50f33c43a44abb94280706332351d,,
18ecf306-5c80-4e22-86c8-3cee30158f4d,completed,crn:v1:bluemix:public:quantum-computing:us-east:a/d2c50f33c43a44abb94280706332351d:deeabf25-a0d5-4c7b-9a89-18c5ff158017::,us-east,batch,2025-07-20T06:26:41.113Z,2025-07-20T07:44:29.480Z,ibm_fez,267,Grier Jones,,d2c50f33c43a44abb94280706332351d,,
fc33e0cf-7d40-4642-a9b9-df834f226be7,completed,crn:v1:bluemix:public:quantum-computing:us-east:a/d2c50f33c43a44abb94280706332351d:deeabf25-a0d5-4c7b-9a89-18c5ff158017::,us-east,batch,2025-07-20T05:38:32.662Z,2025-07-20T05:43:48.167Z,ibm_fez,260,Grier Jones,,d2c50f33c43a44abb94280706332351d,,
e0b98ca6-cf51-41e5-b37b-b4d4063b8664,completed,crn:v1:bluemix:public:quantum-computing:us-east:a/d2c50f33c43a44abb94280706332351d:deeabf25-a0d5-4c7b-9a89-18c5ff158017::,us-east,batch,2025-07-20T05:38:32.643Z,2025-07-20T06:26:37.568Z,ibm_fez,258,Grier Jones,,d2c50f33c43a44abb94280706332351d,,
faeed228-35b0-4d6d-bfc3-1ad1034dd0f9,completed,crn:v1:bluemix:public:quantum-computing:us-east:a/d2c50f33c43a44abb94280706332351d:deeabf25-a0d5-4c7b-9a89-18c5ff158017::,us-east,batch,2025-07-20T05:38:32.601Z,2025-07-20T06:01:55.040Z,ibm_fez,260,Grier Jones,,d2c50f33c43a44abb94280706332351d,,
8b89c255-9f9a-4066-ba20-8006daac8ad1,completed,crn:v1:bluemix:public:quantum-computing:us-east:a/d2c50f33c43a44abb94280706332351d:deeabf25-a0d5-4c7b-9a89-18c5ff158017::,us-east,batch,2025-07-20T05:38:32.598Z,2025-07-20T06:09:56.589Z,ibm_fez,196,Grier Jones,,d2c50f33c43a44abb94280706332351d,,
e5506a83-e064-497a-9af1-410f26fe6228,completed,crn:v1:bluemix:public:quantum-computing:us-east:a/d2c50f33c43a44abb94280706332351d:deeabf25-a0d5-4c7b-9a89-18c5ff158017::,us-east,batch,2025-07-20T05:38:32.583Z,2025-07-20T06:06:27.493Z,ibm_fez,260,Grier Jones,,d2c50f33c43a44abb94280706332351d,,
962bde48-9ad9-4c0c-b060-99b843868501,completed,crn:v1:bluemix:public:quantum-computing:us-east:a/d2c50f33c43a44abb94280706332351d:deeabf25-a0d5-4c7b-9a89-18c5ff158017::,us-east,batch,2025-07-20T03:43:50.917Z,2025-07-20T04:10:36.641Z,ibm_fez,258,Grier Jones,,d2c50f33c43a44abb94280706332351d,,
6d33cc4d-cd35-4c98-a53a-213cf4fb5d99,completed,crn:v1:bluemix:public:quantum-computing:us-east:a/d2c50f33c43a44abb94280706332351d:deeabf25-a0d5-4c7b-9a89-18c5ff158017::,us-east,batch,2025-07-20T03:43:50.883Z,2025-07-20T05:38:28.869Z,ibm_fez,261,Grier Jones,,d2c50f33c43a44abb94280706332351d,,
4c686ee7-3196-43a5-85ae-59e8f8dbc403,completed,crn:v1:bluemix:public:quantum-computing:us-east:a/d2c50f33c43a44abb94280706332351d:deeabf25-a0d5-4c7b-9a89-18c5ff158017::,us-east,batch,2025-07-20T03:43:50.619Z,2025-07-20T04:06:05.848Z,ibm_fez,260,Grier Jones,,d2c50f33c43a44abb94280706332351d,,
9d82907e-9b95-4215-8c09-bf3f1bee3f75,completed,crn:v1:bluemix:public:quantum-computing:us-east:a/d2c50f33c43a44abb94280706332351d:deeabf25-a0d5-4c7b-9a89-18c5ff158017::,us-east,batch,2025-07-20T03:43:50.539Z,2025-07-20T04:01:33.586Z,ibm_fez,195,Grier Jones,,d2c50f33c43a44abb94280706332351d,,
05385a04-c709-42c1-b27f-fa40fc6fb44a,completed,crn:v1:bluemix:public:quantum-computing:us-east:a/d2c50f33c43a44abb94280706332351d:deeabf25-a0d5-4c7b-9a89-18c5ff158017::,us-east,batch,2025-07-20T03:43:50.539Z,2025-07-20T04:30:47.880Z,ibm_fez,271,Grier Jones,,d2c50f33c43a44abb94280706332351d,,
13aef6a9-140b-41c6-8134-05272245ee66,completed,crn:v1:bluemix:public:quantum-computing:us-east:a/d2c50f33c43a44abb94280706332351d:deeabf25-a0d5-4c7b-9a89-18c5ff158017::,us-east,batch,2025-07-20T02:59:50.856Z,2025-07-20T03:43:47.298Z,ibm_fez,260,Grier Jones,,d2c50f33c43a44abb94280706332351d,,
f061e68a-acc3-4ad8-86a3-a3eee4ebe4b8,completed,crn:v1:bluemix:public:quantum-computing:us-east:a/d2c50f33c43a44abb94280706332351d:deeabf25-a0d5-4c7b-9a89-18c5ff158017::,us-east,batch,2025-07-20T02:59:50.824Z,2025-07-20T03:39:14.312Z,ibm_fez,264,Grier Jones,,d2c50f33c43a44abb94280706332351d,,
f3b40cf5-84bc-4b23-b770-223aa4f14eab,completed,crn:v1:bluemix:public:quantum-computing:us-east:a/d2c50f33c43a44abb94280706332351d:deeabf25-a0d5-4c7b-9a89-18c5ff158017::,us-east,batch,2025-07-20T02:59:50.487Z,2025-07-20T03:19:09.453Z,ibm_fez,195,Grier Jones,,d2c50f33c43a44abb94280706332351d,,
13fa0140-aa76-4000-8559-bec46eec3187,completed,crn:v1:bluemix:public:quantum-computing:us-east:a/d2c50f33c43a44abb94280706332351d:deeabf25-a0d5-4c7b-9a89-18c5ff158017::,us-east,batch,2025-07-20T02:59:50.445Z,2025-07-20T03:24:49.609Z,ibm_fez,265,Grier Jones,,d2c50f33c43a44abb94280706332351d,,
7e50f3ca-3ddc-42f3-b398-06756adc809d,completed,crn:v1:bluemix:public:quantum-computing:us-east:a/d2c50f33c43a44abb94280706332351d:deeabf25-a0d5-4c7b-9a89-18c5ff158017::,us-east,batch,2025-07-20T02:59:50.440Z,2025-07-20T03:15:33.671Z,ibm_fez,260,Grier Jones,,d2c50f33c43a44abb94280706332351d,,
a6c41ddc-16bd-4e30-b571-12f77ef58010,completed,crn:v1:bluemix:public:quantum-computing:us-east:a/d2c50f33c43a44abb94280706332351d:deeabf25-a0d5-4c7b-9a89-18c5ff158017::,us-east,batch,2025-07-20T02:22:56.959Z,2025-07-20T02:50:35.095Z,ibm_fez,194,Grier Jones,,d2c50f33c43a44abb94280706332351d,,
82d66239-5c27-4b39-adef-4b02c4472fc9,completed,crn:v1:bluemix:public:quantum-computing:us-east:a/d2c50f33c43a44abb94280706332351d:deeabf25-a0d5-4c7b-9a89-18c5ff158017::,us-east,batch,2025-07-20T02:22:56.956Z,2025-07-20T02:46:54.756Z,ibm_fez,260,Grier Jones,,d2c50f33c43a44abb94280706332351d,,
114eccfb-b64a-453a-98e2-08fb06445f26,completed,crn:v1:bluemix:public:quantum-computing:us-east:a/d2c50f33c43a44abb94280706332351d:deeabf25-a0d5-4c7b-9a89-18c5ff158017::,us-east,batch,2025-07-20T02:22:56.737Z,2025-07-20T02:55:11.208Z,ibm_fez,260,Grier Jones,,d2c50f33c43a44abb94280706332351d,,
bb497713-0309-4708-b25d-c8ffb3654c68,completed,crn:v1:bluemix:public:quantum-computing:us-east:a/d2c50f33c43a44abb94280706332351d:deeabf25-a0d5-4c7b-9a89-18c5ff158017::,us-east,batch,2025-07-20T02:22:56.703Z,2025-07-20T02:59:48.040Z,ibm_fez,260,Grier Jones,,d2c50f33c43a44abb94280706332351d,,
fdd85124-99ab-4fe2-a5eb-110d27f854fe,completed,crn:v1:bluemix:public:quantum-computing:us-east:a/d2c50f33c43a44abb94280706332351d:deeabf25-a0d5-4c7b-9a89-18c5ff158017::,us-east,batch,2025-07-20T02:22:56.670Z,2025-07-20T02:27:52.395Z,ibm_fez,260,Grier Jones,,d2c50f33c43a44abb94280706332351d,,
2cc92e9c-5975-46c3-b6c9-cabc2a265559,completed,crn:v1:bluemix:public:quantum-computing:us-east:a/d2c50f33c43a44abb94280706332351d:deeabf25-a0d5-4c7b-9a89-18c5ff158017::,us-east,batch,2025-07-20T01:38:19.385Z,2025-07-20T02:03:31.357Z,ibm_fez,264,Grier Jones,,d2c50f33c43a44abb94280706332351d,,
69c3a385-d86d-445a-acc2-d82e58497506,completed,crn:v1:bluemix:public:quantum-computing:us-east:a/d2c50f33c43a44abb94280706332351d:deeabf25-a0d5-4c7b-9a89-18c5ff158017::,us-east,batch,2025-07-20T01:38:19.384Z,2025-07-20T01:43:02.728Z,ibm_fez,260,Grier Jones,,d2c50f33c43a44abb94280706332351d,,
4c9237fc-48c3-43bf-bf01-83f5e32f7565,completed,crn:v1:bluemix:public:quantum-computing:us-east:a/d2c50f33c43a44abb94280706332351d:deeabf25-a0d5-4c7b-9a89-18c5ff158017::,us-east,batch,2025-07-20T01:38:19.273Z,2025-07-20T02:08:05.178Z,ibm_fez,261,Grier Jones,,d2c50f33c43a44abb94280706332351d,,
cbe30c24-b932-4035-801a-9b771c5157cb,completed,crn:v1:bluemix:public:quantum-computing:us-east:a/d2c50f33c43a44abb94280706332351d:deeabf25-a0d5-4c7b-9a89-18c5ff158017::,us-east,batch,2025-07-20T01:38:19.266Z,2025-07-20T01:58:12.726Z,ibm_fez,195,Grier Jones,,d2c50f33c43a44abb94280706332351d,,
10626e51-ddc3-4cba-8458-577b22801e7d,completed,crn:v1:bluemix:public:quantum-computing:us-east:a/d2c50f33c43a44abb94280706332351d:deeabf25-a0d5-4c7b-9a89-18c5ff158017::,us-east,batch,2025-07-20T01:38:19.260Z,2025-07-20T02:22:55.544Z,ibm_fez,260,Grier Jones,,d2c50f33c43a44abb94280706332351d,,
c3536201-0315-4860-967b-4d41a0531fed,completed,crn:v1:bluemix:public:quantum-computing:us-east:a/d2c50f33c43a44abb94280706332351d:deeabf25-a0d5-4c7b-9a89-18c5ff158017::,us-east,batch,2025-07-20T00:47:25.474Z,2025-07-20T01:33:44.163Z,ibm_fez,195,Grier Jones,,d2c50f33c43a44abb94280706332351d,,
e1a2fe57-9759-4b58-a128-982b23dbc9cb,completed,crn:v1:bluemix:public:quantum-computing:us-east:a/d2c50f33c43a44abb94280706332351d:deeabf25-a0d5-4c7b-9a89-18c5ff158017::,us-east,batch,2025-07-20T00:47:25.473Z,2025-07-20T01:38:16.957Z,ibm_fez,260,Grier Jones,,d2c50f33c43a44abb94280706332351d,,
2d20357e-3adc-4c28-8d11-404408bc8e88,completed,crn:v1:bluemix:public:quantum-computing:us-east:a/d2c50f33c43a44abb94280706332351d:deeabf25-a0d5-4c7b-9a89-18c5ff158017::,us-east,batch,2025-07-20T00:47:25.426Z,2025-07-20T00:53:53.038Z,ibm_fez,264,Grier Jones,,d2c50f33c43a44abb94280706332351d,,
55dc5cf6-5963-4db2-9793-6b93257472a6,completed,crn:v1:bluemix:public:quantum-computing:us-east:a/d2c50f33c43a44abb94280706332351d:deeabf25-a0d5-4c7b-9a89-18c5ff158017::,us-east,batch,2025-07-20T00:47:25.409Z,2025-07-20T01:16:59.925Z,ibm_fez,260,Grier Jones,,d2c50f33c43a44abb94280706332351d,,
542230ec-4013-4910-9b6d-efb9de36879d,completed,crn:v1:bluemix:public:quantum-computing:us-east:a/d2c50f33c43a44abb94280706332351d:deeabf25-a0d5-4c7b-9a89-18c5ff158017::,us-east,batch,2025-07-20T00:47:25.406Z,2025-07-20T01:12:26.216Z,ibm_fez,264,Grier Jones,,d2c50f33c43a44abb94280706332351d,,
c7b45f0d-9a55-492d-a988-f86cbfa926ef,completed,crn:v1:bluemix:public:quantum-computing:us-east:a/d2c50f33c43a44abb94280706332351d:deeabf25-a0d5-4c7b-9a89-18c5ff158017::,us-east,batch,2025-07-19T23:39:30.819Z,2025-07-20T00:21:19.124Z,ibm_fez,203,Grier Jones,,d2c50f33c43a44abb94280706332351d,,
ce206b11-e63c-4f58-a59a-436622824877,completed,crn:v1:bluemix:public:quantum-computing:us-east:a/d2c50f33c43a44abb94280706332351d:deeabf25-a0d5-4c7b-9a89-18c5ff158017::,us-east,batch,2025-07-19T23:39:30.803Z,2025-07-20T00:29:40.077Z,ibm_fez,269,Grier Jones,,d2c50f33c43a44abb94280706332351d,,
d3bc126c-6032-4b84-bbe1-6e7c4423bb72,completed,crn:v1:bluemix:public:quantum-computing:us-east:a/d2c50f33c43a44abb94280706332351d:deeabf25-a0d5-4c7b-9a89-18c5ff158017::,us-east,batch,2025-07-19T23:39:30.222Z,2025-07-20T00:47:24.254Z,ibm_fez,268,Grier Jones,,d2c50f33c43a44abb94280706332351d,,
b372db14-35e0-4291-ad88-39a354bb5910,completed,crn:v1:bluemix:public:quantum-computing:us-east:a/d2c50f33c43a44abb94280706332351d:deeabf25-a0d5-4c7b-9a89-18c5ff158017::,us-east,batch,2025-07-19T23:39:30.209Z,2025-07-19T23:57:38.815Z,ibm_fez,270,Grier Jones,,d2c50f33c43a44abb94280706332351d,,
3656942b-1b9d-463a-b82e-1e4b78fdc74a,completed,crn:v1:bluemix:public:quantum-computing:us-east:a/d2c50f33c43a44abb94280706332351d:deeabf25-a0d5-4c7b-9a89-18c5ff158017::,us-east,batch,2025-07-19T23:39:30.202Z,2025-07-20T00:04:40.634Z,ibm_fez,272,Grier Jones,,d2c50f33c43a44abb94280706332351d,,
0900b611-55f2-4de1-b873-18273586e565,completed,crn:v1:bluemix:public:quantum-computing:us-east:a/d2c50f33c43a44abb94280706332351d:deeabf25-a0d5-4c7b-9a89-18c5ff158017::,us-east,batch,2025-07-19T22:50:36.993Z,2025-07-19T23:16:09.833Z,ibm_fez,199,Grier Jones,,d2c50f33c43a44abb94280706332351d,,
261bce7c-0f4e-4d5c-8132-a57bc1647581,completed,crn:v1:bluemix:public:quantum-computing:us-east:a/d2c50f33c43a44abb94280706332351d:deeabf25-a0d5-4c7b-9a89-18c5ff158017::,us-east,batch,2025-07-19T22:50:36.992Z,2025-07-19T23:07:29.193Z,ibm_fez,260,Grier Jones,,d2c50f33c43a44abb94280706332351d,,
993e6b6a-6c49-45de-a6be-4af7074334e0,completed,crn:v1:bluemix:public:quantum-computing:us-east:a/d2c50f33c43a44abb94280706332351d:deeabf25-a0d5-4c7b-9a89-18c5ff158017::,us-east,batch,2025-07-19T22:50:36.981Z,2025-07-19T23:31:45.522Z,ibm_fez,260,Grier Jones,,d2c50f33c43a44abb94280706332351d,,
3d72fd77-578d-44c2-a311-b4fddfb3049d,completed,crn:v1:bluemix:public:quantum-computing:us-east:a/d2c50f33c43a44abb94280706332351d:deeabf25-a0d5-4c7b-9a89-18c5ff158017::,us-east,batch,2025-07-19T22:50:36.979Z,2025-07-19T23:12:01.461Z,ibm_fez,260,Grier Jones,,d2c50f33c43a44abb94280706332351d,,
42311700-9283-45b3-b573-a7fa1a311f2c,completed,crn:v1:bluemix:public:quantum-computing:us-east:a/d2c50f33c43a44abb94280706332351d:deeabf25-a0d5-4c7b-9a89-18c5ff158017::,us-east,batch,2025-07-19T22:50:36.969Z,2025-07-19T23:39:27.770Z,ibm_fez,277,Grier Jones,,d2c50f33c43a44abb94280706332351d,,
e8dc9cb5-d6e6-420e-88e2-05eff06a8346,completed,crn:v1:bluemix:public:quantum-computing:us-east:a/d2c50f33c43a44abb94280706332351d:deeabf25-a0d5-4c7b-9a89-18c5ff158017::,us-east,batch,2025-07-19T21:24:06.331Z,2025-07-19T22:50:34.425Z,ibm_fez,273,Grier Jones,,d2c50f33c43a44abb94280706332351d,,
8c710e1f-9c5e-425b-ab84-81ecffdc936a,completed,crn:v1:bluemix:public:quantum-computing:us-east:a/d2c50f33c43a44abb94280706332351d:deeabf25-a0d5-4c7b-9a89-18c5ff158017::,us-east,batch,2025-07-19T21:24:06.325Z,2025-07-19T22:38:39.874Z,ibm_fez,200,Grier Jones,,d2c50f33c43a44abb94280706332351d,,
af7fa950-5f3f-44e4-8499-3433d674d53e,completed,crn:v1:bluemix:public:quantum-computing:us-east:a/d2c50f33c43a44abb94280706332351d:deeabf25-a0d5-4c7b-9a89-18c5ff158017::,us-east,batch,2025-07-19T21:24:06.320Z,2025-07-19T22:43:13.192Z,ibm_fez,260,Grier Jones,,d2c50f33c43a44abb94280706332351d,,
2d4dd75e-f84e-4e5a-9ac3-0a316adf0dab,completed,crn:v1:bluemix:public:quantum-computing:us-east:a/d2c50f33c43a44abb94280706332351d:deeabf25-a0d5-4c7b-9a89-18c5ff158017::,us-east,batch,2025-07-19T21:24:06.117Z,2025-07-19T22:23:40.058Z,ibm_fez,260,Grier Jones,,d2c50f33c43a44abb94280706332351d,,
8f3bd2f9-a926-4809-876b-7bb62c6cd94d,completed,crn:v1:bluemix:public:quantum-computing:us-east:a/d2c50f33c43a44abb94280706332351d:deeabf25-a0d5-4c7b-9a89-18c5ff158017::,us-east,batch,2025-07-19T21:24:05.918Z,2025-07-19T21:28:44.553Z,ibm_fez,260,Grier Jones,,d2c50f33c43a44abb94280706332351d,,
1760737f-a1a3-4570-8244-c3fb6f9131d3,completed,crn:v1:bluemix:public:quantum-computing:us-east:a/d2c50f33c43a44abb94280706332351d:deeabf25-a0d5-4c7b-9a89-18c5ff158017::,us-east,batch,2025-07-19T20:18:19.939Z,2025-07-19T20:45:22.820Z,ibm_fez,257,Grier Jones,,d2c50f33c43a44abb94280706332351d,,
d48d7669-1cbb-4c47-8d13-975cb72c4724,completed,crn:v1:bluemix:public:quantum-computing:us-east:a/d2c50f33c43a44abb94280706332351d:deeabf25-a0d5-4c7b-9a89-18c5ff158017::,us-east,batch,2025-07-19T20:18:19.933Z,2025-07-19T20:38:41.729Z,ibm_fez,272,Grier Jones,,d2c50f33c43a44abb94280706332351d,,
61c58a15-e916-4e9e-80d1-d2b8fb0ffdd8,completed,crn:v1:bluemix:public:quantum-computing:us-east:a/d2c50f33c43a44abb94280706332351d:deeabf25-a0d5-4c7b-9a89-18c5ff158017::,us-east,batch,2025-07-19T20:18:19.263Z,2025-07-19T21:01:36.411Z,ibm_fez,272,Grier Jones,,d2c50f33c43a44abb94280706332351d,,
b6433ab7-518b-41d2-9583-54d22c455360,completed,crn:v1:bluemix:public:quantum-computing:us-east:a/d2c50f33c43a44abb94280706332351d:deeabf25-a0d5-4c7b-9a89-18c5ff158017::,us-east,batch,2025-07-19T20:18:19.118Z,2025-07-19T21:05:12.530Z,ibm_fez,195,Grier Jones,,d2c50f33c43a44abb94280706332351d,,
5d60cd66-56c4-4f63-8bbb-0ba8b9ebbcd1,completed,crn:v1:bluemix:public:quantum-computing:us-east:a/d2c50f33c43a44abb94280706332351d:deeabf25-a0d5-4c7b-9a89-18c5ff158017::,us-east,batch,2025-07-19T20:18:19.050Z,2025-07-19T21:24:05.023Z,ibm_fez,260,Grier Jones,,d2c50f33c43a44abb94280706332351d,,
03ab257a-eba0-41fd-8b89-41a058aca1a2,completed,crn:v1:bluemix:public:quantum-computing:us-east:a/d2c50f33c43a44abb94280706332351d:deeabf25-a0d5-4c7b-9a89-18c5ff158017::,us-east,batch,2025-07-19T19:21:31.343Z,2025-07-19T20:11:20.300Z,ibm_fez,199,Grier Jones,,d2c50f33c43a44abb94280706332351d,,
3918b5af-9504-4bda-a4a1-c1305d4c7233,completed,crn:v1:bluemix:public:quantum-computing:us-east:a/d2c50f33c43a44abb94280706332351d:deeabf25-a0d5-4c7b-9a89-18c5ff158017::,us-east,batch,2025-07-19T19:21:31.294Z,2025-07-19T19:47:58.274Z,ibm_fez,268,Grier Jones,,d2c50f33c43a44abb94280706332351d,,
edb141cc-7d4b-470d-a56b-be06a4350d71,completed,crn:v1:bluemix:public:quantum-computing:us-east:a/d2c50f33c43a44abb94280706332351d:deeabf25-a0d5-4c7b-9a89-18c5ff158017::,us-east,batch,2025-07-19T19:21:31.276Z,2025-07-19T20:18:18.149Z,ibm_fez,264,Grier Jones,,d2c50f33c43a44abb94280706332351d,,
50b0c491-a661-438d-82e7-1912260b70f6,completed,crn:v1:bluemix:public:quantum-computing:us-east:a/d2c50f33c43a44abb94280706332351d:deeabf25-a0d5-4c7b-9a89-18c5ff158017::,us-east,batch,2025-07-19T19:21:31.235Z,2025-07-19T19:55:12.050Z,ibm_fez,269,Grier Jones,,d2c50f33c43a44abb94280706332351d,,
74ed26c8-ea41-438f-9fc9-097a4146f521,completed,crn:v1:bluemix:public:quantum-computing:us-east:a/d2c50f33c43a44abb94280706332351d:deeabf25-a0d5-4c7b-9a89-18c5ff158017::,us-east,batch,2025-07-19T19:21:31.224Z,2025-07-19T19:27:00.621Z,ibm_fez,262,Grier Jones,,d2c50f33c43a44abb94280706332351d,,
7292ee67-b1a7-4e24-8400-b280da796c3a,completed,crn:v1:bluemix:public:quantum-computing:us-east:a/d2c50f33c43a44abb94280706332351d:deeabf25-a0d5-4c7b-9a89-18c5ff158017::,us-east,batch,2025-07-19T18:32:19.485Z,2025-07-19T18:58:04.917Z,ibm_fez,260,Grier Jones,,d2c50f33c43a44abb94280706332351d,,
5c23f0eb-e783-41af-9aeb-af181bd8b167,completed,crn:v1:bluemix:public:quantum-computing:us-east:a/d2c50f33c43a44abb94280706332351d:deeabf25-a0d5-4c7b-9a89-18c5ff158017::,us-east,batch,2025-07-19T18:32:19.456Z,2025-07-19T18:36:07.431Z,ibm_fez,194,Grier Jones,,d2c50f33c43a44abb94280706332351d,,
7f5780d1-1f3f-459b-a5bb-1a625529b81e,completed,crn:v1:bluemix:public:quantum-computing:us-east:a/d2c50f33c43a44abb94280706332351d:deeabf25-a0d5-4c7b-9a89-18c5ff158017::,us-east,batch,2025-07-19T18:32:19.456Z,2025-07-19T18:40:39.482Z,ibm_fez,258,Grier Jones,,d2c50f33c43a44abb94280706332351d,,
f678630f-e555-46e3-a468-f38c1a0a5d4c,completed,crn:v1:bluemix:public:quantum-computing:us-east:a/d2c50f33c43a44abb94280706332351d:deeabf25-a0d5-4c7b-9a89-18c5ff158017::,us-east,batch,2025-07-19T18:32:19.440Z,2025-07-19T19:21:28.859Z,ibm_fez,259,Grier Jones,,d2c50f33c43a44abb94280706332351d,,
eb3e1b97-6cf7-4c96-91e5-341f74d227cf,completed,crn:v1:bluemix:public:quantum-computing:us-east:a/d2c50f33c43a44abb94280706332351d:deeabf25-a0d5-4c7b-9a89-18c5ff158017::,us-east,batch,2025-07-19T18:32:19.429Z,2025-07-19T19:02:42.885Z,ibm_fez,259,Grier Jones,,d2c50f33c43a44abb94280706332351d,,
4e8c4672-2d63-4bcc-9427-60136bad73af,completed,crn:v1:bluemix:public:quantum-computing:us-east:a/d2c50f33c43a44abb94280706332351d:deeabf25-a0d5-4c7b-9a89-18c5ff158017::,us-east,batch,2025-07-19T16:58:46.857Z,2025-07-19T18:32:17.323Z,ibm_fez,273,Grier Jones,,d2c50f33c43a44abb94280706332351d,,
24a3f9ce-4298-423d-b875-c08fe34bf9be,completed,crn:v1:bluemix:public:quantum-computing:us-east:a/d2c50f33c43a44abb94280706332351d:deeabf25-a0d5-4c7b-9a89-18c5ff158017::,us-east,batch,2025-07-19T16:58:46.854Z,2025-07-19T17:48:16.011Z,ibm_fez,260,Grier Jones,,d2c50f33c43a44abb94280706332351d,,
62d26764-cd43-48cd-9e2b-16556e139728,completed,crn:v1:bluemix:public:quantum-computing:us-east:a/d2c50f33c43a44abb94280706332351d:deeabf25-a0d5-4c7b-9a89-18c5ff158017::,us-east,batch,2025-07-19T16:58:46.789Z,2025-07-19T18:07:48.463Z,ibm_fez,194,Grier Jones,,d2c50f33c43a44abb94280706332351d,,
eeb9e711-90ce-4494-b7f7-fecfe2fd57d2,completed,crn:v1:bluemix:public:quantum-computing:us-east:a/d2c50f33c43a44abb94280706332351d:deeabf25-a0d5-4c7b-9a89-18c5ff158017::,us-east,batch,2025-07-19T16:58:46.711Z,2025-07-19T18:12:19.561Z,ibm_fez,257,Grier Jones,,d2c50f33c43a44abb94280706332351d,,
34ca5bda-4732-467c-8dae-3a8d3cf2f090,completed,crn:v1:bluemix:public:quantum-computing:us-east:a/d2c50f33c43a44abb94280706332351d:deeabf25-a0d5-4c7b-9a89-18c5ff158017::,us-east,batch,2025-07-19T16:58:46.702Z,2025-07-19T18:04:21.526Z,ibm_fez,260,Grier Jones,,d2c50f33c43a44abb94280706332351d,,
2882aa54-08ad-4532-996e-f5ac45c959c5,completed,crn:v1:bluemix:public:quantum-computing:us-east:a/d2c50f33c43a44abb94280706332351d:deeabf25-a0d5-4c7b-9a89-18c5ff158017::,us-east,batch,2025-07-19T15:48:08.764Z,2025-07-19T16:28:35.114Z,ibm_fez,195,Grier Jones,,d2c50f33c43a44abb94280706332351d,,
c9b2b02f-31fc-45d6-bec4-03fd458f4757,completed,crn:v1:bluemix:public:quantum-computing:us-east:a/d2c50f33c43a44abb94280706332351d:deeabf25-a0d5-4c7b-9a89-18c5ff158017::,us-east,batch,2025-07-19T15:48:08.763Z,2025-07-19T16:58:42.143Z,ibm_fez,264,Grier Jones,,d2c50f33c43a44abb94280706332351d,,
103f1042-71e2-4956-9ac3-5ffa2a11c9ca,completed,crn:v1:bluemix:public:quantum-computing:us-east:a/d2c50f33c43a44abb94280706332351d:deeabf25-a0d5-4c7b-9a89-18c5ff158017::,us-east,batch,2025-07-19T15:48:08.731Z,2025-07-19T16:36:11.574Z,ibm_fez,272,Grier Jones,,d2c50f33c43a44abb94280706332351d,,
88c94f32-e3b6-4b0e-82ee-05becca0d866,completed,crn:v1:bluemix:public:quantum-computing:us-east:a/d2c50f33c43a44abb94280706332351d:deeabf25-a0d5-4c7b-9a89-18c5ff158017::,us-east,batch,2025-07-19T15:48:08.728Z,2025-07-19T16:44:43.329Z,ibm_fez,277,Grier Jones,,d2c50f33c43a44abb94280706332351d,,
ef0f32ad-60ac-4943-97f2-66f1b97e5f5d,completed,crn:v1:bluemix:public:quantum-computing:us-east:a/d2c50f33c43a44abb94280706332351d:deeabf25-a0d5-4c7b-9a89-18c5ff158017::,us-east,batch,2025-07-19T15:48:08.586Z,2025-07-19T16:10:08.855Z,ibm_fez,265,Grier Jones,,d2c50f33c43a44abb94280706332351d,,
5de09bf0-358f-429a-9617-46eb6d7ec039,completed,crn:v1:bluemix:public:quantum-computing:us-east:a/d2c50f33c43a44abb94280706332351d:deeabf25-a0d5-4c7b-9a89-18c5ff158017::,us-east,batch,2025-07-19T10:56:51.131Z,2025-07-19T11:50:42.577Z,ibm_fez,260,Grier Jones,,d2c50f33c43a44abb94280706332351d,,
69ffd804-5160-4a82-9cff-433a7f362fdd,completed,crn:v1:bluemix:public:quantum-computing:us-east:a/d2c50f33c43a44abb94280706332351d:deeabf25-a0d5-4c7b-9a89-18c5ff158017::,us-east,batch,2025-07-19T10:56:51.128Z,2025-07-19T11:22:33.117Z,ibm_fez,258,Grier Jones,,d2c50f33c43a44abb94280706332351d,,
5e3741d2-7baa-4c57-b7c2-937aef8af5ff,completed,crn:v1:bluemix:public:quantum-computing:us-east:a/d2c50f33c43a44abb94280706332351d:deeabf25-a0d5-4c7b-9a89-18c5ff158017::,us-east,batch,2025-07-19T10:56:51.116Z,2025-07-19T11:40:03.523Z,ibm_fez,199,Grier Jones,,d2c50f33c43a44abb94280706332351d,,
0f7bf30b-a13b-4990-bea2-e25a43619ff9,completed,crn:v1:bluemix:public:quantum-computing:us-east:a/d2c50f33c43a44abb94280706332351d:deeabf25-a0d5-4c7b-9a89-18c5ff158017::,us-east,batch,2025-07-19T10:56:50.266Z,2025-07-19T15:48:05.083Z,ibm_fez,265,Grier Jones,,d2c50f33c43a44abb94280706332351d,,
1f4237ea-efd1-489f-b30d-defba8cf5498,completed,crn:v1:bluemix:public:quantum-computing:us-east:a/d2c50f33c43a44abb94280706332351d:deeabf25-a0d5-4c7b-9a89-18c5ff158017::,us-east,batch,2025-07-19T10:56:50.261Z,2025-07-19T11:16:32.523Z,ibm_fez,260,Grier Jones,,d2c50f33c43a44abb94280706332351d,,
3cf8e990-b73d-445d-aaae-3aa9ffb89e58,completed,crn:v1:bluemix:public:quantum-computing:us-east:a/d2c50f33c43a44abb94280706332351d:deeabf25-a0d5-4c7b-9a89-18c5ff158017::,us-east,batch,2025-07-19T10:06:03.968Z,2025-07-19T10:56:43.242Z,ibm_fez,195,Grier Jones,,d2c50f33c43a44abb94280706332351d,,
64f19685-ebd9-419c-96cc-6f1e42c0373e,completed,crn:v1:bluemix:public:quantum-computing:us-east:a/d2c50f33c43a44abb94280706332351d:deeabf25-a0d5-4c7b-9a89-18c5ff158017::,us-east,batch,2025-07-19T10:06:03.210Z,2025-07-19T10:51:49.663Z,ibm_fez,260,Grier Jones,,d2c50f33c43a44abb94280706332351d,,
ed343cde-8901-4871-8407-7922a5c42562,completed,crn:v1:bluemix:public:quantum-computing:us-east:a/d2c50f33c43a44abb94280706332351d:deeabf25-a0d5-4c7b-9a89-18c5ff158017::,us-east,batch,2025-07-19T10:05:59.085Z,2025-07-19T10:24:29.357Z,ibm_fez,268,Grier Jones,,d2c50f33c43a44abb94280706332351d,,
57e4176a-9838-487b-94bf-b143119fd81d,completed,crn:v1:bluemix:public:quantum-computing:us-east:a/d2c50f33c43a44abb94280706332351d:deeabf25-a0d5-4c7b-9a89-18c5ff158017::,us-east,batch,2025-07-19T10:05:59.080Z,2025-07-19T10:34:20.767Z,ibm_fez,260,Grier Jones,,d2c50f33c43a44abb94280706332351d,,
fa2ad219-afc4-4f47-b9ac-b347f97bb021,completed,crn:v1:bluemix:public:quantum-computing:us-east:a/d2c50f33c43a44abb94280706332351d:deeabf25-a0d5-4c7b-9a89-18c5ff158017::,us-east,batch,2025-07-19T10:05:59.060Z,2025-07-19T10:29:48.112Z,ibm_fez,263,Grier Jones,,d2c50f33c43a44abb94280706332351d,,
36d61d51-517f-44eb-ae6e-3c244e4d6a46,completed,crn:v1:bluemix:public:quantum-computing:us-east:a/d2c50f33c43a44abb94280706332351d:deeabf25-a0d5-4c7b-9a89-18c5ff158017::,us-east,batch,2025-07-19T08:54:24.298Z,2025-07-19T10:00:40.380Z,ibm_fez,199,Grier Jones,,d2c50f33c43a44abb94280706332351d,,
c2988968-3e6c-4288-b553-bd88afbf1e4c,completed,crn:v1:bluemix:public:quantum-computing:us-east:a/d2c50f33c43a44abb94280706332351d:deeabf25-a0d5-4c7b-9a89-18c5ff158017::,us-east,batch,2025-07-19T08:54:24.293Z,2025-07-19T10:05:58.141Z,ibm_fez,264,Grier Jones,,d2c50f33c43a44abb94280706332351d,,
db8a157b-0d87-44a5-976e-c0eb2f26e329,completed,crn:v1:bluemix:public:quantum-computing:us-east:a/d2c50f33c43a44abb94280706332351d:deeabf25-a0d5-4c7b-9a89-18c5ff158017::,us-east,batch,2025-07-19T08:54:24.289Z,2025-07-19T09:22:55.298Z,ibm_fez,265,Grier Jones,,d2c50f33c43a44abb94280706332351d,,
6b0df23b-df4e-4fa0-b852-91552641d545,completed,crn:v1:bluemix:public:quantum-computing:us-east:a/d2c50f33c43a44abb94280706332351d:deeabf25-a0d5-4c7b-9a89-18c5ff158017::,us-east,batch,2025-07-19T08:54:24.271Z,2025-07-19T09:40:30.641Z,ibm_fez,274,Grier Jones,,d2c50f33c43a44abb94280706332351d,,
9a92af39-601f-460b-8751-2f5619202e6d,completed,crn:v1:bluemix:public:quantum-computing:us-east:a/d2c50f33c43a44abb94280706332351d:deeabf25-a0d5-4c7b-9a89-18c5ff158017::,us-east,batch,2025-07-19T08:54:23.805Z,2025-07-19T09:16:54.387Z,ibm_fez,277,Grier Jones,,d2c50f33c43a44abb94280706332351d,,
6727da74-c24a-46ae-8268-ac30f122e849,completed,crn:v1:bluemix:public:quantum-computing:us-east:a/d2c50f33c43a44abb94280706332351d:deeabf25-a0d5-4c7b-9a89-18c5ff158017::,us-east,batch,2025-07-19T04:07:45.236Z,2025-07-19T08:54:22.602Z,ibm_fez,264,Grier Jones,,d2c50f33c43a44abb94280706332351d,,
79a5a783-68bb-4d3e-a640-2a9664fc965f,completed,crn:v1:bluemix:public:quantum-computing:us-east:a/d2c50f33c43a44abb94280706332351d:deeabf25-a0d5-4c7b-9a89-18c5ff158017::,us-east,batch,2025-07-19T04:07:45.218Z,2025-07-19T08:30:43.301Z,ibm_fez,260,Grier Jones,,d2c50f33c43a44abb94280706332351d,,
80c33374-e77a-464d-a402-7241f7a94e05,completed,crn:v1:bluemix:public:quantum-computing:us-east:a/d2c50f33c43a44abb94280706332351d:deeabf25-a0d5-4c7b-9a89-18c5ff158017::,us-east,batch,2025-07-19T04:07:45.218Z,2025-07-19T08:35:15.734Z,ibm_fez,260,Grier Jones,,d2c50f33c43a44abb94280706332351d,,
b8ed61b7-98e6-4b4d-a20a-b4b8d6ab1f1d,completed,crn:v1:bluemix:public:quantum-computing:us-east:a/d2c50f33c43a44abb94280706332351d:deeabf25-a0d5-4c7b-9a89-18c5ff158017::,us-east,batch,2025-07-19T04:07:45.157Z,2025-07-19T07:24:47.640Z,ibm_fez,260,Grier Jones,,d2c50f33c43a44abb94280706332351d,,
72776211-896f-4850-a49c-f188aa484193,completed,crn:v1:bluemix:public:quantum-computing:us-east:a/d2c50f33c43a44abb94280706332351d:deeabf25-a0d5-4c7b-9a89-18c5ff158017::,us-east,batch,2025-07-19T04:07:45.135Z,2025-07-19T08:49:10.239Z,ibm_fez,195,Grier Jones,,d2c50f33c43a44abb94280706332351d,,
e1532f92-007e-47ed-8ee1-5c60816974d8,completed,crn:v1:bluemix:public:quantum-computing:us-east:a/d2c50f33c43a44abb94280706332351d:deeabf25-a0d5-4c7b-9a89-18c5ff158017::,us-east,batch,2025-07-19T02:36:34.782Z,2025-07-19T02:48:14.824Z,ibm_fez,260,Grier Jones,,d2c50f33c43a44abb94280706332351d,,
7a11771f-b5a9-403e-8586-d04a1459563c,completed,crn:v1:bluemix:public:quantum-computing:us-east:a/d2c50f33c43a44abb94280706332351d:deeabf25-a0d5-4c7b-9a89-18c5ff158017::,us-east,batch,2025-07-19T02:36:34.674Z,2025-07-19T02:43:00.415Z,ibm_fez,266,Grier Jones,,d2c50f33c43a44abb94280706332351d,,
659e1b95-f9fb-4f90-afe5-2bd0265a9886,completed,crn:v1:bluemix:public:quantum-computing:us-east:a/d2c50f33c43a44abb94280706332351d:deeabf25-a0d5-4c7b-9a89-18c5ff158017::,us-east,batch,2025-07-19T02:36:34.638Z,2025-07-19T03:06:04.503Z,ibm_fez,269,Grier Jones,,d2c50f33c43a44abb94280706332351d,,
440121e4-fb56-43c8-9bb3-b29cc041fd48,completed,crn:v1:bluemix:public:quantum-computing:us-east:a/d2c50f33c43a44abb94280706332351d:deeabf25-a0d5-4c7b-9a89-18c5ff158017::,us-east,batch,2025-07-19T02:36:34.632Z,2025-07-19T03:10:55.480Z,ibm_fez,260,Grier Jones,,d2c50f33c43a44abb94280706332351d,,
d252242e-504b-429a-b7d2-d6105b4eef06,completed,crn:v1:bluemix:public:quantum-computing:us-east:a/d2c50f33c43a44abb94280706332351d:deeabf25-a0d5-4c7b-9a89-18c5ff158017::,us-east,batch,2025-07-19T02:36:34.624Z,2025-07-19T04:07:39.624Z,ibm_fez,199,Grier Jones,,d2c50f33c43a44abb94280706332351d,,
fed09e96-672e-4856-954d-2955d1db7937,completed,crn:v1:bluemix:public:quantum-computing:us-east:a/d2c50f33c43a44abb94280706332351d:deeabf25-a0d5-4c7b-9a89-18c5ff158017::,us-east,batch,2025-07-19T01:22:27.164Z,2025-07-19T02:02:17.011Z,ibm_fez,260,Grier Jones,,d2c50f33c43a44abb94280706332351d,,
b997dee4-1854-4d62-a1df-df94ed6ba387,completed,crn:v1:bluemix:public:quantum-computing:us-east:a/d2c50f33c43a44abb94280706332351d:deeabf25-a0d5-4c7b-9a89-18c5ff158017::,us-east,batch,2025-07-19T01:22:27.069Z,2025-07-19T02:08:13.035Z,ibm_fez,259,Grier Jones,,d2c50f33c43a44abb94280706332351d,,
4d3e013d-468a-46b3-a7cb-c6d6d95d2da5,completed,crn:v1:bluemix:public:quantum-computing:us-east:a/d2c50f33c43a44abb94280706332351d:deeabf25-a0d5-4c7b-9a89-18c5ff158017::,us-east,batch,2025-07-19T01:22:27.067Z,2025-07-19T01:32:18.329Z,ibm_fez,199,Grier Jones,,d2c50f33c43a44abb94280706332351d,,
16f03631-45d5-42a3-8bed-425e59e97c96,completed,crn:v1:bluemix:public:quantum-computing:us-east:a/d2c50f33c43a44abb94280706332351d:deeabf25-a0d5-4c7b-9a89-18c5ff158017::,us-east,batch,2025-07-19T01:22:27.067Z,2025-07-19T01:27:30.437Z,ibm_fez,257,Grier Jones,,d2c50f33c43a44abb94280706332351d,,
8e196ff9-fb6b-4bf5-ba45-2722f6a019a8,completed,crn:v1:bluemix:public:quantum-computing:us-east:a/d2c50f33c43a44abb94280706332351d:deeabf25-a0d5-4c7b-9a89-18c5ff158017::,us-east,batch,2025-07-19T01:22:27.016Z,2025-07-19T02:36:32.296Z,ibm_fez,270,Grier Jones,,d2c50f33c43a44abb94280706332351d,,
a86c115a-b618-40e2-8d53-e067a6937df2,completed,crn:v1:bluemix:public:quantum-computing:us-east:a/d2c50f33c43a44abb94280706332351d:deeabf25-a0d5-4c7b-9a89-18c5ff158017::,us-east,batch,2025-07-19T00:58:40.870Z,2025-07-19T01:07:02.537Z,ibm_fez,260,Grier Jones,,d2c50f33c43a44abb94280706332351d,,
4d791be1-0063-48da-b75e-fe909501ca1a,completed,crn:v1:bluemix:public:quantum-computing:us-east:a/d2c50f33c43a44abb94280706332351d:deeabf25-a0d5-4c7b-9a89-18c5ff158017::,us-east,batch,2025-07-19T00:58:40.856Z,2025-07-19T01:02:19.257Z,ibm_fez,195,Grier Jones,,d2c50f33c43a44abb94280706332351d,,
a926e9a4-12b5-437c-b91e-8c0bfc754b7f,completed,crn:v1:bluemix:public:quantum-computing:us-east:a/d2c50f33c43a44abb94280706332351d:deeabf25-a0d5-4c7b-9a89-18c5ff158017::,us-east,batch,2025-07-19T00:58:40.487Z,2025-07-19T01:11:40.281Z,ibm_fez,258,Grier Jones,,d2c50f33c43a44abb94280706332351d,,
093e6c70-5a42-4765-bfdf-fb1bdb21a67c,completed,crn:v1:bluemix:public:quantum-computing:us-east:a/d2c50f33c43a44abb94280706332351d:deeabf25-a0d5-4c7b-9a89-18c5ff158017::,us-east,batch,2025-07-19T00:58:40.475Z,2025-07-19T01:22:23.304Z,ibm_fez,258,Grier Jones,,d2c50f33c43a44abb94280706332351d,,
3e213247-a106-4cef-9148-d2008771027a,completed,crn:v1:bluemix:public:quantum-computing:us-east:a/d2c50f33c43a44abb94280706332351d:deeabf25-a0d5-4c7b-9a89-18c5ff158017::,us-east,batch,2025-07-19T00:58:40.464Z,2025-07-19T01:17:45.783Z,ibm_fez,258,Grier Jones,,d2c50f33c43a44abb94280706332351d,,
3967eeaa-cd00-4c55-917b-b61380478686,completed,crn:v1:bluemix:public:quantum-computing:us-east:a/d2c50f33c43a44abb94280706332351d:deeabf25-a0d5-4c7b-9a89-18c5ff158017::,us-east,batch,2025-07-19T00:33:32.111Z,2025-07-19T00:47:35.787Z,ibm_fez,263,Grier Jones,,d2c50f33c43a44abb94280706332351d,,
b15f4854-ac9b-43a6-9411-413b7326ebb9,completed,crn:v1:bluemix:public:quantum-computing:us-east:a/d2c50f33c43a44abb94280706332351d:deeabf25-a0d5-4c7b-9a89-18c5ff158017::,us-east,batch,2025-07-19T00:33:32.106Z,2025-07-19T00:42:01.098Z,ibm_fez,257,Grier Jones,,d2c50f33c43a44abb94280706332351d,,
3c67c8a4-35ea-4fda-80f7-8da5c9c59764,completed,crn:v1:bluemix:public:quantum-computing:us-east:a/d2c50f33c43a44abb94280706332351d:deeabf25-a0d5-4c7b-9a89-18c5ff158017::,us-east,batch,2025-07-19T00:33:32.012Z,2025-07-19T00:53:01.922Z,ibm_fez,260,Grier Jones,,d2c50f33c43a44abb94280706332351d,,
75c216fc-17a4-41bc-aacc-f7182663e072,completed,crn:v1:bluemix:public:quantum-computing:us-east:a/d2c50f33c43a44abb94280706332351d:deeabf25-a0d5-4c7b-9a89-18c5ff158017::,us-east,batch,2025-07-19T00:33:32.011Z,2025-07-19T00:58:39.515Z,ibm_fez,266,Grier Jones,,d2c50f33c43a44abb94280706332351d,,
7054f11e-7152-4182-93e7-efc6af94efc2,completed,crn:v1:bluemix:public:quantum-computing:us-east:a/d2c50f33c43a44abb94280706332351d:deeabf25-a0d5-4c7b-9a89-18c5ff158017::,us-east,batch,2025-07-19T00:33:32.000Z,2025-07-19T00:37:26.220Z,ibm_fez,192,Grier Jones,,d2c50f33c43a44abb94280706332351d,,
941c2125-70b7-4596-b42e-d8edafe3b01b,completed,crn:v1:bluemix:public:quantum-computing:us-east:a/d2c50f33c43a44abb94280706332351d:deeabf25-a0d5-4c7b-9a89-18c5ff158017::,us-east,batch,2025-07-19T00:08:01.729Z,2025-07-19T00:24:33.501Z,ibm_fez,258,Grier Jones,,d2c50f33c43a44abb94280706332351d,,
5a3a4472-3b6f-4c1a-b250-bbc61f1bab97,completed,crn:v1:bluemix:public:quantum-computing:us-east:a/d2c50f33c43a44abb94280706332351d:deeabf25-a0d5-4c7b-9a89-18c5ff158017::,us-east,batch,2025-07-19T00:08:01.719Z,2025-07-19T00:33:31.095Z,ibm_fez,256,Grier Jones,,d2c50f33c43a44abb94280706332351d,,
123d1c6a-7b44-4f2c-845b-43b83f479d12,completed,crn:v1:bluemix:public:quantum-computing:us-east:a/d2c50f33c43a44abb94280706332351d:deeabf25-a0d5-4c7b-9a89-18c5ff158017::,us-east,batch,2025-07-19T00:08:01.698Z,2025-07-19T00:28:45.120Z,ibm_fez,195,Grier Jones,,d2c50f33c43a44abb94280706332351d,,
b47c1e24-9b23-4ba4-925b-aa30f9e99a78,completed,crn:v1:bluemix:public:quantum-computing:us-east:a/d2c50f33c43a44abb94280706332351d:deeabf25-a0d5-4c7b-9a89-18c5ff158017::,us-east,batch,2025-07-19T00:08:01.661Z,2025-07-19T00:19:39.495Z,ibm_fez,259,Grier Jones,,d2c50f33c43a44abb94280706332351d,,
6cbdd6ab-4840-4ac6-a833-e538bc0845a1,completed,crn:v1:bluemix:public:quantum-computing:us-east:a/d2c50f33c43a44abb94280706332351d:deeabf25-a0d5-4c7b-9a89-18c5ff158017::,us-east,batch,2025-07-19T00:08:01.647Z,2025-07-19T00:13:07.323Z,ibm_fez,258,Grier Jones,,d2c50f33c43a44abb94280706332351d,,
5f33b694-6b2c-48e4-8055-879124c4f267,completed,crn:v1:bluemix:public:quantum-computing:us-east:a/d2c50f33c43a44abb94280706332351d:deeabf25-a0d5-4c7b-9a89-18c5ff158017::,us-east,batch,2025-07-18T23:39:39.336Z,2025-07-19T00:03:24.105Z,ibm_fez,193,Grier Jones,,d2c50f33c43a44abb94280706332351d,,
13a4434c-61eb-471b-b3be-176b8f7350cf,completed,crn:v1:bluemix:public:quantum-computing:us-east:a/d2c50f33c43a44abb94280706332351d:deeabf25-a0d5-4c7b-9a89-18c5ff158017::,us-east,batch,2025-07-18T23:39:39.155Z,2025-07-18T23:59:40.117Z,ibm_fez,258,Grier Jones,,d2c50f33c43a44abb94280706332351d,,
9d1eaf79-8158-424c-ba4b-ae3edefb79d2,completed,crn:v1:bluemix:public:quantum-computing:us-east:a/d2c50f33c43a44abb94280706332351d:deeabf25-a0d5-4c7b-9a89-18c5ff158017::,us-east,batch,2025-07-18T23:39:39.146Z,2025-07-18T23:54:42.055Z,ibm_fez,257,Grier Jones,,d2c50f33c43a44abb94280706332351d,,
982e3d8d-cbeb-446a-8c6c-21d93e331721,completed,crn:v1:bluemix:public:quantum-computing:us-east:a/d2c50f33c43a44abb94280706332351d:deeabf25-a0d5-4c7b-9a89-18c5ff158017::,us-east,batch,2025-07-18T23:39:38.958Z,2025-07-18T23:49:43.955Z,ibm_fez,270,Grier Jones,,d2c50f33c43a44abb94280706332351d,,
74cee788-c005-474a-bf62-2d9f65b3a7f8,completed,crn:v1:bluemix:public:quantum-computing:us-east:a/d2c50f33c43a44abb94280706332351d:deeabf25-a0d5-4c7b-9a89-18c5ff158017::,us-east,batch,2025-07-18T23:39:38.832Z,2025-07-19T00:08:00.498Z,ibm_fez,259,Grier Jones,,d2c50f33c43a44abb94280706332351d,,
cf865013-eff8-48a0-9b85-9b0f6a4f9a03,completed,crn:v1:bluemix:public:quantum-computing:us-east:a/d2c50f33c43a44abb94280706332351d:deeabf25-a0d5-4c7b-9a89-18c5ff158017::,us-east,batch,2025-07-18T20:19:43.690Z,2025-07-18T23:39:35.498Z,ibm_fez,264,Grier Jones,,d2c50f33c43a44abb94280706332351d,,
06fd0d45-7615-49fc-bb07-9ef6527ff6d3,completed,crn:v1:bluemix:public:quantum-computing:us-east:a/d2c50f33c43a44abb94280706332351d:deeabf25-a0d5-4c7b-9a89-18c5ff158017::,us-east,batch,2025-07-18T20:19:43.652Z,2025-07-18T23:19:46.575Z,ibm_fez,194,Grier Jones,,d2c50f33c43a44abb94280706332351d,,
84f27ade-8e1a-4513-add8-f43cf9b8b220,completed,crn:v1:bluemix:public:quantum-computing:us-east:a/d2c50f33c43a44abb94280706332351d:deeabf25-a0d5-4c7b-9a89-18c5ff158017::,us-east,batch,2025-07-18T20:19:43.630Z,2025-07-18T23:25:05.672Z,ibm_fez,256,Grier Jones,,d2c50f33c43a44abb94280706332351d,,
274dbd5e-67fd-4583-ace3-c82502767adf,completed,crn:v1:bluemix:public:quantum-computing:us-east:a/d2c50f33c43a44abb94280706332351d:deeabf25-a0d5-4c7b-9a89-18c5ff158017::,us-east,batch,2025-07-18T20:19:43.609Z,2025-07-18T23:15:58.192Z,ibm_fez,259,Grier Jones,,d2c50f33c43a44abb94280706332351d,,
7a3222b4-4ff0-4ace-adbc-80fd482294fd,completed,crn:v1:bluemix:public:quantum-computing:us-east:a/d2c50f33c43a44abb94280706332351d:deeabf25-a0d5-4c7b-9a89-18c5ff158017::,us-east,batch,2025-07-18T20:19:43.602Z,2025-07-18T23:31:36.785Z,ibm_fez,263,Grier Jones,,d2c50f33c43a44abb94280706332351d,,
d1ta7k4rg24s738lk5k0,completed,crn:v1:bluemix:public:quantum-computing:us-east:a/d2c50f33c43a44abb94280706332351d:deeabf25-a0d5-4c7b-9a89-18c5ff158017::,us-east,job,2025-07-18T19:43:12.842Z,2025-07-18T19:43:19.294Z,ibm_sherbrooke,4,Grier Jones,,d2c50f33c43a44abb94280706332351d,,
d1ta6p0kchbs73c7mbm0,completed,crn:v1:bluemix:public:quantum-computing:us-east:a/d2c50f33c43a44abb94280706332351d:deeabf25-a0d5-4c7b-9a89-18c5ff158017::,us-east,job,2025-07-18T19:41:24.657Z,2025-07-18T19:41:31.158Z,ibm_sherbrooke,4,Grier Jones,,d2c50f33c43a44abb94280706332351d,,
e285ffbf-d7c3-49ec-a4af-955001f68df6,completed,crn:v1:bluemix:public:quantum-computing:us-east:a/d2c50f33c43a44abb94280706332351d:deeabf25-a0d5-4c7b-9a89-18c5ff158017::,us-east,batch,2025-07-18T05:39:16.851Z,2025-07-18T16:30:12.404Z,ibm_fez,268,Grier Jones,,d2c50f33c43a44abb94280706332351d,,
9c071f55-336e-48b5-87dd-6557482a0490,completed,crn:v1:bluemix:public:quantum-computing:us-east:a/d2c50f33c43a44abb94280706332351d:deeabf25-a0d5-4c7b-9a89-18c5ff158017::,us-east,batch,2025-07-18T05:39:14.823Z,2025-07-18T07:01:28.926Z,ibm_fez,265,Grier Jones,,d2c50f33c43a44abb94280706332351d,,
e1afb466-5a31-4fc7-a2d3-97fbfe5881c6,completed,crn:v1:bluemix:public:quantum-computing:us-east:a/d2c50f33c43a44abb94280706332351d:deeabf25-a0d5-4c7b-9a89-18c5ff158017::,us-east,batch,2025-07-18T05:39:14.810Z,2025-07-18T20:19:38.076Z,ibm_fez,195,Grier Jones,,d2c50f33c43a44abb94280706332351d,,
e51af8b0-7eaa-4b46-a849-1ed27ef52b22,completed,crn:v1:bluemix:public:quantum-computing:us-east:a/d2c50f33c43a44abb94280706332351d:deeabf25-a0d5-4c7b-9a89-18c5ff158017::,us-east,batch,2025-07-18T05:39:14.754Z,2025-07-18T20:03:44.339Z,ibm_fez,260,Grier Jones,,d2c50f33c43a44abb94280706332351d,,
8e537ead-6368-4e99-a423-35f3e1b4c5ab,completed,crn:v1:bluemix:public:quantum-computing:us-east:a/d2c50f33c43a44abb94280706332351d:deeabf25-a0d5-4c7b-9a89-18c5ff158017::,us-east,batch,2025-07-18T05:39:14.710Z,2025-07-18T06:47:30.986Z,ibm_fez,270,Grier Jones,,d2c50f33c43a44abb94280706332351d,,
569a946a-ceef-463b-afa3-13cf04c9aa06,completed,crn:v1:bluemix:public:quantum-computing:us-east:a/d2c50f33c43a44abb94280706332351d:deeabf25-a0d5-4c7b-9a89-18c5ff158017::,us-east,batch,2025-07-18T03:45:21.282Z,2025-07-18T05:13:59.609Z,ibm_fez,263,Grier Jones,,d2c50f33c43a44abb94280706332351d,,
8556c635-1f53-4c59-8a48-625d46b1d32a,completed,crn:v1:bluemix:public:quantum-computing:us-east:a/d2c50f33c43a44abb94280706332351d:deeabf25-a0d5-4c7b-9a89-18c5ff158017::,us-east,batch,2025-07-18T03:45:21.159Z,2025-07-18T05:39:13.806Z,ibm_fez,269,Grier Jones,,d2c50f33c43a44abb94280706332351d,,
f8068137-6a8c-40fc-9885-b1a0a273740b,completed,crn:v1:bluemix:public:quantum-computing:us-east:a/d2c50f33c43a44abb94280706332351d:deeabf25-a0d5-4c7b-9a89-18c5ff158017::,us-east,batch,2025-07-18T03:45:21.116Z,2025-07-18T05:25:09.818Z,ibm_fez,199,Grier Jones,,d2c50f33c43a44abb94280706332351d,,
4adf0a4c-4c28-4e91-878f-5b4715a0359a,completed,crn:v1:bluemix:public:quantum-computing:us-east:a/d2c50f33c43a44abb94280706332351d:deeabf25-a0d5-4c7b-9a89-18c5ff158017::,us-east,batch,2025-07-18T03:45:21.104Z,2025-07-18T05:21:00.515Z,ibm_fez,272,Grier Jones,,d2c50f33c43a44abb94280706332351d,,
b814ed9e-820d-43c0-8f68-dca4c4d426bf,completed,crn:v1:bluemix:public:quantum-computing:us-east:a/d2c50f33c43a44abb94280706332351d:deeabf25-a0d5-4c7b-9a89-18c5ff158017::,us-east,batch,2025-07-18T03:45:21.092Z,2025-07-18T03:57:24.589Z,ibm_fez,258,Grier Jones,,d2c50f33c43a44abb94280706332351d,,
fcbc3098-f732-4684-a466-cb4fd7a857c2,completed,crn:v1:bluemix:public:quantum-computing:us-east:a/d2c50f33c43a44abb94280706332351d:deeabf25-a0d5-4c7b-9a89-18c5ff158017::,us-east,batch,2025-07-18T02:14:40.209Z,2025-07-18T03:31:23.935Z,ibm_fez,265,Grier Jones,,d2c50f33c43a44abb94280706332351d,,
11b1b0e7-48bb-4ca4-8c63-6e23f5bdc31b,completed,crn:v1:bluemix:public:quantum-computing:us-east:a/d2c50f33c43a44abb94280706332351d:deeabf25-a0d5-4c7b-9a89-18c5ff158017::,us-east,batch,2025-07-18T02:14:40.188Z,2025-07-18T03:23:32.452Z,ibm_fez,263,Grier Jones,,d2c50f33c43a44abb94280706332351d,,
26d3701d-7d95-4b7f-8948-06562624db09,completed,crn:v1:bluemix:public:quantum-computing:us-east:a/d2c50f33c43a44abb94280706332351d:deeabf25-a0d5-4c7b-9a89-18c5ff158017::,us-east,batch,2025-07-18T02:14:40.174Z,2025-07-18T02:26:24.500Z,ibm_fez,265,Grier Jones,,d2c50f33c43a44abb94280706332351d,,
75c22b16-0a4b-4d26-ad84-a4b29d883520,completed,crn:v1:bluemix:public:quantum-computing:us-east:a/d2c50f33c43a44abb94280706332351d:deeabf25-a0d5-4c7b-9a89-18c5ff158017::,us-east,batch,2025-07-18T02:14:40.174Z,2025-07-18T03:45:19.177Z,ibm_fez,276,Grier Jones,,d2c50f33c43a44abb94280706332351d,,
6f9d3795-f550-46ea-8dbd-0a680f1b2046,completed,crn:v1:bluemix:public:quantum-computing:us-east:a/d2c50f33c43a44abb94280706332351d:deeabf25-a0d5-4c7b-9a89-18c5ff158017::,us-east,batch,2025-07-18T02:14:40.160Z,2025-07-18T02:39:10.840Z,ibm_fez,199,Grier Jones,,d2c50f33c43a44abb94280706332351d,,
b5806b2f-878c-4254-bb9c-e662d1dac7a4,completed,crn:v1:bluemix:public:quantum-computing:us-east:a/d2c50f33c43a44abb94280706332351d:deeabf25-a0d5-4c7b-9a89-18c5ff158017::,us-east,batch,2025-07-18T01:32:34.689Z,2025-07-18T01:49:35.511Z,ibm_fez,260,Grier Jones,,d2c50f33c43a44abb94280706332351d,,
e77484bd-b452-4253-8822-012c67952f7d,completed,crn:v1:bluemix:public:quantum-computing:us-east:a/d2c50f33c43a44abb94280706332351d:deeabf25-a0d5-4c7b-9a89-18c5ff158017::,us-east,batch,2025-07-18T01:32:33.760Z,2025-07-18T02:14:37.933Z,ibm_fez,259,Grier Jones,,d2c50f33c43a44abb94280706332351d,,
39e78360-80ff-4557-97a7-3712c3d95d6c,completed,crn:v1:bluemix:public:quantum-computing:us-east:a/d2c50f33c43a44abb94280706332351d:deeabf25-a0d5-4c7b-9a89-18c5ff158017::,us-east,batch,2025-07-18T01:32:33.744Z,2025-07-18T02:06:13.580Z,ibm_fez,195,Grier Jones,,d2c50f33c43a44abb94280706332351d,,
e15df053-e8aa-4bbc-94fd-df60b1318366,completed,crn:v1:bluemix:public:quantum-computing:us-east:a/d2c50f33c43a44abb94280706332351d:deeabf25-a0d5-4c7b-9a89-18c5ff158017::,us-east,batch,2025-07-18T01:32:33.732Z,2025-07-18T01:39:43.173Z,ibm_fez,257,Grier Jones,,d2c50f33c43a44abb94280706332351d,,
4beddaa2-b6d1-453f-8176-35e008470e5a,completed,crn:v1:bluemix:public:quantum-computing:us-east:a/d2c50f33c43a44abb94280706332351d:deeabf25-a0d5-4c7b-9a89-18c5ff158017::,us-east,batch,2025-07-18T01:32:33.717Z,2025-07-18T01:56:44.548Z,ibm_fez,260,Grier Jones,,d2c50f33c43a44abb94280706332351d,,
dcd63331-0afd-47d7-a148-5c0e4b00dc38,completed,crn:v1:bluemix:public:quantum-computing:us-east:a/d2c50f33c43a44abb94280706332351d:deeabf25-a0d5-4c7b-9a89-18c5ff158017::,us-east,batch,2025-07-18T00:42:31.718Z,2025-07-18T01:14:07.864Z,ibm_fez,272,Grier Jones,,d2c50f33c43a44abb94280706332351d,,
362405b2-4a2e-4126-81ea-2b0db4839a20,completed,crn:v1:bluemix:public:quantum-computing:us-east:a/d2c50f33c43a44abb94280706332351d:deeabf25-a0d5-4c7b-9a89-18c5ff158017::,us-east,batch,2025-07-18T00:42:31.713Z,2025-07-18T01:32:31.893Z,ibm_fez,264,Grier Jones,,d2c50f33c43a44abb94280706332351d,,
4e786f03-88ba-45d3-975d-3eedf1518825,completed,crn:v1:bluemix:public:quantum-computing:us-east:a/d2c50f33c43a44abb94280706332351d:deeabf25-a0d5-4c7b-9a89-18c5ff158017::,us-east,batch,2025-07-18T00:42:31.704Z,2025-07-18T00:59:43.729Z,ibm_fez,199,Grier Jones,,d2c50f33c43a44abb94280706332351d,,
f2a2f947-8748-4fa6-a70c-d718237fd899,completed,crn:v1:bluemix:public:quantum-computing:us-east:a/d2c50f33c43a44abb94280706332351d:deeabf25-a0d5-4c7b-9a89-18c5ff158017::,us-east,batch,2025-07-18T00:42:31.695Z,2025-07-18T01:25:17.323Z,ibm_fez,261,Grier Jones,,d2c50f33c43a44abb94280706332351d,,
d4dd5942-6e43-4741-b3c6-b240bc5edf0a,completed,crn:v1:bluemix:public:quantum-computing:us-east:a/d2c50f33c43a44abb94280706332351d:deeabf25-a0d5-4c7b-9a89-18c5ff158017::,us-east,batch,2025-07-18T00:42:31.691Z,2025-07-18T00:47:15.047Z,ibm_fez,260,Grier Jones,,d2c50f33c43a44abb94280706332351d,,
b2fddfda-8c4e-4c87-ba83-5318a631a759,completed,crn:v1:bluemix:public:quantum-computing:us-east:a/d2c50f33c43a44abb94280706332351d:deeabf25-a0d5-4c7b-9a89-18c5ff158017::,us-east,batch,2025-07-17T23:09:56.585Z,2025-07-18T00:09:12.801Z,ibm_fez,205,Grier Jones,,d2c50f33c43a44abb94280706332351d,,
fa2fc8d5-2b91-4232-9cd0-904ba7bdaf33,completed,crn:v1:bluemix:public:quantum-computing:us-east:a/d2c50f33c43a44abb94280706332351d:deeabf25-a0d5-4c7b-9a89-18c5ff158017::,us-east,batch,2025-07-17T23:09:56.585Z,2025-07-17T23:55:22.692Z,ibm_fez,268,Grier Jones,,d2c50f33c43a44abb94280706332351d,,
c5648684-6acd-482d-878a-cdee225bdaf7,completed,crn:v1:bluemix:public:quantum-computing:us-east:a/d2c50f33c43a44abb94280706332351d:deeabf25-a0d5-4c7b-9a89-18c5ff158017::,us-east,batch,2025-07-17T23:09:56.579Z,2025-07-18T00:34:13.638Z,ibm_fez,265,Grier Jones,,d2c50f33c43a44abb94280706332351d,,
8299be8e-f972-4ef1-afa1-1cbbea760273,completed,crn:v1:bluemix:public:quantum-computing:us-east:a/d2c50f33c43a44abb94280706332351d:deeabf25-a0d5-4c7b-9a89-18c5ff158017::,us-east,batch,2025-07-17T23:09:56.545Z,2025-07-18T00:42:29.589Z,ibm_fez,267,Grier Jones,,d2c50f33c43a44abb94280706332351d,,
0eceafa8-5f8d-423f-a048-069dbf96e3c9,completed,crn:v1:bluemix:public:quantum-computing:us-east:a/d2c50f33c43a44abb94280706332351d:deeabf25-a0d5-4c7b-9a89-18c5ff158017::,us-east,batch,2025-07-17T23:09:56.533Z,2025-07-17T23:32:34.340Z,ibm_fez,267,Grier Jones,,d2c50f33c43a44abb94280706332351d,,
10dedaeb-3aea-4e48-85ad-aabb1adf9779,completed,crn:v1:bluemix:public:quantum-computing:us-east:a/d2c50f33c43a44abb94280706332351d:deeabf25-a0d5-4c7b-9a89-18c5ff158017::,us-east,batch,2025-07-17T21:55:42.295Z,2025-07-17T22:52:27.423Z,ibm_fez,260,Grier Jones,,d2c50f33c43a44abb94280706332351d,,
42c5d435-43d7-4862-8e02-382768ee1d0f,completed,crn:v1:bluemix:public:quantum-computing:us-east:a/d2c50f33c43a44abb94280706332351d:deeabf25-a0d5-4c7b-9a89-18c5ff158017::,us-east,batch,2025-07-17T21:55:42.069Z,2025-07-17T22:19:22.518Z,ibm_fez,195,Grier Jones,,d2c50f33c43a44abb94280706332351d,,
c2309a12-9d9f-4c2d-8474-278e72e9cd5b,completed,crn:v1:bluemix:public:quantum-computing:us-east:a/d2c50f33c43a44abb94280706332351d:deeabf25-a0d5-4c7b-9a89-18c5ff158017::,us-east,batch,2025-07-17T21:55:42.068Z,2025-07-17T22:27:26.889Z,ibm_fez,257,Grier Jones,,d2c50f33c43a44abb94280706332351d,,
2daa6eae-a488-4916-b3ad-76e408c25533,completed,crn:v1:bluemix:public:quantum-computing:us-east:a/d2c50f33c43a44abb94280706332351d:deeabf25-a0d5-4c7b-9a89-18c5ff158017::,us-east,batch,2025-07-17T21:55:42.059Z,2025-07-17T23:09:53.928Z,ibm_fez,264,Grier Jones,,d2c50f33c43a44abb94280706332351d,,
7faafdc0-41af-41fd-bc05-2260d93e6954,completed,crn:v1:bluemix:public:quantum-computing:us-east:a/d2c50f33c43a44abb94280706332351d:deeabf25-a0d5-4c7b-9a89-18c5ff158017::,us-east,batch,2025-07-17T21:55:42.005Z,2025-07-17T22:59:37.538Z,ibm_fez,259,Grier Jones,,d2c50f33c43a44abb94280706332351d,,
d1sh6d4sjopc73eu43o0,completed,crn:v1:bluemix:public:quantum-computing:us-east:a/d2c50f33c43a44abb94280706332351d:deeabf25-a0d5-4c7b-9a89-18c5ff158017::,us-east,job,2025-07-17T15:13:56.639Z,2025-07-17T15:14:02.872Z,ibm_sherbrooke,4,Grier Jones,,d2c50f33c43a44abb94280706332351d,,
f9315077-95aa-4fcd-937b-b13756951f53,completed,crn:v1:bluemix:public:quantum-computing:us-east:a/d2c50f33c43a44abb94280706332351d:deeabf25-a0d5-4c7b-9a89-18c5ff158017::,us-east,batch,2025-07-17T01:59:17.539Z,2025-07-17T04:02:05.126Z,ibm_fez,258,Grier Jones,,d2c50f33c43a44abb94280706332351d,,
2c9206a8-52a5-4920-83a3-643899180515,completed,crn:v1:bluemix:public:quantum-computing:us-east:a/d2c50f33c43a44abb94280706332351d:deeabf25-a0d5-4c7b-9a89-18c5ff158017::,us-east,batch,2025-07-17T01:59:17.408Z,2025-07-17T03:52:26.339Z,ibm_fez,260,Grier Jones,,d2c50f33c43a44abb94280706332351d,,
7fda6163-0d8e-412e-8be0-a05cd19a34df,completed,crn:v1:bluemix:public:quantum-computing:us-east:a/d2c50f33c43a44abb94280706332351d:deeabf25-a0d5-4c7b-9a89-18c5ff158017::,us-east,batch,2025-07-17T01:59:17.406Z,2025-07-17T21:55:38.819Z,ibm_fez,260,Grier Jones,,d2c50f33c43a44abb94280706332351d,,
edf2d4df-4367-46f8-b0e4-2d48bbb747dd,completed,crn:v1:bluemix:public:quantum-computing:us-east:a/d2c50f33c43a44abb94280706332351d:deeabf25-a0d5-4c7b-9a89-18c5ff158017::,us-east,batch,2025-07-17T01:59:17.405Z,2025-07-17T02:45:40.233Z,ibm_fez,258,Grier Jones,,d2c50f33c43a44abb94280706332351d,,
2c55cccc-6123-4285-a3a4-174d30d62213,completed,crn:v1:bluemix:public:quantum-computing:us-east:a/d2c50f33c43a44abb94280706332351d:deeabf25-a0d5-4c7b-9a89-18c5ff158017::,us-east,batch,2025-07-17T01:59:17.212Z,2025-07-17T02:10:29.234Z,ibm_fez,212,Grier Jones,,d2c50f33c43a44abb94280706332351d,,
d7c5e0b7-b058-4d0c-b91f-9fa041a850e3,completed,crn:v1:bluemix:public:quantum-computing:us-east:a/d2c50f33c43a44abb94280706332351d:deeabf25-a0d5-4c7b-9a89-18c5ff158017::,us-east,batch,2025-07-17T00:06:23.917Z,2025-07-17T00:55:21.697Z,ibm_fez,272,Grier Jones,,d2c50f33c43a44abb94280706332351d,,
1b2d9d10-8a99-4c11-b7e0-366207afd52e,completed,crn:v1:bluemix:public:quantum-computing:us-east:a/d2c50f33c43a44abb94280706332351d:deeabf25-a0d5-4c7b-9a89-18c5ff158017::,us-east,batch,2025-07-17T00:06:23.875Z,2025-07-17T00:15:33.416Z,ibm_fez,273,Grier Jones,,d2c50f33c43a44abb94280706332351d,,
e9cf21ae-e453-4671-90cd-f81088cf4e18,completed,crn:v1:bluemix:public:quantum-computing:us-east:a/d2c50f33c43a44abb94280706332351d:deeabf25-a0d5-4c7b-9a89-18c5ff158017::,us-east,batch,2025-07-17T00:06:23.871Z,2025-07-17T01:10:35.710Z,ibm_fez,279,Grier Jones,,d2c50f33c43a44abb94280706332351d,,
2debdcce-365d-4f29-88be-6e3f01edbe26,completed,crn:v1:bluemix:public:quantum-computing:us-east:a/d2c50f33c43a44abb94280706332351d:deeabf25-a0d5-4c7b-9a89-18c5ff158017::,us-east,batch,2025-07-17T00:06:23.784Z,2025-07-17T01:59:15.678Z,ibm_fez,268,Grier Jones,,d2c50f33c43a44abb94280706332351d,,
88870c99-6c2b-4054-a920-afbeca982bce,completed,crn:v1:bluemix:public:quantum-computing:us-east:a/d2c50f33c43a44abb94280706332351d:deeabf25-a0d5-4c7b-9a89-18c5ff158017::,us-east,batch,2025-07-17T00:06:23.772Z,2025-07-17T01:53:01.252Z,ibm_fez,204,Grier Jones,,d2c50f33c43a44abb94280706332351d,,
7e1dde71-1cf7-4888-9eee-abfead388df4,completed,crn:v1:bluemix:public:quantum-computing:us-east:a/d2c50f33c43a44abb94280706332351d:deeabf25-a0d5-4c7b-9a89-18c5ff158017::,us-east,batch,2025-07-16T20:59:02.173Z,2025-07-16T22:02:12.955Z,ibm_fez,194,Grier Jones,,d2c50f33c43a44abb94280706332351d,,
d1ed2f77-92de-4394-b012-af0a30aa80cc,completed,crn:v1:bluemix:public:quantum-computing:us-east:a/d2c50f33c43a44abb94280706332351d:deeabf25-a0d5-4c7b-9a89-18c5ff158017::,us-east,batch,2025-07-16T20:59:02.155Z,2025-07-16T21:04:25.381Z,ibm_fez,260,Grier Jones,,d2c50f33c43a44abb94280706332351d,,
83c1e275-8272-40ce-ad49-f0ef20c88aa1,completed,crn:v1:bluemix:public:quantum-computing:us-east:a/d2c50f33c43a44abb94280706332351d:deeabf25-a0d5-4c7b-9a89-18c5ff158017::,us-east,batch,2025-07-16T20:59:02.154Z,2025-07-16T22:49:42.343Z,ibm_fez,264,Grier Jones,,d2c50f33c43a44abb94280706332351d,,
8f64c5ef-d86c-450d-ab42-9d0903a926bb,completed,crn:v1:bluemix:public:quantum-computing:us-east:a/d2c50f33c43a44abb94280706332351d:deeabf25-a0d5-4c7b-9a89-18c5ff158017::,us-east,batch,2025-07-16T20:59:02.150Z,2025-07-17T00:06:22.858Z,ibm_fez,272,Grier Jones,,d2c50f33c43a44abb94280706332351d,,
5e810718-8778-4e95-a281-2b94fa2a09e0,completed,crn:v1:bluemix:public:quantum-computing:us-east:a/d2c50f33c43a44abb94280706332351d:deeabf25-a0d5-4c7b-9a89-18c5ff158017::,us-east,batch,2025-07-16T20:59:02.061Z,2025-07-16T23:59:13.277Z,ibm_fez,276,Grier Jones,,d2c50f33c43a44abb94280706332351d,,
99178061-6e5b-452f-bfc3-c98d397f210d,completed,crn:v1:bluemix:public:quantum-computing:us-east:a/d2c50f33c43a44abb94280706332351d:deeabf25-a0d5-4c7b-9a89-18c5ff158017::,us-east,batch,2025-07-16T18:09:22.332Z,2025-07-16T20:58:58.436Z,ibm_fez,259,Grier Jones,,d2c50f33c43a44abb94280706332351d,,
baad6254-d21f-4344-95b0-8283c82df27b,completed,crn:v1:bluemix:public:quantum-computing:us-east:a/d2c50f33c43a44abb94280706332351d:deeabf25-a0d5-4c7b-9a89-18c5ff158017::,us-east,batch,2025-07-16T18:09:22.323Z,2025-07-16T20:44:52.981Z,ibm_fez,195,Grier Jones,,d2c50f33c43a44abb94280706332351d,,
298d1bbf-1019-4e0e-8a39-b8f9282c8273,completed,crn:v1:bluemix:public:quantum-computing:us-east:a/d2c50f33c43a44abb94280706332351d:deeabf25-a0d5-4c7b-9a89-18c5ff158017::,us-east,batch,2025-07-16T18:09:22.189Z,2025-07-16T18:42:36.572Z,ibm_fez,266,Grier Jones,,d2c50f33c43a44abb94280706332351d,,
0f5bf875-90a8-42a7-8d06-aa9a132d768f,completed,crn:v1:bluemix:public:quantum-computing:us-east:a/d2c50f33c43a44abb94280706332351d:deeabf25-a0d5-4c7b-9a89-18c5ff158017::,us-east,batch,2025-07-16T18:09:22.032Z,2025-07-16T20:54:32.487Z,ibm_fez,269,Grier Jones,,d2c50f33c43a44abb94280706332351d,,
04d97ca9-eaad-4ae5-8a25-984de5fd16fc,completed,crn:v1:bluemix:public:quantum-computing:us-east:a/d2c50f33c43a44abb94280706332351d:deeabf25-a0d5-4c7b-9a89-18c5ff158017::,us-east,batch,2025-07-16T18:09:22.030Z,2025-07-16T20:38:48.634Z,ibm_fez,260,Grier Jones,,d2c50f33c43a44abb94280706332351d,,
d0b43f4b-a05d-4ecc-9f96-50301d7b7add,completed,crn:v1:bluemix:public:quantum-computing:us-east:a/d2c50f33c43a44abb94280706332351d:deeabf25-a0d5-4c7b-9a89-18c5ff158017::,us-east,batch,2025-07-16T17:07:30.281Z,2025-07-16T17:20:52.529Z,ibm_fez,256,Grier Jones,,d2c50f33c43a44abb94280706332351d,,
a9541e15-bc14-4f0f-8c64-843041832b1d,completed,crn:v1:bluemix:public:quantum-computing:us-east:a/d2c50f33c43a44abb94280706332351d:deeabf25-a0d5-4c7b-9a89-18c5ff158017::,us-east,batch,2025-07-16T17:07:29.661Z,2025-07-16T18:09:15.278Z,ibm_fez,214,Grier Jones,,d2c50f33c43a44abb94280706332351d,,
97c34268-6295-4f51-9e9e-54e3ee455842,completed,crn:v1:bluemix:public:quantum-computing:us-east:a/d2c50f33c43a44abb94280706332351d:deeabf25-a0d5-4c7b-9a89-18c5ff158017::,us-east,batch,2025-07-16T17:07:29.231Z,2025-07-16T17:16:27.371Z,ibm_fez,258,Grier Jones,,d2c50f33c43a44abb94280706332351d,,
af7d3d25-1e5f-4d39-bde9-752a0dcd56e5,completed,crn:v1:bluemix:public:quantum-computing:us-east:a/d2c50f33c43a44abb94280706332351d:deeabf25-a0d5-4c7b-9a89-18c5ff158017::,us-east,batch,2025-07-16T17:07:29.221Z,2025-07-16T17:12:01.359Z,ibm_fez,256,Grier Jones,,d2c50f33c43a44abb94280706332351d,,
6fdc44a2-37da-4a3a-a4b1-7e3701f307a1,completed,crn:v1:bluemix:public:quantum-computing:us-east:a/d2c50f33c43a44abb94280706332351d:deeabf25-a0d5-4c7b-9a89-18c5ff158017::,us-east,batch,2025-07-16T17:07:29.219Z,2025-07-16T17:35:17.102Z,ibm_fez,272,Grier Jones,,d2c50f33c43a44abb94280706332351d,,
f0212edf-2c7c-45cc-8c25-d3fb174fdba0,completed,crn:v1:bluemix:public:quantum-computing:us-east:a/d2c50f33c43a44abb94280706332351d:deeabf25-a0d5-4c7b-9a89-18c5ff158017::,us-east,batch,2025-07-16T16:32:48.502Z,2025-07-16T16:38:42.218Z,ibm_fez,263,Grier Jones,,d2c50f33c43a44abb94280706332351d,,
da794a82-57ae-49bb-b88c-47aade9afff8,completed,crn:v1:bluemix:public:quantum-computing:us-east:a/d2c50f33c43a44abb94280706332351d:deeabf25-a0d5-4c7b-9a89-18c5ff158017::,us-east,batch,2025-07-16T16:32:48.479Z,2025-07-16T17:02:52.969Z,ibm_fez,259,Grier Jones,,d2c50f33c43a44abb94280706332351d,,
144c6558-5840-49aa-8eef-9ce4eaea91d3,completed,crn:v1:bluemix:public:quantum-computing:us-east:a/d2c50f33c43a44abb94280706332351d:deeabf25-a0d5-4c7b-9a89-18c5ff158017::,us-east,batch,2025-07-16T16:32:47.996Z,2025-07-16T16:42:07.356Z,ibm_fez,192,Grier Jones,,d2c50f33c43a44abb94280706332351d,,
b6b0f141-bf09-4284-9393-566255387e89,completed,crn:v1:bluemix:public:quantum-computing:us-east:a/d2c50f33c43a44abb94280706332351d:deeabf25-a0d5-4c7b-9a89-18c5ff158017::,us-east,batch,2025-07-16T16:32:47.988Z,2025-07-16T16:46:35.095Z,ibm_fez,256,Grier Jones,,d2c50f33c43a44abb94280706332351d,,
a3bb61f7-6362-465f-b69d-ff4b508a8a2e,completed,crn:v1:bluemix:public:quantum-computing:us-east:a/d2c50f33c43a44abb94280706332351d:deeabf25-a0d5-4c7b-9a89-18c5ff158017::,us-east,batch,2025-07-16T16:32:47.953Z,2025-07-16T17:07:24.741Z,ibm_fez,258,Grier Jones,,d2c50f33c43a44abb94280706332351d,,
75a860dc-f0d1-4555-ad44-b380847e6e43,completed,crn:v1:bluemix:public:quantum-computing:us-east:a/d2c50f33c43a44abb94280706332351d:deeabf25-a0d5-4c7b-9a89-18c5ff158017::,us-east,batch,2025-07-16T16:06:19.445Z,2025-07-16T16:11:07.206Z,ibm_fez,195,Grier Jones,,d2c50f33c43a44abb94280706332351d,,
81d2116c-1a39-47b1-8c9e-e992cee03b61,completed,crn:v1:bluemix:public:quantum-computing:us-east:a/d2c50f33c43a44abb94280706332351d:deeabf25-a0d5-4c7b-9a89-18c5ff158017::,us-east,batch,2025-07-16T16:06:19.404Z,2025-07-16T16:16:20.939Z,ibm_fez,264,Grier Jones,,d2c50f33c43a44abb94280706332351d,,
2b13f5f7-f7a5-4f21-ac1e-dd6f049b0d46,completed,crn:v1:bluemix:public:quantum-computing:us-east:a/d2c50f33c43a44abb94280706332351d:deeabf25-a0d5-4c7b-9a89-18c5ff158017::,us-east,batch,2025-07-16T16:06:19.399Z,2025-07-16T16:32:46.820Z,ibm_fez,258,Grier Jones,,d2c50f33c43a44abb94280706332351d,,
a06abad6-b136-44d9-858b-b89b756eeff2,completed,crn:v1:bluemix:public:quantum-computing:us-east:a/d2c50f33c43a44abb94280706332351d:deeabf25-a0d5-4c7b-9a89-18c5ff158017::,us-east,batch,2025-07-16T16:06:19.357Z,2025-07-16T16:28:21.234Z,ibm_fez,263,Grier Jones,,d2c50f33c43a44abb94280706332351d,,
f153519f-2bdd-4a80-8614-883761f86304,completed,crn:v1:bluemix:public:quantum-computing:us-east:a/d2c50f33c43a44abb94280706332351d:deeabf25-a0d5-4c7b-9a89-18c5ff158017::,us-east,batch,2025-07-16T16:06:19.352Z,2025-07-16T16:21:27.625Z,ibm_fez,264,Grier Jones,,d2c50f33c43a44abb94280706332351d,,
2ef96740-b143-4fbe-995a-e253c3881f22,completed,crn:v1:bluemix:public:quantum-computing:us-east:a/d2c50f33c43a44abb94280706332351d:deeabf25-a0d5-4c7b-9a89-18c5ff158017::,us-east,batch,2025-07-16T11:52:56.599Z,2025-07-16T13:59:48.911Z,ibm_fez,272,Grier Jones,,d2c50f33c43a44abb94280706332351d,,
00764d06-7baf-48ba-b10d-4aebb5d3944b,completed,crn:v1:bluemix:public:quantum-computing:us-east:a/d2c50f33c43a44abb94280706332351d:deeabf25-a0d5-4c7b-9a89-18c5ff158017::,us-east,batch,2025-07-16T11:52:56.596Z,2025-07-16T15:05:44.780Z,ibm_fez,262,Grier Jones,,d2c50f33c43a44abb94280706332351d,,
33ad9712-a87d-4b23-adfa-ea8001e8393a,completed,crn:v1:bluemix:public:quantum-computing:us-east:a/d2c50f33c43a44abb94280706332351d:deeabf25-a0d5-4c7b-9a89-18c5ff158017::,us-east,batch,2025-07-16T11:52:55.922Z,2025-07-16T15:00:14.815Z,ibm_fez,195,Grier Jones,,d2c50f33c43a44abb94280706332351d,,
ce863b4a-3648-4ebe-a50f-6932fa58fbee,completed,crn:v1:bluemix:public:quantum-computing:us-east:a/d2c50f33c43a44abb94280706332351d:deeabf25-a0d5-4c7b-9a89-18c5ff158017::,us-east,batch,2025-07-16T11:52:55.918Z,2025-07-16T16:06:18.496Z,ibm_fez,260,Grier Jones,,d2c50f33c43a44abb94280706332351d,,
9a6db62b-643f-405e-9de3-135c46e93731,completed,crn:v1:bluemix:public:quantum-computing:us-east:a/d2c50f33c43a44abb94280706332351d:deeabf25-a0d5-4c7b-9a89-18c5ff158017::,us-east,batch,2025-07-16T11:52:55.689Z,2025-07-16T11:59:01.972Z,ibm_fez,263,Grier Jones,,d2c50f33c43a44abb94280706332351d,,
9d235cc6-2387-46e9-bd2f-8c56b17a9981,completed,crn:v1:bluemix:public:quantum-computing:us-east:a/d2c50f33c43a44abb94280706332351d:deeabf25-a0d5-4c7b-9a89-18c5ff158017::,us-east,batch,2025-07-16T11:28:42.596Z,2025-07-16T11:34:06.538Z,ibm_fez,259,Grier Jones,,d2c50f33c43a44abb94280706332351d,,
ece44bb4-65df-4111-a6cc-3c4ed545b649,completed,crn:v1:bluemix:public:quantum-computing:us-east:a/d2c50f33c43a44abb94280706332351d:deeabf25-a0d5-4c7b-9a89-18c5ff158017::,us-east,batch,2025-07-16T11:28:42.569Z,2025-07-16T11:52:53.587Z,ibm_fez,269,Grier Jones,,d2c50f33c43a44abb94280706332351d,,
c43d50c7-d632-4d35-8f53-6504215b275d,completed,crn:v1:bluemix:public:quantum-computing:us-east:a/d2c50f33c43a44abb94280706332351d:deeabf25-a0d5-4c7b-9a89-18c5ff158017::,us-east,batch,2025-07-16T11:28:42.516Z,2025-07-16T11:43:09.748Z,ibm_fez,258,Grier Jones,,d2c50f33c43a44abb94280706332351d,,
f1540ede-f18e-4e05-941d-1c0bb9812a45,completed,crn:v1:bluemix:public:quantum-computing:us-east:a/d2c50f33c43a44abb94280706332351d:deeabf25-a0d5-4c7b-9a89-18c5ff158017::,us-east,batch,2025-07-16T11:28:42.498Z,2025-07-16T11:46:38.061Z,ibm_fez,195,Grier Jones,,d2c50f33c43a44abb94280706332351d,,
8cfa85d3-45da-4bd1-85cf-dc82b06b7242,completed,crn:v1:bluemix:public:quantum-computing:us-east:a/d2c50f33c43a44abb94280706332351d:deeabf25-a0d5-4c7b-9a89-18c5ff158017::,us-east,batch,2025-07-16T11:28:42.465Z,2025-07-16T11:38:38.367Z,ibm_fez,259,Grier Jones,,d2c50f33c43a44abb94280706332351d,,
37ead1ee-90f0-4a6e-a62c-c2006586f43a,completed,crn:v1:bluemix:public:quantum-computing:us-east:a/d2c50f33c43a44abb94280706332351d:deeabf25-a0d5-4c7b-9a89-18c5ff158017::,us-east,batch,2025-07-16T11:05:44.570Z,2025-07-16T11:10:19.199Z,ibm_fez,260,Grier Jones,,d2c50f33c43a44abb94280706332351d,,
22a81612-5e81-42c8-8cef-1ba12bce5271,completed,crn:v1:bluemix:public:quantum-computing:us-east:a/d2c50f33c43a44abb94280706332351d:deeabf25-a0d5-4c7b-9a89-18c5ff158017::,us-east,batch,2025-07-16T11:05:44.570Z,2025-07-16T11:28:41.655Z,ibm_fez,257,Grier Jones,,d2c50f33c43a44abb94280706332351d,,
5d15b56c-409e-43e5-a8d8-e599e32f0e71,completed,crn:v1:bluemix:public:quantum-computing:us-east:a/d2c50f33c43a44abb94280706332351d:deeabf25-a0d5-4c7b-9a89-18c5ff158017::,us-east,batch,2025-07-16T11:05:44.561Z,2025-07-16T11:20:37.922Z,ibm_fez,265,Grier Jones,,d2c50f33c43a44abb94280706332351d,,
2b150207-4135-4e41-89a7-563c001a883a,completed,crn:v1:bluemix:public:quantum-computing:us-east:a/d2c50f33c43a44abb94280706332351d:deeabf25-a0d5-4c7b-9a89-18c5ff158017::,us-east,batch,2025-07-16T11:05:44.540Z,2025-07-16T11:15:27.506Z,ibm_fez,264,Grier Jones,,d2c50f33c43a44abb94280706332351d,,
7ec611cd-79ac-4d38-87cc-a3693722e75c,completed,crn:v1:bluemix:public:quantum-computing:us-east:a/d2c50f33c43a44abb94280706332351d:deeabf25-a0d5-4c7b-9a89-18c5ff158017::,us-east,batch,2025-07-16T11:05:44.514Z,2025-07-16T11:24:16.180Z,ibm_fez,195,Grier Jones,,d2c50f33c43a44abb94280706332351d,,
8151efcd-80fa-4df9-84a2-393a6dec9b92,completed,crn:v1:bluemix:public:quantum-computing:us-east:a/d2c50f33c43a44abb94280706332351d:deeabf25-a0d5-4c7b-9a89-18c5ff158017::,us-east,batch,2025-07-16T09:57:13.413Z,2025-07-16T10:56:22.763Z,ibm_fez,260,Grier Jones,,d2c50f33c43a44abb94280706332351d,,
84de72ce-6b0f-4889-8f54-eb0a95d7d4c5,completed,crn:v1:bluemix:public:quantum-computing:us-east:a/d2c50f33c43a44abb94280706332351d:deeabf25-a0d5-4c7b-9a89-18c5ff158017::,us-east,batch,2025-07-16T09:57:13.381Z,2025-07-16T11:00:48.801Z,ibm_fez,258,Grier Jones,,d2c50f33c43a44abb94280706332351d,,
3a5605c4-f337-4567-9e10-0ac0bd506dbc,completed,crn:v1:bluemix:public:quantum-computing:us-east:a/d2c50f33c43a44abb94280706332351d:deeabf25-a0d5-4c7b-9a89-18c5ff158017::,us-east,batch,2025-07-16T09:57:13.378Z,2025-07-16T10:03:09.296Z,ibm_fez,263,Grier Jones,,d2c50f33c43a44abb94280706332351d,,
d4a8376a-3bc0-40cc-a1d5-2cbe733a4845,completed,crn:v1:bluemix:public:quantum-computing:us-east:a/d2c50f33c43a44abb94280706332351d:deeabf25-a0d5-4c7b-9a89-18c5ff158017::,us-east,batch,2025-07-16T09:57:13.375Z,2025-07-16T11:05:37.769Z,ibm_fez,199,Grier Jones,,d2c50f33c43a44abb94280706332351d,,
dadb139f-b0b5-40a3-9ef7-09e69865a406,completed,crn:v1:bluemix:public:quantum-computing:us-east:a/d2c50f33c43a44abb94280706332351d:deeabf25-a0d5-4c7b-9a89-18c5ff158017::,us-east,batch,2025-07-16T09:57:13.291Z,2025-07-16T10:46:24.534Z,ibm_fez,260,Grier Jones,,d2c50f33c43a44abb94280706332351d,,
ef276c40-d0a4-41cd-bf91-b281735b6d05,completed,crn:v1:bluemix:public:quantum-computing:us-east:a/d2c50f33c43a44abb94280706332351d:deeabf25-a0d5-4c7b-9a89-18c5ff158017::,us-east,batch,2025-07-16T09:00:50.017Z,2025-07-16T09:23:14.972Z,ibm_fez,212,Grier Jones,,d2c50f33c43a44abb94280706332351d,,
6ac9e70b-ecc3-42b5-8231-8140a7b6c2d4,completed,crn:v1:bluemix:public:quantum-computing:us-east:a/d2c50f33c43a44abb94280706332351d:deeabf25-a0d5-4c7b-9a89-18c5ff158017::,us-east,batch,2025-07-16T09:00:50.007Z,2025-07-16T09:57:12.313Z,ibm_fez,273,Grier Jones,,d2c50f33c43a44abb94280706332351d,,
5a522a6f-b284-4048-882e-2579585a7594,completed,crn:v1:bluemix:public:quantum-computing:us-east:a/d2c50f33c43a44abb94280706332351d:deeabf25-a0d5-4c7b-9a89-18c5ff158017::,us-east,batch,2025-07-16T09:00:49.987Z,2025-07-16T09:40:21.842Z,ibm_fez,277,Grier Jones,,d2c50f33c43a44abb94280706332351d,,
9864ae40-3f9d-4389-aafb-96331c97e1a1,completed,crn:v1:bluemix:public:quantum-computing:us-east:a/d2c50f33c43a44abb94280706332351d:deeabf25-a0d5-4c7b-9a89-18c5ff158017::,us-east,batch,2025-07-16T09:00:49.983Z,2025-07-16T09:49:54.279Z,ibm_fez,268,Grier Jones,,d2c50f33c43a44abb94280706332351d,,
77fe3696-c1d8-405d-a7ff-37bcaaec9dd3,completed,crn:v1:bluemix:public:quantum-computing:us-east:a/d2c50f33c43a44abb94280706332351d:deeabf25-a0d5-4c7b-9a89-18c5ff158017::,us-east,batch,2025-07-16T09:00:49.979Z,2025-07-16T09:30:36.017Z,ibm_fez,266,Grier Jones,,d2c50f33c43a44abb94280706332351d,,
9c36f7b0-fbc7-4b72-b579-d71e809ccd88,completed,crn:v1:bluemix:public:quantum-computing:us-east:a/d2c50f33c43a44abb94280706332351d:deeabf25-a0d5-4c7b-9a89-18c5ff158017::,us-east,batch,2025-07-16T08:27:24.488Z,2025-07-16T08:33:00.503Z,ibm_fez,264,Grier Jones,,d2c50f33c43a44abb94280706332351d,,
39ac91df-af83-4a12-b8fe-ae8296e15c2f,completed,crn:v1:bluemix:public:quantum-computing:us-east:a/d2c50f33c43a44abb94280706332351d:deeabf25-a0d5-4c7b-9a89-18c5ff158017::,us-east,batch,2025-07-16T08:27:24.488Z,2025-07-16T08:40:40.072Z,ibm_fez,276,Grier Jones,,d2c50f33c43a44abb94280706332351d,,
1c7e5240-6aad-4a61-8658-2e37c2393c1c,completed,crn:v1:bluemix:public:quantum-computing:us-east:a/d2c50f33c43a44abb94280706332351d:deeabf25-a0d5-4c7b-9a89-18c5ff158017::,us-east,batch,2025-07-16T08:27:24.487Z,2025-07-16T08:48:31.211Z,ibm_fez,278,Grier Jones,,d2c50f33c43a44abb94280706332351d,,
9b4a96e9-4f71-458e-a2a6-bc7f30f4929e,completed,crn:v1:bluemix:public:quantum-computing:us-east:a/d2c50f33c43a44abb94280706332351d:deeabf25-a0d5-4c7b-9a89-18c5ff158017::,us-east,batch,2025-07-16T08:27:24.189Z,2025-07-16T09:00:49.145Z,ibm_fez,273,Grier Jones,,d2c50f33c43a44abb94280706332351d,,
d076299e-7031-4674-841f-1870d9befa13,completed,crn:v1:bluemix:public:quantum-computing:us-east:a/d2c50f33c43a44abb94280706332351d:deeabf25-a0d5-4c7b-9a89-18c5ff158017::,us-east,batch,2025-07-16T08:27:24.184Z,2025-07-16T08:54:26.714Z,ibm_fez,200,Grier Jones,,d2c50f33c43a44abb94280706332351d,,
14041f2e-6790-425e-a531-6ee632fbb945,completed,crn:v1:bluemix:public:quantum-computing:us-east:a/d2c50f33c43a44abb94280706332351d:deeabf25-a0d5-4c7b-9a89-18c5ff158017::,us-east,batch,2025-07-16T07:33:15.041Z,2025-07-16T07:56:35.286Z,ibm_fez,202,Grier Jones,,d2c50f33c43a44abb94280706332351d,,
4e96866c-5f0b-4747-acbd-4a25ee44885e,completed,crn:v1:bluemix:public:quantum-computing:us-east:a/d2c50f33c43a44abb94280706332351d:deeabf25-a0d5-4c7b-9a89-18c5ff158017::,us-east,batch,2025-07-16T07:33:14.994Z,2025-07-16T08:10:13.567Z,ibm_fez,276,Grier Jones,,d2c50f33c43a44abb94280706332351d,,
4d85e532-19e6-417c-93e5-88e16b8f1e50,completed,crn:v1:bluemix:public:quantum-computing:us-east:a/d2c50f33c43a44abb94280706332351d:deeabf25-a0d5-4c7b-9a89-18c5ff158017::,us-east,batch,2025-07-16T07:33:14.963Z,2025-07-16T08:03:07.011Z,ibm_fez,272,Grier Jones,,d2c50f33c43a44abb94280706332351d,,
e6eaa848-a9e5-4440-ba02-a7d3d9667a8b,completed,crn:v1:bluemix:public:quantum-computing:us-east:a/d2c50f33c43a44abb94280706332351d:deeabf25-a0d5-4c7b-9a89-18c5ff158017::,us-east,batch,2025-07-16T07:33:14.962Z,2025-07-16T08:27:20.504Z,ibm_fez,274,Grier Jones,,d2c50f33c43a44abb94280706332351d,,
81541ebe-a06d-4cb8-bb07-db475a48fc0d,completed,crn:v1:bluemix:public:quantum-computing:us-east:a/d2c50f33c43a44abb94280706332351d:deeabf25-a0d5-4c7b-9a89-18c5ff158017::,us-east,batch,2025-07-16T07:33:14.937Z,2025-07-16T08:16:55.457Z,ibm_fez,271,Grier Jones,,d2c50f33c43a44abb94280706332351d,,
8f3b42b8-ddb5-474a-8bc4-f81e564bddff,completed,crn:v1:bluemix:public:quantum-computing:us-east:a/d2c50f33c43a44abb94280706332351d:deeabf25-a0d5-4c7b-9a89-18c5ff158017::,us-east,batch,2025-07-16T06:52:34.660Z,2025-07-16T07:28:45.981Z,ibm_fez,256,Grier Jones,,d2c50f33c43a44abb94280706332351d,,
935ec2a8-4f99-4af2-8043-8a0ad3038633,completed,crn:v1:bluemix:public:quantum-computing:us-east:a/d2c50f33c43a44abb94280706332351d:deeabf25-a0d5-4c7b-9a89-18c5ff158017::,us-east,batch,2025-07-16T06:52:34.605Z,2025-07-16T07:01:39.152Z,ibm_fez,256,Grier Jones,,d2c50f33c43a44abb94280706332351d,,
5b748a02-07d2-47fe-844a-0aad1cd8eda9,completed,crn:v1:bluemix:public:quantum-computing:us-east:a/d2c50f33c43a44abb94280706332351d:deeabf25-a0d5-4c7b-9a89-18c5ff158017::,us-east,batch,2025-07-16T06:52:34.599Z,2025-07-16T07:33:11.813Z,ibm_fez,258,Grier Jones,,d2c50f33c43a44abb94280706332351d,,
0a75869c-7086-4dd0-987d-190ef5858274,completed,crn:v1:bluemix:public:quantum-computing:us-east:a/d2c50f33c43a44abb94280706332351d:deeabf25-a0d5-4c7b-9a89-18c5ff158017::,us-east,batch,2025-07-16T06:52:34.530Z,2025-07-16T06:56:51.415Z,ibm_fez,192,Grier Jones,,d2c50f33c43a44abb94280706332351d,,
a0a39e26-19a9-4e6d-a584-c081b557fcf0,completed,crn:v1:bluemix:public:quantum-computing:us-east:a/d2c50f33c43a44abb94280706332351d:deeabf25-a0d5-4c7b-9a89-18c5ff158017::,us-east,batch,2025-07-16T06:52:34.511Z,2025-07-16T07:24:20.973Z,ibm_fez,264,Grier Jones,,d2c50f33c43a44abb94280706332351d,,
fabe7339-b738-4759-bb44-81c006ad8554,completed,crn:v1:bluemix:public:quantum-computing:us-east:a/d2c50f33c43a44abb94280706332351d:deeabf25-a0d5-4c7b-9a89-18c5ff158017::,us-east,batch,2025-07-16T06:24:57.667Z,2025-07-16T06:31:04.792Z,ibm_fez,260,Grier Jones,,d2c50f33c43a44abb94280706332351d,,
914f9a32-d109-40e1-9105-38084fcc65b6,completed,crn:v1:bluemix:public:quantum-computing:us-east:a/d2c50f33c43a44abb94280706332351d:deeabf25-a0d5-4c7b-9a89-18c5ff158017::,us-east,batch,2025-07-16T06:24:57.656Z,2025-07-16T06:52:33.592Z,ibm_fez,257,Grier Jones,,d2c50f33c43a44abb94280706332351d,,
7271f6b9-bacc-403b-8fc6-177d79d07d49,completed,crn:v1:bluemix:public:quantum-computing:us-east:a/d2c50f33c43a44abb94280706332351d:deeabf25-a0d5-4c7b-9a89-18c5ff158017::,us-east,batch,2025-07-16T06:24:57.650Z,2025-07-16T06:47:54.977Z,ibm_fez,193,Grier Jones,,d2c50f33c43a44abb94280706332351d,,
0788f092-c652-41db-9ab4-d8f72c693b44,completed,crn:v1:bluemix:public:quantum-computing:us-east:a/d2c50f33c43a44abb94280706332351d:deeabf25-a0d5-4c7b-9a89-18c5ff158017::,us-east,batch,2025-07-16T06:24:57.593Z,2025-07-16T06:38:05.389Z,ibm_fez,273,Grier Jones,,d2c50f33c43a44abb94280706332351d,,
9edac27b-c634-409a-939a-13e2a3553f64,completed,crn:v1:bluemix:public:quantum-computing:us-east:a/d2c50f33c43a44abb94280706332351d:deeabf25-a0d5-4c7b-9a89-18c5ff158017::,us-east,batch,2025-07-16T06:24:57.593Z,2025-07-16T06:44:33.267Z,ibm_fez,267,Grier Jones,,d2c50f33c43a44abb94280706332351d,,
9be1e250-7ffe-4806-a3b6-cc5a1810517c,completed,crn:v1:bluemix:public:quantum-computing:us-east:a/d2c50f33c43a44abb94280706332351d:deeabf25-a0d5-4c7b-9a89-18c5ff158017::,us-east,batch,2025-07-16T05:36:30.999Z,2025-07-16T06:19:41.177Z,ibm_fez,263,Grier Jones,,d2c50f33c43a44abb94280706332351d,,
12cf9709-7ab5-4123-a76a-6fd1f93eefae,completed,crn:v1:bluemix:public:quantum-computing:us-east:a/d2c50f33c43a44abb94280706332351d:deeabf25-a0d5-4c7b-9a89-18c5ff158017::,us-east,batch,2025-07-16T05:36:30.973Z,2025-07-16T06:24:53.969Z,ibm_fez,257,Grier Jones,,d2c50f33c43a44abb94280706332351d,,
149e4839-f079-4066-8c29-0f84fe7c3f60,completed,crn:v1:bluemix:public:quantum-computing:us-east:a/d2c50f33c43a44abb94280706332351d:deeabf25-a0d5-4c7b-9a89-18c5ff158017::,us-east,batch,2025-07-16T05:36:30.905Z,2025-07-16T05:40:01.562Z,ibm_fez,194,Grier Jones,,d2c50f33c43a44abb94280706332351d,,
d37a09a8-af25-46f3-a002-06c29231ed92,completed,crn:v1:bluemix:public:quantum-computing:us-east:a/d2c50f33c43a44abb94280706332351d:deeabf25-a0d5-4c7b-9a89-18c5ff158017::,us-east,batch,2025-07-16T05:36:30.897Z,2025-07-16T06:13:57.936Z,ibm_fez,265,Grier Jones,,d2c50f33c43a44abb94280706332351d,,
ee5e73e0-edc9-47c7-867a-461766cd675f,completed,crn:v1:bluemix:public:quantum-computing:us-east:a/d2c50f33c43a44abb94280706332351d:deeabf25-a0d5-4c7b-9a89-18c5ff158017::,us-east,batch,2025-07-16T05:36:30.855Z,2025-07-16T06:08:43.156Z,ibm_fez,270,Grier Jones,,d2c50f33c43a44abb94280706332351d,,
c18acfb9-ef5c-4d96-825f-15bb79985b65,completed,crn:v1:bluemix:public:quantum-computing:us-east:a/d2c50f33c43a44abb94280706332351d:deeabf25-a0d5-4c7b-9a89-18c5ff158017::,us-east,batch,2025-07-16T05:14:22.385Z,2025-07-16T05:27:01.892Z,ibm_fez,260,Grier Jones,,d2c50f33c43a44abb94280706332351d,,
ad3eaafe-f4d9-4cf9-b97b-7da05615f6b7,completed,crn:v1:bluemix:public:quantum-computing:us-east:a/d2c50f33c43a44abb94280706332351d:deeabf25-a0d5-4c7b-9a89-18c5ff158017::,us-east,batch,2025-07-16T05:14:22.337Z,2025-07-16T05:22:34.171Z,ibm_fez,260,Grier Jones,,d2c50f33c43a44abb94280706332351d,,
42796f1d-d64e-4e79-a801-f4454929b5ed,completed,crn:v1:bluemix:public:quantum-computing:us-east:a/d2c50f33c43a44abb94280706332351d:deeabf25-a0d5-4c7b-9a89-18c5ff158017::,us-east,batch,2025-07-16T05:14:22.337Z,2025-07-16T05:36:29.936Z,ibm_fez,260,Grier Jones,,d2c50f33c43a44abb94280706332351d,,
87f25537-4275-4a29-ae18-7021f5e2e927,completed,crn:v1:bluemix:public:quantum-computing:us-east:a/d2c50f33c43a44abb94280706332351d:deeabf25-a0d5-4c7b-9a89-18c5ff158017::,us-east,batch,2025-07-16T05:14:22.334Z,2025-07-16T05:31:53.622Z,ibm_fez,260,Grier Jones,,d2c50f33c43a44abb94280706332351d,,
90cd12a9-b467-4274-91a7-dd4868d55cd5,completed,crn:v1:bluemix:public:quantum-computing:us-east:a/d2c50f33c43a44abb94280706332351d:deeabf25-a0d5-4c7b-9a89-18c5ff158017::,us-east,batch,2025-07-16T05:14:22.312Z,2025-07-16T05:18:07.415Z,ibm_fez,192,Grier Jones,,d2c50f33c43a44abb94280706332351d,,
01acb282-d4ee-436a-9e99-9864968a8eec,completed,crn:v1:bluemix:public:quantum-computing:us-east:a/d2c50f33c43a44abb94280706332351d:deeabf25-a0d5-4c7b-9a89-18c5ff158017::,us-east,batch,2025-07-16T04:36:30.798Z,2025-07-16T05:09:20.676Z,ibm_fez,195,Grier Jones,,d2c50f33c43a44abb94280706332351d,,
e4a7ac0e-14f6-4f5e-8e54-ac216ece2387,completed,crn:v1:bluemix:public:quantum-computing:us-east:a/d2c50f33c43a44abb94280706332351d:deeabf25-a0d5-4c7b-9a89-18c5ff158017::,us-east,batch,2025-07-16T04:36:30.445Z,2025-07-16T05:14:20.766Z,ibm_fez,263,Grier Jones,,d2c50f33c43a44abb94280706332351d,,
88c804c3-fa70-4b95-9222-0a32ae29675b,completed,crn:v1:bluemix:public:quantum-computing:us-east:a/d2c50f33c43a44abb94280706332351d:deeabf25-a0d5-4c7b-9a89-18c5ff158017::,us-east,batch,2025-07-16T04:36:30.442Z,2025-07-16T04:46:30.166Z,ibm_fez,260,Grier Jones,,d2c50f33c43a44abb94280706332351d,,
0e7afe9d-cf2e-497c-92f4-750935f0aa4a,completed,crn:v1:bluemix:public:quantum-computing:us-east:a/d2c50f33c43a44abb94280706332351d:deeabf25-a0d5-4c7b-9a89-18c5ff158017::,us-east,batch,2025-07-16T04:36:30.431Z,2025-07-16T05:05:57.840Z,ibm_fez,260,Grier Jones,,d2c50f33c43a44abb94280706332351d,,
52ae36c6-fc68-4d99-a056-1fa8adf3a0b6,completed,crn:v1:bluemix:public:quantum-computing:us-east:a/d2c50f33c43a44abb94280706332351d:deeabf25-a0d5-4c7b-9a89-18c5ff158017::,us-east,batch,2025-07-16T04:36:30.430Z,2025-07-16T04:42:03.268Z,ibm_fez,264,Grier Jones,,d2c50f33c43a44abb94280706332351d,,
61f11edc-5ba0-43f5-b6e7-98b48e1d21ca,completed,crn:v1:bluemix:public:quantum-computing:us-east:a/d2c50f33c43a44abb94280706332351d:deeabf25-a0d5-4c7b-9a89-18c5ff158017::,us-east,batch,2025-07-16T03:38:30.509Z,2025-07-16T04:14:58.605Z,ibm_fez,281,Grier Jones,,d2c50f33c43a44abb94280706332351d,,
c693bf72-dde4-48a0-aae3-e72fe8f3ddd1,completed,crn:v1:bluemix:public:quantum-computing:us-east:a/d2c50f33c43a44abb94280706332351d:deeabf25-a0d5-4c7b-9a89-18c5ff158017::,us-east,batch,2025-07-16T03:38:30.496Z,2025-07-16T04:36:23.393Z,ibm_fez,208,Grier Jones,,d2c50f33c43a44abb94280706332351d,,
c2a377ad-067c-4fdd-b727-397376a77a02,completed,crn:v1:bluemix:public:quantum-computing:us-east:a/d2c50f33c43a44abb94280706332351d:deeabf25-a0d5-4c7b-9a89-18c5ff158017::,us-east,batch,2025-07-16T03:38:30.483Z,2025-07-16T04:05:57.846Z,ibm_fez,271,Grier Jones,,d2c50f33c43a44abb94280706332351d,,
e374773c-e000-4ed8-94f6-174d598a6811,completed,crn:v1:bluemix:public:quantum-computing:us-east:a/d2c50f33c43a44abb94280706332351d:deeabf25-a0d5-4c7b-9a89-18c5ff158017::,us-east,batch,2025-07-16T03:38:30.459Z,2025-07-16T04:31:06.357Z,ibm_fez,280,Grier Jones,,d2c50f33c43a44abb94280706332351d,,
8094155b-60dc-4338-96de-30e9a21b2a7f,completed,crn:v1:bluemix:public:quantum-computing:us-east:a/d2c50f33c43a44abb94280706332351d:deeabf25-a0d5-4c7b-9a89-18c5ff158017::,us-east,batch,2025-07-16T03:38:30.443Z,2025-07-16T03:45:56.105Z,ibm_fez,276,Grier Jones,,d2c50f33c43a44abb94280706332351d,,
bd16ee8d-7685-4b50-af33-a8d84f511bd8,completed,crn:v1:bluemix:public:quantum-computing:us-east:a/d2c50f33c43a44abb94280706332351d:deeabf25-a0d5-4c7b-9a89-18c5ff158017::,us-east,batch,2025-07-16T02:48:51.336Z,2025-07-16T03:29:28.975Z,ibm_fez,258,Grier Jones,,d2c50f33c43a44abb94280706332351d,,
049c8fca-fb21-48ec-b56b-22cc9ee8d020,completed,crn:v1:bluemix:public:quantum-computing:us-east:a/d2c50f33c43a44abb94280706332351d:deeabf25-a0d5-4c7b-9a89-18c5ff158017::,us-east,batch,2025-07-16T02:48:51.255Z,2025-07-16T03:32:50.578Z,ibm_fez,192,Grier Jones,,d2c50f33c43a44abb94280706332351d,,
06918b20-07e0-418e-81ae-f8df7844cc00,completed,crn:v1:bluemix:public:quantum-computing:us-east:a/d2c50f33c43a44abb94280706332351d:deeabf25-a0d5-4c7b-9a89-18c5ff158017::,us-east,batch,2025-07-16T02:48:51.181Z,2025-07-16T03:25:02.926Z,ibm_fez,259,Grier Jones,,d2c50f33c43a44abb94280706332351d,,
1ed5a397-422b-42ff-ae29-3d38824ff5ba,completed,crn:v1:bluemix:public:quantum-computing:us-east:a/d2c50f33c43a44abb94280706332351d:deeabf25-a0d5-4c7b-9a89-18c5ff158017::,us-east,batch,2025-07-16T02:48:51.175Z,2025-07-16T03:08:47.638Z,ibm_fez,260,Grier Jones,,d2c50f33c43a44abb94280706332351d,,
da8650f6-0d79-43de-90f2-d60d64b03b2d,completed,crn:v1:bluemix:public:quantum-computing:us-east:a/d2c50f33c43a44abb94280706332351d:deeabf25-a0d5-4c7b-9a89-18c5ff158017::,us-east,batch,2025-07-16T02:48:51.170Z,2025-07-16T03:38:29.444Z,ibm_fez,262,Grier Jones,,d2c50f33c43a44abb94280706332351d,,
2f89d65a-b0e9-454b-bf22-df2ac8238401,completed,crn:v1:bluemix:public:quantum-computing:us-east:a/d2c50f33c43a44abb94280706332351d:deeabf25-a0d5-4c7b-9a89-18c5ff158017::,us-east,batch,2025-07-16T02:21:11.673Z,2025-07-16T02:48:50.294Z,ibm_fez,260,Grier Jones,,d2c50f33c43a44abb94280706332351d,,
e8fbb6f3-50b6-4964-9a38-7b297eeb9ed8,completed,crn:v1:bluemix:public:quantum-computing:us-east:a/d2c50f33c43a44abb94280706332351d:deeabf25-a0d5-4c7b-9a89-18c5ff158017::,us-east,batch,2025-07-16T02:21:11.604Z,2025-07-16T02:44:24.188Z,ibm_fez,270,Grier Jones,,d2c50f33c43a44abb94280706332351d,,
9710befc-8195-44fb-a3be-c01709b57e9c,completed,crn:v1:bluemix:public:quantum-computing:us-east:a/d2c50f33c43a44abb94280706332351d:deeabf25-a0d5-4c7b-9a89-18c5ff158017::,us-east,batch,2025-07-16T02:21:11.602Z,2025-07-16T02:34:41.309Z,ibm_fez,264,Grier Jones,,d2c50f33c43a44abb94280706332351d,,
e94ed555-c542-4d79-af90-75d4eb511a89,completed,crn:v1:bluemix:public:quantum-computing:us-east:a/d2c50f33c43a44abb94280706332351d:deeabf25-a0d5-4c7b-9a89-18c5ff158017::,us-east,batch,2025-07-16T02:21:11.587Z,2025-07-16T02:29:19.354Z,ibm_fez,194,Grier Jones,,d2c50f33c43a44abb94280706332351d,,
65a91fbc-da38-4530-b414-87918bf64e46,completed,crn:v1:bluemix:public:quantum-computing:us-east:a/d2c50f33c43a44abb94280706332351d:deeabf25-a0d5-4c7b-9a89-18c5ff158017::,us-east,batch,2025-07-16T02:21:11.552Z,2025-07-16T02:25:56.965Z,ibm_fez,260,Grier Jones,,d2c50f33c43a44abb94280706332351d,,
60fdb6ed-f83a-43f9-b756-ac6d12bfd5cd,completed,crn:v1:bluemix:public:quantum-computing:us-east:a/d2c50f33c43a44abb94280706332351d:deeabf25-a0d5-4c7b-9a89-18c5ff158017::,us-east,batch,2025-07-16T01:56:49.402Z,2025-07-16T02:06:44.702Z,ibm_fez,260,Grier Jones,,d2c50f33c43a44abb94280706332351d,,
f1607ea3-dbed-48cd-8483-811b911193f7,completed,crn:v1:bluemix:public:quantum-computing:us-east:a/d2c50f33c43a44abb94280706332351d:deeabf25-a0d5-4c7b-9a89-18c5ff158017::,us-east,batch,2025-07-16T01:56:49.173Z,2025-07-16T02:21:07.971Z,ibm_fez,260,Grier Jones,,d2c50f33c43a44abb94280706332351d,,
14c04fdc-44a8-44e8-880d-e6978899afe4,completed,crn:v1:bluemix:public:quantum-computing:us-east:a/d2c50f33c43a44abb94280706332351d:deeabf25-a0d5-4c7b-9a89-18c5ff158017::,us-east,batch,2025-07-16T01:56:49.160Z,2025-07-16T02:16:40.790Z,ibm_fez,195,Grier Jones,,d2c50f33c43a44abb94280706332351d,,
66ca041e-ea3a-4ba0-ab35-56aad2ec2651,completed,crn:v1:bluemix:public:quantum-computing:us-east:a/d2c50f33c43a44abb94280706332351d:deeabf25-a0d5-4c7b-9a89-18c5ff158017::,us-east,batch,2025-07-16T01:56:49.158Z,2025-07-16T02:02:17.501Z,ibm_fez,264,Grier Jones,,d2c50f33c43a44abb94280706332351d,,
9f40deaf-99d5-45d1-bff0-220dc1abb6a7,completed,crn:v1:bluemix:public:quantum-computing:us-east:a/d2c50f33c43a44abb94280706332351d:deeabf25-a0d5-4c7b-9a89-18c5ff158017::,us-east,batch,2025-07-16T01:56:49.118Z,2025-07-16T02:11:49.706Z,ibm_fez,260,Grier Jones,,d2c50f33c43a44abb94280706332351d,,
07b307f7-84a8-4145-8ff9-ab05e9db4cb7,completed,crn:v1:bluemix:public:quantum-computing:us-east:a/d2c50f33c43a44abb94280706332351d:deeabf25-a0d5-4c7b-9a89-18c5ff158017::,us-east,batch,2025-07-16T01:23:48.965Z,2025-07-16T01:56:44.103Z,ibm_fez,263,Grier Jones,,d2c50f33c43a44abb94280706332351d,,
2315c4b8-4f91-4778-bc1a-a3759c388f6b,completed,crn:v1:bluemix:public:quantum-computing:us-east:a/d2c50f33c43a44abb94280706332351d:deeabf25-a0d5-4c7b-9a89-18c5ff158017::,us-east,batch,2025-07-16T01:23:48.609Z,2025-07-16T01:51:12.107Z,ibm_fez,194,Grier Jones,,d2c50f33c43a44abb94280706332351d,,
7cd61555-2ca0-45cd-b852-e269e7b988f3,completed,crn:v1:bluemix:public:quantum-computing:us-east:a/d2c50f33c43a44abb94280706332351d:deeabf25-a0d5-4c7b-9a89-18c5ff158017::,us-east,batch,2025-07-16T01:23:48.605Z,2025-07-16T01:28:54.026Z,ibm_fez,259,Grier Jones,,d2c50f33c43a44abb94280706332351d,,
2c8d2dca-3b60-44fa-89d3-63eb0e196847,completed,crn:v1:bluemix:public:quantum-computing:us-east:a/d2c50f33c43a44abb94280706332351d:deeabf25-a0d5-4c7b-9a89-18c5ff158017::,us-east,batch,2025-07-16T01:23:48.603Z,2025-07-16T01:42:50.812Z,ibm_fez,260,Grier Jones,,d2c50f33c43a44abb94280706332351d,,
ade121f0-d657-466c-beb5-845d8510e630,completed,crn:v1:bluemix:public:quantum-computing:us-east:a/d2c50f33c43a44abb94280706332351d:deeabf25-a0d5-4c7b-9a89-18c5ff158017::,us-east,batch,2025-07-16T01:23:48.463Z,2025-07-16T01:47:49.864Z,ibm_fez,264,Grier Jones,,d2c50f33c43a44abb94280706332351d,,
2c5193f4-9a25-4b56-a5b7-9405c61f282c,completed,crn:v1:bluemix:public:quantum-computing:us-east:a/d2c50f33c43a44abb94280706332351d:deeabf25-a0d5-4c7b-9a89-18c5ff158017::,us-east,batch,2025-07-16T00:59:23.232Z,2025-07-16T01:20:18.760Z,ibm_fez,259,Grier Jones,,d2c50f33c43a44abb94280706332351d,,
d8a4ad0c-0d5a-44d9-af51-97e1e59b99e8,completed,crn:v1:bluemix:public:quantum-computing:us-east:a/d2c50f33c43a44abb94280706332351d:deeabf25-a0d5-4c7b-9a89-18c5ff158017::,us-east,batch,2025-07-16T00:59:23.147Z,2025-07-16T01:15:08.573Z,ibm_fez,258,Grier Jones,,d2c50f33c43a44abb94280706332351d,,
4badbd5e-3630-4ab8-8c90-cbe835bdbbd8,completed,crn:v1:bluemix:public:quantum-computing:us-east:a/d2c50f33c43a44abb94280706332351d:deeabf25-a0d5-4c7b-9a89-18c5ff158017::,us-east,batch,2025-07-16T00:59:23.120Z,2025-07-16T01:05:59.979Z,ibm_fez,263,Grier Jones,,d2c50f33c43a44abb94280706332351d,,
72cbea52-a6d4-44d8-9876-ac36650cc593,completed,crn:v1:bluemix:public:quantum-computing:us-east:a/d2c50f33c43a44abb94280706332351d:deeabf25-a0d5-4c7b-9a89-18c5ff158017::,us-east,batch,2025-07-16T00:59:23.112Z,2025-07-16T01:10:40.761Z,ibm_fez,260,Grier Jones,,d2c50f33c43a44abb94280706332351d,,
6c5eb138-c95c-4284-b812-d6ca1f923e5b,completed,crn:v1:bluemix:public:quantum-computing:us-east:a/d2c50f33c43a44abb94280706332351d:deeabf25-a0d5-4c7b-9a89-18c5ff158017::,us-east,batch,2025-07-16T00:59:23.109Z,2025-07-16T01:23:40.986Z,ibm_fez,194,Grier Jones,,d2c50f33c43a44abb94280706332351d,,
7dc939ec-faf5-4414-b5ee-edff1312e81a,completed,crn:v1:bluemix:public:quantum-computing:us-east:a/d2c50f33c43a44abb94280706332351d:deeabf25-a0d5-4c7b-9a89-18c5ff158017::,us-east,batch,2025-07-15T20:38:25.771Z,2025-07-16T00:59:21.302Z,ibm_fez,276,Grier Jones,,d2c50f33c43a44abb94280706332351d,,
e475a61d-5643-46dd-8231-d86226d950ad,completed,crn:v1:bluemix:public:quantum-computing:us-east:a/d2c50f33c43a44abb94280706332351d:deeabf25-a0d5-4c7b-9a89-18c5ff158017::,us-east,batch,2025-07-15T20:38:25.382Z,2025-07-16T00:34:37.093Z,ibm_fez,264,Grier Jones,,d2c50f33c43a44abb94280706332351d,,
7c332fec-ab7b-4d9a-9b9c-2942527cb072,completed,crn:v1:bluemix:public:quantum-computing:us-east:a/d2c50f33c43a44abb94280706332351d:deeabf25-a0d5-4c7b-9a89-18c5ff158017::,us-east,batch,2025-07-15T20:38:25.244Z,2025-07-16T00:52:08.061Z,ibm_fez,193,Grier Jones,,d2c50f33c43a44abb94280706332351d,,
060e3b9d-5107-4ed4-8e67-3e4b15b768e2,completed,crn:v1:bluemix:public:quantum-computing:us-east:a/d2c50f33c43a44abb94280706332351d:deeabf25-a0d5-4c7b-9a89-18c5ff158017::,us-east,batch,2025-07-15T20:38:25.221Z,2025-07-16T00:43:14.151Z,ibm_fez,276,Grier Jones,,d2c50f33c43a44abb94280706332351d,,
d4a82a3c-10a8-4e3a-8a31-eaa71659ffc8,completed,crn:v1:bluemix:public:quantum-computing:us-east:a/d2c50f33c43a44abb94280706332351d:deeabf25-a0d5-4c7b-9a89-18c5ff158017::,us-east,batch,2025-07-15T20:38:25.212Z,2025-07-16T00:48:46.255Z,ibm_fez,259,Grier Jones,,d2c50f33c43a44abb94280706332351d,,
1ecb5bc6-4ed1-40b6-875c-53f31f7688f4,completed,crn:v1:bluemix:public:quantum-computing:us-east:a/d2c50f33c43a44abb94280706332351d:deeabf25-a0d5-4c7b-9a89-18c5ff158017::,us-east,batch,2025-07-15T20:14:52.166Z,2025-07-15T20:28:04.164Z,ibm_fez,192,Grier Jones,,d2c50f33c43a44abb94280706332351d,,
cf4b5ca1-56be-4a00-9012-00250d659b02,completed,crn:v1:bluemix:public:quantum-computing:us-east:a/d2c50f33c43a44abb94280706332351d:deeabf25-a0d5-4c7b-9a89-18c5ff158017::,us-east,batch,2025-07-15T20:14:52.159Z,2025-07-15T20:32:44.341Z,ibm_fez,257,Grier Jones,,d2c50f33c43a44abb94280706332351d,,
23ebc112-b4f2-4d59-b4c9-0d09c1c6c724,completed,crn:v1:bluemix:public:quantum-computing:us-east:a/d2c50f33c43a44abb94280706332351d:deeabf25-a0d5-4c7b-9a89-18c5ff158017::,us-east,batch,2025-07-15T20:14:52.158Z,2025-07-15T20:24:42.888Z,ibm_fez,256,Grier Jones,,d2c50f33c43a44abb94280706332351d,,
a4a5d1fc-8629-44e7-acb0-fee3e9dcfbcf,completed,crn:v1:bluemix:public:quantum-computing:us-east:a/d2c50f33c43a44abb94280706332351d:deeabf25-a0d5-4c7b-9a89-18c5ff158017::,us-east,batch,2025-07-15T20:14:52.154Z,2025-07-15T20:38:07.159Z,ibm_fez,256,Grier Jones,,d2c50f33c43a44abb94280706332351d,,
6748e04d-6148-44d5-8ba2-aff052f87103,completed,crn:v1:bluemix:public:quantum-computing:us-east:a/d2c50f33c43a44abb94280706332351d:deeabf25-a0d5-4c7b-9a89-18c5ff158017::,us-east,batch,2025-07-15T20:14:51.866Z,2025-07-15T20:19:28.162Z,ibm_fez,258,Grier Jones,,d2c50f33c43a44abb94280706332351d,,
0d2c31a4-7ea2-41d4-ba39-7b06ebd6b285,completed,crn:v1:bluemix:public:quantum-computing:us-east:a/d2c50f33c43a44abb94280706332351d:deeabf25-a0d5-4c7b-9a89-18c5ff158017::,us-east,batch,2025-07-15T19:45:40.339Z,2025-07-15T20:05:00.884Z,ibm_fez,268,Grier Jones,,d2c50f33c43a44abb94280706332351d,,
9e04a7e6-0a76-45e8-b8bb-d05e1c70b279,completed,crn:v1:bluemix:public:quantum-computing:us-east:a/d2c50f33c43a44abb94280706332351d:deeabf25-a0d5-4c7b-9a89-18c5ff158017::,us-east,batch,2025-07-15T19:45:40.233Z,2025-07-15T19:52:10.694Z,ibm_fez,264,Grier Jones,,d2c50f33c43a44abb94280706332351d,,
3501fcdc-a347-45b1-9b06-c96e0d522a8e,completed,crn:v1:bluemix:public:quantum-computing:us-east:a/d2c50f33c43a44abb94280706332351d:deeabf25-a0d5-4c7b-9a89-18c5ff158017::,us-east,batch,2025-07-15T19:45:40.222Z,2025-07-15T20:10:20.416Z,ibm_fez,198,Grier Jones,,d2c50f33c43a44abb94280706332351d,,
a3e6c115-63a1-444f-b24a-284aced22708,completed,crn:v1:bluemix:public:quantum-computing:us-east:a/d2c50f33c43a44abb94280706332351d:deeabf25-a0d5-4c7b-9a89-18c5ff158017::,us-east,batch,2025-07-15T19:45:40.219Z,2025-07-15T19:59:05.828Z,ibm_fez,264,Grier Jones,,d2c50f33c43a44abb94280706332351d,,
6854f42a-8ed7-4f41-9ede-31e038e89c6f,completed,crn:v1:bluemix:public:quantum-computing:us-east:a/d2c50f33c43a44abb94280706332351d:deeabf25-a0d5-4c7b-9a89-18c5ff158017::,us-east,batch,2025-07-15T19:45:40.215Z,2025-07-15T20:14:45.865Z,ibm_fez,257,Grier Jones,,d2c50f33c43a44abb94280706332351d,,
d1racs5s0e1s73bm1qr0,completed,crn:v1:bluemix:public:quantum-computing:us-east:a/d2c50f33c43a44abb94280706332351d:deeabf25-a0d5-4c7b-9a89-18c5ff158017::,us-east,job,2025-07-15T19:05:20.082Z,2025-07-15T19:05:26.327Z,ibm_sherbrooke,4,Grier Jones,,d2c50f33c43a44abb94280706332351d,,
d1rac4s7uv5s73a6alq0,completed,crn:v1:bluemix:public:quantum-computing:us-east:a/d2c50f33c43a44abb94280706332351d:deeabf25-a0d5-4c7b-9a89-18c5ff158017::,us-east,job,2025-07-15T19:03:47.821Z,2025-07-15T19:03:53.732Z,ibm_sherbrooke,4,Grier Jones,,d2c50f33c43a44abb94280706332351d,,
d1ra2b5s0e1s73bm1gbg,completed,crn:v1:bluemix:public:quantum-computing:us-east:a/d2c50f33c43a44abb94280706332351d:deeabf25-a0d5-4c7b-9a89-18c5ff158017::,us-east,job,2025-07-15T18:42:52.332Z,2025-07-15T18:42:58.811Z,ibm_sherbrooke,4,Grier Jones,,d2c50f33c43a44abb94280706332351d,,
d1ra2a47uv5s73a6ac70,completed,crn:v1:bluemix:public:quantum-computing:us-east:a/d2c50f33c43a44abb94280706332351d:deeabf25-a0d5-4c7b-9a89-18c5ff158017::,us-east,job,2025-07-15T18:42:48.552Z,2025-07-15T18:42:54.954Z,ibm_sherbrooke,4,Grier Jones,,d2c50f33c43a44abb94280706332351d,,
d1qmor15jdrc73du7k1g,completed,crn:v1:bluemix:public:quantum-computing:us-east:a/d2c50f33c43a44abb94280706332351d:deeabf25-a0d5-4c7b-9a89-18c5ff158017::,us-east,job,2025-07-14T20:45:32.759Z,2025-07-14T20:46:06.786Z,ibm_sherbrooke,30,Grier Jones,,d2c50f33c43a44abb94280706332351d,,
d1qlljp5jdrc73du6ihg,completed,crn:v1:bluemix:public:quantum-computing:us-east:a/d2c50f33c43a44abb94280706332351d:deeabf25-a0d5-4c7b-9a89-18c5ff158017::,us-east,job,2025-07-14T19:30:23.627Z,2025-07-14T19:30:57.025Z,ibm_sherbrooke,29,Grier Jones,,d2c50f33c43a44abb94280706332351d,,
d1qlknr3rr0s73bisv7g,completed,crn:v1:bluemix:public:quantum-computing:us-east:a/d2c50f33c43a44abb94280706332351d:deeabf25-a0d5-4c7b-9a89-18c5ff158017::,us-east,job,2025-07-14T19:28:31.710Z,2025-07-14T19:29:05.522Z,ibm_sherbrooke,30,Grier Jones,,d2c50f33c43a44abb94280706332351d,,
d1qlhegt0npc73fo8u70,completed,crn:v1:bluemix:public:quantum-computing:us-east:a/d2c50f33c43a44abb94280706332351d:deeabf25-a0d5-4c7b-9a89-18c5ff158017::,us-east,job,2025-07-14T19:21:30.923Z,2025-07-14T19:22:08.396Z,ibm_sherbrooke,34,Grier Jones,,d2c50f33c43a44abb94280706332351d,,
d1qjh995jdrc73du4gfg,completed,crn:v1:bluemix:public:quantum-computing:us-east:a/d2c50f33c43a44abb94280706332351d:deeabf25-a0d5-4c7b-9a89-18c5ff158017::,us-east,job,2025-07-14T17:04:37.600Z,2025-07-14T17:04:45.848Z,ibm_sherbrooke,5,Grier Jones,,d2c50f33c43a44abb94280706332351d,,
d1qj4sp5jdrc73du447g,completed,crn:v1:bluemix:public:quantum-computing:us-east:a/d2c50f33c43a44abb94280706332351d:deeabf25-a0d5-4c7b-9a89-18c5ff158017::,us-east,job,2025-07-14T16:38:11.759Z,2025-07-14T16:38:20.332Z,ibm_sherbrooke,5,Grier Jones,,d2c50f33c43a44abb94280706332351d,,
d1qj46gt0npc73fo6kig,completed,crn:v1:bluemix:public:quantum-computing:us-east:a/d2c50f33c43a44abb94280706332351d:deeabf25-a0d5-4c7b-9a89-18c5ff158017::,us-east,job,2025-07-14T16:36:42.257Z,2025-07-14T16:36:47.932Z,ibm_sherbrooke,4,Grier Jones,,d2c50f33c43a44abb94280706332351d,,
d1qj3m33rr0s73biqhg0,completed,crn:v1:bluemix:public:quantum-computing:us-east:a/d2c50f33c43a44abb94280706332351d:deeabf25-a0d5-4c7b-9a89-18c5ff158017::,us-east,job,2025-07-14T16:35:36.733Z,2025-07-14T16:35:42.849Z,ibm_sherbrooke,4,Grier Jones,,d2c50f33c43a44abb94280706332351d,,
d1qj1tgt0npc73fo6ieg,completed,crn:v1:bluemix:public:quantum-computing:us-east:a/d2c50f33c43a44abb94280706332351d:deeabf25-a0d5-4c7b-9a89-18c5ff158017::,us-east,job,2025-07-14T16:31:50.545Z,2025-07-14T16:31:59.298Z,ibm_sherbrooke,7,Grier Jones,,d2c50f33c43a44abb94280706332351d,,
d1qj0995jdrc73du3vh0,completed,crn:v1:bluemix:public:quantum-computing:us-east:a/d2c50f33c43a44abb94280706332351d:deeabf25-a0d5-4c7b-9a89-18c5ff158017::,us-east,job,2025-07-14T16:28:21.593Z,2025-07-14T16:29:31.268Z,ibm_sherbrooke,6,Grier Jones,,d2c50f33c43a44abb94280706332351d,,
d1qj03j3rr0s73biqdl0,completed,crn:v1:bluemix:public:quantum-computing:us-east:a/d2c50f33c43a44abb94280706332351d:deeabf25-a0d5-4c7b-9a89-18c5ff158017::,us-east,job,2025-07-14T16:27:58.335Z,2025-07-14T16:28:07.555Z,ibm_sherbrooke,5,Grier Jones,,d2c50f33c43a44abb94280706332351d,,
d1qiqn33rr0s73biq7pg,completed,crn:v1:bluemix:public:quantum-computing:us-east:a/d2c50f33c43a44abb94280706332351d:deeabf25-a0d5-4c7b-9a89-18c5ff158017::,us-east,job,2025-07-14T16:16:28.135Z,2025-07-14T16:16:34.102Z,ibm_sherbrooke,4,Grier Jones,,d2c50f33c43a44abb94280706332351d,,
820f58c7-4efe-4193-8e53-023f0cb70f0a,completed,crn:v1:bluemix:public:quantum-computing:us-east:a/d2c50f33c43a44abb94280706332351d:deeabf25-a0d5-4c7b-9a89-18c5ff158017::,us-east,batch,2025-07-14T15:56:38.911Z,2025-07-14T15:57:55.926Z,ibm_sherbrooke,46,Grier Jones,,d2c50f33c43a44abb94280706332351d,,
48d5d807-2f6d-4c11-8427-d51dc160650a,completed,crn:v1:bluemix:public:quantum-computing:us-east:a/d2c50f33c43a44abb94280706332351d:deeabf25-a0d5-4c7b-9a89-18c5ff158017::,us-east,batch,2025-07-14T15:49:04.871Z,2025-07-14T15:49:37.198Z,ibm_sherbrooke,14,Grier Jones,,d2c50f33c43a44abb94280706332351d,,
427c0a53-4d33-45fe-8720-bb38f45a2af8,canceled,crn:v1:bluemix:public:quantum-computing:us-east:a/d2c50f33c43a44abb94280706332351d:deeabf25-a0d5-4c7b-9a89-18c5ff158017::,us-east,batch,2025-07-03T18:30:45.326Z,2025-07-03T18:34:07.057Z,ibm_fez,64,Grier Jones,,d2c50f33c43a44abb94280706332351d,,
8bf72945-3516-484f-98e8-a6c05047554a,canceled,crn:v1:bluemix:public:quantum-computing:us-east:a/d2c50f33c43a44abb94280706332351d:deeabf25-a0d5-4c7b-9a89-18c5ff158017::,us-east,batch,2025-07-03T18:30:45.288Z,2025-07-03T18:34:07.013Z,ibm_fez,0,Grier Jones,,d2c50f33c43a44abb94280706332351d,,
3a32921b-710f-475b-bc8b-2de238817124,canceled,crn:v1:bluemix:public:quantum-computing:us-east:a/d2c50f33c43a44abb94280706332351d:deeabf25-a0d5-4c7b-9a89-18c5ff158017::,us-east,batch,2025-07-03T18:30:45.280Z,2025-07-03T18:34:07.005Z,ibm_fez,0,Grier Jones,,d2c50f33c43a44abb94280706332351d,,
0f90e1b3-6415-46f2-8e38-f0f7df8e93f4,canceled,crn:v1:bluemix:public:quantum-computing:us-east:a/d2c50f33c43a44abb94280706332351d:deeabf25-a0d5-4c7b-9a89-18c5ff158017::,us-east,batch,2025-07-03T18:30:45.229Z,2025-07-03T18:34:07.026Z,ibm_fez,0,Grier Jones,,d2c50f33c43a44abb94280706332351d,,
4e21ed62-b752-4362-8a85-9f1327550f00,canceled,crn:v1:bluemix:public:quantum-computing:us-east:a/d2c50f33c43a44abb94280706332351d:deeabf25-a0d5-4c7b-9a89-18c5ff158017::,us-east,batch,2025-07-03T18:30:45.202Z,2025-07-03T18:34:07.041Z,ibm_fez,0,Grier Jones,,d2c50f33c43a44abb94280706332351d,,
bc271f30-f8f7-4dd4-a0bf-a25e44181cf1,completed,crn:v1:bluemix:public:quantum-computing:us-east:a/d2c50f33c43a44abb94280706332351d:deeabf25-a0d5-4c7b-9a89-18c5ff158017::,us-east,batch,2025-07-03T17:37:28.921Z,2025-07-03T17:52:56.225Z,ibm_fez,267,Grier Jones,,d2c50f33c43a44abb94280706332351d,,
02153229-a43e-4d19-a4c7-84b443e448ac,completed,crn:v1:bluemix:public:quantum-computing:us-east:a/d2c50f33c43a44abb94280706332351d:deeabf25-a0d5-4c7b-9a89-18c5ff158017::,us-east,batch,2025-07-03T17:37:28.919Z,2025-07-03T17:42:33.604Z,ibm_fez,192,Grier Jones,,d2c50f33c43a44abb94280706332351d,,
f4ec7c57-f48e-4d46-bc88-ccdb5b1e6d0f,completed,crn:v1:bluemix:public:quantum-computing:us-east:a/d2c50f33c43a44abb94280706332351d:deeabf25-a0d5-4c7b-9a89-18c5ff158017::,us-east,batch,2025-07-03T17:37:28.912Z,2025-07-03T18:17:41.215Z,ibm_fez,257,Grier Jones,,d2c50f33c43a44abb94280706332351d,,
57c85065-5a51-4fe9-9397-25c3262596aa,completed,crn:v1:bluemix:public:quantum-computing:us-east:a/d2c50f33c43a44abb94280706332351d:deeabf25-a0d5-4c7b-9a89-18c5ff158017::,us-east,batch,2025-07-03T17:37:28.862Z,2025-07-03T17:58:34.782Z,ibm_fez,264,Grier Jones,,d2c50f33c43a44abb94280706332351d,,
061c4ef8-33f1-4c1e-9bea-cd528b359a55,completed,crn:v1:bluemix:public:quantum-computing:us-east:a/d2c50f33c43a44abb94280706332351d:deeabf25-a0d5-4c7b-9a89-18c5ff158017::,us-east,batch,2025-07-03T17:37:28.862Z,2025-07-03T18:09:06.955Z,ibm_fez,270,Grier Jones,,d2c50f33c43a44abb94280706332351d,,